

================================================================
== Vivado HLS Report for 'computeHashRound'
================================================================
* Date:           Sun Dec  1 12:23:42 2024

* Version:        2019.2 (Build 2704478 on Wed Nov 06 22:10:23 MST 2019)
* Project:        sha.prj
* Solution:       solution1
* Product family: zynq
* Target device:  xc7z020-clg484-1


================================================================
== Performance Estimates
================================================================
+ Timing: 
    * Summary: 
    +--------+----------+----------+------------+
    |  Clock |  Target  | Estimated| Uncertainty|
    +--------+----------+----------+------------+
    |ap_clk  | 10.00 ns | 8.742 ns |   1.25 ns  |
    +--------+----------+----------+------------+

+ Latency: 
    * Summary: 
    +---------+---------+----------+----------+-----+-----+----------+
    |  Latency (cycles) |  Latency (absolute) |  Interval | Pipeline |
    |   min   |   max   |    min   |    max   | min | max |   Type   |
    +---------+---------+----------+----------+-----+-----+----------+
    |       81|       81| 0.810 us | 0.810 us |    1|    1| function |
    +---------+---------+----------+----------+-----+-----+----------+

    + Detail: 
        * Instance: 
        N/A

        * Loop: 
        N/A



================================================================
== Utilization Estimates
================================================================
* Summary: 
+-----------------+---------+-------+--------+-------+-----+
|       Name      | BRAM_18K| DSP48E|   FF   |  LUT  | URAM|
+-----------------+---------+-------+--------+-------+-----+
|DSP              |        -|      -|       -|      -|    -|
|Expression       |        -|      -|       0|  50778|    -|
|FIFO             |        -|      -|       -|      -|    -|
|Instance         |        -|      -|       -|      -|    -|
|Memory           |        -|      -|       -|      -|    -|
|Multiplexer      |        -|      -|       -|      -|    -|
|Register         |        0|      -|   33554|   7904|    -|
+-----------------+---------+-------+--------+-------+-----+
|Total            |        0|      0|   33554|  58682|    0|
+-----------------+---------+-------+--------+-------+-----+
|Available        |      280|    220|  106400|  53200|    0|
+-----------------+---------+-------+--------+-------+-----+
|Utilization (%)  |        0|      0|      31|    110|    0|
+-----------------+---------+-------+--------+-------+-----+

+ Detail: 
    * Instance: 
    N/A

    * DSP48E: 
    N/A

    * Memory: 
    N/A

    * FIFO: 
    N/A

    * Expression: 
    +----------------------------+----------+-------+---+-----+------------+------------+
    |        Variable Name       | Operation| DSP48E| FF| LUT | Bitwidth P0| Bitwidth P1|
    +----------------------------+----------+-------+---+-----+------------+------------+
    |W_16_V_fu_4378_p2           |     +    |      0|  0|   32|          32|          32|
    |W_17_V_fu_4548_p2           |     +    |      0|  0|   32|          32|          32|
    |W_18_V_fu_5001_p2           |     +    |      0|  0|   32|          32|          32|
    |W_19_V_fu_5454_p2           |     +    |      0|  0|   32|          32|          32|
    |W_20_V_fu_5907_p2           |     +    |      0|  0|   32|          32|          32|
    |W_21_V_fu_6360_p2           |     +    |      0|  0|   32|          32|          32|
    |W_22_V_fu_6813_p2           |     +    |      0|  0|   32|          32|          32|
    |W_23_V_fu_7266_p2           |     +    |      0|  0|   32|          32|          32|
    |W_24_V_fu_7952_p2           |     +    |      0|  0|   32|          32|          32|
    |W_25_V_fu_8394_p2           |     +    |      0|  0|   32|          32|          32|
    |W_26_V_fu_8856_p2           |     +    |      0|  0|   32|          32|          32|
    |W_27_V_fu_9298_p2           |     +    |      0|  0|   32|          32|          32|
    |W_28_V_fu_9307_p2           |     +    |      0|  0|   32|          32|          32|
    |W_29_V_fu_9960_p2           |     +    |      0|  0|   32|          32|          32|
    |W_30_V_fu_9969_p2           |     +    |      0|  0|   32|          32|          32|
    |W_31_V_fu_10354_p2          |     +    |      0|  0|   32|          32|          32|
    |W_32_V_fu_10363_p2          |     +    |      0|  0|   32|          32|          32|
    |W_33_V_fu_10895_p2          |     +    |      0|  0|   32|          32|          32|
    |W_34_V_fu_10904_p2          |     +    |      0|  0|   32|          32|          32|
    |W_35_V_fu_11436_p2          |     +    |      0|  0|   32|          32|          32|
    |W_36_V_fu_11445_p2          |     +    |      0|  0|   32|          32|          32|
    |W_37_V_fu_11977_p2          |     +    |      0|  0|   32|          32|          32|
    |W_38_V_fu_11986_p2          |     +    |      0|  0|   32|          32|          32|
    |W_39_V_fu_12518_p2          |     +    |      0|  0|   32|          32|          32|
    |W_40_V_fu_12527_p2          |     +    |      0|  0|   32|          32|          32|
    |W_41_V_fu_13059_p2          |     +    |      0|  0|   32|          32|          32|
    |W_42_V_fu_13068_p2          |     +    |      0|  0|   32|          32|          32|
    |W_43_V_fu_13600_p2          |     +    |      0|  0|   32|          32|          32|
    |W_44_V_fu_13609_p2          |     +    |      0|  0|   32|          32|          32|
    |W_45_V_fu_14151_p2          |     +    |      0|  0|   32|          32|          32|
    |W_46_V_fu_14160_p2          |     +    |      0|  0|   32|          32|          32|
    |W_47_V_fu_14691_p2          |     +    |      0|  0|   32|          32|          32|
    |W_48_V_fu_14700_p2          |     +    |      0|  0|   32|          32|          32|
    |W_49_V_fu_15232_p2          |     +    |      0|  0|   32|          32|          32|
    |W_50_V_fu_15241_p2          |     +    |      0|  0|   32|          32|          32|
    |W_51_V_fu_15633_p2          |     +    |      0|  0|   32|          32|          32|
    |W_52_V_fu_15642_p2          |     +    |      0|  0|   32|          32|          32|
    |W_53_V_fu_16244_p2          |     +    |      0|  0|   32|          32|          32|
    |W_54_V_fu_16348_p2          |     +    |      0|  0|   32|          32|          32|
    |W_55_V_fu_16969_p2          |     +    |      0|  0|   32|          32|          32|
    |W_56_V_fu_16653_p2          |     +    |      0|  0|   32|          32|          32|
    |W_57_V_fu_17073_p2          |     +    |      0|  0|   32|          32|          32|
    |W_58_V_fu_17389_p2          |     +    |      0|  0|   32|          32|          32|
    |W_59_V_fu_17705_p2          |     +    |      0|  0|   32|          32|          32|
    |W_60_V_fu_19646_p2          |     +    |      0|  0|   32|          32|          32|
    |W_61_V_fu_19962_p2          |     +    |      0|  0|   32|          32|          32|
    |add_ln209_100_fu_14775_p2   |     +    |      0|  0|   39|          32|          32|
    |add_ln209_102_fu_15237_p2   |     +    |      0|  0|   32|          32|          32|
    |add_ln209_103_fu_14850_p2   |     +    |      0|  0|   39|          32|          32|
    |add_ln209_105_fu_15629_p2   |     +    |      0|  0|   32|          32|          32|
    |add_ln209_106_fu_15316_p2   |     +    |      0|  0|   39|          32|          32|
    |add_ln209_108_fu_15638_p2   |     +    |      0|  0|   32|          32|          32|
    |add_ln209_109_fu_15391_p2   |     +    |      0|  0|   39|          32|          32|
    |add_ln209_10_fu_4688_p2     |     +    |      0|  0|   39|          32|          32|
    |add_ln209_111_fu_16240_p2   |     +    |      0|  0|   32|          32|          32|
    |add_ln209_112_fu_15717_p2   |     +    |      0|  0|   39|          32|          32|
    |add_ln209_114_fu_16344_p2   |     +    |      0|  0|   32|          32|          32|
    |add_ln209_115_fu_15792_p2   |     +    |      0|  0|   39|          32|          32|
    |add_ln209_117_fu_16965_p2   |     +    |      0|  0|   32|          32|          32|
    |add_ln209_118_fu_16319_p2   |     +    |      0|  0|   39|          32|          32|
    |add_ln209_120_fu_16649_p2   |     +    |      0|  0|   32|          32|          32|
    |add_ln209_121_fu_16423_p2   |     +    |      0|  0|   39|          32|          32|
    |add_ln209_123_fu_17069_p2   |     +    |      0|  0|   32|          32|          32|
    |add_ln209_124_fu_17044_p2   |     +    |      0|  0|   39|          32|          32|
    |add_ln209_126_fu_17385_p2   |     +    |      0|  0|   32|          32|          32|
    |add_ln209_127_fu_16728_p2   |     +    |      0|  0|   39|          32|          32|
    |add_ln209_129_fu_17701_p2   |     +    |      0|  0|   32|          32|          32|
    |add_ln209_12_fu_5903_p2     |     +    |      0|  0|   32|          32|          32|
    |add_ln209_130_fu_17148_p2   |     +    |      0|  0|   39|          32|          32|
    |add_ln209_132_fu_19642_p2   |     +    |      0|  0|   32|          32|          32|
    |add_ln209_133_fu_17464_p2   |     +    |      0|  0|   39|          32|          32|
    |add_ln209_135_fu_19958_p2   |     +    |      0|  0|   32|          32|          32|
    |add_ln209_136_fu_17780_p2   |     +    |      0|  0|   39|          32|          32|
    |add_ln209_138_fu_1019_p2    |     +    |      0|  0|   32|          32|          32|
    |add_ln209_139_fu_1008_p2    |     +    |      0|  0|   32|          31|          32|
    |add_ln209_13_fu_5141_p2     |     +    |      0|  0|   39|          32|          32|
    |add_ln209_140_fu_1014_p2    |     +    |      0|  0|   32|          32|          32|
    |add_ln209_141_fu_1023_p2    |     +    |      0|  0|   32|          32|          32|
    |add_ln209_142_fu_1028_p2    |     +    |      0|  0|   39|          32|          32|
    |add_ln209_143_fu_1287_p2    |     +    |      0|  0|   32|          32|          32|
    |add_ln209_144_fu_1292_p2    |     +    |      0|  0|   32|          32|          32|
    |add_ln209_145_fu_1133_p2    |     +    |      0|  0|   32|          32|          32|
    |add_ln209_146_fu_1137_p2    |     +    |      0|  0|   32|          31|          32|
    |add_ln209_147_fu_1142_p2    |     +    |      0|  0|   32|          32|          32|
    |add_ln209_148_fu_1147_p2    |     +    |      0|  0|   32|          32|          32|
    |add_ln209_149_fu_1153_p2    |     +    |      0|  0|   39|          32|          32|
    |add_ln209_150_fu_1508_p2    |     +    |      0|  0|   32|          32|          32|
    |add_ln209_151_fu_1513_p2    |     +    |      0|  0|   32|          32|          32|
    |add_ln209_152_fu_1375_p2    |     +    |      0|  0|   32|          32|          32|
    |add_ln209_153_fu_1257_p2    |     +    |      0|  0|   32|          32|          32|
    |add_ln209_154_fu_1262_p2    |     +    |      0|  0|   32|          32|          32|
    |add_ln209_155_fu_1379_p2    |     +    |      0|  0|   32|          32|          32|
    |add_ln209_156_fu_1384_p2    |     +    |      0|  0|   39|          32|          32|
    |add_ln209_157_fu_1635_p2    |     +    |      0|  0|   32|          32|          32|
    |add_ln209_158_fu_1640_p2    |     +    |      0|  0|   32|          32|          32|
    |add_ln209_159_fu_1596_p2    |     +    |      0|  0|   32|          32|          32|
    |add_ln209_15_fu_6356_p2     |     +    |      0|  0|   32|          32|          32|
    |add_ln209_160_fu_1600_p2    |     +    |      0|  0|   32|          30|          32|
    |add_ln209_161_fu_1605_p2    |     +    |      0|  0|   32|          32|          32|
    |add_ln209_162_fu_1610_p2    |     +    |      0|  0|   32|          32|          32|
    |add_ln209_163_fu_1723_p2    |     +    |      0|  0|   39|          32|          32|
    |add_ln209_164_fu_1857_p2    |     +    |      0|  0|   32|          32|          32|
    |add_ln209_165_fu_1862_p2    |     +    |      0|  0|   32|          32|          32|
    |add_ln209_166_fu_1945_p2    |     +    |      0|  0|   32|          32|          32|
    |add_ln209_167_fu_1827_p2    |     +    |      0|  0|   32|          30|          32|
    |add_ln209_168_fu_1832_p2    |     +    |      0|  0|   32|          32|          32|
    |add_ln209_169_fu_1949_p2    |     +    |      0|  0|   32|          32|          32|
    |add_ln209_16_fu_5594_p2     |     +    |      0|  0|   39|          32|          32|
    |add_ln209_170_fu_1954_p2    |     +    |      0|  0|   39|          32|          32|
    |add_ln209_171_fu_2098_p2    |     +    |      0|  0|   32|          32|          32|
    |add_ln209_172_fu_2103_p2    |     +    |      0|  0|   32|          32|          32|
    |add_ln209_173_fu_2059_p2    |     +    |      0|  0|   32|          32|          32|
    |add_ln209_174_fu_2063_p2    |     +    |      0|  0|   32|          31|          32|
    |add_ln209_175_fu_2068_p2    |     +    |      0|  0|   32|          32|          32|
    |add_ln209_176_fu_2073_p2    |     +    |      0|  0|   32|          32|          32|
    |add_ln209_177_fu_2186_p2    |     +    |      0|  0|   39|          32|          32|
    |add_ln209_178_fu_2320_p2    |     +    |      0|  0|   32|          32|          32|
    |add_ln209_179_fu_2325_p2    |     +    |      0|  0|   32|          32|          32|
    |add_ln209_180_fu_2408_p2    |     +    |      0|  0|   32|          32|          32|
    |add_ln209_181_fu_2290_p2    |     +    |      0|  0|   32|          32|          32|
    |add_ln209_182_fu_2295_p2    |     +    |      0|  0|   32|          32|          32|
    |add_ln209_183_fu_2412_p2    |     +    |      0|  0|   32|          32|          32|
    |add_ln209_184_fu_2417_p2    |     +    |      0|  0|   39|          32|          32|
    |add_ln209_185_fu_2561_p2    |     +    |      0|  0|   32|          32|          32|
    |add_ln209_186_fu_2566_p2    |     +    |      0|  0|   32|          32|          32|
    |add_ln209_187_fu_2522_p2    |     +    |      0|  0|   32|          32|          32|
    |add_ln209_188_fu_2526_p2    |     +    |      0|  0|   32|          32|          32|
    |add_ln209_189_fu_2530_p2    |     +    |      0|  0|   32|          32|          32|
    |add_ln209_18_fu_6809_p2     |     +    |      0|  0|   32|          32|          32|
    |add_ln209_190_fu_2536_p2    |     +    |      0|  0|   32|          32|          32|
    |add_ln209_191_fu_2649_p2    |     +    |      0|  0|   39|          32|          32|
    |add_ln209_192_fu_2783_p2    |     +    |      0|  0|   32|          32|          32|
    |add_ln209_193_fu_2788_p2    |     +    |      0|  0|   32|          32|          32|
    |add_ln209_194_fu_2871_p2    |     +    |      0|  0|   32|          32|          32|
    |add_ln209_195_fu_2753_p2    |     +    |      0|  0|   32|          31|          32|
    |add_ln209_196_fu_2758_p2    |     +    |      0|  0|   32|          32|          32|
    |add_ln209_197_fu_2875_p2    |     +    |      0|  0|   32|          32|          32|
    |add_ln209_198_fu_2880_p2    |     +    |      0|  0|   39|          32|          32|
    |add_ln209_199_fu_3024_p2    |     +    |      0|  0|   32|          32|          32|
    |add_ln209_19_fu_6047_p2     |     +    |      0|  0|   39|          32|          32|
    |add_ln209_1_fu_836_p2       |     +    |      0|  0|   39|          32|          32|
    |add_ln209_200_fu_3029_p2    |     +    |      0|  0|   32|          32|          32|
    |add_ln209_201_fu_2985_p2    |     +    |      0|  0|   32|          32|          32|
    |add_ln209_202_fu_2989_p2    |     +    |      0|  0|   32|          29|          32|
    |add_ln209_203_fu_2994_p2    |     +    |      0|  0|   32|          32|          32|
    |add_ln209_204_fu_2999_p2    |     +    |      0|  0|   32|          32|          32|
    |add_ln209_205_fu_3112_p2    |     +    |      0|  0|   39|          32|          32|
    |add_ln209_206_fu_3246_p2    |     +    |      0|  0|   32|          32|          32|
    |add_ln209_207_fu_3251_p2    |     +    |      0|  0|   32|          32|          32|
    |add_ln209_208_fu_3334_p2    |     +    |      0|  0|   32|          32|          32|
    |add_ln209_209_fu_3216_p2    |     +    |      0|  0|   32|          30|          32|
    |add_ln209_210_fu_3221_p2    |     +    |      0|  0|   32|          32|          32|
    |add_ln209_211_fu_3338_p2    |     +    |      0|  0|   32|          32|          32|
    |add_ln209_212_fu_3343_p2    |     +    |      0|  0|   39|          32|          32|
    |add_ln209_213_fu_3487_p2    |     +    |      0|  0|   32|          32|          32|
    |add_ln209_214_fu_3492_p2    |     +    |      0|  0|   32|          32|          32|
    |add_ln209_215_fu_3448_p2    |     +    |      0|  0|   32|          32|          32|
    |add_ln209_216_fu_3452_p2    |     +    |      0|  0|   32|          31|          32|
    |add_ln209_217_fu_3457_p2    |     +    |      0|  0|   32|          32|          32|
    |add_ln209_218_fu_3462_p2    |     +    |      0|  0|   32|          32|          32|
    |add_ln209_219_fu_3575_p2    |     +    |      0|  0|   39|          32|          32|
    |add_ln209_21_fu_7262_p2     |     +    |      0|  0|   32|          32|          32|
    |add_ln209_220_fu_3709_p2    |     +    |      0|  0|   32|          32|          32|
    |add_ln209_221_fu_3714_p2    |     +    |      0|  0|   32|          32|          32|
    |add_ln209_222_fu_3797_p2    |     +    |      0|  0|   32|          32|          32|
    |add_ln209_223_fu_3679_p2    |     +    |      0|  0|   32|          31|          32|
    |add_ln209_224_fu_3684_p2    |     +    |      0|  0|   32|          32|          32|
    |add_ln209_225_fu_3801_p2    |     +    |      0|  0|   32|          32|          32|
    |add_ln209_226_fu_3806_p2    |     +    |      0|  0|   39|          32|          32|
    |add_ln209_227_fu_3950_p2    |     +    |      0|  0|   32|          32|          32|
    |add_ln209_228_fu_3955_p2    |     +    |      0|  0|   32|          32|          32|
    |add_ln209_229_fu_3911_p2    |     +    |      0|  0|   32|          32|          32|
    |add_ln209_22_fu_6500_p2     |     +    |      0|  0|   39|          32|          32|
    |add_ln209_230_fu_3915_p2    |     +    |      0|  0|   32|          32|          32|
    |add_ln209_231_fu_3919_p2    |     +    |      0|  0|   32|          32|          32|
    |add_ln209_232_fu_3925_p2    |     +    |      0|  0|   32|          32|          32|
    |add_ln209_233_fu_4038_p2    |     +    |      0|  0|   39|          32|          32|
    |add_ln209_234_fu_4172_p2    |     +    |      0|  0|   32|          32|          32|
    |add_ln209_235_fu_4177_p2    |     +    |      0|  0|   32|          32|          32|
    |add_ln209_236_fu_4260_p2    |     +    |      0|  0|   32|          32|          32|
    |add_ln209_237_fu_4142_p2    |     +    |      0|  0|   32|          32|          32|
    |add_ln209_238_fu_4147_p2    |     +    |      0|  0|   32|          32|          32|
    |add_ln209_239_fu_4264_p2    |     +    |      0|  0|   32|          32|          32|
    |add_ln209_240_fu_4269_p2    |     +    |      0|  0|   39|          32|          32|
    |add_ln209_241_fu_4783_p2    |     +    |      0|  0|   32|          32|          32|
    |add_ln209_242_fu_4788_p2    |     +    |      0|  0|   32|          32|          32|
    |add_ln209_243_fu_4524_p2    |     +    |      0|  0|   32|          32|          32|
    |add_ln209_244_fu_4528_p2    |     +    |      0|  0|   32|          31|          32|
    |add_ln209_245_fu_4533_p2    |     +    |      0|  0|   32|          32|          32|
    |add_ln209_246_fu_4538_p2    |     +    |      0|  0|   32|          32|          32|
    |add_ln209_247_fu_4871_p2    |     +    |      0|  0|   39|          32|          32|
    |add_ln209_248_fu_5236_p2    |     +    |      0|  0|   32|          32|          32|
    |add_ln209_249_fu_5241_p2    |     +    |      0|  0|   32|          32|          32|
    |add_ln209_24_fu_7948_p2     |     +    |      0|  0|   32|          32|          32|
    |add_ln209_250_fu_4975_p2    |     +    |      0|  0|   32|          32|          32|
    |add_ln209_251_fu_4981_p2    |     +    |      0|  0|   32|          30|          32|
    |add_ln209_252_fu_4986_p2    |     +    |      0|  0|   32|          32|          32|
    |add_ln209_253_fu_4991_p2    |     +    |      0|  0|   32|          32|          32|
    |add_ln209_254_fu_5324_p2    |     +    |      0|  0|   39|          32|          32|
    |add_ln209_255_fu_5689_p2    |     +    |      0|  0|   32|          32|          32|
    |add_ln209_256_fu_5694_p2    |     +    |      0|  0|   32|          32|          32|
    |add_ln209_257_fu_5428_p2    |     +    |      0|  0|   32|          32|          32|
    |add_ln209_258_fu_5434_p2    |     +    |      0|  0|   32|          30|          32|
    |add_ln209_259_fu_5439_p2    |     +    |      0|  0|   32|          32|          32|
    |add_ln209_25_fu_6953_p2     |     +    |      0|  0|   39|          32|          32|
    |add_ln209_260_fu_5444_p2    |     +    |      0|  0|   32|          32|          32|
    |add_ln209_261_fu_5777_p2    |     +    |      0|  0|   39|          32|          32|
    |add_ln209_262_fu_6142_p2    |     +    |      0|  0|   32|          32|          32|
    |add_ln209_263_fu_6147_p2    |     +    |      0|  0|   32|          32|          32|
    |add_ln209_264_fu_5881_p2    |     +    |      0|  0|   32|          32|          32|
    |add_ln209_265_fu_5887_p2    |     +    |      0|  0|   32|          28|          32|
    |add_ln209_266_fu_5892_p2    |     +    |      0|  0|   32|          32|          32|
    |add_ln209_267_fu_5897_p2    |     +    |      0|  0|   32|          32|          32|
    |add_ln209_268_fu_6230_p2    |     +    |      0|  0|   39|          32|          32|
    |add_ln209_269_fu_6595_p2    |     +    |      0|  0|   32|          32|          32|
    |add_ln209_270_fu_6600_p2    |     +    |      0|  0|   32|          32|          32|
    |add_ln209_271_fu_6334_p2    |     +    |      0|  0|   32|          32|          32|
    |add_ln209_272_fu_6340_p2    |     +    |      0|  0|   32|          30|          32|
    |add_ln209_273_fu_6345_p2    |     +    |      0|  0|   32|          32|          32|
    |add_ln209_274_fu_6350_p2    |     +    |      0|  0|   32|          32|          32|
    |add_ln209_275_fu_6683_p2    |     +    |      0|  0|   39|          32|          32|
    |add_ln209_276_fu_7048_p2    |     +    |      0|  0|   32|          32|          32|
    |add_ln209_277_fu_7053_p2    |     +    |      0|  0|   32|          32|          32|
    |add_ln209_278_fu_6787_p2    |     +    |      0|  0|   32|          32|          32|
    |add_ln209_279_fu_6793_p2    |     +    |      0|  0|   32|          30|          32|
    |add_ln209_27_fu_8390_p2     |     +    |      0|  0|   32|          32|          32|
    |add_ln209_280_fu_6798_p2    |     +    |      0|  0|   32|          32|          32|
    |add_ln209_281_fu_6803_p2    |     +    |      0|  0|   32|          32|          32|
    |add_ln209_282_fu_7136_p2    |     +    |      0|  0|   39|          32|          32|
    |add_ln209_283_fu_7501_p2    |     +    |      0|  0|   32|          32|          32|
    |add_ln209_284_fu_7506_p2    |     +    |      0|  0|   32|          32|          32|
    |add_ln209_285_fu_7240_p2    |     +    |      0|  0|   32|          32|          32|
    |add_ln209_286_fu_7246_p2    |     +    |      0|  0|   32|          31|          32|
    |add_ln209_287_fu_7251_p2    |     +    |      0|  0|   32|          32|          32|
    |add_ln209_288_fu_7256_p2    |     +    |      0|  0|   32|          32|          32|
    |add_ln209_289_fu_7589_p2    |     +    |      0|  0|   39|          32|          32|
    |add_ln209_28_fu_7406_p2     |     +    |      0|  0|   39|          32|          32|
    |add_ln209_290_fu_7734_p2    |     +    |      0|  0|   32|          32|          32|
    |add_ln209_291_fu_7739_p2    |     +    |      0|  0|   32|          32|          32|
    |add_ln209_292_fu_7693_p2    |     +    |      0|  0|   32|          32|          32|
    |add_ln209_293_fu_7699_p2    |     +    |      0|  0|   32|          31|          32|
    |add_ln209_294_fu_7704_p2    |     +    |      0|  0|   32|          32|          32|
    |add_ln209_295_fu_7709_p2    |     +    |      0|  0|   32|          32|          32|
    |add_ln209_296_fu_7822_p2    |     +    |      0|  0|   39|          32|          32|
    |add_ln209_297_fu_8187_p2    |     +    |      0|  0|   32|          32|          32|
    |add_ln209_298_fu_8192_p2    |     +    |      0|  0|   32|          32|          32|
    |add_ln209_299_fu_7926_p2    |     +    |      0|  0|   32|          32|          32|
    |add_ln209_300_fu_7932_p2    |     +    |      0|  0|   32|          31|          32|
    |add_ln209_301_fu_7937_p2    |     +    |      0|  0|   32|          32|          32|
    |add_ln209_302_fu_7942_p2    |     +    |      0|  0|   32|          32|          32|
    |add_ln209_303_fu_8275_p2    |     +    |      0|  0|   39|          32|          32|
    |add_ln209_304_fu_8629_p2    |     +    |      0|  0|   32|          32|          32|
    |add_ln209_305_fu_8634_p2    |     +    |      0|  0|   32|          32|          32|
    |add_ln209_306_fu_8717_p2    |     +    |      0|  0|   32|          32|          32|
    |add_ln209_307_fu_8379_p2    |     +    |      0|  0|   32|          32|          32|
    |add_ln209_308_fu_8384_p2    |     +    |      0|  0|   32|          32|          32|
    |add_ln209_309_fu_8722_p2    |     +    |      0|  0|   32|          32|          32|
    |add_ln209_30_fu_8852_p2     |     +    |      0|  0|   32|          32|          32|
    |add_ln209_310_fu_8727_p2    |     +    |      0|  0|   39|          32|          32|
    |add_ln209_311_fu_9091_p2    |     +    |      0|  0|   32|          32|          32|
    |add_ln209_312_fu_9096_p2    |     +    |      0|  0|   32|          32|          32|
    |add_ln209_313_fu_8832_p2    |     +    |      0|  0|   32|          32|          32|
    |add_ln209_314_fu_8837_p2    |     +    |      0|  0|   32|          32|          32|
    |add_ln209_315_fu_8841_p2    |     +    |      0|  0|   32|          32|          32|
    |add_ln209_316_fu_8846_p2    |     +    |      0|  0|   32|          32|          32|
    |add_ln209_317_fu_9179_p2    |     +    |      0|  0|   39|          32|          32|
    |add_ln209_318_fu_9753_p2    |     +    |      0|  0|   32|          32|          32|
    |add_ln209_319_fu_9758_p2    |     +    |      0|  0|   32|          32|          32|
    |add_ln209_31_fu_8092_p2     |     +    |      0|  0|   39|          32|          32|
    |add_ln209_320_fu_9841_p2    |     +    |      0|  0|   32|          32|          32|
    |add_ln209_321_fu_9283_p2    |     +    |      0|  0|   32|          32|          32|
    |add_ln209_322_fu_9288_p2    |     +    |      0|  0|   32|          32|          32|
    |add_ln209_323_fu_9846_p2    |     +    |      0|  0|   32|          32|          32|
    |add_ln209_324_fu_9851_p2    |     +    |      0|  0|   39|          32|          32|
    |add_ln209_325_fu_10677_p2   |     +    |      0|  0|   32|          32|          32|
    |add_ln209_326_fu_10682_p2   |     +    |      0|  0|   32|          32|          32|
    |add_ln209_327_fu_10330_p2   |     +    |      0|  0|   32|          32|          32|
    |add_ln209_328_fu_10335_p2   |     +    |      0|  0|   32|          32|          32|
    |add_ln209_329_fu_10339_p2   |     +    |      0|  0|   32|          32|          32|
    |add_ln209_330_fu_10344_p2   |     +    |      0|  0|   32|          32|          32|
    |add_ln209_331_fu_10765_p2   |     +    |      0|  0|   39|          32|          32|
    |add_ln209_332_fu_11218_p2   |     +    |      0|  0|   32|          32|          32|
    |add_ln209_333_fu_11223_p2   |     +    |      0|  0|   32|          32|          32|
    |add_ln209_334_fu_10869_p2   |     +    |      0|  0|   32|          32|          32|
    |add_ln209_335_fu_10875_p2   |     +    |      0|  0|   32|          31|          32|
    |add_ln209_336_fu_10880_p2   |     +    |      0|  0|   32|          32|          32|
    |add_ln209_337_fu_10885_p2   |     +    |      0|  0|   32|          32|          32|
    |add_ln209_338_fu_11306_p2   |     +    |      0|  0|   39|          32|          32|
    |add_ln209_339_fu_11759_p2   |     +    |      0|  0|   32|          32|          32|
    |add_ln209_33_fu_9294_p2     |     +    |      0|  0|   32|          32|          32|
    |add_ln209_340_fu_11764_p2   |     +    |      0|  0|   32|          32|          32|
    |add_ln209_341_fu_11410_p2   |     +    |      0|  0|   32|          32|          32|
    |add_ln209_342_fu_11416_p2   |     +    |      0|  0|   32|          31|          32|
    |add_ln209_343_fu_11421_p2   |     +    |      0|  0|   32|          32|          32|
    |add_ln209_344_fu_11426_p2   |     +    |      0|  0|   32|          32|          32|
    |add_ln209_345_fu_11847_p2   |     +    |      0|  0|   39|          32|          32|
    |add_ln209_346_fu_12300_p2   |     +    |      0|  0|   32|          32|          32|
    |add_ln209_347_fu_12305_p2   |     +    |      0|  0|   32|          32|          32|
    |add_ln209_348_fu_11951_p2   |     +    |      0|  0|   32|          32|          32|
    |add_ln209_349_fu_11957_p2   |     +    |      0|  0|   32|          27|          32|
    |add_ln209_34_fu_8534_p2     |     +    |      0|  0|   39|          32|          32|
    |add_ln209_350_fu_11962_p2   |     +    |      0|  0|   32|          32|          32|
    |add_ln209_351_fu_11967_p2   |     +    |      0|  0|   32|          32|          32|
    |add_ln209_352_fu_12388_p2   |     +    |      0|  0|   39|          32|          32|
    |add_ln209_353_fu_12841_p2   |     +    |      0|  0|   32|          32|          32|
    |add_ln209_354_fu_12846_p2   |     +    |      0|  0|   32|          32|          32|
    |add_ln209_355_fu_12492_p2   |     +    |      0|  0|   32|          32|          32|
    |add_ln209_356_fu_12498_p2   |     +    |      0|  0|   32|          29|          32|
    |add_ln209_357_fu_12503_p2   |     +    |      0|  0|   32|          32|          32|
    |add_ln209_358_fu_12508_p2   |     +    |      0|  0|   32|          32|          32|
    |add_ln209_359_fu_12929_p2   |     +    |      0|  0|   39|          32|          32|
    |add_ln209_360_fu_13382_p2   |     +    |      0|  0|   32|          32|          32|
    |add_ln209_361_fu_13387_p2   |     +    |      0|  0|   32|          32|          32|
    |add_ln209_362_fu_13033_p2   |     +    |      0|  0|   32|          32|          32|
    |add_ln209_363_fu_13039_p2   |     +    |      0|  0|   32|          30|          32|
    |add_ln209_364_fu_13044_p2   |     +    |      0|  0|   32|          32|          32|
    |add_ln209_365_fu_13049_p2   |     +    |      0|  0|   32|          32|          32|
    |add_ln209_366_fu_13470_p2   |     +    |      0|  0|   39|          32|          32|
    |add_ln209_367_fu_13923_p2   |     +    |      0|  0|   32|          32|          32|
    |add_ln209_368_fu_13928_p2   |     +    |      0|  0|   32|          32|          32|
    |add_ln209_369_fu_13574_p2   |     +    |      0|  0|   32|          32|          32|
    |add_ln209_36_fu_9303_p2     |     +    |      0|  0|   32|          32|          32|
    |add_ln209_370_fu_13580_p2   |     +    |      0|  0|   32|          30|          32|
    |add_ln209_371_fu_13585_p2   |     +    |      0|  0|   32|          32|          32|
    |add_ln209_372_fu_13590_p2   |     +    |      0|  0|   32|          32|          32|
    |add_ln209_373_fu_14011_p2   |     +    |      0|  0|   39|          32|          32|
    |add_ln209_374_fu_14474_p2   |     +    |      0|  0|   32|          32|          32|
    |add_ln209_375_fu_14479_p2   |     +    |      0|  0|   32|          32|          32|
    |add_ln209_376_fu_14115_p2   |     +    |      0|  0|   32|          32|          32|
    |add_ln209_377_fu_14121_p2   |     +    |      0|  0|   32|          31|          32|
    |add_ln209_378_fu_14126_p2   |     +    |      0|  0|   32|          32|          32|
    |add_ln209_379_fu_14131_p2   |     +    |      0|  0|   32|          32|          32|
    |add_ln209_37_fu_8996_p2     |     +    |      0|  0|   39|          32|          32|
    |add_ln209_380_fu_14562_p2   |     +    |      0|  0|   39|          32|          32|
    |add_ln209_381_fu_15014_p2   |     +    |      0|  0|   32|          32|          32|
    |add_ln209_382_fu_15019_p2   |     +    |      0|  0|   32|          32|          32|
    |add_ln209_383_fu_14666_p2   |     +    |      0|  0|   32|          32|          32|
    |add_ln209_384_fu_14137_p2   |     +    |      0|  0|   32|          31|          32|
    |add_ln209_385_fu_14142_p2   |     +    |      0|  0|   32|          32|          32|
    |add_ln209_386_fu_14672_p2   |     +    |      0|  0|   32|          32|          32|
    |add_ln209_387_fu_15102_p2   |     +    |      0|  0|   39|          32|          32|
    |add_ln209_388_fu_15415_p2   |     +    |      0|  0|   32|          32|          32|
    |add_ln209_389_fu_15420_p2   |     +    |      0|  0|   32|          32|          32|
    |add_ln209_390_fu_15206_p2   |     +    |      0|  0|   32|          32|          32|
    |add_ln209_391_fu_14677_p2   |     +    |      0|  0|   32|          31|          32|
    |add_ln209_392_fu_14682_p2   |     +    |      0|  0|   32|          32|          32|
    |add_ln209_393_fu_15212_p2   |     +    |      0|  0|   32|          32|          32|
    |add_ln209_394_fu_15503_p2   |     +    |      0|  0|   39|          32|          32|
    |add_ln209_395_fu_15816_p2   |     +    |      0|  0|   32|          32|          32|
    |add_ln209_396_fu_15821_p2   |     +    |      0|  0|   32|          32|          32|
    |add_ln209_397_fu_15607_p2   |     +    |      0|  0|   32|          32|          32|
    |add_ln209_398_fu_15613_p2   |     +    |      0|  0|   32|          31|          32|
    |add_ln209_399_fu_15618_p2   |     +    |      0|  0|   32|          32|          32|
    |add_ln209_39_fu_9956_p2     |     +    |      0|  0|   32|          32|          32|
    |add_ln209_3_fu_4544_p2      |     +    |      0|  0|   32|          32|          32|
    |add_ln209_400_fu_15623_p2   |     +    |      0|  0|   32|          32|          32|
    |add_ln209_401_fu_15904_p2   |     +    |      0|  0|   39|          32|          32|
    |add_ln209_402_fu_16037_p2   |     +    |      0|  0|   32|          32|          32|
    |add_ln209_403_fu_16042_p2   |     +    |      0|  0|   32|          32|          32|
    |add_ln209_404_fu_16125_p2   |     +    |      0|  0|   32|          32|          32|
    |add_ln209_405_fu_16008_p2   |     +    |      0|  0|   32|          32|          32|
    |add_ln209_406_fu_16012_p2   |     +    |      0|  0|   32|          32|          32|
    |add_ln209_407_fu_16130_p2   |     +    |      0|  0|   32|          32|          32|
    |add_ln209_408_fu_16135_p2   |     +    |      0|  0|   39|          32|          32|
    |add_ln209_409_fu_16447_p2   |     +    |      0|  0|   32|          32|          32|
    |add_ln209_40_fu_9447_p2     |     +    |      0|  0|   39|          32|          32|
    |add_ln209_410_fu_16452_p2   |     +    |      0|  0|   32|          32|          32|
    |add_ln209_411_fu_16324_p2   |     +    |      0|  0|   32|          32|          32|
    |add_ln209_412_fu_16329_p2   |     +    |      0|  0|   32|          32|          32|
    |add_ln209_413_fu_16333_p2   |     +    |      0|  0|   32|          32|          32|
    |add_ln209_414_fu_16338_p2   |     +    |      0|  0|   32|          32|          32|
    |add_ln209_415_fu_16535_p2   |     +    |      0|  0|   39|          32|          32|
    |add_ln209_416_fu_16752_p2   |     +    |      0|  0|   32|          32|          32|
    |add_ln209_417_fu_16757_p2   |     +    |      0|  0|   32|          32|          32|
    |add_ln209_418_fu_16840_p2   |     +    |      0|  0|   32|          32|          32|
    |add_ln209_419_fu_16639_p2   |     +    |      0|  0|   32|          32|          32|
    |add_ln209_420_fu_16643_p2   |     +    |      0|  0|   32|          32|          32|
    |add_ln209_421_fu_16845_p2   |     +    |      0|  0|   32|          32|          32|
    |add_ln209_422_fu_16850_p2   |     +    |      0|  0|   39|          32|          32|
    |add_ln209_423_fu_17172_p2   |     +    |      0|  0|   32|          32|          32|
    |add_ln209_424_fu_17177_p2   |     +    |      0|  0|   32|          32|          32|
    |add_ln209_425_fu_17049_p2   |     +    |      0|  0|   32|          32|          32|
    |add_ln209_426_fu_17054_p2   |     +    |      0|  0|   32|          32|          32|
    |add_ln209_427_fu_17058_p2   |     +    |      0|  0|   32|          32|          32|
    |add_ln209_428_fu_17063_p2   |     +    |      0|  0|   32|          32|          32|
    |add_ln209_429_fu_17260_p2   |     +    |      0|  0|   39|          32|          32|
    |add_ln209_42_fu_9965_p2     |     +    |      0|  0|   32|          32|          32|
    |add_ln209_430_fu_17488_p2   |     +    |      0|  0|   32|          32|          32|
    |add_ln209_431_fu_17493_p2   |     +    |      0|  0|   32|          32|          32|
    |add_ln209_432_fu_17364_p2   |     +    |      0|  0|   32|          32|          32|
    |add_ln209_433_fu_16955_p2   |     +    |      0|  0|   32|          31|          32|
    |add_ln209_434_fu_16960_p2   |     +    |      0|  0|   32|          32|          32|
    |add_ln209_435_fu_17370_p2   |     +    |      0|  0|   32|          32|          32|
    |add_ln209_436_fu_17576_p2   |     +    |      0|  0|   39|          32|          32|
    |add_ln209_437_fu_17804_p2   |     +    |      0|  0|   32|          32|          32|
    |add_ln209_438_fu_17809_p2   |     +    |      0|  0|   32|          32|          32|
    |add_ln209_439_fu_17680_p2   |     +    |      0|  0|   32|          32|          32|
    |add_ln209_43_fu_9588_p2     |     +    |      0|  0|   39|          32|          32|
    |add_ln209_440_fu_17375_p2   |     +    |      0|  0|   32|          31|          32|
    |add_ln209_441_fu_17380_p2   |     +    |      0|  0|   32|          32|          32|
    |add_ln209_442_fu_17686_p2   |     +    |      0|  0|   32|          32|          32|
    |add_ln209_443_fu_17892_p2   |     +    |      0|  0|   39|          32|          32|
    |add_ln209_444_fu_18047_p2   |     +    |      0|  0|   32|          32|          32|
    |add_ln209_445_fu_18052_p2   |     +    |      0|  0|   32|          32|          32|
    |add_ln209_446_fu_17996_p2   |     +    |      0|  0|   32|          32|          32|
    |add_ln209_447_fu_17691_p2   |     +    |      0|  0|   32|          31|          32|
    |add_ln209_448_fu_17696_p2   |     +    |      0|  0|   32|          32|          32|
    |add_ln209_449_fu_18002_p2   |     +    |      0|  0|   32|          32|          32|
    |add_ln209_450_fu_18135_p2   |     +    |      0|  0|   39|          32|          32|
    |add_ln209_451_fu_18279_p2   |     +    |      0|  0|   32|          32|          32|
    |add_ln209_452_fu_18284_p2   |     +    |      0|  0|   32|          32|          32|
    |add_ln209_453_fu_18239_p2   |     +    |      0|  0|   32|          32|          32|
    |add_ln209_454_fu_18007_p2   |     +    |      0|  0|   32|          31|          32|
    |add_ln209_455_fu_18012_p2   |     +    |      0|  0|   32|          32|          32|
    |add_ln209_456_fu_18245_p2   |     +    |      0|  0|   32|          32|          32|
    |add_ln209_457_fu_18367_p2   |     +    |      0|  0|   39|          32|          32|
    |add_ln209_458_fu_18501_p2   |     +    |      0|  0|   32|          32|          32|
    |add_ln209_459_fu_18506_p2   |     +    |      0|  0|   32|          32|          32|
    |add_ln209_45_fu_10350_p2    |     +    |      0|  0|   32|          32|          32|
    |add_ln209_460_fu_18471_p2   |     +    |      0|  0|   32|          32|          32|
    |add_ln209_461_fu_18250_p2   |     +    |      0|  0|   32|          29|          32|
    |add_ln209_462_fu_18255_p2   |     +    |      0|  0|   32|          32|          32|
    |add_ln209_463_fu_18477_p2   |     +    |      0|  0|   32|          32|          32|
    |add_ln209_464_fu_18589_p2   |     +    |      0|  0|   39|          32|          32|
    |add_ln209_465_fu_18733_p2   |     +    |      0|  0|   32|          32|          32|
    |add_ln209_466_fu_18738_p2   |     +    |      0|  0|   32|          32|          32|
    |add_ln209_467_fu_18693_p2   |     +    |      0|  0|   32|          32|          32|
    |add_ln209_468_fu_18017_p2   |     +    |      0|  0|   32|          29|          32|
    |add_ln209_469_fu_18022_p2   |     +    |      0|  0|   32|          32|          32|
    |add_ln209_46_fu_10109_p2    |     +    |      0|  0|   39|          32|          32|
    |add_ln209_470_fu_18699_p2   |     +    |      0|  0|   32|          32|          32|
    |add_ln209_471_fu_18821_p2   |     +    |      0|  0|   39|          32|          32|
    |add_ln209_472_fu_18965_p2   |     +    |      0|  0|   32|          32|          32|
    |add_ln209_473_fu_18970_p2   |     +    |      0|  0|   32|          32|          32|
    |add_ln209_474_fu_18925_p2   |     +    |      0|  0|   32|          32|          32|
    |add_ln209_475_fu_18704_p2   |     +    |      0|  0|   32|          29|          32|
    |add_ln209_476_fu_18709_p2   |     +    |      0|  0|   32|          32|          32|
    |add_ln209_477_fu_18931_p2   |     +    |      0|  0|   32|          32|          32|
    |add_ln209_478_fu_19053_p2   |     +    |      0|  0|   39|          32|          32|
    |add_ln209_479_fu_19197_p2   |     +    |      0|  0|   32|          32|          32|
    |add_ln209_480_fu_19202_p2   |     +    |      0|  0|   32|          32|          32|
    |add_ln209_481_fu_19157_p2   |     +    |      0|  0|   32|          32|          32|
    |add_ln209_482_fu_18936_p2   |     +    |      0|  0|   32|          29|          32|
    |add_ln209_483_fu_18941_p2   |     +    |      0|  0|   32|          32|          32|
    |add_ln209_484_fu_19163_p2   |     +    |      0|  0|   32|          32|          32|
    |add_ln209_485_fu_19285_p2   |     +    |      0|  0|   39|          32|          32|
    |add_ln209_486_fu_19429_p2   |     +    |      0|  0|   32|          32|          32|
    |add_ln209_487_fu_19434_p2   |     +    |      0|  0|   32|          32|          32|
    |add_ln209_488_fu_19389_p2   |     +    |      0|  0|   32|          32|          32|
    |add_ln209_489_fu_19168_p2   |     +    |      0|  0|   32|          30|          32|
    |add_ln209_48_fu_10359_p2    |     +    |      0|  0|   32|          32|          32|
    |add_ln209_490_fu_19173_p2   |     +    |      0|  0|   32|          32|          32|
    |add_ln209_491_fu_19395_p2   |     +    |      0|  0|   32|          32|          32|
    |add_ln209_492_fu_19517_p2   |     +    |      0|  0|   39|          32|          32|
    |add_ln209_493_fu_19740_p2   |     +    |      0|  0|   32|          32|          32|
    |add_ln209_494_fu_19745_p2   |     +    |      0|  0|   32|          32|          32|
    |add_ln209_495_fu_19621_p2   |     +    |      0|  0|   32|          32|          32|
    |add_ln209_496_fu_19400_p2   |     +    |      0|  0|   32|          30|          32|
    |add_ln209_497_fu_19405_p2   |     +    |      0|  0|   32|          32|          32|
    |add_ln209_498_fu_19627_p2   |     +    |      0|  0|   32|          32|          32|
    |add_ln209_499_fu_19828_p2   |     +    |      0|  0|   39|          32|          32|
    |add_ln209_49_fu_10185_p2    |     +    |      0|  0|   39|          32|          32|
    |add_ln209_4_fu_982_p2       |     +    |      0|  0|   39|          32|          32|
    |add_ln209_500_fu_20056_p2   |     +    |      0|  0|   32|          32|          32|
    |add_ln209_501_fu_20061_p2   |     +    |      0|  0|   32|          32|          32|
    |add_ln209_502_fu_19932_p2   |     +    |      0|  0|   32|          32|          32|
    |add_ln209_503_fu_19632_p2   |     +    |      0|  0|   32|          30|          32|
    |add_ln209_504_fu_19637_p2   |     +    |      0|  0|   32|          32|          32|
    |add_ln209_505_fu_19938_p2   |     +    |      0|  0|   32|          32|          32|
    |add_ln209_506_fu_20144_p2   |     +    |      0|  0|   39|          32|          32|
    |add_ln209_507_fu_20304_p2   |     +    |      0|  0|   32|          32|          32|
    |add_ln209_508_fu_20309_p2   |     +    |      0|  0|   32|          32|          32|
    |add_ln209_509_fu_20248_p2   |     +    |      0|  0|   32|          32|          32|
    |add_ln209_510_fu_19943_p2   |     +    |      0|  0|   32|          31|          32|
    |add_ln209_511_fu_19948_p2   |     +    |      0|  0|   32|          32|          32|
    |add_ln209_512_fu_20254_p2   |     +    |      0|  0|   32|          32|          32|
    |add_ln209_513_fu_20392_p2   |     +    |      0|  0|   39|          32|          32|
    |add_ln209_514_fu_20536_p2   |     +    |      0|  0|   32|          32|          32|
    |add_ln209_515_fu_20541_p2   |     +    |      0|  0|   32|          32|          32|
    |add_ln209_516_fu_20496_p2   |     +    |      0|  0|   32|          32|          32|
    |add_ln209_517_fu_20259_p2   |     +    |      0|  0|   32|          31|          32|
    |add_ln209_518_fu_20264_p2   |     +    |      0|  0|   32|          32|          32|
    |add_ln209_519_fu_20502_p2   |     +    |      0|  0|   32|          32|          32|
    |add_ln209_51_fu_10891_p2    |     +    |      0|  0|   32|          32|          32|
    |add_ln209_520_fu_20624_p2   |     +    |      0|  0|   39|          32|          32|
    |add_ln209_521_fu_20758_p2   |     +    |      0|  0|   32|          32|          32|
    |add_ln209_522_fu_20763_p2   |     +    |      0|  0|   32|          32|          32|
    |add_ln209_523_fu_20728_p2   |     +    |      0|  0|   32|          32|          32|
    |add_ln209_524_fu_20507_p2   |     +    |      0|  0|   32|          31|          32|
    |add_ln209_525_fu_20512_p2   |     +    |      0|  0|   32|          32|          32|
    |add_ln209_526_fu_20734_p2   |     +    |      0|  0|   32|          32|          32|
    |add_ln209_527_fu_20846_p2   |     +    |      0|  0|   39|          32|          32|
    |add_ln209_528_fu_20990_p2   |     +    |      0|  0|   32|          32|          32|
    |add_ln209_529_fu_20995_p2   |     +    |      0|  0|   32|          32|          32|
    |add_ln209_52_fu_10438_p2    |     +    |      0|  0|   39|          32|          32|
    |add_ln209_530_fu_20950_p2   |     +    |      0|  0|   32|          32|          32|
    |add_ln209_531_fu_20269_p2   |     +    |      0|  0|   32|          31|          32|
    |add_ln209_532_fu_20274_p2   |     +    |      0|  0|   32|          32|          32|
    |add_ln209_533_fu_20956_p2   |     +    |      0|  0|   32|          32|          32|
    |add_ln209_534_fu_21078_p2   |     +    |      0|  0|   39|          32|          32|
    |add_ln209_535_fu_21212_p2   |     +    |      0|  0|   32|          32|          32|
    |add_ln209_536_fu_21217_p2   |     +    |      0|  0|   32|          32|          32|
    |add_ln209_537_fu_21182_p2   |     +    |      0|  0|   32|          32|          32|
    |add_ln209_538_fu_20961_p2   |     +    |      0|  0|   32|          31|          32|
    |add_ln209_539_fu_20966_p2   |     +    |      0|  0|   32|          32|          32|
    |add_ln209_540_fu_21188_p2   |     +    |      0|  0|   32|          32|          32|
    |add_ln209_541_fu_21300_p2   |     +    |      0|  0|   39|          32|          32|
    |add_ln209_542_fu_21433_p2   |     +    |      0|  0|   32|          32|          32|
    |add_ln209_543_fu_21438_p2   |     +    |      0|  0|   32|          32|          32|
    |add_ln209_544_fu_21521_p2   |     +    |      0|  0|   32|          32|          32|
    |add_ln209_545_fu_21404_p2   |     +    |      0|  0|   32|          32|          32|
    |add_ln209_546_fu_21408_p2   |     +    |      0|  0|   32|          32|          32|
    |add_ln209_547_fu_21526_p2   |     +    |      0|  0|   32|          32|          32|
    |add_ln209_548_fu_21531_p2   |     +    |      0|  0|   39|          32|          32|
    |add_ln209_549_fu_21675_p2   |     +    |      0|  0|   32|          32|          32|
    |add_ln209_54_fu_10900_p2    |     +    |      0|  0|   32|          32|          32|
    |add_ln209_550_fu_21680_p2   |     +    |      0|  0|   32|          32|          32|
    |add_ln209_551_fu_21636_p2   |     +    |      0|  0|   32|          32|          32|
    |add_ln209_552_fu_21641_p2   |     +    |      0|  0|   32|          32|          32|
    |add_ln209_553_fu_21645_p2   |     +    |      0|  0|   32|          32|          32|
    |add_ln209_554_fu_21650_p2   |     +    |      0|  0|   32|          32|          32|
    |add_ln209_555_fu_21763_p2   |     +    |      0|  0|   39|          32|          32|
    |add_ln209_556_fu_21896_p2   |     +    |      0|  0|   32|          32|          32|
    |add_ln209_557_fu_21901_p2   |     +    |      0|  0|   32|          32|          32|
    |add_ln209_558_fu_21984_p2   |     +    |      0|  0|   32|          32|          32|
    |add_ln209_559_fu_21867_p2   |     +    |      0|  0|   32|          32|          32|
    |add_ln209_55_fu_10513_p2    |     +    |      0|  0|   39|          32|          32|
    |add_ln209_560_fu_21871_p2   |     +    |      0|  0|   32|          32|          32|
    |add_ln209_561_fu_21989_p2   |     +    |      0|  0|   32|          32|          32|
    |add_ln209_562_fu_21994_p2   |     +    |      0|  0|   39|          32|          32|
    |add_ln209_563_fu_22138_p2   |     +    |      0|  0|   32|          32|          32|
    |add_ln209_564_fu_22143_p2   |     +    |      0|  0|   32|          32|          32|
    |add_ln209_565_fu_22099_p2   |     +    |      0|  0|   32|          32|          32|
    |add_ln209_566_fu_22104_p2   |     +    |      0|  0|   32|          32|          32|
    |add_ln209_567_fu_22108_p2   |     +    |      0|  0|   32|          32|          32|
    |add_ln209_568_fu_22113_p2   |     +    |      0|  0|   32|          32|          32|
    |add_ln209_569_fu_22226_p2   |     +    |      0|  0|   39|          32|          32|
    |add_ln209_570_fu_22355_p2   |     +    |      0|  0|   32|          32|          32|
    |add_ln209_571_fu_22360_p2   |     +    |      0|  0|   32|          32|          32|
    |add_ln209_572_fu_15217_p2   |     +    |      0|  0|   39|          32|          32|
    |add_ln209_573_fu_19953_p2   |     +    |      0|  0|   39|          32|          32|
    |add_ln209_574_fu_22443_p2   |     +    |      0|  0|   32|          32|          32|
    |add_ln209_575_fu_22447_p2   |     +    |      0|  0|   32|          32|          32|
    |add_ln209_576_fu_22330_p2   |     +    |      0|  0|   39|          32|          32|
    |add_ln209_577_fu_22451_p2   |     +    |      0|  0|   32|          32|          32|
    |add_ln209_578_fu_22456_p2   |     +    |      0|  0|   32|          32|          32|
    |add_ln209_579_fu_22481_p2   |     +    |      0|  0|   39|          32|          32|
    |add_ln209_57_fu_11432_p2    |     +    |      0|  0|   32|          32|          32|
    |add_ln209_580_fu_22485_p2   |     +    |      0|  0|   32|          32|          32|
    |add_ln209_581_fu_22490_p2   |     +    |      0|  0|   32|          32|          32|
    |add_ln209_582_fu_15222_p2   |     +    |      0|  0|   39|          32|          32|
    |add_ln209_583_fu_20280_p2   |     +    |      0|  0|   39|          32|          32|
    |add_ln209_584_fu_22725_p2   |     +    |      0|  0|   32|          32|          32|
    |add_ln209_585_fu_22729_p2   |     +    |      0|  0|   32|          32|          32|
    |add_ln209_586_fu_22693_p2   |     +    |      0|  0|   39|          31|          32|
    |add_ln209_587_fu_22733_p2   |     +    |      0|  0|   32|          32|          32|
    |add_ln209_588_fu_22738_p2   |     +    |      0|  0|   32|          32|          32|
    |add_ln209_589_fu_22744_p2   |     +    |      0|  0|   32|          32|          32|
    |add_ln209_58_fu_10979_p2    |     +    |      0|  0|   39|          32|          32|
    |add_ln209_590_fu_22748_p2   |     +    |      0|  0|   39|          32|          32|
    |add_ln209_591_fu_22752_p2   |     +    |      0|  0|   32|          32|          32|
    |add_ln209_592_fu_22699_p2   |     +    |      0|  0|   39|          32|          32|
    |add_ln209_593_fu_22704_p2   |     +    |      0|  0|   39|          32|          32|
    |add_ln209_594_fu_22708_p2   |     +    |      0|  0|   39|          32|          32|
    |add_ln209_595_fu_22758_p2   |     +    |      0|  0|   32|          32|          32|
    |add_ln209_596_fu_22762_p2   |     +    |      0|  0|   32|          32|          32|
    |add_ln209_597_fu_22712_p2   |     +    |      0|  0|   39|          32|          32|
    |add_ln209_598_fu_22717_p2   |     +    |      0|  0|   39|          32|          32|
    |add_ln209_599_fu_22721_p2   |     +    |      0|  0|   39|          32|          32|
    |add_ln209_60_fu_11441_p2    |     +    |      0|  0|   32|          32|          32|
    |add_ln209_61_fu_11054_p2    |     +    |      0|  0|   39|          32|          32|
    |add_ln209_63_fu_11973_p2    |     +    |      0|  0|   32|          32|          32|
    |add_ln209_64_fu_11520_p2    |     +    |      0|  0|   39|          32|          32|
    |add_ln209_66_fu_11982_p2    |     +    |      0|  0|   32|          32|          32|
    |add_ln209_67_fu_11595_p2    |     +    |      0|  0|   39|          32|          32|
    |add_ln209_69_fu_12514_p2    |     +    |      0|  0|   32|          32|          32|
    |add_ln209_6_fu_4997_p2      |     +    |      0|  0|   32|          32|          32|
    |add_ln209_70_fu_12061_p2    |     +    |      0|  0|   39|          32|          32|
    |add_ln209_72_fu_12523_p2    |     +    |      0|  0|   32|          32|          32|
    |add_ln209_73_fu_12136_p2    |     +    |      0|  0|   39|          32|          32|
    |add_ln209_75_fu_13055_p2    |     +    |      0|  0|   32|          32|          32|
    |add_ln209_76_fu_12602_p2    |     +    |      0|  0|   39|          32|          32|
    |add_ln209_78_fu_13064_p2    |     +    |      0|  0|   32|          32|          32|
    |add_ln209_79_fu_12677_p2    |     +    |      0|  0|   39|          32|          32|
    |add_ln209_7_fu_4518_p2      |     +    |      0|  0|   39|          32|          32|
    |add_ln209_81_fu_13596_p2    |     +    |      0|  0|   32|          32|          32|
    |add_ln209_82_fu_13143_p2    |     +    |      0|  0|   39|          32|          32|
    |add_ln209_84_fu_13605_p2    |     +    |      0|  0|   32|          32|          32|
    |add_ln209_85_fu_13218_p2    |     +    |      0|  0|   39|          32|          32|
    |add_ln209_87_fu_14147_p2    |     +    |      0|  0|   32|          32|          32|
    |add_ln209_88_fu_13684_p2    |     +    |      0|  0|   39|          32|          32|
    |add_ln209_90_fu_14156_p2    |     +    |      0|  0|   32|          32|          32|
    |add_ln209_91_fu_13759_p2    |     +    |      0|  0|   39|          32|          32|
    |add_ln209_93_fu_14687_p2    |     +    |      0|  0|   32|          32|          32|
    |add_ln209_94_fu_14235_p2    |     +    |      0|  0|   39|          32|          32|
    |add_ln209_96_fu_14696_p2    |     +    |      0|  0|   32|          32|          32|
    |add_ln209_97_fu_14310_p2    |     +    |      0|  0|   39|          32|          32|
    |add_ln209_99_fu_15228_p2    |     +    |      0|  0|   32|          32|          32|
    |add_ln209_9_fu_5450_p2      |     +    |      0|  0|   32|          32|          32|
    |add_ln209_fu_4374_p2        |     +    |      0|  0|   32|          32|          32|
    |and_ln27_100_fu_15117_p2    |    and   |      0|  0|   32|          32|          32|
    |and_ln27_101_fu_15518_p2    |    and   |      0|  0|   32|          32|          32|
    |and_ln27_102_fu_15919_p2    |    and   |      0|  0|   32|          32|          32|
    |and_ln27_103_fu_16151_p2    |    and   |      0|  0|   32|          32|          32|
    |and_ln27_104_fu_16550_p2    |    and   |      0|  0|   32|          32|          32|
    |and_ln27_105_fu_16866_p2    |    and   |      0|  0|   32|          32|          32|
    |and_ln27_106_fu_17275_p2    |    and   |      0|  0|   32|          32|          32|
    |and_ln27_107_fu_17591_p2    |    and   |      0|  0|   32|          32|          32|
    |and_ln27_108_fu_17907_p2    |    and   |      0|  0|   32|          32|          32|
    |and_ln27_109_fu_18150_p2    |    and   |      0|  0|   32|          32|          32|
    |and_ln27_10_fu_3116_p2      |    and   |      0|  0|   32|          32|          32|
    |and_ln27_110_fu_18382_p2    |    and   |      0|  0|   32|          32|          32|
    |and_ln27_111_fu_18604_p2    |    and   |      0|  0|   32|          32|          32|
    |and_ln27_112_fu_18836_p2    |    and   |      0|  0|   32|          32|          32|
    |and_ln27_113_fu_19068_p2    |    and   |      0|  0|   32|          32|          32|
    |and_ln27_114_fu_19300_p2    |    and   |      0|  0|   32|          32|          32|
    |and_ln27_115_fu_19532_p2    |    and   |      0|  0|   32|          32|          32|
    |and_ln27_116_fu_19843_p2    |    and   |      0|  0|   32|          32|          32|
    |and_ln27_117_fu_20159_p2    |    and   |      0|  0|   32|          32|          32|
    |and_ln27_118_fu_20407_p2    |    and   |      0|  0|   32|          32|          32|
    |and_ln27_119_fu_20639_p2    |    and   |      0|  0|   32|          32|          32|
    |and_ln27_11_fu_3348_p2      |    and   |      0|  0|   32|          32|          32|
    |and_ln27_120_fu_20861_p2    |    and   |      0|  0|   32|          32|          32|
    |and_ln27_121_fu_21093_p2    |    and   |      0|  0|   32|          32|          32|
    |and_ln27_122_fu_21315_p2    |    and   |      0|  0|   32|          32|          32|
    |and_ln27_123_fu_21547_p2    |    and   |      0|  0|   32|          32|          32|
    |and_ln27_124_fu_21778_p2    |    and   |      0|  0|   32|          32|          32|
    |and_ln27_125_fu_22010_p2    |    and   |      0|  0|   32|          32|          32|
    |and_ln27_126_fu_22241_p2    |    and   |      0|  0|   32|          32|          32|
    |and_ln27_127_fu_22506_p2    |    and   |      0|  0|   32|          32|          32|
    |and_ln27_12_fu_3579_p2      |    and   |      0|  0|   32|          32|          32|
    |and_ln27_13_fu_3811_p2      |    and   |      0|  0|   32|          32|          32|
    |and_ln27_14_fu_4042_p2      |    and   |      0|  0|   32|          32|          32|
    |and_ln27_15_fu_4274_p2      |    and   |      0|  0|   32|          32|          32|
    |and_ln27_16_fu_4875_p2      |    and   |      0|  0|   32|          32|          32|
    |and_ln27_17_fu_5328_p2      |    and   |      0|  0|   32|          32|          32|
    |and_ln27_18_fu_5781_p2      |    and   |      0|  0|   32|          32|          32|
    |and_ln27_19_fu_6234_p2      |    and   |      0|  0|   32|          32|          32|
    |and_ln27_1_fu_997_p2        |    and   |      0|  0|   32|          32|          32|
    |and_ln27_20_fu_6687_p2      |    and   |      0|  0|   32|          32|          32|
    |and_ln27_21_fu_7140_p2      |    and   |      0|  0|   32|          32|          32|
    |and_ln27_22_fu_7593_p2      |    and   |      0|  0|   32|          32|          32|
    |and_ln27_23_fu_7826_p2      |    and   |      0|  0|   32|          32|          32|
    |and_ln27_24_fu_8279_p2      |    and   |      0|  0|   32|          32|          32|
    |and_ln27_25_fu_8732_p2      |    and   |      0|  0|   32|          32|          32|
    |and_ln27_26_fu_9183_p2      |    and   |      0|  0|   32|          32|          32|
    |and_ln27_27_fu_9856_p2      |    and   |      0|  0|   32|          32|          32|
    |and_ln27_28_fu_10769_p2     |    and   |      0|  0|   32|          32|          32|
    |and_ln27_29_fu_11310_p2     |    and   |      0|  0|   32|          32|          32|
    |and_ln27_2_fu_1157_p2       |    and   |      0|  0|   32|          32|          32|
    |and_ln27_30_fu_11851_p2     |    and   |      0|  0|   32|          32|          32|
    |and_ln27_31_fu_12392_p2     |    and   |      0|  0|   32|          32|          32|
    |and_ln27_32_fu_12933_p2     |    and   |      0|  0|   32|          32|          32|
    |and_ln27_33_fu_13474_p2     |    and   |      0|  0|   32|          32|          32|
    |and_ln27_34_fu_14015_p2     |    and   |      0|  0|   32|          32|          32|
    |and_ln27_35_fu_14566_p2     |    and   |      0|  0|   32|          32|          32|
    |and_ln27_36_fu_15106_p2     |    and   |      0|  0|   32|          32|          32|
    |and_ln27_37_fu_15507_p2     |    and   |      0|  0|   32|          32|          32|
    |and_ln27_38_fu_15908_p2     |    and   |      0|  0|   32|          32|          32|
    |and_ln27_39_fu_16140_p2     |    and   |      0|  0|   32|          32|          32|
    |and_ln27_3_fu_1389_p2       |    and   |      0|  0|   32|          32|          32|
    |and_ln27_40_fu_16539_p2     |    and   |      0|  0|   32|          32|          32|
    |and_ln27_41_fu_16855_p2     |    and   |      0|  0|   32|          32|          32|
    |and_ln27_42_fu_17264_p2     |    and   |      0|  0|   32|          32|          32|
    |and_ln27_43_fu_17580_p2     |    and   |      0|  0|   32|          32|          32|
    |and_ln27_44_fu_17896_p2     |    and   |      0|  0|   32|          32|          32|
    |and_ln27_45_fu_18139_p2     |    and   |      0|  0|   32|          32|          32|
    |and_ln27_46_fu_18371_p2     |    and   |      0|  0|   32|          32|          32|
    |and_ln27_47_fu_18593_p2     |    and   |      0|  0|   32|          32|          32|
    |and_ln27_48_fu_18825_p2     |    and   |      0|  0|   32|          32|          32|
    |and_ln27_49_fu_19057_p2     |    and   |      0|  0|   32|          32|          32|
    |and_ln27_4_fu_1727_p2       |    and   |      0|  0|   32|          32|          32|
    |and_ln27_50_fu_19289_p2     |    and   |      0|  0|   32|          32|          32|
    |and_ln27_51_fu_19521_p2     |    and   |      0|  0|   32|          32|          32|
    |and_ln27_52_fu_19832_p2     |    and   |      0|  0|   32|          32|          32|
    |and_ln27_53_fu_20148_p2     |    and   |      0|  0|   32|          32|          32|
    |and_ln27_54_fu_20396_p2     |    and   |      0|  0|   32|          32|          32|
    |and_ln27_55_fu_20628_p2     |    and   |      0|  0|   32|          32|          32|
    |and_ln27_56_fu_20850_p2     |    and   |      0|  0|   32|          32|          32|
    |and_ln27_57_fu_21082_p2     |    and   |      0|  0|   32|          32|          32|
    |and_ln27_58_fu_21304_p2     |    and   |      0|  0|   32|          32|          32|
    |and_ln27_59_fu_21536_p2     |    and   |      0|  0|   32|          32|          32|
    |and_ln27_5_fu_1959_p2       |    and   |      0|  0|   32|          32|          32|
    |and_ln27_60_fu_21767_p2     |    and   |      0|  0|   32|          32|          32|
    |and_ln27_61_fu_21999_p2     |    and   |      0|  0|   32|          32|          32|
    |and_ln27_62_fu_22230_p2     |    and   |      0|  0|   32|          32|          32|
    |and_ln27_63_fu_22495_p2     |    and   |      0|  0|   32|          32|          32|
    |and_ln27_64_fu_1033_p2      |    and   |      0|  0|   32|          32|          32|
    |and_ln27_65_fu_1044_p2      |    and   |      0|  0|   32|          32|          32|
    |and_ln27_66_fu_1168_p2      |    and   |      0|  0|   32|          32|          32|
    |and_ln27_67_fu_1400_p2      |    and   |      0|  0|   32|          32|          32|
    |and_ln27_68_fu_1738_p2      |    and   |      0|  0|   32|          32|          32|
    |and_ln27_69_fu_1970_p2      |    and   |      0|  0|   32|          32|          32|
    |and_ln27_6_fu_2190_p2       |    and   |      0|  0|   32|          32|          32|
    |and_ln27_70_fu_2201_p2      |    and   |      0|  0|   32|          32|          32|
    |and_ln27_71_fu_2433_p2      |    and   |      0|  0|   32|          32|          32|
    |and_ln27_72_fu_2664_p2      |    and   |      0|  0|   32|          32|          32|
    |and_ln27_73_fu_2896_p2      |    and   |      0|  0|   32|          32|          32|
    |and_ln27_74_fu_3127_p2      |    and   |      0|  0|   32|          32|          32|
    |and_ln27_75_fu_3359_p2      |    and   |      0|  0|   32|          32|          32|
    |and_ln27_76_fu_3590_p2      |    and   |      0|  0|   32|          32|          32|
    |and_ln27_77_fu_3822_p2      |    and   |      0|  0|   32|          32|          32|
    |and_ln27_78_fu_4053_p2      |    and   |      0|  0|   32|          32|          32|
    |and_ln27_79_fu_4285_p2      |    and   |      0|  0|   32|          32|          32|
    |and_ln27_7_fu_2422_p2       |    and   |      0|  0|   32|          32|          32|
    |and_ln27_80_fu_4886_p2      |    and   |      0|  0|   32|          32|          32|
    |and_ln27_81_fu_5339_p2      |    and   |      0|  0|   32|          32|          32|
    |and_ln27_82_fu_5792_p2      |    and   |      0|  0|   32|          32|          32|
    |and_ln27_83_fu_6245_p2      |    and   |      0|  0|   32|          32|          32|
    |and_ln27_84_fu_6698_p2      |    and   |      0|  0|   32|          32|          32|
    |and_ln27_85_fu_7151_p2      |    and   |      0|  0|   32|          32|          32|
    |and_ln27_86_fu_7604_p2      |    and   |      0|  0|   32|          32|          32|
    |and_ln27_87_fu_7837_p2      |    and   |      0|  0|   32|          32|          32|
    |and_ln27_88_fu_8290_p2      |    and   |      0|  0|   32|          32|          32|
    |and_ln27_89_fu_8743_p2      |    and   |      0|  0|   32|          32|          32|
    |and_ln27_8_fu_2653_p2       |    and   |      0|  0|   32|          32|          32|
    |and_ln27_90_fu_9194_p2      |    and   |      0|  0|   32|          32|          32|
    |and_ln27_91_fu_9867_p2      |    and   |      0|  0|   32|          32|          32|
    |and_ln27_92_fu_10780_p2     |    and   |      0|  0|   32|          32|          32|
    |and_ln27_93_fu_11321_p2     |    and   |      0|  0|   32|          32|          32|
    |and_ln27_94_fu_11862_p2     |    and   |      0|  0|   32|          32|          32|
    |and_ln27_95_fu_12403_p2     |    and   |      0|  0|   32|          32|          32|
    |and_ln27_96_fu_12944_p2     |    and   |      0|  0|   32|          32|          32|
    |and_ln27_97_fu_13485_p2     |    and   |      0|  0|   32|          32|          32|
    |and_ln27_98_fu_14026_p2     |    and   |      0|  0|   32|          32|          32|
    |and_ln27_99_fu_14577_p2     |    and   |      0|  0|   32|          32|          32|
    |and_ln27_9_fu_2885_p2       |    and   |      0|  0|   32|          32|          32|
    |and_ln27_fu_988_p2          |    and   |      0|  0|   32|          32|          32|
    |and_ln32_100_fu_15806_p2    |    and   |      0|  0|   32|          32|          32|
    |and_ln32_101_fu_16027_p2    |    and   |      0|  0|   32|          32|          32|
    |and_ln32_102_fu_16437_p2    |    and   |      0|  0|   32|          32|          32|
    |and_ln32_103_fu_16742_p2    |    and   |      0|  0|   32|          32|          32|
    |and_ln32_104_fu_17162_p2    |    and   |      0|  0|   32|          32|          32|
    |and_ln32_105_fu_17478_p2    |    and   |      0|  0|   32|          32|          32|
    |and_ln32_106_fu_17794_p2    |    and   |      0|  0|   32|          32|          32|
    |and_ln32_107_fu_18037_p2    |    and   |      0|  0|   32|          32|          32|
    |and_ln32_108_fu_18269_p2    |    and   |      0|  0|   32|          32|          32|
    |and_ln32_109_fu_18491_p2    |    and   |      0|  0|   32|          32|          32|
    |and_ln32_10_fu_3472_p2      |    and   |      0|  0|   32|          32|          32|
    |and_ln32_110_fu_18723_p2    |    and   |      0|  0|   32|          32|          32|
    |and_ln32_111_fu_18955_p2    |    and   |      0|  0|   32|          32|          32|
    |and_ln32_112_fu_19187_p2    |    and   |      0|  0|   32|          32|          32|
    |and_ln32_113_fu_19419_p2    |    and   |      0|  0|   32|          32|          32|
    |and_ln32_114_fu_19730_p2    |    and   |      0|  0|   32|          32|          32|
    |and_ln32_115_fu_20046_p2    |    and   |      0|  0|   32|          32|          32|
    |and_ln32_116_fu_20294_p2    |    and   |      0|  0|   32|          32|          32|
    |and_ln32_117_fu_20526_p2    |    and   |      0|  0|   32|          32|          32|
    |and_ln32_118_fu_20748_p2    |    and   |      0|  0|   32|          32|          32|
    |and_ln32_119_fu_20980_p2    |    and   |      0|  0|   32|          32|          32|
    |and_ln32_11_fu_3694_p2      |    and   |      0|  0|   32|          32|          32|
    |and_ln32_120_fu_21202_p2    |    and   |      0|  0|   32|          32|          32|
    |and_ln32_121_fu_21423_p2    |    and   |      0|  0|   32|          32|          32|
    |and_ln32_122_fu_21665_p2    |    and   |      0|  0|   32|          32|          32|
    |and_ln32_123_fu_21886_p2    |    and   |      0|  0|   32|          32|          32|
    |and_ln32_124_fu_22128_p2    |    and   |      0|  0|   32|          32|          32|
    |and_ln32_125_fu_22345_p2    |    and   |      0|  0|   32|          32|          32|
    |and_ln32_126_fu_22471_p2    |    and   |      0|  0|   32|          32|          32|
    |and_ln32_127_fu_22527_p2    |    and   |      0|  0|   32|          32|          32|
    |and_ln32_12_fu_3935_p2      |    and   |      0|  0|   32|          32|          32|
    |and_ln32_13_fu_4157_p2      |    and   |      0|  0|   32|          32|          32|
    |and_ln32_14_fu_4768_p2      |    and   |      0|  0|   32|          32|          32|
    |and_ln32_15_fu_5221_p2      |    and   |      0|  0|   32|          32|          32|
    |and_ln32_16_fu_5674_p2      |    and   |      0|  0|   32|          32|          32|
    |and_ln32_17_fu_6127_p2      |    and   |      0|  0|   32|          32|          32|
    |and_ln32_18_fu_6580_p2      |    and   |      0|  0|   32|          32|          32|
    |and_ln32_19_fu_7033_p2      |    and   |      0|  0|   32|          32|          32|
    |and_ln32_1_fu_1277_p2       |    and   |      0|  0|   32|          32|          32|
    |and_ln32_20_fu_7486_p2      |    and   |      0|  0|   32|          32|          32|
    |and_ln32_21_fu_7719_p2      |    and   |      0|  0|   32|          32|          32|
    |and_ln32_22_fu_8172_p2      |    and   |      0|  0|   32|          32|          32|
    |and_ln32_23_fu_8614_p2      |    and   |      0|  0|   32|          32|          32|
    |and_ln32_24_fu_9076_p2      |    and   |      0|  0|   32|          32|          32|
    |and_ln32_25_fu_9738_p2      |    and   |      0|  0|   32|          32|          32|
    |and_ln32_26_fu_10662_p2     |    and   |      0|  0|   32|          32|          32|
    |and_ln32_27_fu_11203_p2     |    and   |      0|  0|   32|          32|          32|
    |and_ln32_28_fu_11744_p2     |    and   |      0|  0|   32|          32|          32|
    |and_ln32_29_fu_12285_p2     |    and   |      0|  0|   32|          32|          32|
    |and_ln32_2_fu_1620_p2       |    and   |      0|  0|   32|          32|          32|
    |and_ln32_30_fu_12826_p2     |    and   |      0|  0|   32|          32|          32|
    |and_ln32_31_fu_13367_p2     |    and   |      0|  0|   32|          32|          32|
    |and_ln32_32_fu_13908_p2     |    and   |      0|  0|   32|          32|          32|
    |and_ln32_33_fu_14459_p2     |    and   |      0|  0|   32|          32|          32|
    |and_ln32_34_fu_14999_p2     |    and   |      0|  0|   32|          32|          32|
    |and_ln32_35_fu_15400_p2     |    and   |      0|  0|   32|          32|          32|
    |and_ln32_36_fu_15801_p2     |    and   |      0|  0|   32|          32|          32|
    |and_ln32_37_fu_16022_p2     |    and   |      0|  0|   32|          32|          32|
    |and_ln32_38_fu_16432_p2     |    and   |      0|  0|   32|          32|          32|
    |and_ln32_39_fu_16737_p2     |    and   |      0|  0|   32|          32|          32|
    |and_ln32_3_fu_1842_p2       |    and   |      0|  0|   32|          32|          32|
    |and_ln32_40_fu_17157_p2     |    and   |      0|  0|   32|          32|          32|
    |and_ln32_41_fu_17473_p2     |    and   |      0|  0|   32|          32|          32|
    |and_ln32_42_fu_17789_p2     |    and   |      0|  0|   32|          32|          32|
    |and_ln32_43_fu_18032_p2     |    and   |      0|  0|   32|          32|          32|
    |and_ln32_44_fu_18264_p2     |    and   |      0|  0|   32|          32|          32|
    |and_ln32_45_fu_18486_p2     |    and   |      0|  0|   32|          32|          32|
    |and_ln32_46_fu_18718_p2     |    and   |      0|  0|   32|          32|          32|
    |and_ln32_47_fu_18950_p2     |    and   |      0|  0|   32|          32|          32|
    |and_ln32_48_fu_19182_p2     |    and   |      0|  0|   32|          32|          32|
    |and_ln32_49_fu_19414_p2     |    and   |      0|  0|   32|          32|          32|
    |and_ln32_4_fu_2083_p2       |    and   |      0|  0|   32|          32|          32|
    |and_ln32_50_fu_19725_p2     |    and   |      0|  0|   32|          32|          32|
    |and_ln32_51_fu_20041_p2     |    and   |      0|  0|   32|          32|          32|
    |and_ln32_52_fu_20289_p2     |    and   |      0|  0|   32|          32|          32|
    |and_ln32_53_fu_20521_p2     |    and   |      0|  0|   32|          32|          32|
    |and_ln32_54_fu_20743_p2     |    and   |      0|  0|   32|          32|          32|
    |and_ln32_55_fu_20975_p2     |    and   |      0|  0|   32|          32|          32|
    |and_ln32_56_fu_21197_p2     |    and   |      0|  0|   32|          32|          32|
    |and_ln32_57_fu_21418_p2     |    and   |      0|  0|   32|          32|          32|
    |and_ln32_58_fu_21660_p2     |    and   |      0|  0|   32|          32|          32|
    |and_ln32_59_fu_21881_p2     |    and   |      0|  0|   32|          32|          32|
    |and_ln32_5_fu_2305_p2       |    and   |      0|  0|   32|          32|          32|
    |and_ln32_60_fu_22123_p2     |    and   |      0|  0|   32|          32|          32|
    |and_ln32_61_fu_22340_p2     |    and   |      0|  0|   32|          32|          32|
    |and_ln32_62_fu_22466_p2     |    and   |      0|  0|   32|          32|          32|
    |and_ln32_63_fu_22521_p2     |    and   |      0|  0|   32|          32|          32|
    |and_ln32_64_fu_1493_p2      |    and   |      0|  0|   32|          32|          32|
    |and_ln32_65_fu_1498_p2      |    and   |      0|  0|   32|          32|          32|
    |and_ln32_66_fu_1625_p2      |    and   |      0|  0|   32|          32|          32|
    |and_ln32_67_fu_1847_p2      |    and   |      0|  0|   32|          32|          32|
    |and_ln32_68_fu_2088_p2      |    and   |      0|  0|   32|          32|          32|
    |and_ln32_69_fu_2310_p2      |    and   |      0|  0|   32|          32|          32|
    |and_ln32_6_fu_2546_p2       |    and   |      0|  0|   32|          32|          32|
    |and_ln32_70_fu_2551_p2      |    and   |      0|  0|   32|          32|          32|
    |and_ln32_71_fu_2773_p2      |    and   |      0|  0|   32|          32|          32|
    |and_ln32_72_fu_3014_p2      |    and   |      0|  0|   32|          32|          32|
    |and_ln32_73_fu_3236_p2      |    and   |      0|  0|   32|          32|          32|
    |and_ln32_74_fu_3477_p2      |    and   |      0|  0|   32|          32|          32|
    |and_ln32_75_fu_3699_p2      |    and   |      0|  0|   32|          32|          32|
    |and_ln32_76_fu_3940_p2      |    and   |      0|  0|   32|          32|          32|
    |and_ln32_77_fu_4162_p2      |    and   |      0|  0|   32|          32|          32|
    |and_ln32_78_fu_4773_p2      |    and   |      0|  0|   32|          32|          32|
    |and_ln32_79_fu_5226_p2      |    and   |      0|  0|   32|          32|          32|
    |and_ln32_7_fu_2768_p2       |    and   |      0|  0|   32|          32|          32|
    |and_ln32_80_fu_5679_p2      |    and   |      0|  0|   32|          32|          32|
    |and_ln32_81_fu_6132_p2      |    and   |      0|  0|   32|          32|          32|
    |and_ln32_82_fu_6585_p2      |    and   |      0|  0|   32|          32|          32|
    |and_ln32_83_fu_7038_p2      |    and   |      0|  0|   32|          32|          32|
    |and_ln32_84_fu_7491_p2      |    and   |      0|  0|   32|          32|          32|
    |and_ln32_85_fu_7724_p2      |    and   |      0|  0|   32|          32|          32|
    |and_ln32_86_fu_8177_p2      |    and   |      0|  0|   32|          32|          32|
    |and_ln32_87_fu_8619_p2      |    and   |      0|  0|   32|          32|          32|
    |and_ln32_88_fu_9081_p2      |    and   |      0|  0|   32|          32|          32|
    |and_ln32_89_fu_9743_p2      |    and   |      0|  0|   32|          32|          32|
    |and_ln32_8_fu_3009_p2       |    and   |      0|  0|   32|          32|          32|
    |and_ln32_90_fu_10667_p2     |    and   |      0|  0|   32|          32|          32|
    |and_ln32_91_fu_11208_p2     |    and   |      0|  0|   32|          32|          32|
    |and_ln32_92_fu_11749_p2     |    and   |      0|  0|   32|          32|          32|
    |and_ln32_93_fu_12290_p2     |    and   |      0|  0|   32|          32|          32|
    |and_ln32_94_fu_12831_p2     |    and   |      0|  0|   32|          32|          32|
    |and_ln32_95_fu_13372_p2     |    and   |      0|  0|   32|          32|          32|
    |and_ln32_96_fu_13913_p2     |    and   |      0|  0|   32|          32|          32|
    |and_ln32_97_fu_14464_p2     |    and   |      0|  0|   32|          32|          32|
    |and_ln32_98_fu_15004_p2     |    and   |      0|  0|   32|          32|          32|
    |and_ln32_99_fu_15405_p2     |    and   |      0|  0|   32|          32|          32|
    |and_ln32_9_fu_3231_p2       |    and   |      0|  0|   32|          32|          32|
    |and_ln32_fu_1272_p2         |    and   |      0|  0|   32|          32|          32|
    |ap_block_pp0_stage0_11001   |    and   |      0|  0|    2|           1|           1|
    |ap_enable_pp0               |    xor   |      0|  0|    2|           1|           2|
    |xor_ln1357_100_fu_12590_p2  |    xor   |      0|  0|   32|          32|          32|
    |xor_ln1357_101_fu_12596_p2  |    xor   |      0|  0|   32|          32|          32|
    |xor_ln1357_102_fu_9060_p2   |    xor   |      0|  0|   32|          32|          32|
    |xor_ln1357_103_fu_9066_p2   |    xor   |      0|  0|   32|          32|          32|
    |xor_ln1357_104_fu_12665_p2  |    xor   |      0|  0|   32|          32|          32|
    |xor_ln1357_105_fu_12671_p2  |    xor   |      0|  0|   32|          32|          32|
    |xor_ln1357_106_fu_9652_p2   |    xor   |      0|  0|   32|          32|          32|
    |xor_ln1357_107_fu_9658_p2   |    xor   |      0|  0|   32|          32|          32|
    |xor_ln1357_108_fu_13131_p2  |    xor   |      0|  0|   32|          32|          32|
    |xor_ln1357_109_fu_13137_p2  |    xor   |      0|  0|   32|          32|          32|
    |xor_ln1357_10_fu_4506_p2    |    xor   |      0|  0|   32|          32|          32|
    |xor_ln1357_110_fu_9722_p2   |    xor   |      0|  0|   32|          32|          32|
    |xor_ln1357_111_fu_9728_p2   |    xor   |      0|  0|   32|          32|          32|
    |xor_ln1357_112_fu_13206_p2  |    xor   |      0|  0|   32|          32|          32|
    |xor_ln1357_113_fu_13212_p2  |    xor   |      0|  0|   32|          32|          32|
    |xor_ln1357_114_fu_10248_p2  |    xor   |      0|  0|   32|          32|          32|
    |xor_ln1357_115_fu_10254_p2  |    xor   |      0|  0|   32|          32|          32|
    |xor_ln1357_116_fu_13672_p2  |    xor   |      0|  0|   32|          32|          32|
    |xor_ln1357_117_fu_13678_p2  |    xor   |      0|  0|   32|          32|          32|
    |xor_ln1357_118_fu_10318_p2  |    xor   |      0|  0|   32|          32|          32|
    |xor_ln1357_119_fu_10324_p2  |    xor   |      0|  0|   32|          32|          32|
    |xor_ln1357_11_fu_4512_p2    |    xor   |      0|  0|   32|          32|          32|
    |xor_ln1357_120_fu_13747_p2  |    xor   |      0|  0|   32|          32|          32|
    |xor_ln1357_121_fu_13753_p2  |    xor   |      0|  0|   32|          32|          32|
    |xor_ln1357_122_fu_10576_p2  |    xor   |      0|  0|   32|          32|          32|
    |xor_ln1357_123_fu_10582_p2  |    xor   |      0|  0|   32|          32|          32|
    |xor_ln1357_124_fu_14223_p2  |    xor   |      0|  0|   32|          32|          32|
    |xor_ln1357_125_fu_14229_p2  |    xor   |      0|  0|   32|          32|          32|
    |xor_ln1357_126_fu_10646_p2  |    xor   |      0|  0|   32|          32|          32|
    |xor_ln1357_127_fu_10652_p2  |    xor   |      0|  0|   32|          32|          32|
    |xor_ln1357_128_fu_14298_p2  |    xor   |      0|  0|   32|          32|          32|
    |xor_ln1357_129_fu_14304_p2  |    xor   |      0|  0|   32|          32|          32|
    |xor_ln1357_12_fu_4611_p2    |    xor   |      0|  0|   32|          32|          32|
    |xor_ln1357_130_fu_11117_p2  |    xor   |      0|  0|   32|          32|          32|
    |xor_ln1357_131_fu_11123_p2  |    xor   |      0|  0|   32|          32|          32|
    |xor_ln1357_132_fu_14763_p2  |    xor   |      0|  0|   32|          32|          32|
    |xor_ln1357_133_fu_14769_p2  |    xor   |      0|  0|   32|          32|          32|
    |xor_ln1357_134_fu_11187_p2  |    xor   |      0|  0|   32|          32|          32|
    |xor_ln1357_135_fu_11193_p2  |    xor   |      0|  0|   32|          32|          32|
    |xor_ln1357_136_fu_14838_p2  |    xor   |      0|  0|   32|          32|          32|
    |xor_ln1357_137_fu_14844_p2  |    xor   |      0|  0|   32|          32|          32|
    |xor_ln1357_138_fu_11658_p2  |    xor   |      0|  0|   32|          32|          32|
    |xor_ln1357_139_fu_11664_p2  |    xor   |      0|  0|   32|          32|          32|
    |xor_ln1357_13_fu_4617_p2    |    xor   |      0|  0|   32|          32|          32|
    |xor_ln1357_140_fu_15304_p2  |    xor   |      0|  0|   32|          32|          32|
    |xor_ln1357_141_fu_15310_p2  |    xor   |      0|  0|   32|          32|          32|
    |xor_ln1357_142_fu_11728_p2  |    xor   |      0|  0|   32|          32|          32|
    |xor_ln1357_143_fu_11734_p2  |    xor   |      0|  0|   32|          32|          32|
    |xor_ln1357_144_fu_15379_p2  |    xor   |      0|  0|   32|          32|          32|
    |xor_ln1357_145_fu_15385_p2  |    xor   |      0|  0|   32|          32|          32|
    |xor_ln1357_146_fu_12199_p2  |    xor   |      0|  0|   32|          32|          32|
    |xor_ln1357_147_fu_12205_p2  |    xor   |      0|  0|   32|          32|          32|
    |xor_ln1357_148_fu_15705_p2  |    xor   |      0|  0|   32|          32|          32|
    |xor_ln1357_149_fu_15711_p2  |    xor   |      0|  0|   32|          32|          32|
    |xor_ln1357_14_fu_4676_p2    |    xor   |      0|  0|   32|          32|          32|
    |xor_ln1357_150_fu_12269_p2  |    xor   |      0|  0|   32|          32|          32|
    |xor_ln1357_151_fu_12275_p2  |    xor   |      0|  0|   32|          32|          32|
    |xor_ln1357_152_fu_15780_p2  |    xor   |      0|  0|   32|          32|          32|
    |xor_ln1357_153_fu_15786_p2  |    xor   |      0|  0|   32|          32|          32|
    |xor_ln1357_154_fu_12740_p2  |    xor   |      0|  0|   32|          32|          32|
    |xor_ln1357_155_fu_12746_p2  |    xor   |      0|  0|   32|          32|          32|
    |xor_ln1357_156_fu_16307_p2  |    xor   |      0|  0|   32|          32|          32|
    |xor_ln1357_157_fu_16313_p2  |    xor   |      0|  0|   32|          32|          32|
    |xor_ln1357_158_fu_12810_p2  |    xor   |      0|  0|   32|          32|          32|
    |xor_ln1357_159_fu_12816_p2  |    xor   |      0|  0|   32|          32|          32|
    |xor_ln1357_15_fu_4682_p2    |    xor   |      0|  0|   32|          32|          32|
    |xor_ln1357_160_fu_16411_p2  |    xor   |      0|  0|   32|          32|          32|
    |xor_ln1357_161_fu_16417_p2  |    xor   |      0|  0|   32|          32|          32|
    |xor_ln1357_162_fu_13281_p2  |    xor   |      0|  0|   32|          32|          32|
    |xor_ln1357_163_fu_13287_p2  |    xor   |      0|  0|   32|          32|          32|
    |xor_ln1357_164_fu_17032_p2  |    xor   |      0|  0|   32|          32|          32|
    |xor_ln1357_165_fu_17038_p2  |    xor   |      0|  0|   32|          32|          32|
    |xor_ln1357_166_fu_13351_p2  |    xor   |      0|  0|   32|          32|          32|
    |xor_ln1357_167_fu_13357_p2  |    xor   |      0|  0|   32|          32|          32|
    |xor_ln1357_168_fu_16716_p2  |    xor   |      0|  0|   32|          32|          32|
    |xor_ln1357_169_fu_16722_p2  |    xor   |      0|  0|   32|          32|          32|
    |xor_ln1357_16_fu_5064_p2    |    xor   |      0|  0|   32|          32|          32|
    |xor_ln1357_170_fu_13822_p2  |    xor   |      0|  0|   32|          32|          32|
    |xor_ln1357_171_fu_13828_p2  |    xor   |      0|  0|   32|          32|          32|
    |xor_ln1357_172_fu_17136_p2  |    xor   |      0|  0|   32|          32|          32|
    |xor_ln1357_173_fu_17142_p2  |    xor   |      0|  0|   32|          32|          32|
    |xor_ln1357_174_fu_13892_p2  |    xor   |      0|  0|   32|          32|          32|
    |xor_ln1357_175_fu_13898_p2  |    xor   |      0|  0|   32|          32|          32|
    |xor_ln1357_176_fu_17452_p2  |    xor   |      0|  0|   32|          32|          32|
    |xor_ln1357_177_fu_17458_p2  |    xor   |      0|  0|   32|          32|          32|
    |xor_ln1357_178_fu_14373_p2  |    xor   |      0|  0|   32|          32|          32|
    |xor_ln1357_179_fu_14379_p2  |    xor   |      0|  0|   32|          32|          32|
    |xor_ln1357_17_fu_5070_p2    |    xor   |      0|  0|   32|          32|          32|
    |xor_ln1357_180_fu_17768_p2  |    xor   |      0|  0|   32|          32|          32|
    |xor_ln1357_181_fu_17774_p2  |    xor   |      0|  0|   32|          32|          32|
    |xor_ln1357_182_fu_14443_p2  |    xor   |      0|  0|   32|          32|          32|
    |xor_ln1357_183_fu_14449_p2  |    xor   |      0|  0|   32|          32|          32|
    |xor_ln1357_184_fu_19709_p2  |    xor   |      0|  0|   32|          32|          32|
    |xor_ln1357_185_fu_19715_p2  |    xor   |      0|  0|   32|          32|          32|
    |xor_ln1357_186_fu_14913_p2  |    xor   |      0|  0|   32|          32|          32|
    |xor_ln1357_187_fu_14919_p2  |    xor   |      0|  0|   32|          32|          32|
    |xor_ln1357_188_fu_20025_p2  |    xor   |      0|  0|   32|          32|          32|
    |xor_ln1357_189_fu_20031_p2  |    xor   |      0|  0|   32|          32|          32|
    |xor_ln1357_18_fu_5129_p2    |    xor   |      0|  0|   32|          32|          32|
    |xor_ln1357_190_fu_14983_p2  |    xor   |      0|  0|   32|          32|          32|
    |xor_ln1357_191_fu_14989_p2  |    xor   |      0|  0|   32|          32|          32|
    |xor_ln1357_192_fu_606_p2    |    xor   |      0|  0|   32|          32|          32|
    |xor_ln1357_193_fu_612_p2    |    xor   |      0|  0|   32|          32|          32|
    |xor_ln1357_194_fu_684_p2    |    xor   |      0|  0|   32|          32|          32|
    |xor_ln1357_195_fu_690_p2    |    xor   |      0|  0|   32|          32|          32|
    |xor_ln1357_196_fu_1363_p2   |    xor   |      0|  0|   32|          32|          32|
    |xor_ln1357_197_fu_1369_p2   |    xor   |      0|  0|   32|          32|          32|
    |xor_ln1357_198_fu_1121_p2   |    xor   |      0|  0|   32|          32|          32|
    |xor_ln1357_199_fu_1127_p2   |    xor   |      0|  0|   32|          32|          32|
    |xor_ln1357_19_fu_5135_p2    |    xor   |      0|  0|   32|          32|          32|
    |xor_ln1357_1_fu_760_p2      |    xor   |      0|  0|   32|          32|          32|
    |xor_ln1357_200_fu_1584_p2   |    xor   |      0|  0|   32|          32|          32|
    |xor_ln1357_201_fu_1590_p2   |    xor   |      0|  0|   32|          32|          32|
    |xor_ln1357_202_fu_1245_p2   |    xor   |      0|  0|   32|          32|          32|
    |xor_ln1357_203_fu_1251_p2   |    xor   |      0|  0|   32|          32|          32|
    |xor_ln1357_204_fu_1711_p2   |    xor   |      0|  0|   32|          32|          32|
    |xor_ln1357_205_fu_1717_p2   |    xor   |      0|  0|   32|          32|          32|
    |xor_ln1357_206_fu_1477_p2   |    xor   |      0|  0|   32|          32|          32|
    |xor_ln1357_207_fu_1483_p2   |    xor   |      0|  0|   32|          32|          32|
    |xor_ln1357_208_fu_1933_p2   |    xor   |      0|  0|   32|          32|          32|
    |xor_ln1357_209_fu_1939_p2   |    xor   |      0|  0|   32|          32|          32|
    |xor_ln1357_20_fu_5517_p2    |    xor   |      0|  0|   32|          32|          32|
    |xor_ln1357_210_fu_1815_p2   |    xor   |      0|  0|   32|          32|          32|
    |xor_ln1357_211_fu_1821_p2   |    xor   |      0|  0|   32|          32|          32|
    |xor_ln1357_212_fu_2174_p2   |    xor   |      0|  0|   32|          32|          32|
    |xor_ln1357_213_fu_2180_p2   |    xor   |      0|  0|   32|          32|          32|
    |xor_ln1357_214_fu_2047_p2   |    xor   |      0|  0|   32|          32|          32|
    |xor_ln1357_215_fu_2053_p2   |    xor   |      0|  0|   32|          32|          32|
    |xor_ln1357_216_fu_2396_p2   |    xor   |      0|  0|   32|          32|          32|
    |xor_ln1357_217_fu_2402_p2   |    xor   |      0|  0|   32|          32|          32|
    |xor_ln1357_218_fu_2278_p2   |    xor   |      0|  0|   32|          32|          32|
    |xor_ln1357_219_fu_2284_p2   |    xor   |      0|  0|   32|          32|          32|
    |xor_ln1357_21_fu_5523_p2    |    xor   |      0|  0|   32|          32|          32|
    |xor_ln1357_220_fu_2637_p2   |    xor   |      0|  0|   32|          32|          32|
    |xor_ln1357_221_fu_2643_p2   |    xor   |      0|  0|   32|          32|          32|
    |xor_ln1357_222_fu_2510_p2   |    xor   |      0|  0|   32|          32|          32|
    |xor_ln1357_223_fu_2516_p2   |    xor   |      0|  0|   32|          32|          32|
    |xor_ln1357_224_fu_2859_p2   |    xor   |      0|  0|   32|          32|          32|
    |xor_ln1357_225_fu_2865_p2   |    xor   |      0|  0|   32|          32|          32|
    |xor_ln1357_226_fu_2741_p2   |    xor   |      0|  0|   32|          32|          32|
    |xor_ln1357_227_fu_2747_p2   |    xor   |      0|  0|   32|          32|          32|
    |xor_ln1357_228_fu_3100_p2   |    xor   |      0|  0|   32|          32|          32|
    |xor_ln1357_229_fu_3106_p2   |    xor   |      0|  0|   32|          32|          32|
    |xor_ln1357_22_fu_5582_p2    |    xor   |      0|  0|   32|          32|          32|
    |xor_ln1357_230_fu_2973_p2   |    xor   |      0|  0|   32|          32|          32|
    |xor_ln1357_231_fu_2979_p2   |    xor   |      0|  0|   32|          32|          32|
    |xor_ln1357_232_fu_3322_p2   |    xor   |      0|  0|   32|          32|          32|
    |xor_ln1357_233_fu_3328_p2   |    xor   |      0|  0|   32|          32|          32|
    |xor_ln1357_234_fu_3204_p2   |    xor   |      0|  0|   32|          32|          32|
    |xor_ln1357_235_fu_3210_p2   |    xor   |      0|  0|   32|          32|          32|
    |xor_ln1357_236_fu_3563_p2   |    xor   |      0|  0|   32|          32|          32|
    |xor_ln1357_237_fu_3569_p2   |    xor   |      0|  0|   32|          32|          32|
    |xor_ln1357_238_fu_3436_p2   |    xor   |      0|  0|   32|          32|          32|
    |xor_ln1357_239_fu_3442_p2   |    xor   |      0|  0|   32|          32|          32|
    |xor_ln1357_23_fu_5588_p2    |    xor   |      0|  0|   32|          32|          32|
    |xor_ln1357_240_fu_3785_p2   |    xor   |      0|  0|   32|          32|          32|
    |xor_ln1357_241_fu_3791_p2   |    xor   |      0|  0|   32|          32|          32|
    |xor_ln1357_242_fu_3667_p2   |    xor   |      0|  0|   32|          32|          32|
    |xor_ln1357_243_fu_3673_p2   |    xor   |      0|  0|   32|          32|          32|
    |xor_ln1357_244_fu_4026_p2   |    xor   |      0|  0|   32|          32|          32|
    |xor_ln1357_245_fu_4032_p2   |    xor   |      0|  0|   32|          32|          32|
    |xor_ln1357_246_fu_3899_p2   |    xor   |      0|  0|   32|          32|          32|
    |xor_ln1357_247_fu_3905_p2   |    xor   |      0|  0|   32|          32|          32|
    |xor_ln1357_248_fu_4248_p2   |    xor   |      0|  0|   32|          32|          32|
    |xor_ln1357_249_fu_4254_p2   |    xor   |      0|  0|   32|          32|          32|
    |xor_ln1357_24_fu_5970_p2    |    xor   |      0|  0|   32|          32|          32|
    |xor_ln1357_250_fu_4130_p2   |    xor   |      0|  0|   32|          32|          32|
    |xor_ln1357_251_fu_4136_p2   |    xor   |      0|  0|   32|          32|          32|
    |xor_ln1357_252_fu_4859_p2   |    xor   |      0|  0|   32|          32|          32|
    |xor_ln1357_253_fu_4865_p2   |    xor   |      0|  0|   32|          32|          32|
    |xor_ln1357_254_fu_4362_p2   |    xor   |      0|  0|   32|          32|          32|
    |xor_ln1357_255_fu_4368_p2   |    xor   |      0|  0|   32|          32|          32|
    |xor_ln1357_256_fu_5312_p2   |    xor   |      0|  0|   32|          32|          32|
    |xor_ln1357_257_fu_5318_p2   |    xor   |      0|  0|   32|          32|          32|
    |xor_ln1357_258_fu_4963_p2   |    xor   |      0|  0|   32|          32|          32|
    |xor_ln1357_259_fu_4969_p2   |    xor   |      0|  0|   32|          32|          32|
    |xor_ln1357_25_fu_5976_p2    |    xor   |      0|  0|   32|          32|          32|
    |xor_ln1357_260_fu_5765_p2   |    xor   |      0|  0|   32|          32|          32|
    |xor_ln1357_261_fu_5771_p2   |    xor   |      0|  0|   32|          32|          32|
    |xor_ln1357_262_fu_5416_p2   |    xor   |      0|  0|   32|          32|          32|
    |xor_ln1357_263_fu_5422_p2   |    xor   |      0|  0|   32|          32|          32|
    |xor_ln1357_264_fu_6218_p2   |    xor   |      0|  0|   32|          32|          32|
    |xor_ln1357_265_fu_6224_p2   |    xor   |      0|  0|   32|          32|          32|
    |xor_ln1357_266_fu_5869_p2   |    xor   |      0|  0|   32|          32|          32|
    |xor_ln1357_267_fu_5875_p2   |    xor   |      0|  0|   32|          32|          32|
    |xor_ln1357_268_fu_6671_p2   |    xor   |      0|  0|   32|          32|          32|
    |xor_ln1357_269_fu_6677_p2   |    xor   |      0|  0|   32|          32|          32|
    |xor_ln1357_26_fu_6035_p2    |    xor   |      0|  0|   32|          32|          32|
    |xor_ln1357_270_fu_6322_p2   |    xor   |      0|  0|   32|          32|          32|
    |xor_ln1357_271_fu_6328_p2   |    xor   |      0|  0|   32|          32|          32|
    |xor_ln1357_272_fu_7124_p2   |    xor   |      0|  0|   32|          32|          32|
    |xor_ln1357_273_fu_7130_p2   |    xor   |      0|  0|   32|          32|          32|
    |xor_ln1357_274_fu_6775_p2   |    xor   |      0|  0|   32|          32|          32|
    |xor_ln1357_275_fu_6781_p2   |    xor   |      0|  0|   32|          32|          32|
    |xor_ln1357_276_fu_7577_p2   |    xor   |      0|  0|   32|          32|          32|
    |xor_ln1357_277_fu_7583_p2   |    xor   |      0|  0|   32|          32|          32|
    |xor_ln1357_278_fu_7228_p2   |    xor   |      0|  0|   32|          32|          32|
    |xor_ln1357_279_fu_7234_p2   |    xor   |      0|  0|   32|          32|          32|
    |xor_ln1357_27_fu_6041_p2    |    xor   |      0|  0|   32|          32|          32|
    |xor_ln1357_280_fu_7810_p2   |    xor   |      0|  0|   32|          32|          32|
    |xor_ln1357_281_fu_7816_p2   |    xor   |      0|  0|   32|          32|          32|
    |xor_ln1357_282_fu_7681_p2   |    xor   |      0|  0|   32|          32|          32|
    |xor_ln1357_283_fu_7687_p2   |    xor   |      0|  0|   32|          32|          32|
    |xor_ln1357_284_fu_8263_p2   |    xor   |      0|  0|   32|          32|          32|
    |xor_ln1357_285_fu_8269_p2   |    xor   |      0|  0|   32|          32|          32|
    |xor_ln1357_286_fu_7914_p2   |    xor   |      0|  0|   32|          32|          32|
    |xor_ln1357_287_fu_7920_p2   |    xor   |      0|  0|   32|          32|          32|
    |xor_ln1357_288_fu_8705_p2   |    xor   |      0|  0|   32|          32|          32|
    |xor_ln1357_289_fu_8711_p2   |    xor   |      0|  0|   32|          32|          32|
    |xor_ln1357_28_fu_6423_p2    |    xor   |      0|  0|   32|          32|          32|
    |xor_ln1357_290_fu_8367_p2   |    xor   |      0|  0|   32|          32|          32|
    |xor_ln1357_291_fu_8373_p2   |    xor   |      0|  0|   32|          32|          32|
    |xor_ln1357_292_fu_9167_p2   |    xor   |      0|  0|   32|          32|          32|
    |xor_ln1357_293_fu_9173_p2   |    xor   |      0|  0|   32|          32|          32|
    |xor_ln1357_294_fu_8820_p2   |    xor   |      0|  0|   32|          32|          32|
    |xor_ln1357_295_fu_8826_p2   |    xor   |      0|  0|   32|          32|          32|
    |xor_ln1357_296_fu_9829_p2   |    xor   |      0|  0|   32|          32|          32|
    |xor_ln1357_297_fu_9835_p2   |    xor   |      0|  0|   32|          32|          32|
    |xor_ln1357_298_fu_9271_p2   |    xor   |      0|  0|   32|          32|          32|
    |xor_ln1357_299_fu_9277_p2   |    xor   |      0|  0|   32|          32|          32|
    |xor_ln1357_29_fu_6429_p2    |    xor   |      0|  0|   32|          32|          32|
    |xor_ln1357_2_fu_824_p2      |    xor   |      0|  0|   32|          32|          32|
    |xor_ln1357_300_fu_10753_p2  |    xor   |      0|  0|   32|          32|          32|
    |xor_ln1357_301_fu_10759_p2  |    xor   |      0|  0|   32|          32|          32|
    |xor_ln1357_302_fu_9944_p2   |    xor   |      0|  0|   32|          32|          32|
    |xor_ln1357_303_fu_9950_p2   |    xor   |      0|  0|   32|          32|          32|
    |xor_ln1357_304_fu_11294_p2  |    xor   |      0|  0|   32|          32|          32|
    |xor_ln1357_305_fu_11300_p2  |    xor   |      0|  0|   32|          32|          32|
    |xor_ln1357_306_fu_10857_p2  |    xor   |      0|  0|   32|          32|          32|
    |xor_ln1357_307_fu_10863_p2  |    xor   |      0|  0|   32|          32|          32|
    |xor_ln1357_308_fu_11835_p2  |    xor   |      0|  0|   32|          32|          32|
    |xor_ln1357_309_fu_11841_p2  |    xor   |      0|  0|   32|          32|          32|
    |xor_ln1357_30_fu_6488_p2    |    xor   |      0|  0|   32|          32|          32|
    |xor_ln1357_310_fu_11398_p2  |    xor   |      0|  0|   32|          32|          32|
    |xor_ln1357_311_fu_11404_p2  |    xor   |      0|  0|   32|          32|          32|
    |xor_ln1357_312_fu_12376_p2  |    xor   |      0|  0|   32|          32|          32|
    |xor_ln1357_313_fu_12382_p2  |    xor   |      0|  0|   32|          32|          32|
    |xor_ln1357_314_fu_11939_p2  |    xor   |      0|  0|   32|          32|          32|
    |xor_ln1357_315_fu_11945_p2  |    xor   |      0|  0|   32|          32|          32|
    |xor_ln1357_316_fu_12917_p2  |    xor   |      0|  0|   32|          32|          32|
    |xor_ln1357_317_fu_12923_p2  |    xor   |      0|  0|   32|          32|          32|
    |xor_ln1357_318_fu_12480_p2  |    xor   |      0|  0|   32|          32|          32|
    |xor_ln1357_319_fu_12486_p2  |    xor   |      0|  0|   32|          32|          32|
    |xor_ln1357_31_fu_6494_p2    |    xor   |      0|  0|   32|          32|          32|
    |xor_ln1357_320_fu_13458_p2  |    xor   |      0|  0|   32|          32|          32|
    |xor_ln1357_321_fu_13464_p2  |    xor   |      0|  0|   32|          32|          32|
    |xor_ln1357_322_fu_13021_p2  |    xor   |      0|  0|   32|          32|          32|
    |xor_ln1357_323_fu_13027_p2  |    xor   |      0|  0|   32|          32|          32|
    |xor_ln1357_324_fu_13999_p2  |    xor   |      0|  0|   32|          32|          32|
    |xor_ln1357_325_fu_14005_p2  |    xor   |      0|  0|   32|          32|          32|
    |xor_ln1357_326_fu_13562_p2  |    xor   |      0|  0|   32|          32|          32|
    |xor_ln1357_327_fu_13568_p2  |    xor   |      0|  0|   32|          32|          32|
    |xor_ln1357_328_fu_14550_p2  |    xor   |      0|  0|   32|          32|          32|
    |xor_ln1357_329_fu_14556_p2  |    xor   |      0|  0|   32|          32|          32|
    |xor_ln1357_32_fu_6876_p2    |    xor   |      0|  0|   32|          32|          32|
    |xor_ln1357_330_fu_14103_p2  |    xor   |      0|  0|   32|          32|          32|
    |xor_ln1357_331_fu_14109_p2  |    xor   |      0|  0|   32|          32|          32|
    |xor_ln1357_332_fu_15090_p2  |    xor   |      0|  0|   32|          32|          32|
    |xor_ln1357_333_fu_15096_p2  |    xor   |      0|  0|   32|          32|          32|
    |xor_ln1357_334_fu_14654_p2  |    xor   |      0|  0|   32|          32|          32|
    |xor_ln1357_335_fu_14660_p2  |    xor   |      0|  0|   32|          32|          32|
    |xor_ln1357_336_fu_15491_p2  |    xor   |      0|  0|   32|          32|          32|
    |xor_ln1357_337_fu_15497_p2  |    xor   |      0|  0|   32|          32|          32|
    |xor_ln1357_338_fu_15194_p2  |    xor   |      0|  0|   32|          32|          32|
    |xor_ln1357_339_fu_15200_p2  |    xor   |      0|  0|   32|          32|          32|
    |xor_ln1357_33_fu_6882_p2    |    xor   |      0|  0|   32|          32|          32|
    |xor_ln1357_340_fu_15892_p2  |    xor   |      0|  0|   32|          32|          32|
    |xor_ln1357_341_fu_15898_p2  |    xor   |      0|  0|   32|          32|          32|
    |xor_ln1357_342_fu_15595_p2  |    xor   |      0|  0|   32|          32|          32|
    |xor_ln1357_343_fu_15601_p2  |    xor   |      0|  0|   32|          32|          32|
    |xor_ln1357_344_fu_16113_p2  |    xor   |      0|  0|   32|          32|          32|
    |xor_ln1357_345_fu_16119_p2  |    xor   |      0|  0|   32|          32|          32|
    |xor_ln1357_346_fu_15996_p2  |    xor   |      0|  0|   32|          32|          32|
    |xor_ln1357_347_fu_16002_p2  |    xor   |      0|  0|   32|          32|          32|
    |xor_ln1357_348_fu_16523_p2  |    xor   |      0|  0|   32|          32|          32|
    |xor_ln1357_349_fu_16529_p2  |    xor   |      0|  0|   32|          32|          32|
    |xor_ln1357_34_fu_6941_p2    |    xor   |      0|  0|   32|          32|          32|
    |xor_ln1357_350_fu_16228_p2  |    xor   |      0|  0|   32|          32|          32|
    |xor_ln1357_351_fu_16234_p2  |    xor   |      0|  0|   32|          32|          32|
    |xor_ln1357_352_fu_16828_p2  |    xor   |      0|  0|   32|          32|          32|
    |xor_ln1357_353_fu_16834_p2  |    xor   |      0|  0|   32|          32|          32|
    |xor_ln1357_354_fu_16627_p2  |    xor   |      0|  0|   32|          32|          32|
    |xor_ln1357_355_fu_16633_p2  |    xor   |      0|  0|   32|          32|          32|
    |xor_ln1357_356_fu_17248_p2  |    xor   |      0|  0|   32|          32|          32|
    |xor_ln1357_357_fu_17254_p2  |    xor   |      0|  0|   32|          32|          32|
    |xor_ln1357_358_fu_16943_p2  |    xor   |      0|  0|   32|          32|          32|
    |xor_ln1357_359_fu_16949_p2  |    xor   |      0|  0|   32|          32|          32|
    |xor_ln1357_35_fu_6947_p2    |    xor   |      0|  0|   32|          32|          32|
    |xor_ln1357_360_fu_17564_p2  |    xor   |      0|  0|   32|          32|          32|
    |xor_ln1357_361_fu_17570_p2  |    xor   |      0|  0|   32|          32|          32|
    |xor_ln1357_362_fu_17352_p2  |    xor   |      0|  0|   32|          32|          32|
    |xor_ln1357_363_fu_17358_p2  |    xor   |      0|  0|   32|          32|          32|
    |xor_ln1357_364_fu_17880_p2  |    xor   |      0|  0|   32|          32|          32|
    |xor_ln1357_365_fu_17886_p2  |    xor   |      0|  0|   32|          32|          32|
    |xor_ln1357_366_fu_17668_p2  |    xor   |      0|  0|   32|          32|          32|
    |xor_ln1357_367_fu_17674_p2  |    xor   |      0|  0|   32|          32|          32|
    |xor_ln1357_368_fu_18123_p2  |    xor   |      0|  0|   32|          32|          32|
    |xor_ln1357_369_fu_18129_p2  |    xor   |      0|  0|   32|          32|          32|
    |xor_ln1357_36_fu_7329_p2    |    xor   |      0|  0|   32|          32|          32|
    |xor_ln1357_370_fu_17984_p2  |    xor   |      0|  0|   32|          32|          32|
    |xor_ln1357_371_fu_17990_p2  |    xor   |      0|  0|   32|          32|          32|
    |xor_ln1357_372_fu_18355_p2  |    xor   |      0|  0|   32|          32|          32|
    |xor_ln1357_373_fu_18361_p2  |    xor   |      0|  0|   32|          32|          32|
    |xor_ln1357_374_fu_18227_p2  |    xor   |      0|  0|   32|          32|          32|
    |xor_ln1357_375_fu_18233_p2  |    xor   |      0|  0|   32|          32|          32|
    |xor_ln1357_376_fu_18577_p2  |    xor   |      0|  0|   32|          32|          32|
    |xor_ln1357_377_fu_18583_p2  |    xor   |      0|  0|   32|          32|          32|
    |xor_ln1357_378_fu_18459_p2  |    xor   |      0|  0|   32|          32|          32|
    |xor_ln1357_379_fu_18465_p2  |    xor   |      0|  0|   32|          32|          32|
    |xor_ln1357_37_fu_7335_p2    |    xor   |      0|  0|   32|          32|          32|
    |xor_ln1357_380_fu_18809_p2  |    xor   |      0|  0|   32|          32|          32|
    |xor_ln1357_381_fu_18815_p2  |    xor   |      0|  0|   32|          32|          32|
    |xor_ln1357_382_fu_18681_p2  |    xor   |      0|  0|   32|          32|          32|
    |xor_ln1357_383_fu_18687_p2  |    xor   |      0|  0|   32|          32|          32|
    |xor_ln1357_384_fu_19041_p2  |    xor   |      0|  0|   32|          32|          32|
    |xor_ln1357_385_fu_19047_p2  |    xor   |      0|  0|   32|          32|          32|
    |xor_ln1357_386_fu_18913_p2  |    xor   |      0|  0|   32|          32|          32|
    |xor_ln1357_387_fu_18919_p2  |    xor   |      0|  0|   32|          32|          32|
    |xor_ln1357_388_fu_19273_p2  |    xor   |      0|  0|   32|          32|          32|
    |xor_ln1357_389_fu_19279_p2  |    xor   |      0|  0|   32|          32|          32|
    |xor_ln1357_38_fu_7394_p2    |    xor   |      0|  0|   32|          32|          32|
    |xor_ln1357_390_fu_19145_p2  |    xor   |      0|  0|   32|          32|          32|
    |xor_ln1357_391_fu_19151_p2  |    xor   |      0|  0|   32|          32|          32|
    |xor_ln1357_392_fu_19505_p2  |    xor   |      0|  0|   32|          32|          32|
    |xor_ln1357_393_fu_19511_p2  |    xor   |      0|  0|   32|          32|          32|
    |xor_ln1357_394_fu_19377_p2  |    xor   |      0|  0|   32|          32|          32|
    |xor_ln1357_395_fu_19383_p2  |    xor   |      0|  0|   32|          32|          32|
    |xor_ln1357_396_fu_19816_p2  |    xor   |      0|  0|   32|          32|          32|
    |xor_ln1357_397_fu_19822_p2  |    xor   |      0|  0|   32|          32|          32|
    |xor_ln1357_398_fu_19609_p2  |    xor   |      0|  0|   32|          32|          32|
    |xor_ln1357_399_fu_19615_p2  |    xor   |      0|  0|   32|          32|          32|
    |xor_ln1357_39_fu_7400_p2    |    xor   |      0|  0|   32|          32|          32|
    |xor_ln1357_3_fu_830_p2      |    xor   |      0|  0|   32|          32|          32|
    |xor_ln1357_400_fu_20132_p2  |    xor   |      0|  0|   32|          32|          32|
    |xor_ln1357_401_fu_20138_p2  |    xor   |      0|  0|   32|          32|          32|
    |xor_ln1357_402_fu_19920_p2  |    xor   |      0|  0|   32|          32|          32|
    |xor_ln1357_403_fu_19926_p2  |    xor   |      0|  0|   32|          32|          32|
    |xor_ln1357_404_fu_20380_p2  |    xor   |      0|  0|   32|          32|          32|
    |xor_ln1357_405_fu_20386_p2  |    xor   |      0|  0|   32|          32|          32|
    |xor_ln1357_406_fu_20236_p2  |    xor   |      0|  0|   32|          32|          32|
    |xor_ln1357_407_fu_20242_p2  |    xor   |      0|  0|   32|          32|          32|
    |xor_ln1357_408_fu_20612_p2  |    xor   |      0|  0|   32|          32|          32|
    |xor_ln1357_409_fu_20618_p2  |    xor   |      0|  0|   32|          32|          32|
    |xor_ln1357_40_fu_8015_p2    |    xor   |      0|  0|   32|          32|          32|
    |xor_ln1357_410_fu_20484_p2  |    xor   |      0|  0|   32|          32|          32|
    |xor_ln1357_411_fu_20490_p2  |    xor   |      0|  0|   32|          32|          32|
    |xor_ln1357_412_fu_20834_p2  |    xor   |      0|  0|   32|          32|          32|
    |xor_ln1357_413_fu_20840_p2  |    xor   |      0|  0|   32|          32|          32|
    |xor_ln1357_414_fu_20716_p2  |    xor   |      0|  0|   32|          32|          32|
    |xor_ln1357_415_fu_20722_p2  |    xor   |      0|  0|   32|          32|          32|
    |xor_ln1357_416_fu_21066_p2  |    xor   |      0|  0|   32|          32|          32|
    |xor_ln1357_417_fu_21072_p2  |    xor   |      0|  0|   32|          32|          32|
    |xor_ln1357_418_fu_20938_p2  |    xor   |      0|  0|   32|          32|          32|
    |xor_ln1357_419_fu_20944_p2  |    xor   |      0|  0|   32|          32|          32|
    |xor_ln1357_41_fu_8021_p2    |    xor   |      0|  0|   32|          32|          32|
    |xor_ln1357_420_fu_21288_p2  |    xor   |      0|  0|   32|          32|          32|
    |xor_ln1357_421_fu_21294_p2  |    xor   |      0|  0|   32|          32|          32|
    |xor_ln1357_422_fu_21170_p2  |    xor   |      0|  0|   32|          32|          32|
    |xor_ln1357_423_fu_21176_p2  |    xor   |      0|  0|   32|          32|          32|
    |xor_ln1357_424_fu_21509_p2  |    xor   |      0|  0|   32|          32|          32|
    |xor_ln1357_425_fu_21515_p2  |    xor   |      0|  0|   32|          32|          32|
    |xor_ln1357_426_fu_21392_p2  |    xor   |      0|  0|   32|          32|          32|
    |xor_ln1357_427_fu_21398_p2  |    xor   |      0|  0|   32|          32|          32|
    |xor_ln1357_428_fu_21751_p2  |    xor   |      0|  0|   32|          32|          32|
    |xor_ln1357_429_fu_21757_p2  |    xor   |      0|  0|   32|          32|          32|
    |xor_ln1357_42_fu_8080_p2    |    xor   |      0|  0|   32|          32|          32|
    |xor_ln1357_430_fu_21624_p2  |    xor   |      0|  0|   32|          32|          32|
    |xor_ln1357_431_fu_21630_p2  |    xor   |      0|  0|   32|          32|          32|
    |xor_ln1357_432_fu_21972_p2  |    xor   |      0|  0|   32|          32|          32|
    |xor_ln1357_433_fu_21978_p2  |    xor   |      0|  0|   32|          32|          32|
    |xor_ln1357_434_fu_21855_p2  |    xor   |      0|  0|   32|          32|          32|
    |xor_ln1357_435_fu_21861_p2  |    xor   |      0|  0|   32|          32|          32|
    |xor_ln1357_436_fu_22214_p2  |    xor   |      0|  0|   32|          32|          32|
    |xor_ln1357_437_fu_22220_p2  |    xor   |      0|  0|   32|          32|          32|
    |xor_ln1357_438_fu_22087_p2  |    xor   |      0|  0|   32|          32|          32|
    |xor_ln1357_439_fu_22093_p2  |    xor   |      0|  0|   32|          32|          32|
    |xor_ln1357_43_fu_8086_p2    |    xor   |      0|  0|   32|          32|          32|
    |xor_ln1357_440_fu_22431_p2  |    xor   |      0|  0|   32|          32|          32|
    |xor_ln1357_441_fu_22437_p2  |    xor   |      0|  0|   32|          32|          32|
    |xor_ln1357_442_fu_22318_p2  |    xor   |      0|  0|   32|          32|          32|
    |xor_ln1357_443_fu_22324_p2  |    xor   |      0|  0|   32|          32|          32|
    |xor_ln1357_444_fu_22603_p2  |    xor   |      0|  0|   32|          32|          32|
    |xor_ln1357_445_fu_22609_p2  |    xor   |      0|  0|   32|          32|          32|
    |xor_ln1357_446_fu_22681_p2  |    xor   |      0|  0|   32|          32|          32|
    |xor_ln1357_447_fu_22687_p2  |    xor   |      0|  0|   32|          32|          32|
    |xor_ln1357_44_fu_8457_p2    |    xor   |      0|  0|   32|          32|          32|
    |xor_ln1357_45_fu_8463_p2    |    xor   |      0|  0|   32|          32|          32|
    |xor_ln1357_46_fu_8522_p2    |    xor   |      0|  0|   32|          32|          32|
    |xor_ln1357_47_fu_8528_p2    |    xor   |      0|  0|   32|          32|          32|
    |xor_ln1357_48_fu_8919_p2    |    xor   |      0|  0|   32|          32|          32|
    |xor_ln1357_49_fu_8925_p2    |    xor   |      0|  0|   32|          32|          32|
    |xor_ln1357_4_fu_900_p2      |    xor   |      0|  0|   32|          32|          32|
    |xor_ln1357_50_fu_8984_p2    |    xor   |      0|  0|   32|          32|          32|
    |xor_ln1357_51_fu_8990_p2    |    xor   |      0|  0|   32|          32|          32|
    |xor_ln1357_52_fu_9370_p2    |    xor   |      0|  0|   32|          32|          32|
    |xor_ln1357_53_fu_9376_p2    |    xor   |      0|  0|   32|          32|          32|
    |xor_ln1357_54_fu_9435_p2    |    xor   |      0|  0|   32|          32|          32|
    |xor_ln1357_55_fu_9441_p2    |    xor   |      0|  0|   32|          32|          32|
    |xor_ln1357_56_fu_9511_p2    |    xor   |      0|  0|   32|          32|          32|
    |xor_ln1357_57_fu_9517_p2    |    xor   |      0|  0|   32|          32|          32|
    |xor_ln1357_58_fu_9576_p2    |    xor   |      0|  0|   32|          32|          32|
    |xor_ln1357_59_fu_9582_p2    |    xor   |      0|  0|   32|          32|          32|
    |xor_ln1357_5_fu_906_p2      |    xor   |      0|  0|   32|          32|          32|
    |xor_ln1357_60_fu_10032_p2   |    xor   |      0|  0|   32|          32|          32|
    |xor_ln1357_61_fu_10038_p2   |    xor   |      0|  0|   32|          32|          32|
    |xor_ln1357_62_fu_10097_p2   |    xor   |      0|  0|   32|          32|          32|
    |xor_ln1357_63_fu_10103_p2   |    xor   |      0|  0|   32|          32|          32|
    |xor_ln1357_64_fu_10173_p2   |    xor   |      0|  0|   32|          32|          32|
    |xor_ln1357_65_fu_10179_p2   |    xor   |      0|  0|   32|          32|          32|
    |xor_ln1357_66_fu_4752_p2    |    xor   |      0|  0|   32|          32|          32|
    |xor_ln1357_67_fu_4758_p2    |    xor   |      0|  0|   32|          32|          32|
    |xor_ln1357_68_fu_10426_p2   |    xor   |      0|  0|   32|          32|          32|
    |xor_ln1357_69_fu_10432_p2   |    xor   |      0|  0|   32|          32|          32|
    |xor_ln1357_6_fu_970_p2      |    xor   |      0|  0|   32|          32|          32|
    |xor_ln1357_70_fu_5205_p2    |    xor   |      0|  0|   32|          32|          32|
    |xor_ln1357_71_fu_5211_p2    |    xor   |      0|  0|   32|          32|          32|
    |xor_ln1357_72_fu_10501_p2   |    xor   |      0|  0|   32|          32|          32|
    |xor_ln1357_73_fu_10507_p2   |    xor   |      0|  0|   32|          32|          32|
    |xor_ln1357_74_fu_5658_p2    |    xor   |      0|  0|   32|          32|          32|
    |xor_ln1357_75_fu_5664_p2    |    xor   |      0|  0|   32|          32|          32|
    |xor_ln1357_76_fu_10967_p2   |    xor   |      0|  0|   32|          32|          32|
    |xor_ln1357_77_fu_10973_p2   |    xor   |      0|  0|   32|          32|          32|
    |xor_ln1357_78_fu_6111_p2    |    xor   |      0|  0|   32|          32|          32|
    |xor_ln1357_79_fu_6117_p2    |    xor   |      0|  0|   32|          32|          32|
    |xor_ln1357_7_fu_976_p2      |    xor   |      0|  0|   32|          32|          32|
    |xor_ln1357_80_fu_11042_p2   |    xor   |      0|  0|   32|          32|          32|
    |xor_ln1357_81_fu_11048_p2   |    xor   |      0|  0|   32|          32|          32|
    |xor_ln1357_82_fu_6564_p2    |    xor   |      0|  0|   32|          32|          32|
    |xor_ln1357_83_fu_6570_p2    |    xor   |      0|  0|   32|          32|          32|
    |xor_ln1357_84_fu_11508_p2   |    xor   |      0|  0|   32|          32|          32|
    |xor_ln1357_85_fu_11514_p2   |    xor   |      0|  0|   32|          32|          32|
    |xor_ln1357_86_fu_7017_p2    |    xor   |      0|  0|   32|          32|          32|
    |xor_ln1357_87_fu_7023_p2    |    xor   |      0|  0|   32|          32|          32|
    |xor_ln1357_88_fu_11583_p2   |    xor   |      0|  0|   32|          32|          32|
    |xor_ln1357_89_fu_11589_p2   |    xor   |      0|  0|   32|          32|          32|
    |xor_ln1357_8_fu_4441_p2     |    xor   |      0|  0|   32|          32|          32|
    |xor_ln1357_90_fu_7470_p2    |    xor   |      0|  0|   32|          32|          32|
    |xor_ln1357_91_fu_7476_p2    |    xor   |      0|  0|   32|          32|          32|
    |xor_ln1357_92_fu_12049_p2   |    xor   |      0|  0|   32|          32|          32|
    |xor_ln1357_93_fu_12055_p2   |    xor   |      0|  0|   32|          32|          32|
    |xor_ln1357_94_fu_8156_p2    |    xor   |      0|  0|   32|          32|          32|
    |xor_ln1357_95_fu_8162_p2    |    xor   |      0|  0|   32|          32|          32|
    |xor_ln1357_96_fu_12124_p2   |    xor   |      0|  0|   32|          32|          32|
    |xor_ln1357_97_fu_12130_p2   |    xor   |      0|  0|   32|          32|          32|
    |xor_ln1357_98_fu_8598_p2    |    xor   |      0|  0|   32|          32|          32|
    |xor_ln1357_99_fu_8604_p2    |    xor   |      0|  0|   32|          32|          32|
    |xor_ln1357_9_fu_4447_p2     |    xor   |      0|  0|   32|          32|          32|
    |xor_ln1357_fu_754_p2        |    xor   |      0|  0|   32|          32|          32|
    |xor_ln27_100_fu_15122_p2    |    xor   |      0|  0|   32|          32|          32|
    |xor_ln27_101_fu_15523_p2    |    xor   |      0|  0|   32|          32|          32|
    |xor_ln27_102_fu_15924_p2    |    xor   |      0|  0|   32|          32|          32|
    |xor_ln27_103_fu_16156_p2    |    xor   |      0|  0|   32|          32|          32|
    |xor_ln27_104_fu_16555_p2    |    xor   |      0|  0|   32|          32|          32|
    |xor_ln27_105_fu_16871_p2    |    xor   |      0|  0|   32|          32|          32|
    |xor_ln27_106_fu_17280_p2    |    xor   |      0|  0|   32|          32|          32|
    |xor_ln27_107_fu_17596_p2    |    xor   |      0|  0|   32|          32|          32|
    |xor_ln27_108_fu_17912_p2    |    xor   |      0|  0|   32|          32|          32|
    |xor_ln27_109_fu_18155_p2    |    xor   |      0|  0|   32|          32|          32|
    |xor_ln27_10_fu_3121_p2      |    xor   |      0|  0|   32|           2|          32|
    |xor_ln27_110_fu_18387_p2    |    xor   |      0|  0|   32|          32|          32|
    |xor_ln27_111_fu_18609_p2    |    xor   |      0|  0|   32|          32|          32|
    |xor_ln27_112_fu_18841_p2    |    xor   |      0|  0|   32|          32|          32|
    |xor_ln27_113_fu_19073_p2    |    xor   |      0|  0|   32|          32|          32|
    |xor_ln27_114_fu_19305_p2    |    xor   |      0|  0|   32|          32|          32|
    |xor_ln27_115_fu_19537_p2    |    xor   |      0|  0|   32|          32|          32|
    |xor_ln27_116_fu_19848_p2    |    xor   |      0|  0|   32|          32|          32|
    |xor_ln27_117_fu_20164_p2    |    xor   |      0|  0|   32|          32|          32|
    |xor_ln27_118_fu_20412_p2    |    xor   |      0|  0|   32|          32|          32|
    |xor_ln27_119_fu_20644_p2    |    xor   |      0|  0|   32|          32|          32|
    |xor_ln27_11_fu_3353_p2      |    xor   |      0|  0|   32|           2|          32|
    |xor_ln27_120_fu_20866_p2    |    xor   |      0|  0|   32|          32|          32|
    |xor_ln27_121_fu_21098_p2    |    xor   |      0|  0|   32|          32|          32|
    |xor_ln27_122_fu_21320_p2    |    xor   |      0|  0|   32|          32|          32|
    |xor_ln27_123_fu_21552_p2    |    xor   |      0|  0|   32|          32|          32|
    |xor_ln27_124_fu_21783_p2    |    xor   |      0|  0|   32|          32|          32|
    |xor_ln27_125_fu_22015_p2    |    xor   |      0|  0|   32|          32|          32|
    |xor_ln27_126_fu_22246_p2    |    xor   |      0|  0|   32|          32|          32|
    |xor_ln27_127_fu_22511_p2    |    xor   |      0|  0|   32|          32|          32|
    |xor_ln27_12_fu_3584_p2      |    xor   |      0|  0|   32|           2|          32|
    |xor_ln27_13_fu_3816_p2      |    xor   |      0|  0|   32|           2|          32|
    |xor_ln27_14_fu_4047_p2      |    xor   |      0|  0|   32|           2|          32|
    |xor_ln27_15_fu_4279_p2      |    xor   |      0|  0|   32|           2|          32|
    |xor_ln27_16_fu_4880_p2      |    xor   |      0|  0|   32|           2|          32|
    |xor_ln27_17_fu_5333_p2      |    xor   |      0|  0|   32|           2|          32|
    |xor_ln27_18_fu_5786_p2      |    xor   |      0|  0|   32|           2|          32|
    |xor_ln27_19_fu_6239_p2      |    xor   |      0|  0|   32|           2|          32|
    |xor_ln27_1_fu_1038_p2       |    xor   |      0|  0|   32|           2|          32|
    |xor_ln27_20_fu_6692_p2      |    xor   |      0|  0|   32|           2|          32|
    |xor_ln27_21_fu_7145_p2      |    xor   |      0|  0|   32|           2|          32|
    |xor_ln27_22_fu_7598_p2      |    xor   |      0|  0|   32|           2|          32|
    |xor_ln27_23_fu_7831_p2      |    xor   |      0|  0|   32|           2|          32|
    |xor_ln27_24_fu_8284_p2      |    xor   |      0|  0|   32|           2|          32|
    |xor_ln27_25_fu_8737_p2      |    xor   |      0|  0|   32|           2|          32|
    |xor_ln27_26_fu_9188_p2      |    xor   |      0|  0|   32|           2|          32|
    |xor_ln27_27_fu_9861_p2      |    xor   |      0|  0|   32|           2|          32|
    |xor_ln27_28_fu_10774_p2     |    xor   |      0|  0|   32|           2|          32|
    |xor_ln27_29_fu_11315_p2     |    xor   |      0|  0|   32|           2|          32|
    |xor_ln27_2_fu_1162_p2       |    xor   |      0|  0|   32|           2|          32|
    |xor_ln27_30_fu_11856_p2     |    xor   |      0|  0|   32|           2|          32|
    |xor_ln27_31_fu_12397_p2     |    xor   |      0|  0|   32|           2|          32|
    |xor_ln27_32_fu_12938_p2     |    xor   |      0|  0|   32|           2|          32|
    |xor_ln27_33_fu_13479_p2     |    xor   |      0|  0|   32|           2|          32|
    |xor_ln27_34_fu_14020_p2     |    xor   |      0|  0|   32|           2|          32|
    |xor_ln27_35_fu_14571_p2     |    xor   |      0|  0|   32|           2|          32|
    |xor_ln27_36_fu_15111_p2     |    xor   |      0|  0|   32|           2|          32|
    |xor_ln27_37_fu_15512_p2     |    xor   |      0|  0|   32|           2|          32|
    |xor_ln27_38_fu_15913_p2     |    xor   |      0|  0|   32|           2|          32|
    |xor_ln27_39_fu_16145_p2     |    xor   |      0|  0|   32|           2|          32|
    |xor_ln27_3_fu_1394_p2       |    xor   |      0|  0|   32|           2|          32|
    |xor_ln27_40_fu_16544_p2     |    xor   |      0|  0|   32|           2|          32|
    |xor_ln27_41_fu_16860_p2     |    xor   |      0|  0|   32|           2|          32|
    |xor_ln27_42_fu_17269_p2     |    xor   |      0|  0|   32|           2|          32|
    |xor_ln27_43_fu_17585_p2     |    xor   |      0|  0|   32|           2|          32|
    |xor_ln27_44_fu_17901_p2     |    xor   |      0|  0|   32|           2|          32|
    |xor_ln27_45_fu_18144_p2     |    xor   |      0|  0|   32|           2|          32|
    |xor_ln27_46_fu_18376_p2     |    xor   |      0|  0|   32|           2|          32|
    |xor_ln27_47_fu_18598_p2     |    xor   |      0|  0|   32|           2|          32|
    |xor_ln27_48_fu_18830_p2     |    xor   |      0|  0|   32|           2|          32|
    |xor_ln27_49_fu_19062_p2     |    xor   |      0|  0|   32|           2|          32|
    |xor_ln27_4_fu_1732_p2       |    xor   |      0|  0|   32|           2|          32|
    |xor_ln27_50_fu_19294_p2     |    xor   |      0|  0|   32|           2|          32|
    |xor_ln27_51_fu_19526_p2     |    xor   |      0|  0|   32|           2|          32|
    |xor_ln27_52_fu_19837_p2     |    xor   |      0|  0|   32|           2|          32|
    |xor_ln27_53_fu_20153_p2     |    xor   |      0|  0|   32|           2|          32|
    |xor_ln27_54_fu_20401_p2     |    xor   |      0|  0|   32|           2|          32|
    |xor_ln27_55_fu_20633_p2     |    xor   |      0|  0|   32|           2|          32|
    |xor_ln27_56_fu_20855_p2     |    xor   |      0|  0|   32|           2|          32|
    |xor_ln27_57_fu_21087_p2     |    xor   |      0|  0|   32|           2|          32|
    |xor_ln27_58_fu_21309_p2     |    xor   |      0|  0|   32|           2|          32|
    |xor_ln27_59_fu_21541_p2     |    xor   |      0|  0|   32|           2|          32|
    |xor_ln27_5_fu_1964_p2       |    xor   |      0|  0|   32|           2|          32|
    |xor_ln27_60_fu_21772_p2     |    xor   |      0|  0|   32|           2|          32|
    |xor_ln27_61_fu_22004_p2     |    xor   |      0|  0|   32|           2|          32|
    |xor_ln27_62_fu_22235_p2     |    xor   |      0|  0|   32|           2|          32|
    |xor_ln27_63_fu_22500_p2     |    xor   |      0|  0|   32|           2|          32|
    |xor_ln27_64_fu_1002_p2      |    xor   |      0|  0|   32|          32|          32|
    |xor_ln27_65_fu_1049_p2      |    xor   |      0|  0|   32|          32|          32|
    |xor_ln27_66_fu_1173_p2      |    xor   |      0|  0|   32|          32|          32|
    |xor_ln27_67_fu_1405_p2      |    xor   |      0|  0|   32|          32|          32|
    |xor_ln27_68_fu_1743_p2      |    xor   |      0|  0|   32|          32|          32|
    |xor_ln27_69_fu_1975_p2      |    xor   |      0|  0|   32|          32|          32|
    |xor_ln27_6_fu_2195_p2       |    xor   |      0|  0|   32|           2|          32|
    |xor_ln27_70_fu_2206_p2      |    xor   |      0|  0|   32|          32|          32|
    |xor_ln27_71_fu_2438_p2      |    xor   |      0|  0|   32|          32|          32|
    |xor_ln27_72_fu_2669_p2      |    xor   |      0|  0|   32|          32|          32|
    |xor_ln27_73_fu_2901_p2      |    xor   |      0|  0|   32|          32|          32|
    |xor_ln27_74_fu_3132_p2      |    xor   |      0|  0|   32|          32|          32|
    |xor_ln27_75_fu_3364_p2      |    xor   |      0|  0|   32|          32|          32|
    |xor_ln27_76_fu_3595_p2      |    xor   |      0|  0|   32|          32|          32|
    |xor_ln27_77_fu_3827_p2      |    xor   |      0|  0|   32|          32|          32|
    |xor_ln27_78_fu_4058_p2      |    xor   |      0|  0|   32|          32|          32|
    |xor_ln27_79_fu_4290_p2      |    xor   |      0|  0|   32|          32|          32|
    |xor_ln27_7_fu_2427_p2       |    xor   |      0|  0|   32|           2|          32|
    |xor_ln27_80_fu_4891_p2      |    xor   |      0|  0|   32|          32|          32|
    |xor_ln27_81_fu_5344_p2      |    xor   |      0|  0|   32|          32|          32|
    |xor_ln27_82_fu_5797_p2      |    xor   |      0|  0|   32|          32|          32|
    |xor_ln27_83_fu_6250_p2      |    xor   |      0|  0|   32|          32|          32|
    |xor_ln27_84_fu_6703_p2      |    xor   |      0|  0|   32|          32|          32|
    |xor_ln27_85_fu_7156_p2      |    xor   |      0|  0|   32|          32|          32|
    |xor_ln27_86_fu_7609_p2      |    xor   |      0|  0|   32|          32|          32|
    |xor_ln27_87_fu_7842_p2      |    xor   |      0|  0|   32|          32|          32|
    |xor_ln27_88_fu_8295_p2      |    xor   |      0|  0|   32|          32|          32|
    |xor_ln27_89_fu_8748_p2      |    xor   |      0|  0|   32|          32|          32|
    |xor_ln27_8_fu_2658_p2       |    xor   |      0|  0|   32|           2|          32|
    |xor_ln27_90_fu_9199_p2      |    xor   |      0|  0|   32|          32|          32|
    |xor_ln27_91_fu_9872_p2      |    xor   |      0|  0|   32|          32|          32|
    |xor_ln27_92_fu_10785_p2     |    xor   |      0|  0|   32|          32|          32|
    |xor_ln27_93_fu_11326_p2     |    xor   |      0|  0|   32|          32|          32|
    |xor_ln27_94_fu_11867_p2     |    xor   |      0|  0|   32|          32|          32|
    |xor_ln27_95_fu_12408_p2     |    xor   |      0|  0|   32|          32|          32|
    |xor_ln27_96_fu_12949_p2     |    xor   |      0|  0|   32|          32|          32|
    |xor_ln27_97_fu_13490_p2     |    xor   |      0|  0|   32|          32|          32|
    |xor_ln27_98_fu_14031_p2     |    xor   |      0|  0|   32|          32|          32|
    |xor_ln27_99_fu_14582_p2     |    xor   |      0|  0|   32|          32|          32|
    |xor_ln27_9_fu_2890_p2       |    xor   |      0|  0|   32|           2|          32|
    |xor_ln27_fu_992_p2          |    xor   |      0|  0|   32|           2|          32|
    |xor_ln32_100_fu_15810_p2    |    xor   |      0|  0|   32|          32|          32|
    |xor_ln32_101_fu_16031_p2    |    xor   |      0|  0|   32|          32|          32|
    |xor_ln32_102_fu_16441_p2    |    xor   |      0|  0|   32|          32|          32|
    |xor_ln32_103_fu_16746_p2    |    xor   |      0|  0|   32|          32|          32|
    |xor_ln32_104_fu_17166_p2    |    xor   |      0|  0|   32|          32|          32|
    |xor_ln32_105_fu_17482_p2    |    xor   |      0|  0|   32|          32|          32|
    |xor_ln32_106_fu_17798_p2    |    xor   |      0|  0|   32|          32|          32|
    |xor_ln32_107_fu_18041_p2    |    xor   |      0|  0|   32|          32|          32|
    |xor_ln32_108_fu_18273_p2    |    xor   |      0|  0|   32|          32|          32|
    |xor_ln32_109_fu_18495_p2    |    xor   |      0|  0|   32|          32|          32|
    |xor_ln32_10_fu_3468_p2      |    xor   |      0|  0|   32|          32|          32|
    |xor_ln32_110_fu_18727_p2    |    xor   |      0|  0|   32|          32|          32|
    |xor_ln32_111_fu_18959_p2    |    xor   |      0|  0|   32|          32|          32|
    |xor_ln32_112_fu_19191_p2    |    xor   |      0|  0|   32|          32|          32|
    |xor_ln32_113_fu_19423_p2    |    xor   |      0|  0|   32|          32|          32|
    |xor_ln32_114_fu_19734_p2    |    xor   |      0|  0|   32|          32|          32|
    |xor_ln32_115_fu_20050_p2    |    xor   |      0|  0|   32|          32|          32|
    |xor_ln32_116_fu_20298_p2    |    xor   |      0|  0|   32|          32|          32|
    |xor_ln32_117_fu_20530_p2    |    xor   |      0|  0|   32|          32|          32|
    |xor_ln32_118_fu_20752_p2    |    xor   |      0|  0|   32|          32|          32|
    |xor_ln32_119_fu_20984_p2    |    xor   |      0|  0|   32|          32|          32|
    |xor_ln32_11_fu_3690_p2      |    xor   |      0|  0|   32|          32|          32|
    |xor_ln32_120_fu_21206_p2    |    xor   |      0|  0|   32|          32|          32|
    |xor_ln32_121_fu_21427_p2    |    xor   |      0|  0|   32|          32|          32|
    |xor_ln32_122_fu_21669_p2    |    xor   |      0|  0|   32|          32|          32|
    |xor_ln32_123_fu_21890_p2    |    xor   |      0|  0|   32|          32|          32|
    |xor_ln32_124_fu_22132_p2    |    xor   |      0|  0|   32|          32|          32|
    |xor_ln32_125_fu_22349_p2    |    xor   |      0|  0|   32|          32|          32|
    |xor_ln32_126_fu_22475_p2    |    xor   |      0|  0|   32|          32|          32|
    |xor_ln32_127_fu_22531_p2    |    xor   |      0|  0|   32|          32|          32|
    |xor_ln32_12_fu_3931_p2      |    xor   |      0|  0|   32|          32|          32|
    |xor_ln32_13_fu_4153_p2      |    xor   |      0|  0|   32|          32|          32|
    |xor_ln32_14_fu_4764_p2      |    xor   |      0|  0|   32|          32|          32|
    |xor_ln32_15_fu_5217_p2      |    xor   |      0|  0|   32|          32|          32|
    |xor_ln32_16_fu_5670_p2      |    xor   |      0|  0|   32|          32|          32|
    |xor_ln32_17_fu_6123_p2      |    xor   |      0|  0|   32|          32|          32|
    |xor_ln32_18_fu_6576_p2      |    xor   |      0|  0|   32|          32|          32|
    |xor_ln32_19_fu_7029_p2      |    xor   |      0|  0|   32|          32|          32|
    |xor_ln32_1_fu_1489_p2       |    xor   |      0|  0|   32|          32|          32|
    |xor_ln32_20_fu_7482_p2      |    xor   |      0|  0|   32|          32|          32|
    |xor_ln32_21_fu_7715_p2      |    xor   |      0|  0|   32|          32|          32|
    |xor_ln32_22_fu_8168_p2      |    xor   |      0|  0|   32|          32|          32|
    |xor_ln32_23_fu_8610_p2      |    xor   |      0|  0|   32|          32|          32|
    |xor_ln32_24_fu_9072_p2      |    xor   |      0|  0|   32|          32|          32|
    |xor_ln32_25_fu_9734_p2      |    xor   |      0|  0|   32|          32|          32|
    |xor_ln32_26_fu_10658_p2     |    xor   |      0|  0|   32|          32|          32|
    |xor_ln32_27_fu_11199_p2     |    xor   |      0|  0|   32|          32|          32|
    |xor_ln32_28_fu_11740_p2     |    xor   |      0|  0|   32|          32|          32|
    |xor_ln32_29_fu_12281_p2     |    xor   |      0|  0|   32|          32|          32|
    |xor_ln32_2_fu_1616_p2       |    xor   |      0|  0|   32|          32|          32|
    |xor_ln32_30_fu_12822_p2     |    xor   |      0|  0|   32|          32|          32|
    |xor_ln32_31_fu_13363_p2     |    xor   |      0|  0|   32|          32|          32|
    |xor_ln32_32_fu_13904_p2     |    xor   |      0|  0|   32|          32|          32|
    |xor_ln32_33_fu_14455_p2     |    xor   |      0|  0|   32|          32|          32|
    |xor_ln32_34_fu_14995_p2     |    xor   |      0|  0|   32|          32|          32|
    |xor_ln32_35_fu_15396_p2     |    xor   |      0|  0|   32|          32|          32|
    |xor_ln32_36_fu_15797_p2     |    xor   |      0|  0|   32|          32|          32|
    |xor_ln32_37_fu_16018_p2     |    xor   |      0|  0|   32|          32|          32|
    |xor_ln32_38_fu_16428_p2     |    xor   |      0|  0|   32|          32|          32|
    |xor_ln32_39_fu_16733_p2     |    xor   |      0|  0|   32|          32|          32|
    |xor_ln32_3_fu_1838_p2       |    xor   |      0|  0|   32|          32|          32|
    |xor_ln32_40_fu_17153_p2     |    xor   |      0|  0|   32|          32|          32|
    |xor_ln32_41_fu_17469_p2     |    xor   |      0|  0|   32|          32|          32|
    |xor_ln32_42_fu_17785_p2     |    xor   |      0|  0|   32|          32|          32|
    |xor_ln32_43_fu_18028_p2     |    xor   |      0|  0|   32|          32|          32|
    |xor_ln32_44_fu_18260_p2     |    xor   |      0|  0|   32|          32|          32|
    |xor_ln32_45_fu_18482_p2     |    xor   |      0|  0|   32|          32|          32|
    |xor_ln32_46_fu_18714_p2     |    xor   |      0|  0|   32|          32|          32|
    |xor_ln32_47_fu_18946_p2     |    xor   |      0|  0|   32|          32|          32|
    |xor_ln32_48_fu_19178_p2     |    xor   |      0|  0|   32|          32|          32|
    |xor_ln32_49_fu_19410_p2     |    xor   |      0|  0|   32|          32|          32|
    |xor_ln32_4_fu_2079_p2       |    xor   |      0|  0|   32|          32|          32|
    |xor_ln32_50_fu_19721_p2     |    xor   |      0|  0|   32|          32|          32|
    |xor_ln32_51_fu_20037_p2     |    xor   |      0|  0|   32|          32|          32|
    |xor_ln32_52_fu_20285_p2     |    xor   |      0|  0|   32|          32|          32|
    |xor_ln32_53_fu_20517_p2     |    xor   |      0|  0|   32|          32|          32|
    |xor_ln32_54_fu_20739_p2     |    xor   |      0|  0|   32|          32|          32|
    |xor_ln32_55_fu_20971_p2     |    xor   |      0|  0|   32|          32|          32|
    |xor_ln32_56_fu_21193_p2     |    xor   |      0|  0|   32|          32|          32|
    |xor_ln32_57_fu_21414_p2     |    xor   |      0|  0|   32|          32|          32|
    |xor_ln32_58_fu_21656_p2     |    xor   |      0|  0|   32|          32|          32|
    |xor_ln32_59_fu_21877_p2     |    xor   |      0|  0|   32|          32|          32|
    |xor_ln32_5_fu_2301_p2       |    xor   |      0|  0|   32|          32|          32|
    |xor_ln32_60_fu_22119_p2     |    xor   |      0|  0|   32|          32|          32|
    |xor_ln32_61_fu_22336_p2     |    xor   |      0|  0|   32|          32|          32|
    |xor_ln32_62_fu_22462_p2     |    xor   |      0|  0|   32|          32|          32|
    |xor_ln32_63_fu_22517_p2     |    xor   |      0|  0|   32|          32|          32|
    |xor_ln32_64_fu_1281_p2      |    xor   |      0|  0|   32|          32|          32|
    |xor_ln32_65_fu_1502_p2      |    xor   |      0|  0|   32|          32|          32|
    |xor_ln32_66_fu_1629_p2      |    xor   |      0|  0|   32|          32|          32|
    |xor_ln32_67_fu_1851_p2      |    xor   |      0|  0|   32|          32|          32|
    |xor_ln32_68_fu_2092_p2      |    xor   |      0|  0|   32|          32|          32|
    |xor_ln32_69_fu_2314_p2      |    xor   |      0|  0|   32|          32|          32|
    |xor_ln32_6_fu_2542_p2       |    xor   |      0|  0|   32|          32|          32|
    |xor_ln32_70_fu_2555_p2      |    xor   |      0|  0|   32|          32|          32|
    |xor_ln32_71_fu_2777_p2      |    xor   |      0|  0|   32|          32|          32|
    |xor_ln32_72_fu_3018_p2      |    xor   |      0|  0|   32|          32|          32|
    |xor_ln32_73_fu_3240_p2      |    xor   |      0|  0|   32|          32|          32|
    |xor_ln32_74_fu_3481_p2      |    xor   |      0|  0|   32|          32|          32|
    |xor_ln32_75_fu_3703_p2      |    xor   |      0|  0|   32|          32|          32|
    |xor_ln32_76_fu_3944_p2      |    xor   |      0|  0|   32|          32|          32|
    |xor_ln32_77_fu_4166_p2      |    xor   |      0|  0|   32|          32|          32|
    |xor_ln32_78_fu_4777_p2      |    xor   |      0|  0|   32|          32|          32|
    |xor_ln32_79_fu_5230_p2      |    xor   |      0|  0|   32|          32|          32|
    |xor_ln32_7_fu_2764_p2       |    xor   |      0|  0|   32|          32|          32|
    |xor_ln32_80_fu_5683_p2      |    xor   |      0|  0|   32|          32|          32|
    |xor_ln32_81_fu_6136_p2      |    xor   |      0|  0|   32|          32|          32|
    |xor_ln32_82_fu_6589_p2      |    xor   |      0|  0|   32|          32|          32|
    |xor_ln32_83_fu_7042_p2      |    xor   |      0|  0|   32|          32|          32|
    |xor_ln32_84_fu_7495_p2      |    xor   |      0|  0|   32|          32|          32|
    |xor_ln32_85_fu_7728_p2      |    xor   |      0|  0|   32|          32|          32|
    |xor_ln32_86_fu_8181_p2      |    xor   |      0|  0|   32|          32|          32|
    |xor_ln32_87_fu_8623_p2      |    xor   |      0|  0|   32|          32|          32|
    |xor_ln32_88_fu_9085_p2      |    xor   |      0|  0|   32|          32|          32|
    |xor_ln32_89_fu_9747_p2      |    xor   |      0|  0|   32|          32|          32|
    |xor_ln32_8_fu_3005_p2       |    xor   |      0|  0|   32|          32|          32|
    |xor_ln32_90_fu_10671_p2     |    xor   |      0|  0|   32|          32|          32|
    |xor_ln32_91_fu_11212_p2     |    xor   |      0|  0|   32|          32|          32|
    |xor_ln32_92_fu_11753_p2     |    xor   |      0|  0|   32|          32|          32|
    |xor_ln32_93_fu_12294_p2     |    xor   |      0|  0|   32|          32|          32|
    |xor_ln32_94_fu_12835_p2     |    xor   |      0|  0|   32|          32|          32|
    |xor_ln32_95_fu_13376_p2     |    xor   |      0|  0|   32|          32|          32|
    |xor_ln32_96_fu_13917_p2     |    xor   |      0|  0|   32|          32|          32|
    |xor_ln32_97_fu_14468_p2     |    xor   |      0|  0|   32|          32|          32|
    |xor_ln32_98_fu_15008_p2     |    xor   |      0|  0|   32|          32|          32|
    |xor_ln32_99_fu_15409_p2     |    xor   |      0|  0|   32|          32|          32|
    |xor_ln32_9_fu_3227_p2       |    xor   |      0|  0|   32|          32|          32|
    |xor_ln32_fu_1268_p2         |    xor   |      0|  0|   32|          32|          32|
    +----------------------------+----------+-------+---+-----+------------+------------+
    |Total                       |          |      0|  0|50778|       47925|       49923|
    +----------------------------+----------+-------+---+-----+------------+------------+

    * Multiplexer: 
    N/A

    * Register: 
    +-----------------------------------------+-----+----+-----+-----------+
    |                   Name                  |  FF | LUT| Bits| Const Bits|
    +-----------------------------------------+-----+----+-----+-----------+
    |H_prev_0_V_read_1_reg_22864              |   32|   0|   32|          0|
    |H_prev_1_V_read_1_reg_22854              |   32|   0|   32|          0|
    |H_prev_2_V_read_1_reg_22846              |   32|   0|   32|          0|
    |H_prev_3_V_read_1_reg_22840              |   32|   0|   32|          0|
    |H_prev_4_V_read_1_reg_22830              |   32|   0|   32|          0|
    |H_prev_5_V_read_1_reg_22822              |   32|   0|   32|          0|
    |H_prev_6_V_read_1_reg_22815              |   32|   0|   32|          0|
    |H_prev_7_V_read_1_reg_22809              |   32|   0|   32|          0|
    |W_0_V_reg_22965                          |   32|   0|   32|          0|
    |W_10_V_reg_23061                         |   32|   0|   32|          0|
    |W_11_V_reg_23073                         |   32|   0|   32|          0|
    |W_12_V_reg_23085                         |   32|   0|   32|          0|
    |W_13_V_reg_23097                         |   32|   0|   32|          0|
    |W_14_V_reg_23109                         |   32|   0|   32|          0|
    |W_15_V_reg_23121                         |   32|   0|   32|          0|
    |W_16_V_reg_23695                         |   32|   0|   32|          0|
    |W_17_V_reg_23718                         |   32|   0|   32|          0|
    |W_18_V_reg_23763                         |   32|   0|   32|          0|
    |W_19_V_reg_23808                         |   32|   0|   32|          0|
    |W_1_V_reg_22971                          |   32|   0|   32|          0|
    |W_20_V_reg_23853                         |   32|   0|   32|          0|
    |W_21_V_reg_23898                         |   32|   0|   32|          0|
    |W_22_V_reg_23943                         |   32|   0|   32|          0|
    |W_23_V_reg_23988                         |   32|   0|   32|          0|
    |W_24_V_reg_24061                         |   32|   0|   32|          0|
    |W_25_V_reg_24109                         |   32|   0|   32|          0|
    |W_26_V_reg_24169                         |   32|   0|   32|          0|
    |W_27_V_reg_24217                         |   32|   0|   32|          0|
    |W_28_V_reg_24224                         |   32|   0|   32|          0|
    |W_29_V_reg_24288                         |   32|   0|   32|          0|
    |W_2_V_reg_22977                          |   32|   0|   32|          0|
    |W_30_V_reg_24295                         |   32|   0|   32|          0|
    |W_31_V_reg_24328                         |   32|   0|   32|          0|
    |W_32_V_reg_24335                         |   32|   0|   32|          0|
    |W_33_V_reg_24390                         |   32|   0|   32|          0|
    |W_34_V_reg_24397                         |   32|   0|   32|          0|
    |W_35_V_reg_24452                         |   32|   0|   32|          0|
    |W_36_V_reg_24459                         |   32|   0|   32|          0|
    |W_37_V_reg_24514                         |   32|   0|   32|          0|
    |W_38_V_reg_24521                         |   32|   0|   32|          0|
    |W_39_V_reg_24576                         |   32|   0|   32|          0|
    |W_3_V_reg_22983                          |   32|   0|   32|          0|
    |W_40_V_reg_24583                         |   32|   0|   32|          0|
    |W_41_V_reg_24638                         |   32|   0|   32|          0|
    |W_42_V_reg_24645                         |   32|   0|   32|          0|
    |W_43_V_reg_24700                         |   32|   0|   32|          0|
    |W_44_V_reg_24707                         |   32|   0|   32|          0|
    |W_45_V_reg_24767                         |   32|   0|   32|          0|
    |W_46_V_reg_24774                         |   32|   0|   32|          0|
    |W_47_V_reg_24834                         |   32|   0|   32|          0|
    |W_48_V_reg_24840                         |   32|   0|   32|          0|
    |W_49_V_reg_24894                         |   32|   0|   32|          0|
    |W_4_V_reg_22994                          |   32|   0|   32|          0|
    |W_50_V_reg_24900                         |   32|   0|   32|          0|
    |W_51_V_reg_24944                         |   32|   0|   32|          0|
    |W_52_V_reg_24950                         |   32|   0|   32|          0|
    |W_53_V_reg_25035                         |   32|   0|   32|          0|
    |W_54_V_reg_25052                         |   32|   0|   32|          0|
    |W_55_V_reg_25148                         |   32|   0|   32|          0|
    |W_56_V_reg_25095                         |   32|   0|   32|          0|
    |W_57_V_reg_25165                         |   32|   0|   32|          0|
    |W_58_V_reg_25208                         |   32|   0|   32|          0|
    |W_59_V_reg_25251                         |   32|   0|   32|          0|
    |W_5_V_reg_23005                          |   32|   0|   32|          0|
    |W_60_V_reg_25524                         |   32|   0|   32|          0|
    |W_61_V_reg_25567                         |   32|   0|   32|          0|
    |W_6_V_reg_23016                          |   32|   0|   32|          0|
    |W_7_V_reg_23027                          |   32|   0|   32|          0|
    |W_8_V_reg_23038                          |   32|   0|   32|          0|
    |W_9_V_reg_23049                          |   32|   0|   32|          0|
    |add_ln209_100_reg_24846                  |   32|   0|   32|          0|
    |add_ln209_103_reg_24851                  |   32|   0|   32|          0|
    |add_ln209_106_reg_24906                  |   32|   0|   32|          0|
    |add_ln209_109_reg_24911                  |   32|   0|   32|          0|
    |add_ln209_10_reg_23725                   |   32|   0|   32|          0|
    |add_ln209_10_reg_23725_pp0_iter26_reg    |   32|   0|   32|          0|
    |add_ln209_112_reg_24956                  |   32|   0|   32|          0|
    |add_ln209_112_reg_24956_pp0_iter50_reg   |   32|   0|   32|          0|
    |add_ln209_115_reg_24961                  |   32|   0|   32|          0|
    |add_ln209_118_reg_25041                  |   32|   0|   32|          0|
    |add_ln209_121_reg_25058                  |   32|   0|   32|          0|
    |add_ln209_124_reg_25154                  |   32|   0|   32|          0|
    |add_ln209_127_reg_25101                  |   32|   0|   32|          0|
    |add_ln209_130_reg_25170                  |   32|   0|   32|          0|
    |add_ln209_130_reg_25170_pp0_iter56_reg   |   32|   0|   32|          0|
    |add_ln209_133_reg_25213                  |   32|   0|   32|          0|
    |add_ln209_136_reg_25256                  |   32|   0|   32|          0|
    |add_ln209_13_reg_23770                   |   32|   0|   32|          0|
    |add_ln209_13_reg_23770_pp0_iter27_reg    |   32|   0|   32|          0|
    |add_ln209_140_reg_23143                  |   32|   0|   32|          0|
    |add_ln209_141_reg_23148                  |   32|   0|   32|          0|
    |add_ln209_142_reg_23153                  |   32|   0|   32|          0|
    |add_ln209_144_reg_23193                  |   32|   0|   32|          0|
    |add_ln209_148_reg_23170                  |   32|   0|   32|          0|
    |add_ln209_149_reg_23176                  |   32|   0|   32|          0|
    |add_ln209_151_reg_23230                  |   32|   0|   32|          0|
    |add_ln209_154_reg_23188                  |   32|   0|   32|          0|
    |add_ln209_155_reg_23208                  |   32|   0|   32|          0|
    |add_ln209_155_reg_23208_pp0_iter6_reg    |   32|   0|   32|          0|
    |add_ln209_156_reg_23213                  |   32|   0|   32|          0|
    |add_ln209_158_reg_23251                  |   32|   0|   32|          0|
    |add_ln209_162_reg_23245                  |   32|   0|   32|          0|
    |add_ln209_162_reg_23245_pp0_iter7_reg    |   32|   0|   32|          0|
    |add_ln209_163_reg_23266                  |   32|   0|   32|          0|
    |add_ln209_165_reg_23283                  |   32|   0|   32|          0|
    |add_ln209_168_reg_23278                  |   32|   0|   32|          0|
    |add_ln209_169_reg_23298                  |   32|   0|   32|          0|
    |add_ln209_169_reg_23298_pp0_iter9_reg    |   32|   0|   32|          0|
    |add_ln209_16_reg_23815                   |   32|   0|   32|          0|
    |add_ln209_16_reg_23815_pp0_iter28_reg    |   32|   0|   32|          0|
    |add_ln209_170_reg_23303                  |   32|   0|   32|          0|
    |add_ln209_172_reg_23326                  |   32|   0|   32|          0|
    |add_ln209_176_reg_23320                  |   32|   0|   32|          0|
    |add_ln209_176_reg_23320_pp0_iter10_reg   |   32|   0|   32|          0|
    |add_ln209_177_reg_23341                  |   32|   0|   32|          0|
    |add_ln209_179_reg_23358                  |   32|   0|   32|          0|
    |add_ln209_182_reg_23353                  |   32|   0|   32|          0|
    |add_ln209_183_reg_23373                  |   32|   0|   32|          0|
    |add_ln209_183_reg_23373_pp0_iter12_reg   |   32|   0|   32|          0|
    |add_ln209_184_reg_23378                  |   32|   0|   32|          0|
    |add_ln209_186_reg_23401                  |   32|   0|   32|          0|
    |add_ln209_190_reg_23395                  |   32|   0|   32|          0|
    |add_ln209_190_reg_23395_pp0_iter13_reg   |   32|   0|   32|          0|
    |add_ln209_191_reg_23416                  |   32|   0|   32|          0|
    |add_ln209_193_reg_23433                  |   32|   0|   32|          0|
    |add_ln209_196_reg_23428                  |   32|   0|   32|          0|
    |add_ln209_197_reg_23448                  |   32|   0|   32|          0|
    |add_ln209_197_reg_23448_pp0_iter15_reg   |   32|   0|   32|          0|
    |add_ln209_198_reg_23453                  |   32|   0|   32|          0|
    |add_ln209_19_reg_23860                   |   32|   0|   32|          0|
    |add_ln209_19_reg_23860_pp0_iter29_reg    |   32|   0|   32|          0|
    |add_ln209_1_reg_23133                    |   32|   0|   32|          0|
    |add_ln209_200_reg_23476                  |   32|   0|   32|          0|
    |add_ln209_204_reg_23470                  |   32|   0|   32|          0|
    |add_ln209_204_reg_23470_pp0_iter16_reg   |   32|   0|   32|          0|
    |add_ln209_205_reg_23491                  |   32|   0|   32|          0|
    |add_ln209_207_reg_23508                  |   32|   0|   32|          0|
    |add_ln209_210_reg_23503                  |   32|   0|   32|          0|
    |add_ln209_211_reg_23523                  |   32|   0|   32|          0|
    |add_ln209_211_reg_23523_pp0_iter18_reg   |   32|   0|   32|          0|
    |add_ln209_212_reg_23528                  |   32|   0|   32|          0|
    |add_ln209_214_reg_23551                  |   32|   0|   32|          0|
    |add_ln209_218_reg_23545                  |   32|   0|   32|          0|
    |add_ln209_218_reg_23545_pp0_iter19_reg   |   32|   0|   32|          0|
    |add_ln209_219_reg_23566                  |   32|   0|   32|          0|
    |add_ln209_221_reg_23583                  |   32|   0|   32|          0|
    |add_ln209_224_reg_23578                  |   32|   0|   32|          0|
    |add_ln209_225_reg_23598                  |   32|   0|   32|          0|
    |add_ln209_225_reg_23598_pp0_iter21_reg   |   32|   0|   32|          0|
    |add_ln209_226_reg_23603                  |   32|   0|   32|          0|
    |add_ln209_228_reg_23626                  |   32|   0|   32|          0|
    |add_ln209_22_reg_23905                   |   32|   0|   32|          0|
    |add_ln209_22_reg_23905_pp0_iter30_reg    |   32|   0|   32|          0|
    |add_ln209_232_reg_23620                  |   32|   0|   32|          0|
    |add_ln209_232_reg_23620_pp0_iter22_reg   |   32|   0|   32|          0|
    |add_ln209_233_reg_23641                  |   32|   0|   32|          0|
    |add_ln209_235_reg_23658                  |   32|   0|   32|          0|
    |add_ln209_238_reg_23653                  |   32|   0|   32|          0|
    |add_ln209_239_reg_23673                  |   32|   0|   32|          0|
    |add_ln209_239_reg_23673_pp0_iter24_reg   |   32|   0|   32|          0|
    |add_ln209_240_reg_23678                  |   32|   0|   32|          0|
    |add_ln209_242_reg_23735                  |   32|   0|   32|          0|
    |add_ln209_246_reg_23712                  |   32|   0|   32|          0|
    |add_ln209_246_reg_23712_pp0_iter25_reg   |   32|   0|   32|          0|
    |add_ln209_247_reg_23750                  |   32|   0|   32|          0|
    |add_ln209_249_reg_23780                  |   32|   0|   32|          0|
    |add_ln209_253_reg_23757                  |   32|   0|   32|          0|
    |add_ln209_253_reg_23757_pp0_iter26_reg   |   32|   0|   32|          0|
    |add_ln209_254_reg_23795                  |   32|   0|   32|          0|
    |add_ln209_256_reg_23825                  |   32|   0|   32|          0|
    |add_ln209_25_reg_23950                   |   32|   0|   32|          0|
    |add_ln209_260_reg_23802                  |   32|   0|   32|          0|
    |add_ln209_260_reg_23802_pp0_iter27_reg   |   32|   0|   32|          0|
    |add_ln209_261_reg_23840                  |   32|   0|   32|          0|
    |add_ln209_263_reg_23870                  |   32|   0|   32|          0|
    |add_ln209_267_reg_23847                  |   32|   0|   32|          0|
    |add_ln209_267_reg_23847_pp0_iter28_reg   |   32|   0|   32|          0|
    |add_ln209_268_reg_23885                  |   32|   0|   32|          0|
    |add_ln209_270_reg_23915                  |   32|   0|   32|          0|
    |add_ln209_274_reg_23892                  |   32|   0|   32|          0|
    |add_ln209_274_reg_23892_pp0_iter29_reg   |   32|   0|   32|          0|
    |add_ln209_275_reg_23930                  |   32|   0|   32|          0|
    |add_ln209_277_reg_23960                  |   32|   0|   32|          0|
    |add_ln209_281_reg_23937                  |   32|   0|   32|          0|
    |add_ln209_281_reg_23937_pp0_iter30_reg   |   32|   0|   32|          0|
    |add_ln209_282_reg_23975                  |   32|   0|   32|          0|
    |add_ln209_284_reg_24005                  |   32|   0|   32|          0|
    |add_ln209_288_reg_23982                  |   32|   0|   32|          0|
    |add_ln209_288_reg_23982_pp0_iter31_reg   |   32|   0|   32|          0|
    |add_ln209_289_reg_24020                  |   32|   0|   32|          0|
    |add_ln209_28_reg_23995                   |   32|   0|   32|          0|
    |add_ln209_291_reg_24033                  |   32|   0|   32|          0|
    |add_ln209_295_reg_24027                  |   32|   0|   32|          0|
    |add_ln209_295_reg_24027_pp0_iter32_reg   |   32|   0|   32|          0|
    |add_ln209_296_reg_24048                  |   32|   0|   32|          0|
    |add_ln209_298_reg_24077                  |   32|   0|   32|          0|
    |add_ln209_302_reg_24055                  |   32|   0|   32|          0|
    |add_ln209_302_reg_24055_pp0_iter33_reg   |   32|   0|   32|          0|
    |add_ln209_303_reg_24092                  |   32|   0|   32|          0|
    |add_ln209_305_reg_24126                  |   32|   0|   32|          0|
    |add_ln209_308_reg_24104                  |   32|   0|   32|          0|
    |add_ln209_309_reg_24141                  |   32|   0|   32|          0|
    |add_ln209_309_reg_24141_pp0_iter35_reg   |   32|   0|   32|          0|
    |add_ln209_310_reg_24146                  |   32|   0|   32|          0|
    |add_ln209_312_reg_24185                  |   32|   0|   32|          0|
    |add_ln209_316_reg_24163                  |   32|   0|   32|          0|
    |add_ln209_316_reg_24163_pp0_iter36_reg   |   32|   0|   32|          0|
    |add_ln209_317_reg_24200                  |   32|   0|   32|          0|
    |add_ln209_319_reg_24251                  |   32|   0|   32|          0|
    |add_ln209_31_reg_24067                   |   32|   0|   32|          0|
    |add_ln209_322_reg_24212                  |   32|   0|   32|          0|
    |add_ln209_323_reg_24266                  |   32|   0|   32|          0|
    |add_ln209_323_reg_24266_pp0_iter38_reg   |   32|   0|   32|          0|
    |add_ln209_324_reg_24271                  |   32|   0|   32|          0|
    |add_ln209_326_reg_24362                  |   32|   0|   32|          0|
    |add_ln209_330_reg_24322                  |   32|   0|   32|          0|
    |add_ln209_330_reg_24322_pp0_iter39_reg   |   32|   0|   32|          0|
    |add_ln209_331_reg_24377                  |   32|   0|   32|          0|
    |add_ln209_333_reg_24424                  |   32|   0|   32|          0|
    |add_ln209_337_reg_24384                  |   32|   0|   32|          0|
    |add_ln209_337_reg_24384_pp0_iter40_reg   |   32|   0|   32|          0|
    |add_ln209_338_reg_24439                  |   32|   0|   32|          0|
    |add_ln209_340_reg_24486                  |   32|   0|   32|          0|
    |add_ln209_344_reg_24446                  |   32|   0|   32|          0|
    |add_ln209_344_reg_24446_pp0_iter41_reg   |   32|   0|   32|          0|
    |add_ln209_345_reg_24501                  |   32|   0|   32|          0|
    |add_ln209_347_reg_24548                  |   32|   0|   32|          0|
    |add_ln209_34_reg_24116                   |   32|   0|   32|          0|
    |add_ln209_351_reg_24508                  |   32|   0|   32|          0|
    |add_ln209_351_reg_24508_pp0_iter42_reg   |   32|   0|   32|          0|
    |add_ln209_352_reg_24563                  |   32|   0|   32|          0|
    |add_ln209_354_reg_24610                  |   32|   0|   32|          0|
    |add_ln209_358_reg_24570                  |   32|   0|   32|          0|
    |add_ln209_358_reg_24570_pp0_iter43_reg   |   32|   0|   32|          0|
    |add_ln209_359_reg_24625                  |   32|   0|   32|          0|
    |add_ln209_359_reg_24625_pp0_iter44_reg   |   32|   0|   32|          0|
    |add_ln209_361_reg_24672                  |   32|   0|   32|          0|
    |add_ln209_365_reg_24632                  |   32|   0|   32|          0|
    |add_ln209_365_reg_24632_pp0_iter44_reg   |   32|   0|   32|          0|
    |add_ln209_366_reg_24687                  |   32|   0|   32|          0|
    |add_ln209_366_reg_24687_pp0_iter45_reg   |   32|   0|   32|          0|
    |add_ln209_368_reg_24734                  |   32|   0|   32|          0|
    |add_ln209_372_reg_24694                  |   32|   0|   32|          0|
    |add_ln209_372_reg_24694_pp0_iter45_reg   |   32|   0|   32|          0|
    |add_ln209_373_reg_24749                  |   32|   0|   32|          0|
    |add_ln209_375_reg_24801                  |   32|   0|   32|          0|
    |add_ln209_379_reg_24756                  |   32|   0|   32|          0|
    |add_ln209_379_reg_24756_pp0_iter46_reg   |   32|   0|   32|          0|
    |add_ln209_37_reg_24175                   |   32|   0|   32|          0|
    |add_ln209_380_reg_24816                  |   32|   0|   32|          0|
    |add_ln209_382_reg_24856                  |   32|   0|   32|          0|
    |add_ln209_385_reg_24762                  |   32|   0|   32|          0|
    |add_ln209_386_reg_24823                  |   32|   0|   32|          0|
    |add_ln209_386_reg_24823_pp0_iter47_reg   |   32|   0|   32|          0|
    |add_ln209_387_reg_24871                  |   32|   0|   32|          0|
    |add_ln209_389_reg_24916                  |   32|   0|   32|          0|
    |add_ln209_392_reg_24829                  |   32|   0|   32|          0|
    |add_ln209_393_reg_24878                  |   32|   0|   32|          0|
    |add_ln209_393_reg_24878_pp0_iter48_reg   |   32|   0|   32|          0|
    |add_ln209_394_reg_24931                  |   32|   0|   32|          0|
    |add_ln209_396_reg_24966                  |   32|   0|   32|          0|
    |add_ln209_400_reg_24938                  |   32|   0|   32|          0|
    |add_ln209_400_reg_24938_pp0_iter49_reg   |   32|   0|   32|          0|
    |add_ln209_401_reg_24981                  |   32|   0|   32|          0|
    |add_ln209_403_reg_24998                  |   32|   0|   32|          0|
    |add_ln209_406_reg_24993                  |   32|   0|   32|          0|
    |add_ln209_407_reg_25013                  |   32|   0|   32|          0|
    |add_ln209_407_reg_25013_pp0_iter51_reg   |   32|   0|   32|          0|
    |add_ln209_408_reg_25018                  |   32|   0|   32|          0|
    |add_ln209_40_reg_24231                   |   32|   0|   32|          0|
    |add_ln209_410_reg_25063                  |   32|   0|   32|          0|
    |add_ln209_414_reg_25046                  |   32|   0|   32|          0|
    |add_ln209_414_reg_25046_pp0_iter52_reg   |   32|   0|   32|          0|
    |add_ln209_415_reg_25078                  |   32|   0|   32|          0|
    |add_ln209_417_reg_25106                  |   32|   0|   32|          0|
    |add_ln209_420_reg_25090                  |   32|   0|   32|          0|
    |add_ln209_421_reg_25121                  |   32|   0|   32|          0|
    |add_ln209_421_reg_25121_pp0_iter54_reg   |   32|   0|   32|          0|
    |add_ln209_422_reg_25126                  |   32|   0|   32|          0|
    |add_ln209_424_reg_25175                  |   32|   0|   32|          0|
    |add_ln209_428_reg_25159                  |   32|   0|   32|          0|
    |add_ln209_428_reg_25159_pp0_iter55_reg   |   32|   0|   32|          0|
    |add_ln209_429_reg_25190                  |   32|   0|   32|          0|
    |add_ln209_429_reg_25190_pp0_iter56_reg   |   32|   0|   32|          0|
    |add_ln209_431_reg_25218                  |   32|   0|   32|          0|
    |add_ln209_434_reg_25143                  |   32|   0|   32|          0|
    |add_ln209_434_reg_25143_pp0_iter54_reg   |   32|   0|   32|          0|
    |add_ln209_435_reg_25197                  |   32|   0|   32|          0|
    |add_ln209_435_reg_25197_pp0_iter56_reg   |   32|   0|   32|          0|
    |add_ln209_436_reg_25233                  |   32|   0|   32|          0|
    |add_ln209_436_reg_25233_pp0_iter57_reg   |   32|   0|   32|          0|
    |add_ln209_438_reg_25261                  |   32|   0|   32|          0|
    |add_ln209_43_reg_24236                   |   32|   0|   32|          0|
    |add_ln209_441_reg_25203                  |   32|   0|   32|          0|
    |add_ln209_442_reg_25240                  |   32|   0|   32|          0|
    |add_ln209_442_reg_25240_pp0_iter57_reg   |   32|   0|   32|          0|
    |add_ln209_443_reg_25276                  |   32|   0|   32|          0|
    |add_ln209_443_reg_25276_pp0_iter58_reg   |   32|   0|   32|          0|
    |add_ln209_445_reg_25298                  |   32|   0|   32|          0|
    |add_ln209_448_reg_25246                  |   32|   0|   32|          0|
    |add_ln209_449_reg_25282                  |   32|   0|   32|          0|
    |add_ln209_449_reg_25282_pp0_iter58_reg   |   32|   0|   32|          0|
    |add_ln209_450_reg_25313                  |   32|   0|   32|          0|
    |add_ln209_450_reg_25313_pp0_iter59_reg   |   32|   0|   32|          0|
    |add_ln209_452_reg_25331                  |   32|   0|   32|          0|
    |add_ln209_455_reg_25288                  |   32|   0|   32|          0|
    |add_ln209_456_reg_25320                  |   32|   0|   32|          0|
    |add_ln209_456_reg_25320_pp0_iter59_reg   |   32|   0|   32|          0|
    |add_ln209_457_reg_25346                  |   32|   0|   32|          0|
    |add_ln209_457_reg_25346_pp0_iter60_reg   |   32|   0|   32|          0|
    |add_ln209_459_reg_25359                  |   32|   0|   32|          0|
    |add_ln209_462_reg_25326                  |   32|   0|   32|          0|
    |add_ln209_463_reg_25353                  |   32|   0|   32|          0|
    |add_ln209_463_reg_25353_pp0_iter60_reg   |   32|   0|   32|          0|
    |add_ln209_464_reg_25374                  |   32|   0|   32|          0|
    |add_ln209_464_reg_25374_pp0_iter61_reg   |   32|   0|   32|          0|
    |add_ln209_466_reg_25392                  |   32|   0|   32|          0|
    |add_ln209_469_reg_25293                  |   32|   0|   32|          0|
    |add_ln209_46_reg_24302                   |   32|   0|   32|          0|
    |add_ln209_470_reg_25381                  |   32|   0|   32|          0|
    |add_ln209_470_reg_25381_pp0_iter61_reg   |   32|   0|   32|          0|
    |add_ln209_471_reg_25407                  |   32|   0|   32|          0|
    |add_ln209_471_reg_25407_pp0_iter62_reg   |   32|   0|   32|          0|
    |add_ln209_473_reg_25425                  |   32|   0|   32|          0|
    |add_ln209_476_reg_25387                  |   32|   0|   32|          0|
    |add_ln209_477_reg_25414                  |   32|   0|   32|          0|
    |add_ln209_477_reg_25414_pp0_iter62_reg   |   32|   0|   32|          0|
    |add_ln209_478_reg_25440                  |   32|   0|   32|          0|
    |add_ln209_478_reg_25440_pp0_iter63_reg   |   32|   0|   32|          0|
    |add_ln209_480_reg_25458                  |   32|   0|   32|          0|
    |add_ln209_483_reg_25420                  |   32|   0|   32|          0|
    |add_ln209_484_reg_25447                  |   32|   0|   32|          0|
    |add_ln209_484_reg_25447_pp0_iter63_reg   |   32|   0|   32|          0|
    |add_ln209_485_reg_25473                  |   32|   0|   32|          0|
    |add_ln209_485_reg_25473_pp0_iter64_reg   |   32|   0|   32|          0|
    |add_ln209_487_reg_25491                  |   32|   0|   32|          0|
    |add_ln209_490_reg_25453                  |   32|   0|   32|          0|
    |add_ln209_491_reg_25480                  |   32|   0|   32|          0|
    |add_ln209_491_reg_25480_pp0_iter64_reg   |   32|   0|   32|          0|
    |add_ln209_492_reg_25506                  |   32|   0|   32|          0|
    |add_ln209_492_reg_25506_pp0_iter65_reg   |   32|   0|   32|          0|
    |add_ln209_494_reg_25529                  |   32|   0|   32|          0|
    |add_ln209_497_reg_25486                  |   32|   0|   32|          0|
    |add_ln209_498_reg_25513                  |   32|   0|   32|          0|
    |add_ln209_498_reg_25513_pp0_iter65_reg   |   32|   0|   32|          0|
    |add_ln209_499_reg_25544                  |   32|   0|   32|          0|
    |add_ln209_499_reg_25544_pp0_iter66_reg   |   32|   0|   32|          0|
    |add_ln209_49_reg_24307                   |   32|   0|   32|          0|
    |add_ln209_4_reg_23138                    |   32|   0|   32|          0|
    |add_ln209_501_reg_25572                  |   32|   0|   32|          0|
    |add_ln209_504_reg_25519                  |   32|   0|   32|          0|
    |add_ln209_505_reg_25551                  |   32|   0|   32|          0|
    |add_ln209_505_reg_25551_pp0_iter66_reg   |   32|   0|   32|          0|
    |add_ln209_506_reg_25587                  |   32|   0|   32|          0|
    |add_ln209_506_reg_25587_pp0_iter67_reg   |   32|   0|   32|          0|
    |add_ln209_508_reg_25614                  |   32|   0|   32|          0|
    |add_ln209_511_reg_25557                  |   32|   0|   32|          0|
    |add_ln209_512_reg_25593                  |   32|   0|   32|          0|
    |add_ln209_512_reg_25593_pp0_iter67_reg   |   32|   0|   32|          0|
    |add_ln209_513_reg_25629                  |   32|   0|   32|          0|
    |add_ln209_513_reg_25629_pp0_iter68_reg   |   32|   0|   32|          0|
    |add_ln209_515_reg_25647                  |   32|   0|   32|          0|
    |add_ln209_518_reg_25599                  |   32|   0|   32|          0|
    |add_ln209_519_reg_25636                  |   32|   0|   32|          0|
    |add_ln209_519_reg_25636_pp0_iter68_reg   |   32|   0|   32|          0|
    |add_ln209_520_reg_25662                  |   32|   0|   32|          0|
    |add_ln209_522_reg_25675                  |   32|   0|   32|          0|
    |add_ln209_525_reg_25642                  |   32|   0|   32|          0|
    |add_ln209_526_reg_25669                  |   32|   0|   32|          0|
    |add_ln209_526_reg_25669_pp0_iter69_reg   |   32|   0|   32|          0|
    |add_ln209_527_reg_25690                  |   32|   0|   32|          0|
    |add_ln209_529_reg_25708                  |   32|   0|   32|          0|
    |add_ln209_52_reg_24342                   |   32|   0|   32|          0|
    |add_ln209_532_reg_25604                  |   32|   0|   32|          0|
    |add_ln209_533_reg_25697                  |   32|   0|   32|          0|
    |add_ln209_533_reg_25697_pp0_iter70_reg   |   32|   0|   32|          0|
    |add_ln209_534_reg_25723                  |   32|   0|   32|          0|
    |add_ln209_536_reg_25736                  |   32|   0|   32|          0|
    |add_ln209_539_reg_25703                  |   32|   0|   32|          0|
    |add_ln209_540_reg_25730                  |   32|   0|   32|          0|
    |add_ln209_540_reg_25730_pp0_iter71_reg   |   32|   0|   32|          0|
    |add_ln209_541_reg_25751                  |   32|   0|   32|          0|
    |add_ln209_543_reg_25768                  |   32|   0|   32|          0|
    |add_ln209_546_reg_25763                  |   32|   0|   32|          0|
    |add_ln209_547_reg_25783                  |   32|   0|   32|          0|
    |add_ln209_547_reg_25783_pp0_iter73_reg   |   32|   0|   32|          0|
    |add_ln209_548_reg_25788                  |   32|   0|   32|          0|
    |add_ln209_550_reg_25811                  |   32|   0|   32|          0|
    |add_ln209_554_reg_25805                  |   32|   0|   32|          0|
    |add_ln209_554_reg_25805_pp0_iter74_reg   |   32|   0|   32|          0|
    |add_ln209_555_reg_25826                  |   32|   0|   32|          0|
    |add_ln209_557_reg_25843                  |   32|   0|   32|          0|
    |add_ln209_55_reg_24347                   |   32|   0|   32|          0|
    |add_ln209_560_reg_25838                  |   32|   0|   32|          0|
    |add_ln209_561_reg_25858                  |   32|   0|   32|          0|
    |add_ln209_561_reg_25858_pp0_iter76_reg   |   32|   0|   32|          0|
    |add_ln209_562_reg_25863                  |   32|   0|   32|          0|
    |add_ln209_564_reg_25886                  |   32|   0|   32|          0|
    |add_ln209_564_reg_25886_pp0_iter78_reg   |   32|   0|   32|          0|
    |add_ln209_568_reg_25880                  |   32|   0|   32|          0|
    |add_ln209_568_reg_25880_pp0_iter77_reg   |   32|   0|   32|          0|
    |add_ln209_569_reg_25901                  |   32|   0|   32|          0|
    |add_ln209_569_reg_25901_pp0_iter78_reg   |   32|   0|   32|          0|
    |add_ln209_571_reg_25917                  |   32|   0|   32|          0|
    |add_ln209_572_reg_24884                  |   32|   0|   32|          0|
    |add_ln209_573_reg_25562                  |   32|   0|   32|          0|
    |add_ln209_576_reg_25912                  |   32|   0|   32|          0|
    |add_ln209_578_reg_25930                  |   32|   0|   32|          0|
    |add_ln209_582_reg_24889                  |   32|   0|   32|          0|
    |add_ln209_583_reg_25609                  |   32|   0|   32|          0|
    |add_ln209_586_reg_25951                  |   32|   0|   32|          0|
    |add_ln209_588_reg_25986                  |   32|   0|   32|          0|
    |add_ln209_58_reg_24404                   |   32|   0|   32|          0|
    |add_ln209_592_reg_25956                  |   32|   0|   32|          0|
    |add_ln209_592_reg_25956_pp0_iter80_reg   |   32|   0|   32|          0|
    |add_ln209_593_reg_25961                  |   32|   0|   32|          0|
    |add_ln209_593_reg_25961_pp0_iter80_reg   |   32|   0|   32|          0|
    |add_ln209_594_reg_25966                  |   32|   0|   32|          0|
    |add_ln209_594_reg_25966_pp0_iter80_reg   |   32|   0|   32|          0|
    |add_ln209_597_reg_25971                  |   32|   0|   32|          0|
    |add_ln209_597_reg_25971_pp0_iter80_reg   |   32|   0|   32|          0|
    |add_ln209_598_reg_25976                  |   32|   0|   32|          0|
    |add_ln209_598_reg_25976_pp0_iter80_reg   |   32|   0|   32|          0|
    |add_ln209_599_reg_25981                  |   32|   0|   32|          0|
    |add_ln209_599_reg_25981_pp0_iter80_reg   |   32|   0|   32|          0|
    |add_ln209_61_reg_24409                   |   32|   0|   32|          0|
    |add_ln209_64_reg_24466                   |   32|   0|   32|          0|
    |add_ln209_67_reg_24471                   |   32|   0|   32|          0|
    |add_ln209_70_reg_24528                   |   32|   0|   32|          0|
    |add_ln209_73_reg_24533                   |   32|   0|   32|          0|
    |add_ln209_76_reg_24590                   |   32|   0|   32|          0|
    |add_ln209_79_reg_24595                   |   32|   0|   32|          0|
    |add_ln209_7_reg_23707                    |   32|   0|   32|          0|
    |add_ln209_7_reg_23707_pp0_iter25_reg     |   32|   0|   32|          0|
    |add_ln209_82_reg_24652                   |   32|   0|   32|          0|
    |add_ln209_85_reg_24657                   |   32|   0|   32|          0|
    |add_ln209_88_reg_24714                   |   32|   0|   32|          0|
    |add_ln209_91_reg_24719                   |   32|   0|   32|          0|
    |add_ln209_94_reg_24781                   |   32|   0|   32|          0|
    |add_ln209_97_reg_24786                   |   32|   0|   32|          0|
    |ap_CS_fsm                                |    1|   0|    1|          0|
    |ap_enable_reg_pp0_iter1                  |    1|   0|    1|          0|
    |ap_enable_reg_pp0_iter10                 |    1|   0|    1|          0|
    |ap_enable_reg_pp0_iter11                 |    1|   0|    1|          0|
    |ap_enable_reg_pp0_iter12                 |    1|   0|    1|          0|
    |ap_enable_reg_pp0_iter13                 |    1|   0|    1|          0|
    |ap_enable_reg_pp0_iter14                 |    1|   0|    1|          0|
    |ap_enable_reg_pp0_iter15                 |    1|   0|    1|          0|
    |ap_enable_reg_pp0_iter16                 |    1|   0|    1|          0|
    |ap_enable_reg_pp0_iter17                 |    1|   0|    1|          0|
    |ap_enable_reg_pp0_iter18                 |    1|   0|    1|          0|
    |ap_enable_reg_pp0_iter19                 |    1|   0|    1|          0|
    |ap_enable_reg_pp0_iter2                  |    1|   0|    1|          0|
    |ap_enable_reg_pp0_iter20                 |    1|   0|    1|          0|
    |ap_enable_reg_pp0_iter21                 |    1|   0|    1|          0|
    |ap_enable_reg_pp0_iter22                 |    1|   0|    1|          0|
    |ap_enable_reg_pp0_iter23                 |    1|   0|    1|          0|
    |ap_enable_reg_pp0_iter24                 |    1|   0|    1|          0|
    |ap_enable_reg_pp0_iter25                 |    1|   0|    1|          0|
    |ap_enable_reg_pp0_iter26                 |    1|   0|    1|          0|
    |ap_enable_reg_pp0_iter27                 |    1|   0|    1|          0|
    |ap_enable_reg_pp0_iter28                 |    1|   0|    1|          0|
    |ap_enable_reg_pp0_iter29                 |    1|   0|    1|          0|
    |ap_enable_reg_pp0_iter3                  |    1|   0|    1|          0|
    |ap_enable_reg_pp0_iter30                 |    1|   0|    1|          0|
    |ap_enable_reg_pp0_iter31                 |    1|   0|    1|          0|
    |ap_enable_reg_pp0_iter32                 |    1|   0|    1|          0|
    |ap_enable_reg_pp0_iter33                 |    1|   0|    1|          0|
    |ap_enable_reg_pp0_iter34                 |    1|   0|    1|          0|
    |ap_enable_reg_pp0_iter35                 |    1|   0|    1|          0|
    |ap_enable_reg_pp0_iter36                 |    1|   0|    1|          0|
    |ap_enable_reg_pp0_iter37                 |    1|   0|    1|          0|
    |ap_enable_reg_pp0_iter38                 |    1|   0|    1|          0|
    |ap_enable_reg_pp0_iter39                 |    1|   0|    1|          0|
    |ap_enable_reg_pp0_iter4                  |    1|   0|    1|          0|
    |ap_enable_reg_pp0_iter40                 |    1|   0|    1|          0|
    |ap_enable_reg_pp0_iter41                 |    1|   0|    1|          0|
    |ap_enable_reg_pp0_iter42                 |    1|   0|    1|          0|
    |ap_enable_reg_pp0_iter43                 |    1|   0|    1|          0|
    |ap_enable_reg_pp0_iter44                 |    1|   0|    1|          0|
    |ap_enable_reg_pp0_iter45                 |    1|   0|    1|          0|
    |ap_enable_reg_pp0_iter46                 |    1|   0|    1|          0|
    |ap_enable_reg_pp0_iter47                 |    1|   0|    1|          0|
    |ap_enable_reg_pp0_iter48                 |    1|   0|    1|          0|
    |ap_enable_reg_pp0_iter49                 |    1|   0|    1|          0|
    |ap_enable_reg_pp0_iter5                  |    1|   0|    1|          0|
    |ap_enable_reg_pp0_iter50                 |    1|   0|    1|          0|
    |ap_enable_reg_pp0_iter51                 |    1|   0|    1|          0|
    |ap_enable_reg_pp0_iter52                 |    1|   0|    1|          0|
    |ap_enable_reg_pp0_iter53                 |    1|   0|    1|          0|
    |ap_enable_reg_pp0_iter54                 |    1|   0|    1|          0|
    |ap_enable_reg_pp0_iter55                 |    1|   0|    1|          0|
    |ap_enable_reg_pp0_iter56                 |    1|   0|    1|          0|
    |ap_enable_reg_pp0_iter57                 |    1|   0|    1|          0|
    |ap_enable_reg_pp0_iter58                 |    1|   0|    1|          0|
    |ap_enable_reg_pp0_iter59                 |    1|   0|    1|          0|
    |ap_enable_reg_pp0_iter6                  |    1|   0|    1|          0|
    |ap_enable_reg_pp0_iter60                 |    1|   0|    1|          0|
    |ap_enable_reg_pp0_iter61                 |    1|   0|    1|          0|
    |ap_enable_reg_pp0_iter62                 |    1|   0|    1|          0|
    |ap_enable_reg_pp0_iter63                 |    1|   0|    1|          0|
    |ap_enable_reg_pp0_iter64                 |    1|   0|    1|          0|
    |ap_enable_reg_pp0_iter65                 |    1|   0|    1|          0|
    |ap_enable_reg_pp0_iter66                 |    1|   0|    1|          0|
    |ap_enable_reg_pp0_iter67                 |    1|   0|    1|          0|
    |ap_enable_reg_pp0_iter68                 |    1|   0|    1|          0|
    |ap_enable_reg_pp0_iter69                 |    1|   0|    1|          0|
    |ap_enable_reg_pp0_iter7                  |    1|   0|    1|          0|
    |ap_enable_reg_pp0_iter70                 |    1|   0|    1|          0|
    |ap_enable_reg_pp0_iter71                 |    1|   0|    1|          0|
    |ap_enable_reg_pp0_iter72                 |    1|   0|    1|          0|
    |ap_enable_reg_pp0_iter73                 |    1|   0|    1|          0|
    |ap_enable_reg_pp0_iter74                 |    1|   0|    1|          0|
    |ap_enable_reg_pp0_iter75                 |    1|   0|    1|          0|
    |ap_enable_reg_pp0_iter76                 |    1|   0|    1|          0|
    |ap_enable_reg_pp0_iter77                 |    1|   0|    1|          0|
    |ap_enable_reg_pp0_iter78                 |    1|   0|    1|          0|
    |ap_enable_reg_pp0_iter79                 |    1|   0|    1|          0|
    |ap_enable_reg_pp0_iter8                  |    1|   0|    1|          0|
    |ap_enable_reg_pp0_iter80                 |    1|   0|    1|          0|
    |ap_enable_reg_pp0_iter81                 |    1|   0|    1|          0|
    |ap_enable_reg_pp0_iter9                  |    1|   0|    1|          0|
    |xor_ln1357_103_reg_24180                 |   32|   0|   32|          0|
    |xor_ln1357_107_reg_24241                 |   32|   0|   32|          0|
    |xor_ln1357_111_reg_24246                 |   32|   0|   32|          0|
    |xor_ln1357_115_reg_24312                 |   32|   0|   32|          0|
    |xor_ln1357_119_reg_24317                 |   32|   0|   32|          0|
    |xor_ln1357_123_reg_24352                 |   32|   0|   32|          0|
    |xor_ln1357_127_reg_24357                 |   32|   0|   32|          0|
    |xor_ln1357_131_reg_24414                 |   32|   0|   32|          0|
    |xor_ln1357_135_reg_24419                 |   32|   0|   32|          0|
    |xor_ln1357_139_reg_24476                 |   32|   0|   32|          0|
    |xor_ln1357_143_reg_24481                 |   32|   0|   32|          0|
    |xor_ln1357_147_reg_24538                 |   32|   0|   32|          0|
    |xor_ln1357_151_reg_24543                 |   32|   0|   32|          0|
    |xor_ln1357_155_reg_24600                 |   32|   0|   32|          0|
    |xor_ln1357_159_reg_24605                 |   32|   0|   32|          0|
    |xor_ln1357_163_reg_24662                 |   32|   0|   32|          0|
    |xor_ln1357_167_reg_24667                 |   32|   0|   32|          0|
    |xor_ln1357_171_reg_24724                 |   32|   0|   32|          0|
    |xor_ln1357_175_reg_24729                 |   32|   0|   32|          0|
    |xor_ln1357_179_reg_24791                 |   32|   0|   32|          0|
    |xor_ln1357_183_reg_24796                 |   32|   0|   32|          0|
    |xor_ln1357_193_reg_22955                 |   32|   0|   32|          0|
    |xor_ln1357_195_reg_22960                 |   32|   0|   32|          0|
    |xor_ln1357_195_reg_22960_pp0_iter1_reg   |   32|   0|   32|          0|
    |xor_ln1357_197_reg_23203                 |   32|   0|   32|          0|
    |xor_ln1357_199_reg_23165                 |   32|   0|   32|          0|
    |xor_ln1357_201_reg_23240                 |   32|   0|   32|          0|
    |xor_ln1357_203_reg_23183                 |   32|   0|   32|          0|
    |xor_ln1357_205_reg_23261                 |   32|   0|   32|          0|
    |xor_ln1357_207_reg_23225                 |   32|   0|   32|          0|
    |xor_ln1357_209_reg_23293                 |   32|   0|   32|          0|
    |xor_ln1357_209_reg_23293_pp0_iter9_reg   |   32|   0|   32|          0|
    |xor_ln1357_211_reg_23273                 |   32|   0|   32|          0|
    |xor_ln1357_213_reg_23336                 |   32|   0|   32|          0|
    |xor_ln1357_215_reg_23315                 |   32|   0|   32|          0|
    |xor_ln1357_217_reg_23368                 |   32|   0|   32|          0|
    |xor_ln1357_217_reg_23368_pp0_iter12_reg  |   32|   0|   32|          0|
    |xor_ln1357_219_reg_23348                 |   32|   0|   32|          0|
    |xor_ln1357_221_reg_23411                 |   32|   0|   32|          0|
    |xor_ln1357_223_reg_23390                 |   32|   0|   32|          0|
    |xor_ln1357_225_reg_23443                 |   32|   0|   32|          0|
    |xor_ln1357_225_reg_23443_pp0_iter15_reg  |   32|   0|   32|          0|
    |xor_ln1357_227_reg_23423                 |   32|   0|   32|          0|
    |xor_ln1357_229_reg_23486                 |   32|   0|   32|          0|
    |xor_ln1357_231_reg_23465                 |   32|   0|   32|          0|
    |xor_ln1357_233_reg_23518                 |   32|   0|   32|          0|
    |xor_ln1357_233_reg_23518_pp0_iter18_reg  |   32|   0|   32|          0|
    |xor_ln1357_235_reg_23498                 |   32|   0|   32|          0|
    |xor_ln1357_237_reg_23561                 |   32|   0|   32|          0|
    |xor_ln1357_239_reg_23540                 |   32|   0|   32|          0|
    |xor_ln1357_241_reg_23593                 |   32|   0|   32|          0|
    |xor_ln1357_241_reg_23593_pp0_iter21_reg  |   32|   0|   32|          0|
    |xor_ln1357_243_reg_23573                 |   32|   0|   32|          0|
    |xor_ln1357_245_reg_23636                 |   32|   0|   32|          0|
    |xor_ln1357_247_reg_23615                 |   32|   0|   32|          0|
    |xor_ln1357_249_reg_23668                 |   32|   0|   32|          0|
    |xor_ln1357_249_reg_23668_pp0_iter24_reg  |   32|   0|   32|          0|
    |xor_ln1357_251_reg_23648                 |   32|   0|   32|          0|
    |xor_ln1357_253_reg_23745                 |   32|   0|   32|          0|
    |xor_ln1357_255_reg_23690                 |   32|   0|   32|          0|
    |xor_ln1357_257_reg_23790                 |   32|   0|   32|          0|
    |xor_ln1357_261_reg_23835                 |   32|   0|   32|          0|
    |xor_ln1357_265_reg_23880                 |   32|   0|   32|          0|
    |xor_ln1357_269_reg_23925                 |   32|   0|   32|          0|
    |xor_ln1357_273_reg_23970                 |   32|   0|   32|          0|
    |xor_ln1357_277_reg_24015                 |   32|   0|   32|          0|
    |xor_ln1357_281_reg_24043                 |   32|   0|   32|          0|
    |xor_ln1357_285_reg_24087                 |   32|   0|   32|          0|
    |xor_ln1357_289_reg_24136                 |   32|   0|   32|          0|
    |xor_ln1357_289_reg_24136_pp0_iter35_reg  |   32|   0|   32|          0|
    |xor_ln1357_291_reg_24099                 |   32|   0|   32|          0|
    |xor_ln1357_293_reg_24195                 |   32|   0|   32|          0|
    |xor_ln1357_295_reg_24158                 |   32|   0|   32|          0|
    |xor_ln1357_297_reg_24261                 |   32|   0|   32|          0|
    |xor_ln1357_297_reg_24261_pp0_iter38_reg  |   32|   0|   32|          0|
    |xor_ln1357_299_reg_24207                 |   32|   0|   32|          0|
    |xor_ln1357_301_reg_24372                 |   32|   0|   32|          0|
    |xor_ln1357_303_reg_24283                 |   32|   0|   32|          0|
    |xor_ln1357_305_reg_24434                 |   32|   0|   32|          0|
    |xor_ln1357_309_reg_24496                 |   32|   0|   32|          0|
    |xor_ln1357_313_reg_24558                 |   32|   0|   32|          0|
    |xor_ln1357_317_reg_24620                 |   32|   0|   32|          0|
    |xor_ln1357_321_reg_24682                 |   32|   0|   32|          0|
    |xor_ln1357_325_reg_24744                 |   32|   0|   32|          0|
    |xor_ln1357_329_reg_24811                 |   32|   0|   32|          0|
    |xor_ln1357_333_reg_24866                 |   32|   0|   32|          0|
    |xor_ln1357_337_reg_24926                 |   32|   0|   32|          0|
    |xor_ln1357_341_reg_24976                 |   32|   0|   32|          0|
    |xor_ln1357_345_reg_25008                 |   32|   0|   32|          0|
    |xor_ln1357_345_reg_25008_pp0_iter51_reg  |   32|   0|   32|          0|
    |xor_ln1357_347_reg_24988                 |   32|   0|   32|          0|
    |xor_ln1357_349_reg_25073                 |   32|   0|   32|          0|
    |xor_ln1357_351_reg_25030                 |   32|   0|   32|          0|
    |xor_ln1357_353_reg_25116                 |   32|   0|   32|          0|
    |xor_ln1357_353_reg_25116_pp0_iter54_reg  |   32|   0|   32|          0|
    |xor_ln1357_355_reg_25085                 |   32|   0|   32|          0|
    |xor_ln1357_357_reg_25185                 |   32|   0|   32|          0|
    |xor_ln1357_359_reg_25138                 |   32|   0|   32|          0|
    |xor_ln1357_361_reg_25228                 |   32|   0|   32|          0|
    |xor_ln1357_365_reg_25271                 |   32|   0|   32|          0|
    |xor_ln1357_369_reg_25308                 |   32|   0|   32|          0|
    |xor_ln1357_373_reg_25341                 |   32|   0|   32|          0|
    |xor_ln1357_377_reg_25369                 |   32|   0|   32|          0|
    |xor_ln1357_381_reg_25402                 |   32|   0|   32|          0|
    |xor_ln1357_385_reg_25435                 |   32|   0|   32|          0|
    |xor_ln1357_389_reg_25468                 |   32|   0|   32|          0|
    |xor_ln1357_393_reg_25501                 |   32|   0|   32|          0|
    |xor_ln1357_397_reg_25539                 |   32|   0|   32|          0|
    |xor_ln1357_401_reg_25582                 |   32|   0|   32|          0|
    |xor_ln1357_405_reg_25624                 |   32|   0|   32|          0|
    |xor_ln1357_409_reg_25657                 |   32|   0|   32|          0|
    |xor_ln1357_413_reg_25685                 |   32|   0|   32|          0|
    |xor_ln1357_417_reg_25718                 |   32|   0|   32|          0|
    |xor_ln1357_421_reg_25746                 |   32|   0|   32|          0|
    |xor_ln1357_425_reg_25778                 |   32|   0|   32|          0|
    |xor_ln1357_425_reg_25778_pp0_iter73_reg  |   32|   0|   32|          0|
    |xor_ln1357_427_reg_25758                 |   32|   0|   32|          0|
    |xor_ln1357_429_reg_25821                 |   32|   0|   32|          0|
    |xor_ln1357_431_reg_25800                 |   32|   0|   32|          0|
    |xor_ln1357_433_reg_25853                 |   32|   0|   32|          0|
    |xor_ln1357_433_reg_25853_pp0_iter76_reg  |   32|   0|   32|          0|
    |xor_ln1357_435_reg_25833                 |   32|   0|   32|          0|
    |xor_ln1357_437_reg_25896                 |   32|   0|   32|          0|
    |xor_ln1357_439_reg_25875                 |   32|   0|   32|          0|
    |xor_ln1357_441_reg_25925                 |   32|   0|   32|          0|
    |xor_ln1357_445_reg_25946                 |   32|   0|   32|          0|
    |xor_ln1357_445_reg_25946_pp0_iter80_reg  |   32|   0|   32|          0|
    |xor_ln1357_67_reg_23730                  |   32|   0|   32|          0|
    |xor_ln1357_71_reg_23775                  |   32|   0|   32|          0|
    |xor_ln1357_75_reg_23820                  |   32|   0|   32|          0|
    |xor_ln1357_79_reg_23865                  |   32|   0|   32|          0|
    |xor_ln1357_83_reg_23910                  |   32|   0|   32|          0|
    |xor_ln1357_87_reg_23955                  |   32|   0|   32|          0|
    |xor_ln1357_91_reg_24000                  |   32|   0|   32|          0|
    |xor_ln1357_95_reg_24072                  |   32|   0|   32|          0|
    |xor_ln1357_99_reg_24121                  |   32|   0|   32|          0|
    |xor_ln27_103_reg_25025                   |   32|   0|   32|          0|
    |xor_ln27_105_reg_25133                   |   32|   0|   32|          0|
    |xor_ln27_123_reg_25795                   |   32|   0|   32|          0|
    |xor_ln27_125_reg_25870                   |   32|   0|   32|          0|
    |xor_ln27_126_reg_25907                   |   32|   0|   32|          0|
    |xor_ln27_127_reg_25936                   |   32|   0|   32|          0|
    |xor_ln27_65_reg_23160                    |   32|   0|   32|          0|
    |xor_ln27_67_reg_23220                    |   32|   0|   32|          0|
    |xor_ln27_69_reg_23310                    |   32|   0|   32|          0|
    |xor_ln27_71_reg_23385                    |   32|   0|   32|          0|
    |xor_ln27_73_reg_23460                    |   32|   0|   32|          0|
    |xor_ln27_75_reg_23535                    |   32|   0|   32|          0|
    |xor_ln27_77_reg_23610                    |   32|   0|   32|          0|
    |xor_ln27_79_reg_23685                    |   32|   0|   32|          0|
    |xor_ln27_89_reg_24153                    |   32|   0|   32|          0|
    |xor_ln27_91_reg_24278                    |   32|   0|   32|          0|
    |xor_ln32_127_reg_25941                   |   32|   0|   32|          0|
    |xor_ln32_127_reg_25941_pp0_iter80_reg    |   32|   0|   32|          0|
    |H_prev_0_V_read_1_reg_22864              |   64|  96|   32|          0|
    |H_prev_1_V_read_1_reg_22854              |   64|  96|   32|          0|
    |H_prev_2_V_read_1_reg_22846              |   64|  96|   32|          0|
    |H_prev_3_V_read_1_reg_22840              |   64|  96|   32|          0|
    |H_prev_4_V_read_1_reg_22830              |   64|  96|   32|          0|
    |H_prev_5_V_read_1_reg_22822              |   64|  96|   32|          0|
    |H_prev_6_V_read_1_reg_22815              |   64|  96|   32|          0|
    |H_prev_7_V_read_1_reg_22809              |   64|  96|   32|          0|
    |W_0_V_reg_22965                          |   64|  32|   32|          0|
    |W_10_V_reg_23061                         |   64|  48|   32|          0|
    |W_11_V_reg_23073                         |   64|  56|   32|          0|
    |W_12_V_reg_23085                         |   64|  56|   32|          0|
    |W_13_V_reg_23097                         |   64|  64|   32|          0|
    |W_14_V_reg_23109                         |   64|  64|   32|          0|
    |W_15_V_reg_23121                         |   64|  64|   32|          0|
    |W_16_V_reg_23695                         |   64|  32|   32|          0|
    |W_17_V_reg_23718                         |   64|  32|   32|          0|
    |W_18_V_reg_23763                         |   64|  32|   32|          0|
    |W_19_V_reg_23808                         |   64|  32|   32|          0|
    |W_1_V_reg_22971                          |   64|  32|   32|          0|
    |W_20_V_reg_23853                         |   64|  32|   32|          0|
    |W_21_V_reg_23898                         |   64|  32|   32|          0|
    |W_22_V_reg_23943                         |   64|  32|   32|          0|
    |W_23_V_reg_23988                         |   64|  32|   32|          0|
    |W_24_V_reg_24061                         |   64|  32|   32|          0|
    |W_25_V_reg_24109                         |   64|  32|   32|          0|
    |W_26_V_reg_24169                         |   64|  32|   32|          0|
    |W_27_V_reg_24217                         |   64|  32|   32|          0|
    |W_28_V_reg_24224                         |   64|  32|   32|          0|
    |W_29_V_reg_24288                         |   64|  32|   32|          0|
    |W_2_V_reg_22977                          |   64|  32|   32|          0|
    |W_30_V_reg_24295                         |   64|  32|   32|          0|
    |W_31_V_reg_24328                         |   64|  32|   32|          0|
    |W_32_V_reg_24335                         |   64|  32|   32|          0|
    |W_33_V_reg_24390                         |   64|  32|   32|          0|
    |W_34_V_reg_24397                         |   64|  32|   32|          0|
    |W_35_V_reg_24452                         |   64|  32|   32|          0|
    |W_36_V_reg_24459                         |   64|  32|   32|          0|
    |W_37_V_reg_24514                         |   64|  32|   32|          0|
    |W_38_V_reg_24521                         |   64|  32|   32|          0|
    |W_39_V_reg_24576                         |   64|  32|   32|          0|
    |W_3_V_reg_22983                          |   64|  32|   32|          0|
    |W_40_V_reg_24583                         |   64|  32|   32|          0|
    |W_41_V_reg_24638                         |   64|  32|   32|          0|
    |W_42_V_reg_24645                         |   64|  32|   32|          0|
    |W_43_V_reg_24700                         |   64|  32|   32|          0|
    |W_44_V_reg_24707                         |   64|  32|   32|          0|
    |W_45_V_reg_24767                         |   64|  32|   32|          0|
    |W_46_V_reg_24774                         |   64|  32|   32|          0|
    |W_47_V_reg_24834                         |   64|  32|   32|          0|
    |W_48_V_reg_24840                         |   64|  32|   32|          0|
    |W_49_V_reg_24894                         |   64|  32|   32|          0|
    |W_4_V_reg_22994                          |   64|  32|   32|          0|
    |W_50_V_reg_24900                         |   64|  32|   32|          0|
    |W_51_V_reg_24944                         |   64|  32|   32|          0|
    |W_52_V_reg_24950                         |   64|  32|   32|          0|
    |W_53_V_reg_25035                         |   64|  32|   32|          0|
    |W_54_V_reg_25052                         |   64|  32|   32|          0|
    |W_55_V_reg_25148                         |   64|  32|   32|          0|
    |W_56_V_reg_25095                         |   64|  32|   32|          0|
    |W_57_V_reg_25165                         |   64|  32|   32|          0|
    |W_58_V_reg_25208                         |   64|  32|   32|          0|
    |W_59_V_reg_25251                         |   64|  32|   32|          0|
    |W_5_V_reg_23005                          |   64|  32|   32|          0|
    |W_60_V_reg_25524                         |   64|  32|   32|          0|
    |W_61_V_reg_25567                         |   64|  32|   32|          0|
    |W_6_V_reg_23016                          |   64|  32|   32|          0|
    |W_7_V_reg_23027                          |   64|  32|   32|          0|
    |W_8_V_reg_23038                          |   64|  32|   32|          0|
    |W_9_V_reg_23049                          |   64|  32|   32|          0|
    |add_ln209_115_reg_24961                  |   64|  32|   32|          0|
    |add_ln209_118_reg_25041                  |   64|  32|   32|          0|
    |add_ln209_127_reg_25101                  |   64|  32|   32|          0|
    |add_ln209_133_reg_25213                  |   64|  32|   32|          0|
    |add_ln209_136_reg_25256                  |   64|  32|   32|          0|
    |add_ln209_141_reg_23148                  |   64|  32|   32|          0|
    |add_ln209_142_reg_23153                  |   64|  32|   32|          0|
    |add_ln209_144_reg_23193                  |   64|  32|   32|          0|
    |add_ln209_148_reg_23170                  |   64|  32|   32|          0|
    |add_ln209_149_reg_23176                  |   64|  32|   32|          0|
    |add_ln209_151_reg_23230                  |   64|  32|   32|          0|
    |add_ln209_156_reg_23213                  |   64|  32|   32|          0|
    |add_ln209_158_reg_23251                  |   64|  32|   32|          0|
    |add_ln209_163_reg_23266                  |   64|  32|   32|          0|
    |add_ln209_165_reg_23283                  |   64|  32|   32|          0|
    |add_ln209_170_reg_23303                  |   64|  32|   32|          0|
    |add_ln209_172_reg_23326                  |   64|  32|   32|          0|
    |add_ln209_177_reg_23341                  |   64|  32|   32|          0|
    |add_ln209_179_reg_23358                  |   64|  32|   32|          0|
    |add_ln209_184_reg_23378                  |   64|  32|   32|          0|
    |add_ln209_186_reg_23401                  |   64|  32|   32|          0|
    |add_ln209_191_reg_23416                  |   64|  32|   32|          0|
    |add_ln209_193_reg_23433                  |   64|  32|   32|          0|
    |add_ln209_198_reg_23453                  |   64|  32|   32|          0|
    |add_ln209_1_reg_23133                    |   64|  32|   32|          0|
    |add_ln209_200_reg_23476                  |   64|  32|   32|          0|
    |add_ln209_205_reg_23491                  |   64|  32|   32|          0|
    |add_ln209_207_reg_23508                  |   64|  32|   32|          0|
    |add_ln209_212_reg_23528                  |   64|  32|   32|          0|
    |add_ln209_214_reg_23551                  |   64|  32|   32|          0|
    |add_ln209_219_reg_23566                  |   64|  32|   32|          0|
    |add_ln209_221_reg_23583                  |   64|  32|   32|          0|
    |add_ln209_226_reg_23603                  |   64|  32|   32|          0|
    |add_ln209_228_reg_23626                  |   64|  32|   32|          0|
    |add_ln209_233_reg_23641                  |   64|  32|   32|          0|
    |add_ln209_235_reg_23658                  |   64|  32|   32|          0|
    |add_ln209_240_reg_23678                  |   64|  32|   32|          0|
    |add_ln209_242_reg_23735                  |   64|  32|   32|          0|
    |add_ln209_247_reg_23750                  |   64|  32|   32|          0|
    |add_ln209_249_reg_23780                  |   64|  32|   32|          0|
    |add_ln209_254_reg_23795                  |   64|  32|   32|          0|
    |add_ln209_256_reg_23825                  |   64|  32|   32|          0|
    |add_ln209_25_reg_23950                   |   64|  32|   32|          0|
    |add_ln209_261_reg_23840                  |   64|  32|   32|          0|
    |add_ln209_263_reg_23870                  |   64|  32|   32|          0|
    |add_ln209_268_reg_23885                  |   64|  32|   32|          0|
    |add_ln209_270_reg_23915                  |   64|  32|   32|          0|
    |add_ln209_275_reg_23930                  |   64|  32|   32|          0|
    |add_ln209_277_reg_23960                  |   64|  32|   32|          0|
    |add_ln209_282_reg_23975                  |   64|  32|   32|          0|
    |add_ln209_284_reg_24005                  |   64|  32|   32|          0|
    |add_ln209_289_reg_24020                  |   64|  32|   32|          0|
    |add_ln209_28_reg_23995                   |   64|  32|   32|          0|
    |add_ln209_291_reg_24033                  |   64|  32|   32|          0|
    |add_ln209_296_reg_24048                  |   64|  32|   32|          0|
    |add_ln209_298_reg_24077                  |   64|  32|   32|          0|
    |add_ln209_303_reg_24092                  |   64|  32|   32|          0|
    |add_ln209_305_reg_24126                  |   64|  32|   32|          0|
    |add_ln209_310_reg_24146                  |   64|  32|   32|          0|
    |add_ln209_312_reg_24185                  |   64|  32|   32|          0|
    |add_ln209_317_reg_24200                  |   64|  32|   32|          0|
    |add_ln209_319_reg_24251                  |   64|  32|   32|          0|
    |add_ln209_31_reg_24067                   |   64|  32|   32|          0|
    |add_ln209_324_reg_24271                  |   64|  32|   32|          0|
    |add_ln209_326_reg_24362                  |   64|  32|   32|          0|
    |add_ln209_331_reg_24377                  |   64|  32|   32|          0|
    |add_ln209_333_reg_24424                  |   64|  32|   32|          0|
    |add_ln209_338_reg_24439                  |   64|  32|   32|          0|
    |add_ln209_340_reg_24486                  |   64|  32|   32|          0|
    |add_ln209_345_reg_24501                  |   64|  32|   32|          0|
    |add_ln209_347_reg_24548                  |   64|  32|   32|          0|
    |add_ln209_34_reg_24116                   |   64|  32|   32|          0|
    |add_ln209_352_reg_24563                  |   64|  32|   32|          0|
    |add_ln209_354_reg_24610                  |   64|  32|   32|          0|
    |add_ln209_361_reg_24672                  |   64|  32|   32|          0|
    |add_ln209_368_reg_24734                  |   64|  32|   32|          0|
    |add_ln209_373_reg_24749                  |   64|  32|   32|          0|
    |add_ln209_375_reg_24801                  |   64|  32|   32|          0|
    |add_ln209_380_reg_24816                  |   64|  32|   32|          0|
    |add_ln209_382_reg_24856                  |   64|  32|   32|          0|
    |add_ln209_387_reg_24871                  |   64|  32|   32|          0|
    |add_ln209_389_reg_24916                  |   64|  32|   32|          0|
    |add_ln209_394_reg_24931                  |   64|  32|   32|          0|
    |add_ln209_396_reg_24966                  |   64|  32|   32|          0|
    |add_ln209_401_reg_24981                  |   64|  32|   32|          0|
    |add_ln209_403_reg_24998                  |   64|  32|   32|          0|
    |add_ln209_408_reg_25018                  |   64|  32|   32|          0|
    |add_ln209_410_reg_25063                  |   64|  32|   32|          0|
    |add_ln209_415_reg_25078                  |   64|  32|   32|          0|
    |add_ln209_417_reg_25106                  |   64|  32|   32|          0|
    |add_ln209_422_reg_25126                  |   64|  32|   32|          0|
    |add_ln209_424_reg_25175                  |   64|  32|   32|          0|
    |add_ln209_431_reg_25218                  |   64|  32|   32|          0|
    |add_ln209_438_reg_25261                  |   64|  32|   32|          0|
    |add_ln209_445_reg_25298                  |   64|  32|   32|          0|
    |add_ln209_452_reg_25331                  |   64|  32|   32|          0|
    |add_ln209_459_reg_25359                  |   64|  32|   32|          0|
    |add_ln209_466_reg_25392                  |   64|  32|   32|          0|
    |add_ln209_469_reg_25293                  |   64|  32|   32|          0|
    |add_ln209_473_reg_25425                  |   64|  32|   32|          0|
    |add_ln209_480_reg_25458                  |   64|  32|   32|          0|
    |add_ln209_487_reg_25491                  |   64|  32|   32|          0|
    |add_ln209_494_reg_25529                  |   64|  32|   32|          0|
    |add_ln209_4_reg_23138                    |   64|  32|   32|          0|
    |add_ln209_501_reg_25572                  |   64|  32|   32|          0|
    |add_ln209_508_reg_25614                  |   64|  32|   32|          0|
    |add_ln209_515_reg_25647                  |   64|  32|   32|          0|
    |add_ln209_520_reg_25662                  |   64|  32|   32|          0|
    |add_ln209_522_reg_25675                  |   64|  32|   32|          0|
    |add_ln209_527_reg_25690                  |   64|  32|   32|          0|
    |add_ln209_529_reg_25708                  |   64|  32|   32|          0|
    |add_ln209_532_reg_25604                  |   64|  32|   32|          0|
    |add_ln209_534_reg_25723                  |   64|  32|   32|          0|
    |add_ln209_536_reg_25736                  |   64|  32|   32|          0|
    |add_ln209_541_reg_25751                  |   64|  32|   32|          0|
    |add_ln209_543_reg_25768                  |   64|  32|   32|          0|
    |add_ln209_548_reg_25788                  |   64|  32|   32|          0|
    |add_ln209_550_reg_25811                  |   64|  32|   32|          0|
    |add_ln209_555_reg_25826                  |   64|  32|   32|          0|
    |add_ln209_557_reg_25843                  |   64|  32|   32|          0|
    |add_ln209_562_reg_25863                  |   64|  32|   32|          0|
    |add_ln209_572_reg_24884                  |   64|  32|   32|          0|
    |add_ln209_573_reg_25562                  |   64|  32|   32|          0|
    |add_ln209_582_reg_24889                  |   64|  32|   32|          0|
    |add_ln209_583_reg_25609                  |   64|  32|   32|          0|
    |xor_ln1357_103_reg_24180                 |   64|  32|   32|          0|
    |xor_ln1357_107_reg_24241                 |   64|  32|   32|          0|
    |xor_ln1357_111_reg_24246                 |   64|  32|   32|          0|
    |xor_ln1357_115_reg_24312                 |   64|  32|   32|          0|
    |xor_ln1357_119_reg_24317                 |   64|  32|   32|          0|
    |xor_ln1357_123_reg_24352                 |   64|  32|   32|          0|
    |xor_ln1357_127_reg_24357                 |   64|  32|   32|          0|
    |xor_ln1357_131_reg_24414                 |   64|  32|   32|          0|
    |xor_ln1357_135_reg_24419                 |   64|  32|   32|          0|
    |xor_ln1357_139_reg_24476                 |   64|  32|   32|          0|
    |xor_ln1357_143_reg_24481                 |   64|  32|   32|          0|
    |xor_ln1357_147_reg_24538                 |   64|  32|   32|          0|
    |xor_ln1357_151_reg_24543                 |   64|  32|   32|          0|
    |xor_ln1357_155_reg_24600                 |   64|  32|   32|          0|
    |xor_ln1357_159_reg_24605                 |   64|  32|   32|          0|
    |xor_ln1357_163_reg_24662                 |   64|  32|   32|          0|
    |xor_ln1357_167_reg_24667                 |   64|  32|   32|          0|
    |xor_ln1357_171_reg_24724                 |   64|  32|   32|          0|
    |xor_ln1357_175_reg_24729                 |   64|  32|   32|          0|
    |xor_ln1357_179_reg_24791                 |   64|  32|   32|          0|
    |xor_ln1357_183_reg_24796                 |   64|  32|   32|          0|
    |xor_ln1357_193_reg_22955                 |   64|  32|   32|          0|
    |xor_ln1357_67_reg_23730                  |   64|  32|   32|          0|
    |xor_ln1357_71_reg_23775                  |   64|  32|   32|          0|
    |xor_ln1357_75_reg_23820                  |   64|  32|   32|          0|
    |xor_ln1357_79_reg_23865                  |   64|  32|   32|          0|
    |xor_ln1357_83_reg_23910                  |   64|  32|   32|          0|
    |xor_ln1357_87_reg_23955                  |   64|  32|   32|          0|
    |xor_ln1357_91_reg_24000                  |   64|  32|   32|          0|
    |xor_ln1357_95_reg_24072                  |   64|  32|   32|          0|
    |xor_ln1357_99_reg_24121                  |   64|  32|   32|          0|
    +-----------------------------------------+-----+----+-----+-----------+
    |Total                                    |33554|7904|26322|          0|
    +-----------------------------------------+-----+----+-----+-----------+



================================================================
== Interface
================================================================
* Summary: 
+-----------------+-----+-----+------------+------------------+--------------+
|    RTL Ports    | Dir | Bits|  Protocol  |   Source Object  |    C Type    |
+-----------------+-----+-----+------------+------------------+--------------+
|ap_clk           |  in |    1| ap_ctrl_hs | computeHashRound | return value |
|ap_rst           |  in |    1| ap_ctrl_hs | computeHashRound | return value |
|ap_start         |  in |    1| ap_ctrl_hs | computeHashRound | return value |
|ap_done          | out |    1| ap_ctrl_hs | computeHashRound | return value |
|ap_idle          | out |    1| ap_ctrl_hs | computeHashRound | return value |
|ap_ready         | out |    1| ap_ctrl_hs | computeHashRound | return value |
|ap_return_0      | out |   32| ap_ctrl_hs | computeHashRound | return value |
|ap_return_1      | out |   32| ap_ctrl_hs | computeHashRound | return value |
|ap_return_2      | out |   32| ap_ctrl_hs | computeHashRound | return value |
|ap_return_3      | out |   32| ap_ctrl_hs | computeHashRound | return value |
|ap_return_4      | out |   32| ap_ctrl_hs | computeHashRound | return value |
|ap_return_5      | out |   32| ap_ctrl_hs | computeHashRound | return value |
|ap_return_6      | out |   32| ap_ctrl_hs | computeHashRound | return value |
|ap_return_7      | out |   32| ap_ctrl_hs | computeHashRound | return value |
|H_prev_0_V_read  |  in |   32|   ap_none  |  H_prev_0_V_read |    scalar    |
|H_prev_1_V_read  |  in |   32|   ap_none  |  H_prev_1_V_read |    scalar    |
|H_prev_2_V_read  |  in |   32|   ap_none  |  H_prev_2_V_read |    scalar    |
|H_prev_3_V_read  |  in |   32|   ap_none  |  H_prev_3_V_read |    scalar    |
|H_prev_4_V_read  |  in |   32|   ap_none  |  H_prev_4_V_read |    scalar    |
|H_prev_5_V_read  |  in |   32|   ap_none  |  H_prev_5_V_read |    scalar    |
|H_prev_6_V_read  |  in |   32|   ap_none  |  H_prev_6_V_read |    scalar    |
|H_prev_7_V_read  |  in |   32|   ap_none  |  H_prev_7_V_read |    scalar    |
|M_V_address0     | out |    5|  ap_memory |        M_V       |     array    |
|M_V_ce0          | out |    1|  ap_memory |        M_V       |     array    |
|M_V_q0           |  in |   32|  ap_memory |        M_V       |     array    |
|M_V8_address0    | out |    5|  ap_memory |       M_V8       |     array    |
|M_V8_ce0         | out |    1|  ap_memory |       M_V8       |     array    |
|M_V8_q0          |  in |   32|  ap_memory |       M_V8       |     array    |
|M_V9_address0    | out |    5|  ap_memory |       M_V9       |     array    |
|M_V9_ce0         | out |    1|  ap_memory |       M_V9       |     array    |
|M_V9_q0          |  in |   32|  ap_memory |       M_V9       |     array    |
|M_V10_address0   | out |    5|  ap_memory |       M_V10      |     array    |
|M_V10_ce0        | out |    1|  ap_memory |       M_V10      |     array    |
|M_V10_q0         |  in |   32|  ap_memory |       M_V10      |     array    |
|M_V11_address0   | out |    5|  ap_memory |       M_V11      |     array    |
|M_V11_ce0        | out |    1|  ap_memory |       M_V11      |     array    |
|M_V11_q0         |  in |   32|  ap_memory |       M_V11      |     array    |
|M_V12_address0   | out |    5|  ap_memory |       M_V12      |     array    |
|M_V12_ce0        | out |    1|  ap_memory |       M_V12      |     array    |
|M_V12_q0         |  in |   32|  ap_memory |       M_V12      |     array    |
|M_V13_address0   | out |    5|  ap_memory |       M_V13      |     array    |
|M_V13_ce0        | out |    1|  ap_memory |       M_V13      |     array    |
|M_V13_q0         |  in |   32|  ap_memory |       M_V13      |     array    |
|M_V14_address0   | out |    5|  ap_memory |       M_V14      |     array    |
|M_V14_ce0        | out |    1|  ap_memory |       M_V14      |     array    |
|M_V14_q0         |  in |   32|  ap_memory |       M_V14      |     array    |
|M_V15_address0   | out |    5|  ap_memory |       M_V15      |     array    |
|M_V15_ce0        | out |    1|  ap_memory |       M_V15      |     array    |
|M_V15_q0         |  in |   32|  ap_memory |       M_V15      |     array    |
|M_V16_address0   | out |    5|  ap_memory |       M_V16      |     array    |
|M_V16_ce0        | out |    1|  ap_memory |       M_V16      |     array    |
|M_V16_q0         |  in |   32|  ap_memory |       M_V16      |     array    |
|M_V17_address0   | out |    5|  ap_memory |       M_V17      |     array    |
|M_V17_ce0        | out |    1|  ap_memory |       M_V17      |     array    |
|M_V17_q0         |  in |   32|  ap_memory |       M_V17      |     array    |
|M_V18_address0   | out |    5|  ap_memory |       M_V18      |     array    |
|M_V18_ce0        | out |    1|  ap_memory |       M_V18      |     array    |
|M_V18_q0         |  in |   32|  ap_memory |       M_V18      |     array    |
|M_V19_address0   | out |    5|  ap_memory |       M_V19      |     array    |
|M_V19_ce0        | out |    1|  ap_memory |       M_V19      |     array    |
|M_V19_q0         |  in |   32|  ap_memory |       M_V19      |     array    |
|M_V20_address0   | out |    5|  ap_memory |       M_V20      |     array    |
|M_V20_ce0        | out |    1|  ap_memory |       M_V20      |     array    |
|M_V20_q0         |  in |   32|  ap_memory |       M_V20      |     array    |
|M_V21_address0   | out |    5|  ap_memory |       M_V21      |     array    |
|M_V21_ce0        | out |    1|  ap_memory |       M_V21      |     array    |
|M_V21_q0         |  in |   32|  ap_memory |       M_V21      |     array    |
|M_V22_address0   | out |    5|  ap_memory |       M_V22      |     array    |
|M_V22_ce0        | out |    1|  ap_memory |       M_V22      |     array    |
|M_V22_q0         |  in |   32|  ap_memory |       M_V22      |     array    |
|M_V_offset       |  in |   24|   ap_none  |    M_V_offset    |    scalar    |
+-----------------+-----+-----+------------+------------------+--------------+

