Copyright 1986-2019 Xilinx, Inc. All Rights Reserved.
--------------------------------------------------------------------------------------------------------------------------------------------------------------------------------------------------
| Tool Version : Vivado v.2019.2 (lin64) Build 2708876 Wed Nov  6 21:39:14 MST 2019
| Date         : Sun Nov 17 15:39:02 2024
| Host         : ecelinux-04.ece.cornell.edu running 64-bit Red Hat Enterprise Linux release 8.10 (Ootpa)
| Command      : report_timing_summary -max_paths 10 -file xillydemo_timing_summary_routed.rpt -pb xillydemo_timing_summary_routed.pb -rpx xillydemo_timing_summary_routed.rpx -warn_on_violation
| Design       : xillydemo
| Device       : 7z020-clg484
| Speed File   : -1  PRODUCTION 1.11 2014-09-11
--------------------------------------------------------------------------------------------------------------------------------------------------------------------------------------------------

Timing Summary Report

------------------------------------------------------------------------------------------------
| Timer Settings
| --------------
------------------------------------------------------------------------------------------------

  Enable Multi Corner Analysis               :  Yes
  Enable Pessimism Removal                   :  Yes
  Pessimism Removal Resolution               :  Nearest Common Node
  Enable Input Delay Default Clock           :  No
  Enable Preset / Clear Arcs                 :  No
  Disable Flight Delays                      :  No
  Ignore I/O Paths                           :  No
  Timing Early Launch at Borrowing Latches   :  No
  Borrow Time for Max Delay Exceptions       :  Yes
  Merge Timing Exceptions                    :  Yes

  Corner  Analyze    Analyze    
  Name    Max Paths  Min Paths  
  ------  ---------  ---------  
  Slow    Yes        Yes        
  Fast    Yes        Yes        



check_timing report

Table of Contents
-----------------
1. checking no_clock
2. checking constant_clock
3. checking pulse_width_clock
4. checking unconstrained_internal_endpoints
5. checking no_input_delay
6. checking no_output_delay
7. checking multiple_clock
8. checking generated_clocks
9. checking loops
10. checking partial_input_delay
11. checking partial_output_delay
12. checking latch_loops

1. checking no_clock
--------------------
 There are 0 register/latch pins with no clock.


2. checking constant_clock
--------------------------
 There are 0 register/latch pins with constant_clock.


3. checking pulse_width_clock
-----------------------------
 There are 0 register/latch pins which need pulse_width check


4. checking unconstrained_internal_endpoints
--------------------------------------------
 There are 0 pins that are not constrained for maximum delay.

 There are 0 pins that are not constrained for maximum delay due to constant clock.


5. checking no_input_delay
--------------------------
 There are 4 input ports with no input delay specified. (HIGH)

 There are 0 input ports with no input delay but user has a false path constraint.


6. checking no_output_delay
---------------------------
 There are 22 ports with no output delay specified. (HIGH)

 There are 0 ports with no output delay but user has a false path constraint

 There are 0 ports with no output delay but with a timing clock defined on it or propagating through it


7. checking multiple_clock
--------------------------
 There are 0 register/latch pins with multiple clocks.


8. checking generated_clocks
----------------------------
 There are 0 generated clocks that are not connected to a clock source.


9. checking loops
-----------------
 There are 0 combinational loops in the design.


10. checking partial_input_delay
--------------------------------
 There are 0 input ports with partial input delay specified.


11. checking partial_output_delay
---------------------------------
 There are 0 ports with partial output delay specified.


12. checking latch_loops
------------------------
 There are 0 combinational latch loops in the design through latch input



------------------------------------------------------------------------------------------------
| Design Timing Summary
| ---------------------
------------------------------------------------------------------------------------------------

    WNS(ns)      TNS(ns)  TNS Failing Endpoints  TNS Total Endpoints      WHS(ns)      THS(ns)  THS Failing Endpoints  THS Total Endpoints     WPWS(ns)     TPWS(ns)  TPWS Failing Endpoints  TPWS Total Endpoints  
    -------      -------  ---------------------  -------------------      -------      -------  ---------------------  -------------------     --------     --------  ----------------------  --------------------  
      0.938        0.000                      0                18624        0.014        0.000                      0                18624        3.000        0.000                       0                  7522  


All user specified timing constraints are met.


------------------------------------------------------------------------------------------------
| Clock Summary
| -------------
------------------------------------------------------------------------------------------------

Clock                  Waveform(ns)       Period(ns)      Frequency(MHz)
-----                  ------------       ----------      --------------
clk_fpga_1             {0.000 5.000}      10.000          100.000         
gclk                   {0.000 5.000}      10.000          100.000         
  vga_clk_ins/clk_fb   {0.000 20.000}     40.000          25.000          
  vga_clk_ins/clkout0  {0.000 7.692}      15.385          65.000          


------------------------------------------------------------------------------------------------
| Intra Clock Table
| -----------------
------------------------------------------------------------------------------------------------

Clock                      WNS(ns)      TNS(ns)  TNS Failing Endpoints  TNS Total Endpoints      WHS(ns)      THS(ns)  THS Failing Endpoints  THS Total Endpoints     WPWS(ns)     TPWS(ns)  TPWS Failing Endpoints  TPWS Total Endpoints  
-----                      -------      -------  ---------------------  -------------------      -------      -------  ---------------------  -------------------     --------     --------  ----------------------  --------------------  
clk_fpga_1                   0.938        0.000                      0                18166        0.014        0.000                      0                18166        3.750        0.000                       0                  7318  
gclk                         7.842        0.000                      0                    3        0.416        0.000                      0                    3        3.000        0.000                       0                     5  
  vga_clk_ins/clk_fb                                                                                                                                                    12.633        0.000                       0                     2  
  vga_clk_ins/clkout0        1.854        0.000                      0                  388        0.033        0.000                      0                  388        7.192        0.000                       0                   197  


------------------------------------------------------------------------------------------------
| Inter Clock Table
| -----------------
------------------------------------------------------------------------------------------------

From Clock    To Clock          WNS(ns)      TNS(ns)  TNS Failing Endpoints  TNS Total Endpoints      WHS(ns)      THS(ns)  THS Failing Endpoints  THS Total Endpoints  
----------    --------          -------      -------  ---------------------  -------------------      -------      -------  ---------------------  -------------------  


------------------------------------------------------------------------------------------------
| Other Path Groups Table
| -----------------------
------------------------------------------------------------------------------------------------

Path Group           From Clock           To Clock                 WNS(ns)      TNS(ns)  TNS Failing Endpoints  TNS Total Endpoints      WHS(ns)      THS(ns)  THS Failing Endpoints  THS Total Endpoints  
----------           ----------           --------                 -------      -------  ---------------------  -------------------      -------      -------  ---------------------  -------------------  
**async_default**    clk_fpga_1           clk_fpga_1                 7.528        0.000                      0                   44        0.419        0.000                      0                   44  
**async_default**    vga_clk_ins/clkout0  vga_clk_ins/clkout0       12.799        0.000                      0                   23        0.410        0.000                      0                   23  


------------------------------------------------------------------------------------------------
| Timing Details
| --------------
------------------------------------------------------------------------------------------------


---------------------------------------------------------------------------------------------------
From Clock:  clk_fpga_1
  To Clock:  clk_fpga_1

Setup :            0  Failing Endpoints,  Worst Slack        0.938ns,  Total Violation        0.000ns
Hold  :            0  Failing Endpoints,  Worst Slack        0.014ns,  Total Violation        0.000ns
PW    :            0  Failing Endpoints,  Worst Slack        3.750ns,  Total Violation        0.000ns
---------------------------------------------------------------------------------------------------


Max Delay Paths
--------------------------------------------------------------------------------------
Slack (MET) :             0.938ns  (required time - arrival time)
  Source:                 xillybus_ins/system_i/vivado_system_i/processing_system7_0/inst/PS7_i/MAXIGP0ACLK
                            (rising edge-triggered cell PS7 clocked by clk_fpga_1  {rise@0.000ns fall@5.000ns period=10.000ns})
  Destination:            xillybus_ins/system_i/vivado_system_i/processing_system7_0_axi_periph/xbar/inst/gen_samd.crossbar_samd/addr_arbiter_aw/gen_no_arbiter.m_target_hot_i_reg[0]/CE
                            (rising edge-triggered cell FDRE clocked by clk_fpga_1  {rise@0.000ns fall@5.000ns period=10.000ns})
  Path Group:             clk_fpga_1
  Path Type:              Setup (Max at Slow Process Corner)
  Requirement:            10.000ns  (clk_fpga_1 rise@10.000ns - clk_fpga_1 rise@0.000ns)
  Data Path Delay:        8.632ns  (logic 2.637ns (30.551%)  route 5.995ns (69.449%))
  Logic Levels:           6  (LUT2=1 LUT4=1 LUT5=1 LUT6=3)
  Clock Path Skew:        -0.072ns (DCD - SCD + CPR)
    Destination Clock Delay (DCD):    2.830ns = ( 12.830 - 10.000 ) 
    Source Clock Delay      (SCD):    3.031ns
    Clock Pessimism Removal (CPR):    0.129ns
  Clock Uncertainty:      0.154ns  ((TSJ^2 + TIJ^2)^1/2 + DJ) / 2 + PE
    Total System Jitter     (TSJ):    0.071ns
    Total Input Jitter      (TIJ):    0.300ns
    Discrete Jitter          (DJ):    0.000ns
    Phase Error              (PE):    0.000ns

    Location             Delay type                Incr(ns)  Path(ns)    Netlist Resource(s)
  -------------------------------------------------------------------    -------------------
                         (clock clk_fpga_1 rise edge)
                                                      0.000     0.000 r  
    PS7_X0Y0             PS7                          0.000     0.000 r  xillybus_ins/system_i/vivado_system_i/processing_system7_0/inst/PS7_i/FCLKCLK[1]
                         net (fo=1, routed)           1.193     1.193    xillybus_ins/system_i/vivado_system_i/processing_system7_0/inst/FCLK_CLK_unbuffered[1]
    BUFGCTRL_X0Y16       BUFG (Prop_bufg_I_O)         0.101     1.294 r  xillybus_ins/system_i/vivado_system_i/processing_system7_0/inst/buffer_fclk_clk_1.FCLK_CLK_1_BUFG/O
                         net (fo=7320, routed)        1.737     3.031    xillybus_ins/system_i/vivado_system_i/processing_system7_0/inst/M_AXI_GP0_ACLK
    PS7_X0Y0             PS7                                          r  xillybus_ins/system_i/vivado_system_i/processing_system7_0/inst/PS7_i/MAXIGP0ACLK
  -------------------------------------------------------------------    -------------------
    PS7_X0Y0             PS7 (Prop_ps7_MAXIGP0ACLK_MAXIGP0AWADDR[29])
                                                      1.447     4.478 r  xillybus_ins/system_i/vivado_system_i/processing_system7_0/inst/PS7_i/MAXIGP0AWADDR[29]
                         net (fo=1, routed)           1.137     5.615    xillybus_ins/system_i/vivado_system_i/processing_system7_0_axi_periph/xbar/inst/gen_samd.crossbar_samd/addr_arbiter_aw/gen_no_arbiter.m_mesg_i_reg[73]_1[29]
    SLICE_X26Y99         LUT6 (Prop_lut6_I1_O)        0.124     5.739 f  xillybus_ins/system_i/vivado_system_i/processing_system7_0_axi_periph/xbar/inst/gen_samd.crossbar_samd/addr_arbiter_aw/gen_multi_thread.active_target[57]_i_3/O
                         net (fo=5, routed)           0.826     6.565    xillybus_ins/system_i/vivado_system_i/processing_system7_0_axi_periph/xbar/inst/gen_samd.crossbar_samd/addr_arbiter_aw/gen_slave_slots[0].gen_si_write.si_transactor_aw/gen_addr_decoder.addr_decoder_inst/gen_target[2].gen_region[0].gen_comparator_static.gen_addr_range.addr_decode_comparator/sel_4
    SLICE_X26Y96         LUT5 (Prop_lut5_I3_O)        0.150     6.715 r  xillybus_ins/system_i/vivado_system_i/processing_system7_0_axi_periph/xbar/inst/gen_samd.crossbar_samd/addr_arbiter_aw/gen_multi_thread.active_target[58]_i_7/O
                         net (fo=32, routed)          1.190     7.905    xillybus_ins/system_i/vivado_system_i/processing_system7_0_axi_periph/xbar/inst/gen_samd.crossbar_samd/gen_slave_slots[0].gen_si_write.si_transactor_aw/gen_multi_thread.active_target[58]_i_7[0]
    SLICE_X29Y111        LUT4 (Prop_lut4_I3_O)        0.342     8.247 f  xillybus_ins/system_i/vivado_system_i/processing_system7_0_axi_periph/xbar/inst/gen_samd.crossbar_samd/gen_slave_slots[0].gen_si_write.si_transactor_aw/gen_no_arbiter.m_target_hot_i[4]_i_36/O
                         net (fo=1, routed)           0.825     9.072    xillybus_ins/system_i/vivado_system_i/processing_system7_0_axi_periph/xbar/inst/gen_samd.crossbar_samd/gen_slave_slots[0].gen_si_write.si_transactor_aw/gen_no_arbiter.m_target_hot_i[4]_i_36_n_6
    SLICE_X28Y111        LUT6 (Prop_lut6_I5_O)        0.326     9.398 f  xillybus_ins/system_i/vivado_system_i/processing_system7_0_axi_periph/xbar/inst/gen_samd.crossbar_samd/gen_slave_slots[0].gen_si_write.si_transactor_aw/gen_no_arbiter.m_target_hot_i[4]_i_7/O
                         net (fo=1, routed)           0.929    10.327    xillybus_ins/system_i/vivado_system_i/processing_system7_0_axi_periph/xbar/inst/gen_samd.crossbar_samd/gen_slave_slots[0].gen_si_write.si_transactor_aw/gen_multi_thread.arbiter_resp_inst/gen_no_arbiter.m_target_hot_i_reg[4]_2
    SLICE_X30Y109        LUT6 (Prop_lut6_I4_O)        0.124    10.451 r  xillybus_ins/system_i/vivado_system_i/processing_system7_0_axi_periph/xbar/inst/gen_samd.crossbar_samd/gen_slave_slots[0].gen_si_write.si_transactor_aw/gen_multi_thread.arbiter_resp_inst/gen_no_arbiter.m_target_hot_i[4]_i_2/O
                         net (fo=2, routed)           0.546    10.997    xillybus_ins/system_i/vivado_system_i/processing_system7_0_axi_periph/xbar/inst/gen_samd.crossbar_samd/gen_slave_slots[0].gen_si_write.si_transactor_aw/gen_multi_thread.arbiter_resp_inst/m_valid_i
    SLICE_X32Y109        LUT2 (Prop_lut2_I0_O)        0.124    11.121 r  xillybus_ins/system_i/vivado_system_i/processing_system7_0_axi_periph/xbar/inst/gen_samd.crossbar_samd/gen_slave_slots[0].gen_si_write.si_transactor_aw/gen_multi_thread.arbiter_resp_inst/gen_no_arbiter.m_target_hot_i[4]_i_1/O
                         net (fo=5, routed)           0.541    11.662    xillybus_ins/system_i/vivado_system_i/processing_system7_0_axi_periph/xbar/inst/gen_samd.crossbar_samd/addr_arbiter_aw/E[0]
    SLICE_X33Y109        FDRE                                         r  xillybus_ins/system_i/vivado_system_i/processing_system7_0_axi_periph/xbar/inst/gen_samd.crossbar_samd/addr_arbiter_aw/gen_no_arbiter.m_target_hot_i_reg[0]/CE
  -------------------------------------------------------------------    -------------------

                         (clock clk_fpga_1 rise edge)
                                                     10.000    10.000 r  
    PS7_X0Y0             PS7                          0.000    10.000 r  xillybus_ins/system_i/vivado_system_i/processing_system7_0/inst/PS7_i/FCLKCLK[1]
                         net (fo=1, routed)           1.088    11.088    xillybus_ins/system_i/vivado_system_i/processing_system7_0/inst/FCLK_CLK_unbuffered[1]
    BUFGCTRL_X0Y16       BUFG (Prop_bufg_I_O)         0.091    11.179 r  xillybus_ins/system_i/vivado_system_i/processing_system7_0/inst/buffer_fclk_clk_1.FCLK_CLK_1_BUFG/O
                         net (fo=7320, routed)        1.651    12.830    xillybus_ins/system_i/vivado_system_i/processing_system7_0_axi_periph/xbar/inst/gen_samd.crossbar_samd/addr_arbiter_aw/aclk
    SLICE_X33Y109        FDRE                                         r  xillybus_ins/system_i/vivado_system_i/processing_system7_0_axi_periph/xbar/inst/gen_samd.crossbar_samd/addr_arbiter_aw/gen_no_arbiter.m_target_hot_i_reg[0]/C
                         clock pessimism              0.129    12.959    
                         clock uncertainty           -0.154    12.805    
    SLICE_X33Y109        FDRE (Setup_fdre_C_CE)      -0.205    12.600    xillybus_ins/system_i/vivado_system_i/processing_system7_0_axi_periph/xbar/inst/gen_samd.crossbar_samd/addr_arbiter_aw/gen_no_arbiter.m_target_hot_i_reg[0]
  -------------------------------------------------------------------
                         required time                         12.600    
                         arrival time                         -11.662    
  -------------------------------------------------------------------
                         slack                                  0.938    

Slack (MET) :             0.938ns  (required time - arrival time)
  Source:                 xillybus_ins/system_i/vivado_system_i/processing_system7_0/inst/PS7_i/MAXIGP0ACLK
                            (rising edge-triggered cell PS7 clocked by clk_fpga_1  {rise@0.000ns fall@5.000ns period=10.000ns})
  Destination:            xillybus_ins/system_i/vivado_system_i/processing_system7_0_axi_periph/xbar/inst/gen_samd.crossbar_samd/addr_arbiter_aw/gen_no_arbiter.m_target_hot_i_reg[1]/CE
                            (rising edge-triggered cell FDRE clocked by clk_fpga_1  {rise@0.000ns fall@5.000ns period=10.000ns})
  Path Group:             clk_fpga_1
  Path Type:              Setup (Max at Slow Process Corner)
  Requirement:            10.000ns  (clk_fpga_1 rise@10.000ns - clk_fpga_1 rise@0.000ns)
  Data Path Delay:        8.632ns  (logic 2.637ns (30.551%)  route 5.995ns (69.449%))
  Logic Levels:           6  (LUT2=1 LUT4=1 LUT5=1 LUT6=3)
  Clock Path Skew:        -0.072ns (DCD - SCD + CPR)
    Destination Clock Delay (DCD):    2.830ns = ( 12.830 - 10.000 ) 
    Source Clock Delay      (SCD):    3.031ns
    Clock Pessimism Removal (CPR):    0.129ns
  Clock Uncertainty:      0.154ns  ((TSJ^2 + TIJ^2)^1/2 + DJ) / 2 + PE
    Total System Jitter     (TSJ):    0.071ns
    Total Input Jitter      (TIJ):    0.300ns
    Discrete Jitter          (DJ):    0.000ns
    Phase Error              (PE):    0.000ns

    Location             Delay type                Incr(ns)  Path(ns)    Netlist Resource(s)
  -------------------------------------------------------------------    -------------------
                         (clock clk_fpga_1 rise edge)
                                                      0.000     0.000 r  
    PS7_X0Y0             PS7                          0.000     0.000 r  xillybus_ins/system_i/vivado_system_i/processing_system7_0/inst/PS7_i/FCLKCLK[1]
                         net (fo=1, routed)           1.193     1.193    xillybus_ins/system_i/vivado_system_i/processing_system7_0/inst/FCLK_CLK_unbuffered[1]
    BUFGCTRL_X0Y16       BUFG (Prop_bufg_I_O)         0.101     1.294 r  xillybus_ins/system_i/vivado_system_i/processing_system7_0/inst/buffer_fclk_clk_1.FCLK_CLK_1_BUFG/O
                         net (fo=7320, routed)        1.737     3.031    xillybus_ins/system_i/vivado_system_i/processing_system7_0/inst/M_AXI_GP0_ACLK
    PS7_X0Y0             PS7                                          r  xillybus_ins/system_i/vivado_system_i/processing_system7_0/inst/PS7_i/MAXIGP0ACLK
  -------------------------------------------------------------------    -------------------
    PS7_X0Y0             PS7 (Prop_ps7_MAXIGP0ACLK_MAXIGP0AWADDR[29])
                                                      1.447     4.478 r  xillybus_ins/system_i/vivado_system_i/processing_system7_0/inst/PS7_i/MAXIGP0AWADDR[29]
                         net (fo=1, routed)           1.137     5.615    xillybus_ins/system_i/vivado_system_i/processing_system7_0_axi_periph/xbar/inst/gen_samd.crossbar_samd/addr_arbiter_aw/gen_no_arbiter.m_mesg_i_reg[73]_1[29]
    SLICE_X26Y99         LUT6 (Prop_lut6_I1_O)        0.124     5.739 f  xillybus_ins/system_i/vivado_system_i/processing_system7_0_axi_periph/xbar/inst/gen_samd.crossbar_samd/addr_arbiter_aw/gen_multi_thread.active_target[57]_i_3/O
                         net (fo=5, routed)           0.826     6.565    xillybus_ins/system_i/vivado_system_i/processing_system7_0_axi_periph/xbar/inst/gen_samd.crossbar_samd/addr_arbiter_aw/gen_slave_slots[0].gen_si_write.si_transactor_aw/gen_addr_decoder.addr_decoder_inst/gen_target[2].gen_region[0].gen_comparator_static.gen_addr_range.addr_decode_comparator/sel_4
    SLICE_X26Y96         LUT5 (Prop_lut5_I3_O)        0.150     6.715 r  xillybus_ins/system_i/vivado_system_i/processing_system7_0_axi_periph/xbar/inst/gen_samd.crossbar_samd/addr_arbiter_aw/gen_multi_thread.active_target[58]_i_7/O
                         net (fo=32, routed)          1.190     7.905    xillybus_ins/system_i/vivado_system_i/processing_system7_0_axi_periph/xbar/inst/gen_samd.crossbar_samd/gen_slave_slots[0].gen_si_write.si_transactor_aw/gen_multi_thread.active_target[58]_i_7[0]
    SLICE_X29Y111        LUT4 (Prop_lut4_I3_O)        0.342     8.247 f  xillybus_ins/system_i/vivado_system_i/processing_system7_0_axi_periph/xbar/inst/gen_samd.crossbar_samd/gen_slave_slots[0].gen_si_write.si_transactor_aw/gen_no_arbiter.m_target_hot_i[4]_i_36/O
                         net (fo=1, routed)           0.825     9.072    xillybus_ins/system_i/vivado_system_i/processing_system7_0_axi_periph/xbar/inst/gen_samd.crossbar_samd/gen_slave_slots[0].gen_si_write.si_transactor_aw/gen_no_arbiter.m_target_hot_i[4]_i_36_n_6
    SLICE_X28Y111        LUT6 (Prop_lut6_I5_O)        0.326     9.398 f  xillybus_ins/system_i/vivado_system_i/processing_system7_0_axi_periph/xbar/inst/gen_samd.crossbar_samd/gen_slave_slots[0].gen_si_write.si_transactor_aw/gen_no_arbiter.m_target_hot_i[4]_i_7/O
                         net (fo=1, routed)           0.929    10.327    xillybus_ins/system_i/vivado_system_i/processing_system7_0_axi_periph/xbar/inst/gen_samd.crossbar_samd/gen_slave_slots[0].gen_si_write.si_transactor_aw/gen_multi_thread.arbiter_resp_inst/gen_no_arbiter.m_target_hot_i_reg[4]_2
    SLICE_X30Y109        LUT6 (Prop_lut6_I4_O)        0.124    10.451 r  xillybus_ins/system_i/vivado_system_i/processing_system7_0_axi_periph/xbar/inst/gen_samd.crossbar_samd/gen_slave_slots[0].gen_si_write.si_transactor_aw/gen_multi_thread.arbiter_resp_inst/gen_no_arbiter.m_target_hot_i[4]_i_2/O
                         net (fo=2, routed)           0.546    10.997    xillybus_ins/system_i/vivado_system_i/processing_system7_0_axi_periph/xbar/inst/gen_samd.crossbar_samd/gen_slave_slots[0].gen_si_write.si_transactor_aw/gen_multi_thread.arbiter_resp_inst/m_valid_i
    SLICE_X32Y109        LUT2 (Prop_lut2_I0_O)        0.124    11.121 r  xillybus_ins/system_i/vivado_system_i/processing_system7_0_axi_periph/xbar/inst/gen_samd.crossbar_samd/gen_slave_slots[0].gen_si_write.si_transactor_aw/gen_multi_thread.arbiter_resp_inst/gen_no_arbiter.m_target_hot_i[4]_i_1/O
                         net (fo=5, routed)           0.541    11.662    xillybus_ins/system_i/vivado_system_i/processing_system7_0_axi_periph/xbar/inst/gen_samd.crossbar_samd/addr_arbiter_aw/E[0]
    SLICE_X33Y109        FDRE                                         r  xillybus_ins/system_i/vivado_system_i/processing_system7_0_axi_periph/xbar/inst/gen_samd.crossbar_samd/addr_arbiter_aw/gen_no_arbiter.m_target_hot_i_reg[1]/CE
  -------------------------------------------------------------------    -------------------

                         (clock clk_fpga_1 rise edge)
                                                     10.000    10.000 r  
    PS7_X0Y0             PS7                          0.000    10.000 r  xillybus_ins/system_i/vivado_system_i/processing_system7_0/inst/PS7_i/FCLKCLK[1]
                         net (fo=1, routed)           1.088    11.088    xillybus_ins/system_i/vivado_system_i/processing_system7_0/inst/FCLK_CLK_unbuffered[1]
    BUFGCTRL_X0Y16       BUFG (Prop_bufg_I_O)         0.091    11.179 r  xillybus_ins/system_i/vivado_system_i/processing_system7_0/inst/buffer_fclk_clk_1.FCLK_CLK_1_BUFG/O
                         net (fo=7320, routed)        1.651    12.830    xillybus_ins/system_i/vivado_system_i/processing_system7_0_axi_periph/xbar/inst/gen_samd.crossbar_samd/addr_arbiter_aw/aclk
    SLICE_X33Y109        FDRE                                         r  xillybus_ins/system_i/vivado_system_i/processing_system7_0_axi_periph/xbar/inst/gen_samd.crossbar_samd/addr_arbiter_aw/gen_no_arbiter.m_target_hot_i_reg[1]/C
                         clock pessimism              0.129    12.959    
                         clock uncertainty           -0.154    12.805    
    SLICE_X33Y109        FDRE (Setup_fdre_C_CE)      -0.205    12.600    xillybus_ins/system_i/vivado_system_i/processing_system7_0_axi_periph/xbar/inst/gen_samd.crossbar_samd/addr_arbiter_aw/gen_no_arbiter.m_target_hot_i_reg[1]
  -------------------------------------------------------------------
                         required time                         12.600    
                         arrival time                         -11.662    
  -------------------------------------------------------------------
                         slack                                  0.938    

Slack (MET) :             0.938ns  (required time - arrival time)
  Source:                 xillybus_ins/system_i/vivado_system_i/processing_system7_0/inst/PS7_i/MAXIGP0ACLK
                            (rising edge-triggered cell PS7 clocked by clk_fpga_1  {rise@0.000ns fall@5.000ns period=10.000ns})
  Destination:            xillybus_ins/system_i/vivado_system_i/processing_system7_0_axi_periph/xbar/inst/gen_samd.crossbar_samd/addr_arbiter_aw/gen_no_arbiter.m_target_hot_i_reg[4]/CE
                            (rising edge-triggered cell FDRE clocked by clk_fpga_1  {rise@0.000ns fall@5.000ns period=10.000ns})
  Path Group:             clk_fpga_1
  Path Type:              Setup (Max at Slow Process Corner)
  Requirement:            10.000ns  (clk_fpga_1 rise@10.000ns - clk_fpga_1 rise@0.000ns)
  Data Path Delay:        8.632ns  (logic 2.637ns (30.551%)  route 5.995ns (69.449%))
  Logic Levels:           6  (LUT2=1 LUT4=1 LUT5=1 LUT6=3)
  Clock Path Skew:        -0.072ns (DCD - SCD + CPR)
    Destination Clock Delay (DCD):    2.830ns = ( 12.830 - 10.000 ) 
    Source Clock Delay      (SCD):    3.031ns
    Clock Pessimism Removal (CPR):    0.129ns
  Clock Uncertainty:      0.154ns  ((TSJ^2 + TIJ^2)^1/2 + DJ) / 2 + PE
    Total System Jitter     (TSJ):    0.071ns
    Total Input Jitter      (TIJ):    0.300ns
    Discrete Jitter          (DJ):    0.000ns
    Phase Error              (PE):    0.000ns

    Location             Delay type                Incr(ns)  Path(ns)    Netlist Resource(s)
  -------------------------------------------------------------------    -------------------
                         (clock clk_fpga_1 rise edge)
                                                      0.000     0.000 r  
    PS7_X0Y0             PS7                          0.000     0.000 r  xillybus_ins/system_i/vivado_system_i/processing_system7_0/inst/PS7_i/FCLKCLK[1]
                         net (fo=1, routed)           1.193     1.193    xillybus_ins/system_i/vivado_system_i/processing_system7_0/inst/FCLK_CLK_unbuffered[1]
    BUFGCTRL_X0Y16       BUFG (Prop_bufg_I_O)         0.101     1.294 r  xillybus_ins/system_i/vivado_system_i/processing_system7_0/inst/buffer_fclk_clk_1.FCLK_CLK_1_BUFG/O
                         net (fo=7320, routed)        1.737     3.031    xillybus_ins/system_i/vivado_system_i/processing_system7_0/inst/M_AXI_GP0_ACLK
    PS7_X0Y0             PS7                                          r  xillybus_ins/system_i/vivado_system_i/processing_system7_0/inst/PS7_i/MAXIGP0ACLK
  -------------------------------------------------------------------    -------------------
    PS7_X0Y0             PS7 (Prop_ps7_MAXIGP0ACLK_MAXIGP0AWADDR[29])
                                                      1.447     4.478 r  xillybus_ins/system_i/vivado_system_i/processing_system7_0/inst/PS7_i/MAXIGP0AWADDR[29]
                         net (fo=1, routed)           1.137     5.615    xillybus_ins/system_i/vivado_system_i/processing_system7_0_axi_periph/xbar/inst/gen_samd.crossbar_samd/addr_arbiter_aw/gen_no_arbiter.m_mesg_i_reg[73]_1[29]
    SLICE_X26Y99         LUT6 (Prop_lut6_I1_O)        0.124     5.739 f  xillybus_ins/system_i/vivado_system_i/processing_system7_0_axi_periph/xbar/inst/gen_samd.crossbar_samd/addr_arbiter_aw/gen_multi_thread.active_target[57]_i_3/O
                         net (fo=5, routed)           0.826     6.565    xillybus_ins/system_i/vivado_system_i/processing_system7_0_axi_periph/xbar/inst/gen_samd.crossbar_samd/addr_arbiter_aw/gen_slave_slots[0].gen_si_write.si_transactor_aw/gen_addr_decoder.addr_decoder_inst/gen_target[2].gen_region[0].gen_comparator_static.gen_addr_range.addr_decode_comparator/sel_4
    SLICE_X26Y96         LUT5 (Prop_lut5_I3_O)        0.150     6.715 r  xillybus_ins/system_i/vivado_system_i/processing_system7_0_axi_periph/xbar/inst/gen_samd.crossbar_samd/addr_arbiter_aw/gen_multi_thread.active_target[58]_i_7/O
                         net (fo=32, routed)          1.190     7.905    xillybus_ins/system_i/vivado_system_i/processing_system7_0_axi_periph/xbar/inst/gen_samd.crossbar_samd/gen_slave_slots[0].gen_si_write.si_transactor_aw/gen_multi_thread.active_target[58]_i_7[0]
    SLICE_X29Y111        LUT4 (Prop_lut4_I3_O)        0.342     8.247 f  xillybus_ins/system_i/vivado_system_i/processing_system7_0_axi_periph/xbar/inst/gen_samd.crossbar_samd/gen_slave_slots[0].gen_si_write.si_transactor_aw/gen_no_arbiter.m_target_hot_i[4]_i_36/O
                         net (fo=1, routed)           0.825     9.072    xillybus_ins/system_i/vivado_system_i/processing_system7_0_axi_periph/xbar/inst/gen_samd.crossbar_samd/gen_slave_slots[0].gen_si_write.si_transactor_aw/gen_no_arbiter.m_target_hot_i[4]_i_36_n_6
    SLICE_X28Y111        LUT6 (Prop_lut6_I5_O)        0.326     9.398 f  xillybus_ins/system_i/vivado_system_i/processing_system7_0_axi_periph/xbar/inst/gen_samd.crossbar_samd/gen_slave_slots[0].gen_si_write.si_transactor_aw/gen_no_arbiter.m_target_hot_i[4]_i_7/O
                         net (fo=1, routed)           0.929    10.327    xillybus_ins/system_i/vivado_system_i/processing_system7_0_axi_periph/xbar/inst/gen_samd.crossbar_samd/gen_slave_slots[0].gen_si_write.si_transactor_aw/gen_multi_thread.arbiter_resp_inst/gen_no_arbiter.m_target_hot_i_reg[4]_2
    SLICE_X30Y109        LUT6 (Prop_lut6_I4_O)        0.124    10.451 r  xillybus_ins/system_i/vivado_system_i/processing_system7_0_axi_periph/xbar/inst/gen_samd.crossbar_samd/gen_slave_slots[0].gen_si_write.si_transactor_aw/gen_multi_thread.arbiter_resp_inst/gen_no_arbiter.m_target_hot_i[4]_i_2/O
                         net (fo=2, routed)           0.546    10.997    xillybus_ins/system_i/vivado_system_i/processing_system7_0_axi_periph/xbar/inst/gen_samd.crossbar_samd/gen_slave_slots[0].gen_si_write.si_transactor_aw/gen_multi_thread.arbiter_resp_inst/m_valid_i
    SLICE_X32Y109        LUT2 (Prop_lut2_I0_O)        0.124    11.121 r  xillybus_ins/system_i/vivado_system_i/processing_system7_0_axi_periph/xbar/inst/gen_samd.crossbar_samd/gen_slave_slots[0].gen_si_write.si_transactor_aw/gen_multi_thread.arbiter_resp_inst/gen_no_arbiter.m_target_hot_i[4]_i_1/O
                         net (fo=5, routed)           0.541    11.662    xillybus_ins/system_i/vivado_system_i/processing_system7_0_axi_periph/xbar/inst/gen_samd.crossbar_samd/addr_arbiter_aw/E[0]
    SLICE_X33Y109        FDRE                                         r  xillybus_ins/system_i/vivado_system_i/processing_system7_0_axi_periph/xbar/inst/gen_samd.crossbar_samd/addr_arbiter_aw/gen_no_arbiter.m_target_hot_i_reg[4]/CE
  -------------------------------------------------------------------    -------------------

                         (clock clk_fpga_1 rise edge)
                                                     10.000    10.000 r  
    PS7_X0Y0             PS7                          0.000    10.000 r  xillybus_ins/system_i/vivado_system_i/processing_system7_0/inst/PS7_i/FCLKCLK[1]
                         net (fo=1, routed)           1.088    11.088    xillybus_ins/system_i/vivado_system_i/processing_system7_0/inst/FCLK_CLK_unbuffered[1]
    BUFGCTRL_X0Y16       BUFG (Prop_bufg_I_O)         0.091    11.179 r  xillybus_ins/system_i/vivado_system_i/processing_system7_0/inst/buffer_fclk_clk_1.FCLK_CLK_1_BUFG/O
                         net (fo=7320, routed)        1.651    12.830    xillybus_ins/system_i/vivado_system_i/processing_system7_0_axi_periph/xbar/inst/gen_samd.crossbar_samd/addr_arbiter_aw/aclk
    SLICE_X33Y109        FDRE                                         r  xillybus_ins/system_i/vivado_system_i/processing_system7_0_axi_periph/xbar/inst/gen_samd.crossbar_samd/addr_arbiter_aw/gen_no_arbiter.m_target_hot_i_reg[4]/C
                         clock pessimism              0.129    12.959    
                         clock uncertainty           -0.154    12.805    
    SLICE_X33Y109        FDRE (Setup_fdre_C_CE)      -0.205    12.600    xillybus_ins/system_i/vivado_system_i/processing_system7_0_axi_periph/xbar/inst/gen_samd.crossbar_samd/addr_arbiter_aw/gen_no_arbiter.m_target_hot_i_reg[4]
  -------------------------------------------------------------------
                         required time                         12.600    
                         arrival time                         -11.662    
  -------------------------------------------------------------------
                         slack                                  0.938    

Slack (MET) :             1.023ns  (required time - arrival time)
  Source:                 xillybus_ins/system_i/vivado_system_i/processing_system7_0/inst/PS7_i/MAXIGP0ACLK
                            (rising edge-triggered cell PS7 clocked by clk_fpga_1  {rise@0.000ns fall@5.000ns period=10.000ns})
  Destination:            xillybus_ins/system_i/vivado_system_i/processing_system7_0_axi_periph/xbar/inst/gen_samd.crossbar_samd/addr_arbiter_aw/gen_no_arbiter.m_target_hot_i_reg[2]/CE
                            (rising edge-triggered cell FDRE clocked by clk_fpga_1  {rise@0.000ns fall@5.000ns period=10.000ns})
  Path Group:             clk_fpga_1
  Path Type:              Setup (Max at Slow Process Corner)
  Requirement:            10.000ns  (clk_fpga_1 rise@10.000ns - clk_fpga_1 rise@0.000ns)
  Data Path Delay:        8.583ns  (logic 2.637ns (30.723%)  route 5.946ns (69.277%))
  Logic Levels:           6  (LUT2=1 LUT4=1 LUT5=1 LUT6=3)
  Clock Path Skew:        -0.071ns (DCD - SCD + CPR)
    Destination Clock Delay (DCD):    2.831ns = ( 12.831 - 10.000 ) 
    Source Clock Delay      (SCD):    3.031ns
    Clock Pessimism Removal (CPR):    0.129ns
  Clock Uncertainty:      0.154ns  ((TSJ^2 + TIJ^2)^1/2 + DJ) / 2 + PE
    Total System Jitter     (TSJ):    0.071ns
    Total Input Jitter      (TIJ):    0.300ns
    Discrete Jitter          (DJ):    0.000ns
    Phase Error              (PE):    0.000ns

    Location             Delay type                Incr(ns)  Path(ns)    Netlist Resource(s)
  -------------------------------------------------------------------    -------------------
                         (clock clk_fpga_1 rise edge)
                                                      0.000     0.000 r  
    PS7_X0Y0             PS7                          0.000     0.000 r  xillybus_ins/system_i/vivado_system_i/processing_system7_0/inst/PS7_i/FCLKCLK[1]
                         net (fo=1, routed)           1.193     1.193    xillybus_ins/system_i/vivado_system_i/processing_system7_0/inst/FCLK_CLK_unbuffered[1]
    BUFGCTRL_X0Y16       BUFG (Prop_bufg_I_O)         0.101     1.294 r  xillybus_ins/system_i/vivado_system_i/processing_system7_0/inst/buffer_fclk_clk_1.FCLK_CLK_1_BUFG/O
                         net (fo=7320, routed)        1.737     3.031    xillybus_ins/system_i/vivado_system_i/processing_system7_0/inst/M_AXI_GP0_ACLK
    PS7_X0Y0             PS7                                          r  xillybus_ins/system_i/vivado_system_i/processing_system7_0/inst/PS7_i/MAXIGP0ACLK
  -------------------------------------------------------------------    -------------------
    PS7_X0Y0             PS7 (Prop_ps7_MAXIGP0ACLK_MAXIGP0AWADDR[29])
                                                      1.447     4.478 r  xillybus_ins/system_i/vivado_system_i/processing_system7_0/inst/PS7_i/MAXIGP0AWADDR[29]
                         net (fo=1, routed)           1.137     5.615    xillybus_ins/system_i/vivado_system_i/processing_system7_0_axi_periph/xbar/inst/gen_samd.crossbar_samd/addr_arbiter_aw/gen_no_arbiter.m_mesg_i_reg[73]_1[29]
    SLICE_X26Y99         LUT6 (Prop_lut6_I1_O)        0.124     5.739 f  xillybus_ins/system_i/vivado_system_i/processing_system7_0_axi_periph/xbar/inst/gen_samd.crossbar_samd/addr_arbiter_aw/gen_multi_thread.active_target[57]_i_3/O
                         net (fo=5, routed)           0.826     6.565    xillybus_ins/system_i/vivado_system_i/processing_system7_0_axi_periph/xbar/inst/gen_samd.crossbar_samd/addr_arbiter_aw/gen_slave_slots[0].gen_si_write.si_transactor_aw/gen_addr_decoder.addr_decoder_inst/gen_target[2].gen_region[0].gen_comparator_static.gen_addr_range.addr_decode_comparator/sel_4
    SLICE_X26Y96         LUT5 (Prop_lut5_I3_O)        0.150     6.715 r  xillybus_ins/system_i/vivado_system_i/processing_system7_0_axi_periph/xbar/inst/gen_samd.crossbar_samd/addr_arbiter_aw/gen_multi_thread.active_target[58]_i_7/O
                         net (fo=32, routed)          1.190     7.905    xillybus_ins/system_i/vivado_system_i/processing_system7_0_axi_periph/xbar/inst/gen_samd.crossbar_samd/gen_slave_slots[0].gen_si_write.si_transactor_aw/gen_multi_thread.active_target[58]_i_7[0]
    SLICE_X29Y111        LUT4 (Prop_lut4_I3_O)        0.342     8.247 f  xillybus_ins/system_i/vivado_system_i/processing_system7_0_axi_periph/xbar/inst/gen_samd.crossbar_samd/gen_slave_slots[0].gen_si_write.si_transactor_aw/gen_no_arbiter.m_target_hot_i[4]_i_36/O
                         net (fo=1, routed)           0.825     9.072    xillybus_ins/system_i/vivado_system_i/processing_system7_0_axi_periph/xbar/inst/gen_samd.crossbar_samd/gen_slave_slots[0].gen_si_write.si_transactor_aw/gen_no_arbiter.m_target_hot_i[4]_i_36_n_6
    SLICE_X28Y111        LUT6 (Prop_lut6_I5_O)        0.326     9.398 f  xillybus_ins/system_i/vivado_system_i/processing_system7_0_axi_periph/xbar/inst/gen_samd.crossbar_samd/gen_slave_slots[0].gen_si_write.si_transactor_aw/gen_no_arbiter.m_target_hot_i[4]_i_7/O
                         net (fo=1, routed)           0.929    10.327    xillybus_ins/system_i/vivado_system_i/processing_system7_0_axi_periph/xbar/inst/gen_samd.crossbar_samd/gen_slave_slots[0].gen_si_write.si_transactor_aw/gen_multi_thread.arbiter_resp_inst/gen_no_arbiter.m_target_hot_i_reg[4]_2
    SLICE_X30Y109        LUT6 (Prop_lut6_I4_O)        0.124    10.451 r  xillybus_ins/system_i/vivado_system_i/processing_system7_0_axi_periph/xbar/inst/gen_samd.crossbar_samd/gen_slave_slots[0].gen_si_write.si_transactor_aw/gen_multi_thread.arbiter_resp_inst/gen_no_arbiter.m_target_hot_i[4]_i_2/O
                         net (fo=2, routed)           0.546    10.997    xillybus_ins/system_i/vivado_system_i/processing_system7_0_axi_periph/xbar/inst/gen_samd.crossbar_samd/gen_slave_slots[0].gen_si_write.si_transactor_aw/gen_multi_thread.arbiter_resp_inst/m_valid_i
    SLICE_X32Y109        LUT2 (Prop_lut2_I0_O)        0.124    11.121 r  xillybus_ins/system_i/vivado_system_i/processing_system7_0_axi_periph/xbar/inst/gen_samd.crossbar_samd/gen_slave_slots[0].gen_si_write.si_transactor_aw/gen_multi_thread.arbiter_resp_inst/gen_no_arbiter.m_target_hot_i[4]_i_1/O
                         net (fo=5, routed)           0.493    11.614    xillybus_ins/system_i/vivado_system_i/processing_system7_0_axi_periph/xbar/inst/gen_samd.crossbar_samd/addr_arbiter_aw/E[0]
    SLICE_X32Y108        FDRE                                         r  xillybus_ins/system_i/vivado_system_i/processing_system7_0_axi_periph/xbar/inst/gen_samd.crossbar_samd/addr_arbiter_aw/gen_no_arbiter.m_target_hot_i_reg[2]/CE
  -------------------------------------------------------------------    -------------------

                         (clock clk_fpga_1 rise edge)
                                                     10.000    10.000 r  
    PS7_X0Y0             PS7                          0.000    10.000 r  xillybus_ins/system_i/vivado_system_i/processing_system7_0/inst/PS7_i/FCLKCLK[1]
                         net (fo=1, routed)           1.088    11.088    xillybus_ins/system_i/vivado_system_i/processing_system7_0/inst/FCLK_CLK_unbuffered[1]
    BUFGCTRL_X0Y16       BUFG (Prop_bufg_I_O)         0.091    11.179 r  xillybus_ins/system_i/vivado_system_i/processing_system7_0/inst/buffer_fclk_clk_1.FCLK_CLK_1_BUFG/O
                         net (fo=7320, routed)        1.652    12.831    xillybus_ins/system_i/vivado_system_i/processing_system7_0_axi_periph/xbar/inst/gen_samd.crossbar_samd/addr_arbiter_aw/aclk
    SLICE_X32Y108        FDRE                                         r  xillybus_ins/system_i/vivado_system_i/processing_system7_0_axi_periph/xbar/inst/gen_samd.crossbar_samd/addr_arbiter_aw/gen_no_arbiter.m_target_hot_i_reg[2]/C
                         clock pessimism              0.129    12.960    
                         clock uncertainty           -0.154    12.806    
    SLICE_X32Y108        FDRE (Setup_fdre_C_CE)      -0.169    12.637    xillybus_ins/system_i/vivado_system_i/processing_system7_0_axi_periph/xbar/inst/gen_samd.crossbar_samd/addr_arbiter_aw/gen_no_arbiter.m_target_hot_i_reg[2]
  -------------------------------------------------------------------
                         required time                         12.637    
                         arrival time                         -11.614    
  -------------------------------------------------------------------
                         slack                                  1.023    

Slack (MET) :             1.146ns  (required time - arrival time)
  Source:                 xillybus_ins/system_i/vivado_system_i/processing_system7_0/inst/PS7_i/MAXIGP0ACLK
                            (rising edge-triggered cell PS7 clocked by clk_fpga_1  {rise@0.000ns fall@5.000ns period=10.000ns})
  Destination:            xillybus_ins/system_i/vivado_system_i/processing_system7_0_axi_periph/xbar/inst/gen_samd.crossbar_samd/addr_arbiter_aw/gen_no_arbiter.s_ready_i_reg[0]/D
                            (rising edge-triggered cell FDRE clocked by clk_fpga_1  {rise@0.000ns fall@5.000ns period=10.000ns})
  Path Group:             clk_fpga_1
  Path Type:              Setup (Max at Slow Process Corner)
  Requirement:            10.000ns  (clk_fpga_1 rise@10.000ns - clk_fpga_1 rise@0.000ns)
  Data Path Delay:        8.582ns  (logic 2.637ns (30.727%)  route 5.945ns (69.273%))
  Logic Levels:           6  (LUT2=1 LUT4=1 LUT5=1 LUT6=3)
  Clock Path Skew:        -0.071ns (DCD - SCD + CPR)
    Destination Clock Delay (DCD):    2.831ns = ( 12.831 - 10.000 ) 
    Source Clock Delay      (SCD):    3.031ns
    Clock Pessimism Removal (CPR):    0.129ns
  Clock Uncertainty:      0.154ns  ((TSJ^2 + TIJ^2)^1/2 + DJ) / 2 + PE
    Total System Jitter     (TSJ):    0.071ns
    Total Input Jitter      (TIJ):    0.300ns
    Discrete Jitter          (DJ):    0.000ns
    Phase Error              (PE):    0.000ns

    Location             Delay type                Incr(ns)  Path(ns)    Netlist Resource(s)
  -------------------------------------------------------------------    -------------------
                         (clock clk_fpga_1 rise edge)
                                                      0.000     0.000 r  
    PS7_X0Y0             PS7                          0.000     0.000 r  xillybus_ins/system_i/vivado_system_i/processing_system7_0/inst/PS7_i/FCLKCLK[1]
                         net (fo=1, routed)           1.193     1.193    xillybus_ins/system_i/vivado_system_i/processing_system7_0/inst/FCLK_CLK_unbuffered[1]
    BUFGCTRL_X0Y16       BUFG (Prop_bufg_I_O)         0.101     1.294 r  xillybus_ins/system_i/vivado_system_i/processing_system7_0/inst/buffer_fclk_clk_1.FCLK_CLK_1_BUFG/O
                         net (fo=7320, routed)        1.737     3.031    xillybus_ins/system_i/vivado_system_i/processing_system7_0/inst/M_AXI_GP0_ACLK
    PS7_X0Y0             PS7                                          r  xillybus_ins/system_i/vivado_system_i/processing_system7_0/inst/PS7_i/MAXIGP0ACLK
  -------------------------------------------------------------------    -------------------
    PS7_X0Y0             PS7 (Prop_ps7_MAXIGP0ACLK_MAXIGP0AWADDR[29])
                                                      1.447     4.478 r  xillybus_ins/system_i/vivado_system_i/processing_system7_0/inst/PS7_i/MAXIGP0AWADDR[29]
                         net (fo=1, routed)           1.137     5.615    xillybus_ins/system_i/vivado_system_i/processing_system7_0_axi_periph/xbar/inst/gen_samd.crossbar_samd/addr_arbiter_aw/gen_no_arbiter.m_mesg_i_reg[73]_1[29]
    SLICE_X26Y99         LUT6 (Prop_lut6_I1_O)        0.124     5.739 f  xillybus_ins/system_i/vivado_system_i/processing_system7_0_axi_periph/xbar/inst/gen_samd.crossbar_samd/addr_arbiter_aw/gen_multi_thread.active_target[57]_i_3/O
                         net (fo=5, routed)           0.826     6.565    xillybus_ins/system_i/vivado_system_i/processing_system7_0_axi_periph/xbar/inst/gen_samd.crossbar_samd/addr_arbiter_aw/gen_slave_slots[0].gen_si_write.si_transactor_aw/gen_addr_decoder.addr_decoder_inst/gen_target[2].gen_region[0].gen_comparator_static.gen_addr_range.addr_decode_comparator/sel_4
    SLICE_X26Y96         LUT5 (Prop_lut5_I3_O)        0.150     6.715 r  xillybus_ins/system_i/vivado_system_i/processing_system7_0_axi_periph/xbar/inst/gen_samd.crossbar_samd/addr_arbiter_aw/gen_multi_thread.active_target[58]_i_7/O
                         net (fo=32, routed)          1.190     7.905    xillybus_ins/system_i/vivado_system_i/processing_system7_0_axi_periph/xbar/inst/gen_samd.crossbar_samd/gen_slave_slots[0].gen_si_write.si_transactor_aw/gen_multi_thread.active_target[58]_i_7[0]
    SLICE_X29Y111        LUT4 (Prop_lut4_I3_O)        0.342     8.247 f  xillybus_ins/system_i/vivado_system_i/processing_system7_0_axi_periph/xbar/inst/gen_samd.crossbar_samd/gen_slave_slots[0].gen_si_write.si_transactor_aw/gen_no_arbiter.m_target_hot_i[4]_i_36/O
                         net (fo=1, routed)           0.825     9.072    xillybus_ins/system_i/vivado_system_i/processing_system7_0_axi_periph/xbar/inst/gen_samd.crossbar_samd/gen_slave_slots[0].gen_si_write.si_transactor_aw/gen_no_arbiter.m_target_hot_i[4]_i_36_n_6
    SLICE_X28Y111        LUT6 (Prop_lut6_I5_O)        0.326     9.398 f  xillybus_ins/system_i/vivado_system_i/processing_system7_0_axi_periph/xbar/inst/gen_samd.crossbar_samd/gen_slave_slots[0].gen_si_write.si_transactor_aw/gen_no_arbiter.m_target_hot_i[4]_i_7/O
                         net (fo=1, routed)           0.929    10.327    xillybus_ins/system_i/vivado_system_i/processing_system7_0_axi_periph/xbar/inst/gen_samd.crossbar_samd/gen_slave_slots[0].gen_si_write.si_transactor_aw/gen_multi_thread.arbiter_resp_inst/gen_no_arbiter.m_target_hot_i_reg[4]_2
    SLICE_X30Y109        LUT6 (Prop_lut6_I4_O)        0.124    10.451 r  xillybus_ins/system_i/vivado_system_i/processing_system7_0_axi_periph/xbar/inst/gen_samd.crossbar_samd/gen_slave_slots[0].gen_si_write.si_transactor_aw/gen_multi_thread.arbiter_resp_inst/gen_no_arbiter.m_target_hot_i[4]_i_2/O
                         net (fo=2, routed)           0.546    10.997    xillybus_ins/system_i/vivado_system_i/processing_system7_0_axi_periph/xbar/inst/gen_samd.crossbar_samd/gen_slave_slots[0].gen_si_write.si_transactor_aw/gen_multi_thread.arbiter_resp_inst/m_valid_i
    SLICE_X32Y109        LUT2 (Prop_lut2_I0_O)        0.124    11.121 r  xillybus_ins/system_i/vivado_system_i/processing_system7_0_axi_periph/xbar/inst/gen_samd.crossbar_samd/gen_slave_slots[0].gen_si_write.si_transactor_aw/gen_multi_thread.arbiter_resp_inst/gen_no_arbiter.m_target_hot_i[4]_i_1/O
                         net (fo=5, routed)           0.492    11.613    xillybus_ins/system_i/vivado_system_i/processing_system7_0_axi_periph/xbar/inst/gen_samd.crossbar_samd/addr_arbiter_aw/E[0]
    SLICE_X33Y108        FDRE                                         r  xillybus_ins/system_i/vivado_system_i/processing_system7_0_axi_periph/xbar/inst/gen_samd.crossbar_samd/addr_arbiter_aw/gen_no_arbiter.s_ready_i_reg[0]/D
  -------------------------------------------------------------------    -------------------

                         (clock clk_fpga_1 rise edge)
                                                     10.000    10.000 r  
    PS7_X0Y0             PS7                          0.000    10.000 r  xillybus_ins/system_i/vivado_system_i/processing_system7_0/inst/PS7_i/FCLKCLK[1]
                         net (fo=1, routed)           1.088    11.088    xillybus_ins/system_i/vivado_system_i/processing_system7_0/inst/FCLK_CLK_unbuffered[1]
    BUFGCTRL_X0Y16       BUFG (Prop_bufg_I_O)         0.091    11.179 r  xillybus_ins/system_i/vivado_system_i/processing_system7_0/inst/buffer_fclk_clk_1.FCLK_CLK_1_BUFG/O
                         net (fo=7320, routed)        1.652    12.831    xillybus_ins/system_i/vivado_system_i/processing_system7_0_axi_periph/xbar/inst/gen_samd.crossbar_samd/addr_arbiter_aw/aclk
    SLICE_X33Y108        FDRE                                         r  xillybus_ins/system_i/vivado_system_i/processing_system7_0_axi_periph/xbar/inst/gen_samd.crossbar_samd/addr_arbiter_aw/gen_no_arbiter.s_ready_i_reg[0]/C
                         clock pessimism              0.129    12.960    
                         clock uncertainty           -0.154    12.806    
    SLICE_X33Y108        FDRE (Setup_fdre_C_D)       -0.047    12.759    xillybus_ins/system_i/vivado_system_i/processing_system7_0_axi_periph/xbar/inst/gen_samd.crossbar_samd/addr_arbiter_aw/gen_no_arbiter.s_ready_i_reg[0]
  -------------------------------------------------------------------
                         required time                         12.759    
                         arrival time                         -11.613    
  -------------------------------------------------------------------
                         slack                                  1.146    

Slack (MET) :             1.151ns  (required time - arrival time)
  Source:                 xillybus_ins/system_i/vivado_system_i/processing_system7_0/inst/PS7_i/MAXIGP0ACLK
                            (rising edge-triggered cell PS7 clocked by clk_fpga_1  {rise@0.000ns fall@5.000ns period=10.000ns})
  Destination:            xillybus_ins/system_i/vivado_system_i/processing_system7_0_axi_periph/xbar/inst/gen_samd.crossbar_samd/addr_arbiter_ar/gen_no_arbiter.m_target_hot_i_reg[1]/CE
                            (rising edge-triggered cell FDRE clocked by clk_fpga_1  {rise@0.000ns fall@5.000ns period=10.000ns})
  Path Group:             clk_fpga_1
  Path Type:              Setup (Max at Slow Process Corner)
  Requirement:            10.000ns  (clk_fpga_1 rise@10.000ns - clk_fpga_1 rise@0.000ns)
  Data Path Delay:        8.249ns  (logic 2.860ns (34.672%)  route 5.389ns (65.328%))
  Logic Levels:           6  (CARRY4=1 LUT2=1 LUT4=1 LUT6=3)
  Clock Path Skew:        -0.069ns (DCD - SCD + CPR)
    Destination Clock Delay (DCD):    2.833ns = ( 12.833 - 10.000 ) 
    Source Clock Delay      (SCD):    3.031ns
    Clock Pessimism Removal (CPR):    0.129ns
  Clock Uncertainty:      0.154ns  ((TSJ^2 + TIJ^2)^1/2 + DJ) / 2 + PE
    Total System Jitter     (TSJ):    0.071ns
    Total Input Jitter      (TIJ):    0.300ns
    Discrete Jitter          (DJ):    0.000ns
    Phase Error              (PE):    0.000ns

    Location             Delay type                Incr(ns)  Path(ns)    Netlist Resource(s)
  -------------------------------------------------------------------    -------------------
                         (clock clk_fpga_1 rise edge)
                                                      0.000     0.000 r  
    PS7_X0Y0             PS7                          0.000     0.000 r  xillybus_ins/system_i/vivado_system_i/processing_system7_0/inst/PS7_i/FCLKCLK[1]
                         net (fo=1, routed)           1.193     1.193    xillybus_ins/system_i/vivado_system_i/processing_system7_0/inst/FCLK_CLK_unbuffered[1]
    BUFGCTRL_X0Y16       BUFG (Prop_bufg_I_O)         0.101     1.294 r  xillybus_ins/system_i/vivado_system_i/processing_system7_0/inst/buffer_fclk_clk_1.FCLK_CLK_1_BUFG/O
                         net (fo=7320, routed)        1.737     3.031    xillybus_ins/system_i/vivado_system_i/processing_system7_0/inst/M_AXI_GP0_ACLK
    PS7_X0Y0             PS7                                          r  xillybus_ins/system_i/vivado_system_i/processing_system7_0/inst/PS7_i/MAXIGP0ACLK
  -------------------------------------------------------------------    -------------------
    PS7_X0Y0             PS7 (Prop_ps7_MAXIGP0ACLK_MAXIGP0ARID[1])
                                                      1.450     4.481 r  xillybus_ins/system_i/vivado_system_i/processing_system7_0/inst/PS7_i/MAXIGP0ARID[1]
                         net (fo=17, routed)          1.661     6.142    xillybus_ins/system_i/vivado_system_i/processing_system7_0_axi_periph/xbar/inst/gen_samd.crossbar_samd/gen_slave_slots[0].gen_si_read.si_transactor_ar/gen_multi_thread.active_id_reg[11]_1[1]
    SLICE_X28Y100        LUT6 (Prop_lut6_I0_O)        0.124     6.266 r  xillybus_ins/system_i/vivado_system_i/processing_system7_0_axi_periph/xbar/inst/gen_samd.crossbar_samd/gen_slave_slots[0].gen_si_read.si_transactor_ar/gen_multi_thread.aid_match_50_carry_i_4/O
                         net (fo=1, routed)           0.000     6.266    xillybus_ins/system_i/vivado_system_i/processing_system7_0_axi_periph/xbar/inst/gen_samd.crossbar_samd/gen_slave_slots[0].gen_si_read.si_transactor_ar/gen_multi_thread.aid_match_50_carry_i_4_n_6
    SLICE_X28Y100        CARRY4 (Prop_carry4_S[0]_CO[3])
                                                      0.532     6.798 f  xillybus_ins/system_i/vivado_system_i/processing_system7_0_axi_periph/xbar/inst/gen_samd.crossbar_samd/gen_slave_slots[0].gen_si_read.si_transactor_ar/gen_multi_thread.aid_match_50_carry/CO[3]
                         net (fo=5, routed)           1.220     8.018    xillybus_ins/system_i/vivado_system_i/processing_system7_0_axi_periph/xbar/inst/gen_samd.crossbar_samd/gen_slave_slots[0].gen_si_read.si_transactor_ar/gen_multi_thread.aid_match_50
    SLICE_X26Y103        LUT4 (Prop_lut4_I2_O)        0.150     8.168 f  xillybus_ins/system_i/vivado_system_i/processing_system7_0_axi_periph/xbar/inst/gen_samd.crossbar_samd/gen_slave_slots[0].gen_si_read.si_transactor_ar/gen_no_arbiter.s_ready_i[0]_i_33/O
                         net (fo=1, routed)           0.944     9.112    xillybus_ins/system_i/vivado_system_i/processing_system7_0_axi_periph/xbar/inst/gen_samd.crossbar_samd/gen_slave_slots[0].gen_si_read.si_transactor_ar/gen_no_arbiter.s_ready_i[0]_i_33_n_6
    SLICE_X28Y103        LUT6 (Prop_lut6_I4_O)        0.328     9.440 f  xillybus_ins/system_i/vivado_system_i/processing_system7_0_axi_periph/xbar/inst/gen_samd.crossbar_samd/gen_slave_slots[0].gen_si_read.si_transactor_ar/gen_no_arbiter.s_ready_i[0]_i_7/O
                         net (fo=1, routed)           0.682    10.122    xillybus_ins/system_i/vivado_system_i/processing_system7_0_axi_periph/xbar/inst/gen_samd.crossbar_samd/gen_slave_slots[0].gen_si_read.si_transactor_ar/gen_multi_thread.mux_resp_multi_thread/gen_no_arbiter.m_target_hot_i_reg[4]_2
    SLICE_X32Y103        LUT6 (Prop_lut6_I4_O)        0.124    10.246 r  xillybus_ins/system_i/vivado_system_i/processing_system7_0_axi_periph/xbar/inst/gen_samd.crossbar_samd/gen_slave_slots[0].gen_si_read.si_transactor_ar/gen_multi_thread.mux_resp_multi_thread/gen_no_arbiter.s_ready_i[0]_i_2/O
                         net (fo=2, routed)           0.511    10.757    xillybus_ins/system_i/vivado_system_i/processing_system7_0_axi_periph/xbar/inst/gen_samd.crossbar_samd/gen_slave_slots[0].gen_si_read.si_transactor_ar/gen_multi_thread.mux_resp_multi_thread/m_valid_i
    SLICE_X33Y103        LUT2 (Prop_lut2_I0_O)        0.152    10.909 r  xillybus_ins/system_i/vivado_system_i/processing_system7_0_axi_periph/xbar/inst/gen_samd.crossbar_samd/gen_slave_slots[0].gen_si_read.si_transactor_ar/gen_multi_thread.mux_resp_multi_thread/gen_no_arbiter.s_ready_i[0]_i_1/O
                         net (fo=5, routed)           0.370    11.280    xillybus_ins/system_i/vivado_system_i/processing_system7_0_axi_periph/xbar/inst/gen_samd.crossbar_samd/addr_arbiter_ar/E[0]
    SLICE_X34Y103        FDRE                                         r  xillybus_ins/system_i/vivado_system_i/processing_system7_0_axi_periph/xbar/inst/gen_samd.crossbar_samd/addr_arbiter_ar/gen_no_arbiter.m_target_hot_i_reg[1]/CE
  -------------------------------------------------------------------    -------------------

                         (clock clk_fpga_1 rise edge)
                                                     10.000    10.000 r  
    PS7_X0Y0             PS7                          0.000    10.000 r  xillybus_ins/system_i/vivado_system_i/processing_system7_0/inst/PS7_i/FCLKCLK[1]
                         net (fo=1, routed)           1.088    11.088    xillybus_ins/system_i/vivado_system_i/processing_system7_0/inst/FCLK_CLK_unbuffered[1]
    BUFGCTRL_X0Y16       BUFG (Prop_bufg_I_O)         0.091    11.179 r  xillybus_ins/system_i/vivado_system_i/processing_system7_0/inst/buffer_fclk_clk_1.FCLK_CLK_1_BUFG/O
                         net (fo=7320, routed)        1.654    12.833    xillybus_ins/system_i/vivado_system_i/processing_system7_0_axi_periph/xbar/inst/gen_samd.crossbar_samd/addr_arbiter_ar/aclk
    SLICE_X34Y103        FDRE                                         r  xillybus_ins/system_i/vivado_system_i/processing_system7_0_axi_periph/xbar/inst/gen_samd.crossbar_samd/addr_arbiter_ar/gen_no_arbiter.m_target_hot_i_reg[1]/C
                         clock pessimism              0.129    12.962    
                         clock uncertainty           -0.154    12.808    
    SLICE_X34Y103        FDRE (Setup_fdre_C_CE)      -0.377    12.431    xillybus_ins/system_i/vivado_system_i/processing_system7_0_axi_periph/xbar/inst/gen_samd.crossbar_samd/addr_arbiter_ar/gen_no_arbiter.m_target_hot_i_reg[1]
  -------------------------------------------------------------------
                         required time                         12.431    
                         arrival time                         -11.280    
  -------------------------------------------------------------------
                         slack                                  1.151    

Slack (MET) :             1.151ns  (required time - arrival time)
  Source:                 xillybus_ins/system_i/vivado_system_i/processing_system7_0/inst/PS7_i/MAXIGP0ACLK
                            (rising edge-triggered cell PS7 clocked by clk_fpga_1  {rise@0.000ns fall@5.000ns period=10.000ns})
  Destination:            xillybus_ins/system_i/vivado_system_i/processing_system7_0_axi_periph/xbar/inst/gen_samd.crossbar_samd/addr_arbiter_ar/gen_no_arbiter.m_target_hot_i_reg[2]/CE
                            (rising edge-triggered cell FDRE clocked by clk_fpga_1  {rise@0.000ns fall@5.000ns period=10.000ns})
  Path Group:             clk_fpga_1
  Path Type:              Setup (Max at Slow Process Corner)
  Requirement:            10.000ns  (clk_fpga_1 rise@10.000ns - clk_fpga_1 rise@0.000ns)
  Data Path Delay:        8.249ns  (logic 2.860ns (34.672%)  route 5.389ns (65.328%))
  Logic Levels:           6  (CARRY4=1 LUT2=1 LUT4=1 LUT6=3)
  Clock Path Skew:        -0.069ns (DCD - SCD + CPR)
    Destination Clock Delay (DCD):    2.833ns = ( 12.833 - 10.000 ) 
    Source Clock Delay      (SCD):    3.031ns
    Clock Pessimism Removal (CPR):    0.129ns
  Clock Uncertainty:      0.154ns  ((TSJ^2 + TIJ^2)^1/2 + DJ) / 2 + PE
    Total System Jitter     (TSJ):    0.071ns
    Total Input Jitter      (TIJ):    0.300ns
    Discrete Jitter          (DJ):    0.000ns
    Phase Error              (PE):    0.000ns

    Location             Delay type                Incr(ns)  Path(ns)    Netlist Resource(s)
  -------------------------------------------------------------------    -------------------
                         (clock clk_fpga_1 rise edge)
                                                      0.000     0.000 r  
    PS7_X0Y0             PS7                          0.000     0.000 r  xillybus_ins/system_i/vivado_system_i/processing_system7_0/inst/PS7_i/FCLKCLK[1]
                         net (fo=1, routed)           1.193     1.193    xillybus_ins/system_i/vivado_system_i/processing_system7_0/inst/FCLK_CLK_unbuffered[1]
    BUFGCTRL_X0Y16       BUFG (Prop_bufg_I_O)         0.101     1.294 r  xillybus_ins/system_i/vivado_system_i/processing_system7_0/inst/buffer_fclk_clk_1.FCLK_CLK_1_BUFG/O
                         net (fo=7320, routed)        1.737     3.031    xillybus_ins/system_i/vivado_system_i/processing_system7_0/inst/M_AXI_GP0_ACLK
    PS7_X0Y0             PS7                                          r  xillybus_ins/system_i/vivado_system_i/processing_system7_0/inst/PS7_i/MAXIGP0ACLK
  -------------------------------------------------------------------    -------------------
    PS7_X0Y0             PS7 (Prop_ps7_MAXIGP0ACLK_MAXIGP0ARID[1])
                                                      1.450     4.481 r  xillybus_ins/system_i/vivado_system_i/processing_system7_0/inst/PS7_i/MAXIGP0ARID[1]
                         net (fo=17, routed)          1.661     6.142    xillybus_ins/system_i/vivado_system_i/processing_system7_0_axi_periph/xbar/inst/gen_samd.crossbar_samd/gen_slave_slots[0].gen_si_read.si_transactor_ar/gen_multi_thread.active_id_reg[11]_1[1]
    SLICE_X28Y100        LUT6 (Prop_lut6_I0_O)        0.124     6.266 r  xillybus_ins/system_i/vivado_system_i/processing_system7_0_axi_periph/xbar/inst/gen_samd.crossbar_samd/gen_slave_slots[0].gen_si_read.si_transactor_ar/gen_multi_thread.aid_match_50_carry_i_4/O
                         net (fo=1, routed)           0.000     6.266    xillybus_ins/system_i/vivado_system_i/processing_system7_0_axi_periph/xbar/inst/gen_samd.crossbar_samd/gen_slave_slots[0].gen_si_read.si_transactor_ar/gen_multi_thread.aid_match_50_carry_i_4_n_6
    SLICE_X28Y100        CARRY4 (Prop_carry4_S[0]_CO[3])
                                                      0.532     6.798 f  xillybus_ins/system_i/vivado_system_i/processing_system7_0_axi_periph/xbar/inst/gen_samd.crossbar_samd/gen_slave_slots[0].gen_si_read.si_transactor_ar/gen_multi_thread.aid_match_50_carry/CO[3]
                         net (fo=5, routed)           1.220     8.018    xillybus_ins/system_i/vivado_system_i/processing_system7_0_axi_periph/xbar/inst/gen_samd.crossbar_samd/gen_slave_slots[0].gen_si_read.si_transactor_ar/gen_multi_thread.aid_match_50
    SLICE_X26Y103        LUT4 (Prop_lut4_I2_O)        0.150     8.168 f  xillybus_ins/system_i/vivado_system_i/processing_system7_0_axi_periph/xbar/inst/gen_samd.crossbar_samd/gen_slave_slots[0].gen_si_read.si_transactor_ar/gen_no_arbiter.s_ready_i[0]_i_33/O
                         net (fo=1, routed)           0.944     9.112    xillybus_ins/system_i/vivado_system_i/processing_system7_0_axi_periph/xbar/inst/gen_samd.crossbar_samd/gen_slave_slots[0].gen_si_read.si_transactor_ar/gen_no_arbiter.s_ready_i[0]_i_33_n_6
    SLICE_X28Y103        LUT6 (Prop_lut6_I4_O)        0.328     9.440 f  xillybus_ins/system_i/vivado_system_i/processing_system7_0_axi_periph/xbar/inst/gen_samd.crossbar_samd/gen_slave_slots[0].gen_si_read.si_transactor_ar/gen_no_arbiter.s_ready_i[0]_i_7/O
                         net (fo=1, routed)           0.682    10.122    xillybus_ins/system_i/vivado_system_i/processing_system7_0_axi_periph/xbar/inst/gen_samd.crossbar_samd/gen_slave_slots[0].gen_si_read.si_transactor_ar/gen_multi_thread.mux_resp_multi_thread/gen_no_arbiter.m_target_hot_i_reg[4]_2
    SLICE_X32Y103        LUT6 (Prop_lut6_I4_O)        0.124    10.246 r  xillybus_ins/system_i/vivado_system_i/processing_system7_0_axi_periph/xbar/inst/gen_samd.crossbar_samd/gen_slave_slots[0].gen_si_read.si_transactor_ar/gen_multi_thread.mux_resp_multi_thread/gen_no_arbiter.s_ready_i[0]_i_2/O
                         net (fo=2, routed)           0.511    10.757    xillybus_ins/system_i/vivado_system_i/processing_system7_0_axi_periph/xbar/inst/gen_samd.crossbar_samd/gen_slave_slots[0].gen_si_read.si_transactor_ar/gen_multi_thread.mux_resp_multi_thread/m_valid_i
    SLICE_X33Y103        LUT2 (Prop_lut2_I0_O)        0.152    10.909 r  xillybus_ins/system_i/vivado_system_i/processing_system7_0_axi_periph/xbar/inst/gen_samd.crossbar_samd/gen_slave_slots[0].gen_si_read.si_transactor_ar/gen_multi_thread.mux_resp_multi_thread/gen_no_arbiter.s_ready_i[0]_i_1/O
                         net (fo=5, routed)           0.370    11.280    xillybus_ins/system_i/vivado_system_i/processing_system7_0_axi_periph/xbar/inst/gen_samd.crossbar_samd/addr_arbiter_ar/E[0]
    SLICE_X34Y103        FDRE                                         r  xillybus_ins/system_i/vivado_system_i/processing_system7_0_axi_periph/xbar/inst/gen_samd.crossbar_samd/addr_arbiter_ar/gen_no_arbiter.m_target_hot_i_reg[2]/CE
  -------------------------------------------------------------------    -------------------

                         (clock clk_fpga_1 rise edge)
                                                     10.000    10.000 r  
    PS7_X0Y0             PS7                          0.000    10.000 r  xillybus_ins/system_i/vivado_system_i/processing_system7_0/inst/PS7_i/FCLKCLK[1]
                         net (fo=1, routed)           1.088    11.088    xillybus_ins/system_i/vivado_system_i/processing_system7_0/inst/FCLK_CLK_unbuffered[1]
    BUFGCTRL_X0Y16       BUFG (Prop_bufg_I_O)         0.091    11.179 r  xillybus_ins/system_i/vivado_system_i/processing_system7_0/inst/buffer_fclk_clk_1.FCLK_CLK_1_BUFG/O
                         net (fo=7320, routed)        1.654    12.833    xillybus_ins/system_i/vivado_system_i/processing_system7_0_axi_periph/xbar/inst/gen_samd.crossbar_samd/addr_arbiter_ar/aclk
    SLICE_X34Y103        FDRE                                         r  xillybus_ins/system_i/vivado_system_i/processing_system7_0_axi_periph/xbar/inst/gen_samd.crossbar_samd/addr_arbiter_ar/gen_no_arbiter.m_target_hot_i_reg[2]/C
                         clock pessimism              0.129    12.962    
                         clock uncertainty           -0.154    12.808    
    SLICE_X34Y103        FDRE (Setup_fdre_C_CE)      -0.377    12.431    xillybus_ins/system_i/vivado_system_i/processing_system7_0_axi_periph/xbar/inst/gen_samd.crossbar_samd/addr_arbiter_ar/gen_no_arbiter.m_target_hot_i_reg[2]
  -------------------------------------------------------------------
                         required time                         12.431    
                         arrival time                         -11.280    
  -------------------------------------------------------------------
                         slack                                  1.151    

Slack (MET) :             1.151ns  (required time - arrival time)
  Source:                 xillybus_ins/system_i/vivado_system_i/processing_system7_0/inst/PS7_i/MAXIGP0ACLK
                            (rising edge-triggered cell PS7 clocked by clk_fpga_1  {rise@0.000ns fall@5.000ns period=10.000ns})
  Destination:            xillybus_ins/system_i/vivado_system_i/processing_system7_0_axi_periph/xbar/inst/gen_samd.crossbar_samd/addr_arbiter_ar/gen_no_arbiter.m_target_hot_i_reg[4]/CE
                            (rising edge-triggered cell FDRE clocked by clk_fpga_1  {rise@0.000ns fall@5.000ns period=10.000ns})
  Path Group:             clk_fpga_1
  Path Type:              Setup (Max at Slow Process Corner)
  Requirement:            10.000ns  (clk_fpga_1 rise@10.000ns - clk_fpga_1 rise@0.000ns)
  Data Path Delay:        8.249ns  (logic 2.860ns (34.672%)  route 5.389ns (65.328%))
  Logic Levels:           6  (CARRY4=1 LUT2=1 LUT4=1 LUT6=3)
  Clock Path Skew:        -0.069ns (DCD - SCD + CPR)
    Destination Clock Delay (DCD):    2.833ns = ( 12.833 - 10.000 ) 
    Source Clock Delay      (SCD):    3.031ns
    Clock Pessimism Removal (CPR):    0.129ns
  Clock Uncertainty:      0.154ns  ((TSJ^2 + TIJ^2)^1/2 + DJ) / 2 + PE
    Total System Jitter     (TSJ):    0.071ns
    Total Input Jitter      (TIJ):    0.300ns
    Discrete Jitter          (DJ):    0.000ns
    Phase Error              (PE):    0.000ns

    Location             Delay type                Incr(ns)  Path(ns)    Netlist Resource(s)
  -------------------------------------------------------------------    -------------------
                         (clock clk_fpga_1 rise edge)
                                                      0.000     0.000 r  
    PS7_X0Y0             PS7                          0.000     0.000 r  xillybus_ins/system_i/vivado_system_i/processing_system7_0/inst/PS7_i/FCLKCLK[1]
                         net (fo=1, routed)           1.193     1.193    xillybus_ins/system_i/vivado_system_i/processing_system7_0/inst/FCLK_CLK_unbuffered[1]
    BUFGCTRL_X0Y16       BUFG (Prop_bufg_I_O)         0.101     1.294 r  xillybus_ins/system_i/vivado_system_i/processing_system7_0/inst/buffer_fclk_clk_1.FCLK_CLK_1_BUFG/O
                         net (fo=7320, routed)        1.737     3.031    xillybus_ins/system_i/vivado_system_i/processing_system7_0/inst/M_AXI_GP0_ACLK
    PS7_X0Y0             PS7                                          r  xillybus_ins/system_i/vivado_system_i/processing_system7_0/inst/PS7_i/MAXIGP0ACLK
  -------------------------------------------------------------------    -------------------
    PS7_X0Y0             PS7 (Prop_ps7_MAXIGP0ACLK_MAXIGP0ARID[1])
                                                      1.450     4.481 r  xillybus_ins/system_i/vivado_system_i/processing_system7_0/inst/PS7_i/MAXIGP0ARID[1]
                         net (fo=17, routed)          1.661     6.142    xillybus_ins/system_i/vivado_system_i/processing_system7_0_axi_periph/xbar/inst/gen_samd.crossbar_samd/gen_slave_slots[0].gen_si_read.si_transactor_ar/gen_multi_thread.active_id_reg[11]_1[1]
    SLICE_X28Y100        LUT6 (Prop_lut6_I0_O)        0.124     6.266 r  xillybus_ins/system_i/vivado_system_i/processing_system7_0_axi_periph/xbar/inst/gen_samd.crossbar_samd/gen_slave_slots[0].gen_si_read.si_transactor_ar/gen_multi_thread.aid_match_50_carry_i_4/O
                         net (fo=1, routed)           0.000     6.266    xillybus_ins/system_i/vivado_system_i/processing_system7_0_axi_periph/xbar/inst/gen_samd.crossbar_samd/gen_slave_slots[0].gen_si_read.si_transactor_ar/gen_multi_thread.aid_match_50_carry_i_4_n_6
    SLICE_X28Y100        CARRY4 (Prop_carry4_S[0]_CO[3])
                                                      0.532     6.798 f  xillybus_ins/system_i/vivado_system_i/processing_system7_0_axi_periph/xbar/inst/gen_samd.crossbar_samd/gen_slave_slots[0].gen_si_read.si_transactor_ar/gen_multi_thread.aid_match_50_carry/CO[3]
                         net (fo=5, routed)           1.220     8.018    xillybus_ins/system_i/vivado_system_i/processing_system7_0_axi_periph/xbar/inst/gen_samd.crossbar_samd/gen_slave_slots[0].gen_si_read.si_transactor_ar/gen_multi_thread.aid_match_50
    SLICE_X26Y103        LUT4 (Prop_lut4_I2_O)        0.150     8.168 f  xillybus_ins/system_i/vivado_system_i/processing_system7_0_axi_periph/xbar/inst/gen_samd.crossbar_samd/gen_slave_slots[0].gen_si_read.si_transactor_ar/gen_no_arbiter.s_ready_i[0]_i_33/O
                         net (fo=1, routed)           0.944     9.112    xillybus_ins/system_i/vivado_system_i/processing_system7_0_axi_periph/xbar/inst/gen_samd.crossbar_samd/gen_slave_slots[0].gen_si_read.si_transactor_ar/gen_no_arbiter.s_ready_i[0]_i_33_n_6
    SLICE_X28Y103        LUT6 (Prop_lut6_I4_O)        0.328     9.440 f  xillybus_ins/system_i/vivado_system_i/processing_system7_0_axi_periph/xbar/inst/gen_samd.crossbar_samd/gen_slave_slots[0].gen_si_read.si_transactor_ar/gen_no_arbiter.s_ready_i[0]_i_7/O
                         net (fo=1, routed)           0.682    10.122    xillybus_ins/system_i/vivado_system_i/processing_system7_0_axi_periph/xbar/inst/gen_samd.crossbar_samd/gen_slave_slots[0].gen_si_read.si_transactor_ar/gen_multi_thread.mux_resp_multi_thread/gen_no_arbiter.m_target_hot_i_reg[4]_2
    SLICE_X32Y103        LUT6 (Prop_lut6_I4_O)        0.124    10.246 r  xillybus_ins/system_i/vivado_system_i/processing_system7_0_axi_periph/xbar/inst/gen_samd.crossbar_samd/gen_slave_slots[0].gen_si_read.si_transactor_ar/gen_multi_thread.mux_resp_multi_thread/gen_no_arbiter.s_ready_i[0]_i_2/O
                         net (fo=2, routed)           0.511    10.757    xillybus_ins/system_i/vivado_system_i/processing_system7_0_axi_periph/xbar/inst/gen_samd.crossbar_samd/gen_slave_slots[0].gen_si_read.si_transactor_ar/gen_multi_thread.mux_resp_multi_thread/m_valid_i
    SLICE_X33Y103        LUT2 (Prop_lut2_I0_O)        0.152    10.909 r  xillybus_ins/system_i/vivado_system_i/processing_system7_0_axi_periph/xbar/inst/gen_samd.crossbar_samd/gen_slave_slots[0].gen_si_read.si_transactor_ar/gen_multi_thread.mux_resp_multi_thread/gen_no_arbiter.s_ready_i[0]_i_1/O
                         net (fo=5, routed)           0.370    11.280    xillybus_ins/system_i/vivado_system_i/processing_system7_0_axi_periph/xbar/inst/gen_samd.crossbar_samd/addr_arbiter_ar/E[0]
    SLICE_X34Y103        FDRE                                         r  xillybus_ins/system_i/vivado_system_i/processing_system7_0_axi_periph/xbar/inst/gen_samd.crossbar_samd/addr_arbiter_ar/gen_no_arbiter.m_target_hot_i_reg[4]/CE
  -------------------------------------------------------------------    -------------------

                         (clock clk_fpga_1 rise edge)
                                                     10.000    10.000 r  
    PS7_X0Y0             PS7                          0.000    10.000 r  xillybus_ins/system_i/vivado_system_i/processing_system7_0/inst/PS7_i/FCLKCLK[1]
                         net (fo=1, routed)           1.088    11.088    xillybus_ins/system_i/vivado_system_i/processing_system7_0/inst/FCLK_CLK_unbuffered[1]
    BUFGCTRL_X0Y16       BUFG (Prop_bufg_I_O)         0.091    11.179 r  xillybus_ins/system_i/vivado_system_i/processing_system7_0/inst/buffer_fclk_clk_1.FCLK_CLK_1_BUFG/O
                         net (fo=7320, routed)        1.654    12.833    xillybus_ins/system_i/vivado_system_i/processing_system7_0_axi_periph/xbar/inst/gen_samd.crossbar_samd/addr_arbiter_ar/aclk
    SLICE_X34Y103        FDRE                                         r  xillybus_ins/system_i/vivado_system_i/processing_system7_0_axi_periph/xbar/inst/gen_samd.crossbar_samd/addr_arbiter_ar/gen_no_arbiter.m_target_hot_i_reg[4]/C
                         clock pessimism              0.129    12.962    
                         clock uncertainty           -0.154    12.808    
    SLICE_X34Y103        FDRE (Setup_fdre_C_CE)      -0.377    12.431    xillybus_ins/system_i/vivado_system_i/processing_system7_0_axi_periph/xbar/inst/gen_samd.crossbar_samd/addr_arbiter_ar/gen_no_arbiter.m_target_hot_i_reg[4]
  -------------------------------------------------------------------
                         required time                         12.431    
                         arrival time                         -11.280    
  -------------------------------------------------------------------
                         slack                                  1.151    

Slack (MET) :             1.154ns  (required time - arrival time)
  Source:                 xillybus_ins/system_i/vivado_system_i/processing_system7_0/inst/PS7_i/MAXIGP0ACLK
                            (rising edge-triggered cell PS7 clocked by clk_fpga_1  {rise@0.000ns fall@5.000ns period=10.000ns})
  Destination:            xillybus_ins/system_i/vivado_system_i/processing_system7_0_axi_periph/xbar/inst/gen_samd.crossbar_samd/addr_arbiter_ar/gen_no_arbiter.m_target_hot_i_reg[0]/CE
                            (rising edge-triggered cell FDRE clocked by clk_fpga_1  {rise@0.000ns fall@5.000ns period=10.000ns})
  Path Group:             clk_fpga_1
  Path Type:              Setup (Max at Slow Process Corner)
  Requirement:            10.000ns  (clk_fpga_1 rise@10.000ns - clk_fpga_1 rise@0.000ns)
  Data Path Delay:        8.245ns  (logic 2.860ns (34.688%)  route 5.385ns (65.312%))
  Logic Levels:           6  (CARRY4=1 LUT2=1 LUT4=1 LUT6=3)
  Clock Path Skew:        -0.070ns (DCD - SCD + CPR)
    Destination Clock Delay (DCD):    2.832ns = ( 12.832 - 10.000 ) 
    Source Clock Delay      (SCD):    3.031ns
    Clock Pessimism Removal (CPR):    0.129ns
  Clock Uncertainty:      0.154ns  ((TSJ^2 + TIJ^2)^1/2 + DJ) / 2 + PE
    Total System Jitter     (TSJ):    0.071ns
    Total Input Jitter      (TIJ):    0.300ns
    Discrete Jitter          (DJ):    0.000ns
    Phase Error              (PE):    0.000ns

    Location             Delay type                Incr(ns)  Path(ns)    Netlist Resource(s)
  -------------------------------------------------------------------    -------------------
                         (clock clk_fpga_1 rise edge)
                                                      0.000     0.000 r  
    PS7_X0Y0             PS7                          0.000     0.000 r  xillybus_ins/system_i/vivado_system_i/processing_system7_0/inst/PS7_i/FCLKCLK[1]
                         net (fo=1, routed)           1.193     1.193    xillybus_ins/system_i/vivado_system_i/processing_system7_0/inst/FCLK_CLK_unbuffered[1]
    BUFGCTRL_X0Y16       BUFG (Prop_bufg_I_O)         0.101     1.294 r  xillybus_ins/system_i/vivado_system_i/processing_system7_0/inst/buffer_fclk_clk_1.FCLK_CLK_1_BUFG/O
                         net (fo=7320, routed)        1.737     3.031    xillybus_ins/system_i/vivado_system_i/processing_system7_0/inst/M_AXI_GP0_ACLK
    PS7_X0Y0             PS7                                          r  xillybus_ins/system_i/vivado_system_i/processing_system7_0/inst/PS7_i/MAXIGP0ACLK
  -------------------------------------------------------------------    -------------------
    PS7_X0Y0             PS7 (Prop_ps7_MAXIGP0ACLK_MAXIGP0ARID[1])
                                                      1.450     4.481 r  xillybus_ins/system_i/vivado_system_i/processing_system7_0/inst/PS7_i/MAXIGP0ARID[1]
                         net (fo=17, routed)          1.661     6.142    xillybus_ins/system_i/vivado_system_i/processing_system7_0_axi_periph/xbar/inst/gen_samd.crossbar_samd/gen_slave_slots[0].gen_si_read.si_transactor_ar/gen_multi_thread.active_id_reg[11]_1[1]
    SLICE_X28Y100        LUT6 (Prop_lut6_I0_O)        0.124     6.266 r  xillybus_ins/system_i/vivado_system_i/processing_system7_0_axi_periph/xbar/inst/gen_samd.crossbar_samd/gen_slave_slots[0].gen_si_read.si_transactor_ar/gen_multi_thread.aid_match_50_carry_i_4/O
                         net (fo=1, routed)           0.000     6.266    xillybus_ins/system_i/vivado_system_i/processing_system7_0_axi_periph/xbar/inst/gen_samd.crossbar_samd/gen_slave_slots[0].gen_si_read.si_transactor_ar/gen_multi_thread.aid_match_50_carry_i_4_n_6
    SLICE_X28Y100        CARRY4 (Prop_carry4_S[0]_CO[3])
                                                      0.532     6.798 f  xillybus_ins/system_i/vivado_system_i/processing_system7_0_axi_periph/xbar/inst/gen_samd.crossbar_samd/gen_slave_slots[0].gen_si_read.si_transactor_ar/gen_multi_thread.aid_match_50_carry/CO[3]
                         net (fo=5, routed)           1.220     8.018    xillybus_ins/system_i/vivado_system_i/processing_system7_0_axi_periph/xbar/inst/gen_samd.crossbar_samd/gen_slave_slots[0].gen_si_read.si_transactor_ar/gen_multi_thread.aid_match_50
    SLICE_X26Y103        LUT4 (Prop_lut4_I2_O)        0.150     8.168 f  xillybus_ins/system_i/vivado_system_i/processing_system7_0_axi_periph/xbar/inst/gen_samd.crossbar_samd/gen_slave_slots[0].gen_si_read.si_transactor_ar/gen_no_arbiter.s_ready_i[0]_i_33/O
                         net (fo=1, routed)           0.944     9.112    xillybus_ins/system_i/vivado_system_i/processing_system7_0_axi_periph/xbar/inst/gen_samd.crossbar_samd/gen_slave_slots[0].gen_si_read.si_transactor_ar/gen_no_arbiter.s_ready_i[0]_i_33_n_6
    SLICE_X28Y103        LUT6 (Prop_lut6_I4_O)        0.328     9.440 f  xillybus_ins/system_i/vivado_system_i/processing_system7_0_axi_periph/xbar/inst/gen_samd.crossbar_samd/gen_slave_slots[0].gen_si_read.si_transactor_ar/gen_no_arbiter.s_ready_i[0]_i_7/O
                         net (fo=1, routed)           0.682    10.122    xillybus_ins/system_i/vivado_system_i/processing_system7_0_axi_periph/xbar/inst/gen_samd.crossbar_samd/gen_slave_slots[0].gen_si_read.si_transactor_ar/gen_multi_thread.mux_resp_multi_thread/gen_no_arbiter.m_target_hot_i_reg[4]_2
    SLICE_X32Y103        LUT6 (Prop_lut6_I4_O)        0.124    10.246 r  xillybus_ins/system_i/vivado_system_i/processing_system7_0_axi_periph/xbar/inst/gen_samd.crossbar_samd/gen_slave_slots[0].gen_si_read.si_transactor_ar/gen_multi_thread.mux_resp_multi_thread/gen_no_arbiter.s_ready_i[0]_i_2/O
                         net (fo=2, routed)           0.511    10.757    xillybus_ins/system_i/vivado_system_i/processing_system7_0_axi_periph/xbar/inst/gen_samd.crossbar_samd/gen_slave_slots[0].gen_si_read.si_transactor_ar/gen_multi_thread.mux_resp_multi_thread/m_valid_i
    SLICE_X33Y103        LUT2 (Prop_lut2_I0_O)        0.152    10.909 r  xillybus_ins/system_i/vivado_system_i/processing_system7_0_axi_periph/xbar/inst/gen_samd.crossbar_samd/gen_slave_slots[0].gen_si_read.si_transactor_ar/gen_multi_thread.mux_resp_multi_thread/gen_no_arbiter.s_ready_i[0]_i_1/O
                         net (fo=5, routed)           0.367    11.276    xillybus_ins/system_i/vivado_system_i/processing_system7_0_axi_periph/xbar/inst/gen_samd.crossbar_samd/addr_arbiter_ar/E[0]
    SLICE_X32Y104        FDRE                                         r  xillybus_ins/system_i/vivado_system_i/processing_system7_0_axi_periph/xbar/inst/gen_samd.crossbar_samd/addr_arbiter_ar/gen_no_arbiter.m_target_hot_i_reg[0]/CE
  -------------------------------------------------------------------    -------------------

                         (clock clk_fpga_1 rise edge)
                                                     10.000    10.000 r  
    PS7_X0Y0             PS7                          0.000    10.000 r  xillybus_ins/system_i/vivado_system_i/processing_system7_0/inst/PS7_i/FCLKCLK[1]
                         net (fo=1, routed)           1.088    11.088    xillybus_ins/system_i/vivado_system_i/processing_system7_0/inst/FCLK_CLK_unbuffered[1]
    BUFGCTRL_X0Y16       BUFG (Prop_bufg_I_O)         0.091    11.179 r  xillybus_ins/system_i/vivado_system_i/processing_system7_0/inst/buffer_fclk_clk_1.FCLK_CLK_1_BUFG/O
                         net (fo=7320, routed)        1.653    12.832    xillybus_ins/system_i/vivado_system_i/processing_system7_0_axi_periph/xbar/inst/gen_samd.crossbar_samd/addr_arbiter_ar/aclk
    SLICE_X32Y104        FDRE                                         r  xillybus_ins/system_i/vivado_system_i/processing_system7_0_axi_periph/xbar/inst/gen_samd.crossbar_samd/addr_arbiter_ar/gen_no_arbiter.m_target_hot_i_reg[0]/C
                         clock pessimism              0.129    12.961    
                         clock uncertainty           -0.154    12.807    
    SLICE_X32Y104        FDRE (Setup_fdre_C_CE)      -0.377    12.430    xillybus_ins/system_i/vivado_system_i/processing_system7_0_axi_periph/xbar/inst/gen_samd.crossbar_samd/addr_arbiter_ar/gen_no_arbiter.m_target_hot_i_reg[0]
  -------------------------------------------------------------------
                         required time                         12.430    
                         arrival time                         -11.276    
  -------------------------------------------------------------------
                         slack                                  1.154    

Slack (MET) :             1.291ns  (required time - arrival time)
  Source:                 xillybus_ins/system_i/vivado_system_i/processing_system7_0/inst/PS7_i/MAXIGP0ACLK
                            (rising edge-triggered cell PS7 clocked by clk_fpga_1  {rise@0.000ns fall@5.000ns period=10.000ns})
  Destination:            xillybus_ins/system_i/vivado_system_i/processing_system7_0_axi_periph/xbar/inst/gen_samd.crossbar_samd/addr_arbiter_ar/gen_no_arbiter.s_ready_i_reg[0]/D
                            (rising edge-triggered cell FDRE clocked by clk_fpga_1  {rise@0.000ns fall@5.000ns period=10.000ns})
  Path Group:             clk_fpga_1
  Path Type:              Setup (Max at Slow Process Corner)
  Requirement:            10.000ns  (clk_fpga_1 rise@10.000ns - clk_fpga_1 rise@0.000ns)
  Data Path Delay:        8.246ns  (logic 2.860ns (34.684%)  route 5.386ns (65.316%))
  Logic Levels:           6  (CARRY4=1 LUT2=1 LUT4=1 LUT6=3)
  Clock Path Skew:        -0.070ns (DCD - SCD + CPR)
    Destination Clock Delay (DCD):    2.832ns = ( 12.832 - 10.000 ) 
    Source Clock Delay      (SCD):    3.031ns
    Clock Pessimism Removal (CPR):    0.129ns
  Clock Uncertainty:      0.154ns  ((TSJ^2 + TIJ^2)^1/2 + DJ) / 2 + PE
    Total System Jitter     (TSJ):    0.071ns
    Total Input Jitter      (TIJ):    0.300ns
    Discrete Jitter          (DJ):    0.000ns
    Phase Error              (PE):    0.000ns

    Location             Delay type                Incr(ns)  Path(ns)    Netlist Resource(s)
  -------------------------------------------------------------------    -------------------
                         (clock clk_fpga_1 rise edge)
                                                      0.000     0.000 r  
    PS7_X0Y0             PS7                          0.000     0.000 r  xillybus_ins/system_i/vivado_system_i/processing_system7_0/inst/PS7_i/FCLKCLK[1]
                         net (fo=1, routed)           1.193     1.193    xillybus_ins/system_i/vivado_system_i/processing_system7_0/inst/FCLK_CLK_unbuffered[1]
    BUFGCTRL_X0Y16       BUFG (Prop_bufg_I_O)         0.101     1.294 r  xillybus_ins/system_i/vivado_system_i/processing_system7_0/inst/buffer_fclk_clk_1.FCLK_CLK_1_BUFG/O
                         net (fo=7320, routed)        1.737     3.031    xillybus_ins/system_i/vivado_system_i/processing_system7_0/inst/M_AXI_GP0_ACLK
    PS7_X0Y0             PS7                                          r  xillybus_ins/system_i/vivado_system_i/processing_system7_0/inst/PS7_i/MAXIGP0ACLK
  -------------------------------------------------------------------    -------------------
    PS7_X0Y0             PS7 (Prop_ps7_MAXIGP0ACLK_MAXIGP0ARID[1])
                                                      1.450     4.481 r  xillybus_ins/system_i/vivado_system_i/processing_system7_0/inst/PS7_i/MAXIGP0ARID[1]
                         net (fo=17, routed)          1.661     6.142    xillybus_ins/system_i/vivado_system_i/processing_system7_0_axi_periph/xbar/inst/gen_samd.crossbar_samd/gen_slave_slots[0].gen_si_read.si_transactor_ar/gen_multi_thread.active_id_reg[11]_1[1]
    SLICE_X28Y100        LUT6 (Prop_lut6_I0_O)        0.124     6.266 r  xillybus_ins/system_i/vivado_system_i/processing_system7_0_axi_periph/xbar/inst/gen_samd.crossbar_samd/gen_slave_slots[0].gen_si_read.si_transactor_ar/gen_multi_thread.aid_match_50_carry_i_4/O
                         net (fo=1, routed)           0.000     6.266    xillybus_ins/system_i/vivado_system_i/processing_system7_0_axi_periph/xbar/inst/gen_samd.crossbar_samd/gen_slave_slots[0].gen_si_read.si_transactor_ar/gen_multi_thread.aid_match_50_carry_i_4_n_6
    SLICE_X28Y100        CARRY4 (Prop_carry4_S[0]_CO[3])
                                                      0.532     6.798 f  xillybus_ins/system_i/vivado_system_i/processing_system7_0_axi_periph/xbar/inst/gen_samd.crossbar_samd/gen_slave_slots[0].gen_si_read.si_transactor_ar/gen_multi_thread.aid_match_50_carry/CO[3]
                         net (fo=5, routed)           1.220     8.018    xillybus_ins/system_i/vivado_system_i/processing_system7_0_axi_periph/xbar/inst/gen_samd.crossbar_samd/gen_slave_slots[0].gen_si_read.si_transactor_ar/gen_multi_thread.aid_match_50
    SLICE_X26Y103        LUT4 (Prop_lut4_I2_O)        0.150     8.168 f  xillybus_ins/system_i/vivado_system_i/processing_system7_0_axi_periph/xbar/inst/gen_samd.crossbar_samd/gen_slave_slots[0].gen_si_read.si_transactor_ar/gen_no_arbiter.s_ready_i[0]_i_33/O
                         net (fo=1, routed)           0.944     9.112    xillybus_ins/system_i/vivado_system_i/processing_system7_0_axi_periph/xbar/inst/gen_samd.crossbar_samd/gen_slave_slots[0].gen_si_read.si_transactor_ar/gen_no_arbiter.s_ready_i[0]_i_33_n_6
    SLICE_X28Y103        LUT6 (Prop_lut6_I4_O)        0.328     9.440 f  xillybus_ins/system_i/vivado_system_i/processing_system7_0_axi_periph/xbar/inst/gen_samd.crossbar_samd/gen_slave_slots[0].gen_si_read.si_transactor_ar/gen_no_arbiter.s_ready_i[0]_i_7/O
                         net (fo=1, routed)           0.682    10.122    xillybus_ins/system_i/vivado_system_i/processing_system7_0_axi_periph/xbar/inst/gen_samd.crossbar_samd/gen_slave_slots[0].gen_si_read.si_transactor_ar/gen_multi_thread.mux_resp_multi_thread/gen_no_arbiter.m_target_hot_i_reg[4]_2
    SLICE_X32Y103        LUT6 (Prop_lut6_I4_O)        0.124    10.246 r  xillybus_ins/system_i/vivado_system_i/processing_system7_0_axi_periph/xbar/inst/gen_samd.crossbar_samd/gen_slave_slots[0].gen_si_read.si_transactor_ar/gen_multi_thread.mux_resp_multi_thread/gen_no_arbiter.s_ready_i[0]_i_2/O
                         net (fo=2, routed)           0.511    10.757    xillybus_ins/system_i/vivado_system_i/processing_system7_0_axi_periph/xbar/inst/gen_samd.crossbar_samd/gen_slave_slots[0].gen_si_read.si_transactor_ar/gen_multi_thread.mux_resp_multi_thread/m_valid_i
    SLICE_X33Y103        LUT2 (Prop_lut2_I0_O)        0.152    10.909 r  xillybus_ins/system_i/vivado_system_i/processing_system7_0_axi_periph/xbar/inst/gen_samd.crossbar_samd/gen_slave_slots[0].gen_si_read.si_transactor_ar/gen_multi_thread.mux_resp_multi_thread/gen_no_arbiter.s_ready_i[0]_i_1/O
                         net (fo=5, routed)           0.368    11.277    xillybus_ins/system_i/vivado_system_i/processing_system7_0_axi_periph/xbar/inst/gen_samd.crossbar_samd/addr_arbiter_ar/E[0]
    SLICE_X32Y103        FDRE                                         r  xillybus_ins/system_i/vivado_system_i/processing_system7_0_axi_periph/xbar/inst/gen_samd.crossbar_samd/addr_arbiter_ar/gen_no_arbiter.s_ready_i_reg[0]/D
  -------------------------------------------------------------------    -------------------

                         (clock clk_fpga_1 rise edge)
                                                     10.000    10.000 r  
    PS7_X0Y0             PS7                          0.000    10.000 r  xillybus_ins/system_i/vivado_system_i/processing_system7_0/inst/PS7_i/FCLKCLK[1]
                         net (fo=1, routed)           1.088    11.088    xillybus_ins/system_i/vivado_system_i/processing_system7_0/inst/FCLK_CLK_unbuffered[1]
    BUFGCTRL_X0Y16       BUFG (Prop_bufg_I_O)         0.091    11.179 r  xillybus_ins/system_i/vivado_system_i/processing_system7_0/inst/buffer_fclk_clk_1.FCLK_CLK_1_BUFG/O
                         net (fo=7320, routed)        1.653    12.832    xillybus_ins/system_i/vivado_system_i/processing_system7_0_axi_periph/xbar/inst/gen_samd.crossbar_samd/addr_arbiter_ar/aclk
    SLICE_X32Y103        FDRE                                         r  xillybus_ins/system_i/vivado_system_i/processing_system7_0_axi_periph/xbar/inst/gen_samd.crossbar_samd/addr_arbiter_ar/gen_no_arbiter.s_ready_i_reg[0]/C
                         clock pessimism              0.129    12.961    
                         clock uncertainty           -0.154    12.807    
    SLICE_X32Y103        FDRE (Setup_fdre_C_D)       -0.239    12.568    xillybus_ins/system_i/vivado_system_i/processing_system7_0_axi_periph/xbar/inst/gen_samd.crossbar_samd/addr_arbiter_ar/gen_no_arbiter.s_ready_i_reg[0]
  -------------------------------------------------------------------
                         required time                         12.568    
                         arrival time                         -11.277    
  -------------------------------------------------------------------
                         slack                                  1.291    





Min Delay Paths
--------------------------------------------------------------------------------------
Slack (MET) :             0.014ns  (arrival time - required time)
  Source:                 xillybus_ins/system_i/vivado_system_i/processing_system7_0_axi_periph/m01_couplers/auto_pc/inst/gen_axilite.gen_b2s_conv.axilite_b2s/SI_REG/ar.ar_pipe/m_payload_i_reg[63]/C
                            (rising edge-triggered cell FDRE clocked by clk_fpga_1  {rise@0.000ns fall@5.000ns period=10.000ns})
  Destination:            xillybus_ins/system_i/vivado_system_i/processing_system7_0_axi_periph/m01_couplers/auto_pc/inst/gen_axilite.gen_b2s_conv.axilite_b2s/RD.ar_channel_0/s_arid_r_reg[10]/D
                            (rising edge-triggered cell FDRE clocked by clk_fpga_1  {rise@0.000ns fall@5.000ns period=10.000ns})
  Path Group:             clk_fpga_1
  Path Type:              Hold (Min at Fast Process Corner)
  Requirement:            0.000ns  (clk_fpga_1 rise@0.000ns - clk_fpga_1 rise@0.000ns)
  Data Path Delay:        0.295ns  (logic 0.128ns (43.422%)  route 0.167ns (56.578%))
  Logic Levels:           0  
  Clock Path Skew:        0.267ns (DCD - SCD - CPR)
    Destination Clock Delay (DCD):    1.191ns
    Source Clock Delay      (SCD):    0.889ns
    Clock Pessimism Removal (CPR):    0.035ns

    Location             Delay type                Incr(ns)  Path(ns)    Netlist Resource(s)
  -------------------------------------------------------------------    -------------------
                         (clock clk_fpga_1 rise edge)
                                                      0.000     0.000 r  
    PS7_X0Y0             PS7                          0.000     0.000 r  xillybus_ins/system_i/vivado_system_i/processing_system7_0/inst/PS7_i/FCLKCLK[1]
                         net (fo=1, routed)           0.310     0.310    xillybus_ins/system_i/vivado_system_i/processing_system7_0/inst/FCLK_CLK_unbuffered[1]
    BUFGCTRL_X0Y16       BUFG (Prop_bufg_I_O)         0.026     0.336 r  xillybus_ins/system_i/vivado_system_i/processing_system7_0/inst/buffer_fclk_clk_1.FCLK_CLK_1_BUFG/O
                         net (fo=7320, routed)        0.553     0.889    xillybus_ins/system_i/vivado_system_i/processing_system7_0_axi_periph/m01_couplers/auto_pc/inst/gen_axilite.gen_b2s_conv.axilite_b2s/SI_REG/ar.ar_pipe/aclk
    SLICE_X52Y98         FDRE                                         r  xillybus_ins/system_i/vivado_system_i/processing_system7_0_axi_periph/m01_couplers/auto_pc/inst/gen_axilite.gen_b2s_conv.axilite_b2s/SI_REG/ar.ar_pipe/m_payload_i_reg[63]/C
  -------------------------------------------------------------------    -------------------
    SLICE_X52Y98         FDRE (Prop_fdre_C_Q)         0.128     1.017 r  xillybus_ins/system_i/vivado_system_i/processing_system7_0_axi_periph/m01_couplers/auto_pc/inst/gen_axilite.gen_b2s_conv.axilite_b2s/SI_REG/ar.ar_pipe/m_payload_i_reg[63]/Q
                         net (fo=1, routed)           0.167     1.183    xillybus_ins/system_i/vivado_system_i/processing_system7_0_axi_periph/m01_couplers/auto_pc/inst/gen_axilite.gen_b2s_conv.axilite_b2s/RD.ar_channel_0/s_arid_r_reg[11]_1[34]
    SLICE_X48Y97         FDRE                                         r  xillybus_ins/system_i/vivado_system_i/processing_system7_0_axi_periph/m01_couplers/auto_pc/inst/gen_axilite.gen_b2s_conv.axilite_b2s/RD.ar_channel_0/s_arid_r_reg[10]/D
  -------------------------------------------------------------------    -------------------

                         (clock clk_fpga_1 rise edge)
                                                      0.000     0.000 r  
    PS7_X0Y0             PS7                          0.000     0.000 r  xillybus_ins/system_i/vivado_system_i/processing_system7_0/inst/PS7_i/FCLKCLK[1]
                         net (fo=1, routed)           0.337     0.337    xillybus_ins/system_i/vivado_system_i/processing_system7_0/inst/FCLK_CLK_unbuffered[1]
    BUFGCTRL_X0Y16       BUFG (Prop_bufg_I_O)         0.029     0.366 r  xillybus_ins/system_i/vivado_system_i/processing_system7_0/inst/buffer_fclk_clk_1.FCLK_CLK_1_BUFG/O
                         net (fo=7320, routed)        0.825     1.191    xillybus_ins/system_i/vivado_system_i/processing_system7_0_axi_periph/m01_couplers/auto_pc/inst/gen_axilite.gen_b2s_conv.axilite_b2s/RD.ar_channel_0/aclk
    SLICE_X48Y97         FDRE                                         r  xillybus_ins/system_i/vivado_system_i/processing_system7_0_axi_periph/m01_couplers/auto_pc/inst/gen_axilite.gen_b2s_conv.axilite_b2s/RD.ar_channel_0/s_arid_r_reg[10]/C
                         clock pessimism             -0.035     1.156    
    SLICE_X48Y97         FDRE (Hold_fdre_C_D)         0.013     1.169    xillybus_ins/system_i/vivado_system_i/processing_system7_0_axi_periph/m01_couplers/auto_pc/inst/gen_axilite.gen_b2s_conv.axilite_b2s/RD.ar_channel_0/s_arid_r_reg[10]
  -------------------------------------------------------------------
                         required time                         -1.169    
                         arrival time                           1.183    
  -------------------------------------------------------------------
                         slack                                  0.014    

Slack (MET) :             0.020ns  (arrival time - required time)
  Source:                 xillybus_ins/xillybus_core_ins/msg_buf_ins/rd_data_4/C
                            (rising edge-triggered cell FDRE clocked by clk_fpga_1  {rise@0.000ns fall@5.000ns period=10.000ns})
  Destination:            xillybus_ins/xillybus_core_ins/messages_ins/wrbuffer_msg_data_4/D
                            (rising edge-triggered cell FDRE clocked by clk_fpga_1  {rise@0.000ns fall@5.000ns period=10.000ns})
  Path Group:             clk_fpga_1
  Path Type:              Hold (Min at Fast Process Corner)
  Requirement:            0.000ns  (clk_fpga_1 rise@0.000ns - clk_fpga_1 rise@0.000ns)
  Data Path Delay:        0.304ns  (logic 0.148ns (48.643%)  route 0.156ns (51.357%))
  Logic Levels:           0  
  Clock Path Skew:        0.265ns (DCD - SCD - CPR)
    Destination Clock Delay (DCD):    1.183ns
    Source Clock Delay      (SCD):    0.883ns
    Clock Pessimism Removal (CPR):    0.035ns

    Location             Delay type                Incr(ns)  Path(ns)    Netlist Resource(s)
  -------------------------------------------------------------------    -------------------
                         (clock clk_fpga_1 rise edge)
                                                      0.000     0.000 r  
    PS7_X0Y0             PS7                          0.000     0.000 r  xillybus_ins/system_i/vivado_system_i/processing_system7_0/inst/PS7_i/FCLKCLK[1]
                         net (fo=1, routed)           0.310     0.310    xillybus_ins/system_i/vivado_system_i/processing_system7_0/inst/FCLK_CLK_unbuffered[1]
    BUFGCTRL_X0Y16       BUFG (Prop_bufg_I_O)         0.026     0.336 r  xillybus_ins/system_i/vivado_system_i/processing_system7_0/inst/buffer_fclk_clk_1.FCLK_CLK_1_BUFG/O
                         net (fo=7320, routed)        0.547     0.883    xillybus_ins/xillybus_core_ins/msg_buf_ins/clk
    SLICE_X50Y66         FDRE                                         r  xillybus_ins/xillybus_core_ins/msg_buf_ins/rd_data_4/C
  -------------------------------------------------------------------    -------------------
    SLICE_X50Y66         FDRE (Prop_fdre_C_Q)         0.148     1.031 r  xillybus_ins/xillybus_core_ins/msg_buf_ins/rd_data_4/Q
                         net (fo=1, routed)           0.156     1.187    xillybus_ins/xillybus_core_ins/rd_data_w[4]
    SLICE_X49Y66         FDRE                                         r  xillybus_ins/xillybus_core_ins/messages_ins/wrbuffer_msg_data_4/D
  -------------------------------------------------------------------    -------------------

                         (clock clk_fpga_1 rise edge)
                                                      0.000     0.000 r  
    PS7_X0Y0             PS7                          0.000     0.000 r  xillybus_ins/system_i/vivado_system_i/processing_system7_0/inst/PS7_i/FCLKCLK[1]
                         net (fo=1, routed)           0.337     0.337    xillybus_ins/system_i/vivado_system_i/processing_system7_0/inst/FCLK_CLK_unbuffered[1]
    BUFGCTRL_X0Y16       BUFG (Prop_bufg_I_O)         0.029     0.366 r  xillybus_ins/system_i/vivado_system_i/processing_system7_0/inst/buffer_fclk_clk_1.FCLK_CLK_1_BUFG/O
                         net (fo=7320, routed)        0.817     1.183    xillybus_ins/xillybus_core_ins/bus_clk_w
    SLICE_X49Y66         FDRE                                         r  xillybus_ins/xillybus_core_ins/messages_ins/wrbuffer_msg_data_4/C
                         clock pessimism             -0.035     1.148    
    SLICE_X49Y66         FDRE (Hold_fdre_C_D)         0.019     1.167    xillybus_ins/xillybus_core_ins/messages_ins/wrbuffer_msg_data_4
  -------------------------------------------------------------------
                         required time                         -1.167    
                         arrival time                           1.187    
  -------------------------------------------------------------------
                         slack                                  0.020    

Slack (MET) :             0.039ns  (arrival time - required time)
  Source:                 xillybus_ins/system_i/vivado_system_i/processing_system7_0_axi_periph/m00_couplers/auto_pc/inst/gen_axilite.gen_b2s_conv.axilite_b2s/RD.r_channel_0/r_arid_r_reg[3]/C
                            (rising edge-triggered cell FDRE clocked by clk_fpga_1  {rise@0.000ns fall@5.000ns period=10.000ns})
  Destination:            xillybus_ins/system_i/vivado_system_i/processing_system7_0_axi_periph/m00_couplers/auto_pc/inst/gen_axilite.gen_b2s_conv.axilite_b2s/RD.r_channel_0/transaction_fifo_0/memory_reg[31][4]_srl32/D
                            (rising edge-triggered cell SRLC32E clocked by clk_fpga_1  {rise@0.000ns fall@5.000ns period=10.000ns})
  Path Group:             clk_fpga_1
  Path Type:              Hold (Min at Fast Process Corner)
  Requirement:            0.000ns  (clk_fpga_1 rise@0.000ns - clk_fpga_1 rise@0.000ns)
  Data Path Delay:        0.424ns  (logic 0.164ns (38.693%)  route 0.260ns (61.307%))
  Logic Levels:           0  
  Clock Path Skew:        0.268ns (DCD - SCD - CPR)
    Destination Clock Delay (DCD):    1.277ns
    Source Clock Delay      (SCD):    0.970ns
    Clock Pessimism Removal (CPR):    0.039ns

    Location             Delay type                Incr(ns)  Path(ns)    Netlist Resource(s)
  -------------------------------------------------------------------    -------------------
                         (clock clk_fpga_1 rise edge)
                                                      0.000     0.000 r  
    PS7_X0Y0             PS7                          0.000     0.000 r  xillybus_ins/system_i/vivado_system_i/processing_system7_0/inst/PS7_i/FCLKCLK[1]
                         net (fo=1, routed)           0.310     0.310    xillybus_ins/system_i/vivado_system_i/processing_system7_0/inst/FCLK_CLK_unbuffered[1]
    BUFGCTRL_X0Y16       BUFG (Prop_bufg_I_O)         0.026     0.336 r  xillybus_ins/system_i/vivado_system_i/processing_system7_0/inst/buffer_fclk_clk_1.FCLK_CLK_1_BUFG/O
                         net (fo=7320, routed)        0.634     0.970    xillybus_ins/system_i/vivado_system_i/processing_system7_0_axi_periph/m00_couplers/auto_pc/inst/gen_axilite.gen_b2s_conv.axilite_b2s/RD.r_channel_0/aclk
    SLICE_X50Y104        FDRE                                         r  xillybus_ins/system_i/vivado_system_i/processing_system7_0_axi_periph/m00_couplers/auto_pc/inst/gen_axilite.gen_b2s_conv.axilite_b2s/RD.r_channel_0/r_arid_r_reg[3]/C
  -------------------------------------------------------------------    -------------------
    SLICE_X50Y104        FDRE (Prop_fdre_C_Q)         0.164     1.134 r  xillybus_ins/system_i/vivado_system_i/processing_system7_0_axi_periph/m00_couplers/auto_pc/inst/gen_axilite.gen_b2s_conv.axilite_b2s/RD.r_channel_0/r_arid_r_reg[3]/Q
                         net (fo=1, routed)           0.260     1.394    xillybus_ins/system_i/vivado_system_i/processing_system7_0_axi_periph/m00_couplers/auto_pc/inst/gen_axilite.gen_b2s_conv.axilite_b2s/RD.r_channel_0/transaction_fifo_0/in[4]
    SLICE_X46Y101        SRLC32E                                      r  xillybus_ins/system_i/vivado_system_i/processing_system7_0_axi_periph/m00_couplers/auto_pc/inst/gen_axilite.gen_b2s_conv.axilite_b2s/RD.r_channel_0/transaction_fifo_0/memory_reg[31][4]_srl32/D
  -------------------------------------------------------------------    -------------------

                         (clock clk_fpga_1 rise edge)
                                                      0.000     0.000 r  
    PS7_X0Y0             PS7                          0.000     0.000 r  xillybus_ins/system_i/vivado_system_i/processing_system7_0/inst/PS7_i/FCLKCLK[1]
                         net (fo=1, routed)           0.337     0.337    xillybus_ins/system_i/vivado_system_i/processing_system7_0/inst/FCLK_CLK_unbuffered[1]
    BUFGCTRL_X0Y16       BUFG (Prop_bufg_I_O)         0.029     0.366 r  xillybus_ins/system_i/vivado_system_i/processing_system7_0/inst/buffer_fclk_clk_1.FCLK_CLK_1_BUFG/O
                         net (fo=7320, routed)        0.911     1.277    xillybus_ins/system_i/vivado_system_i/processing_system7_0_axi_periph/m00_couplers/auto_pc/inst/gen_axilite.gen_b2s_conv.axilite_b2s/RD.r_channel_0/transaction_fifo_0/aclk
    SLICE_X46Y101        SRLC32E                                      r  xillybus_ins/system_i/vivado_system_i/processing_system7_0_axi_periph/m00_couplers/auto_pc/inst/gen_axilite.gen_b2s_conv.axilite_b2s/RD.r_channel_0/transaction_fifo_0/memory_reg[31][4]_srl32/CLK
                         clock pessimism             -0.039     1.238    
    SLICE_X46Y101        SRLC32E (Hold_srlc32e_CLK_D)
                                                      0.117     1.355    xillybus_ins/system_i/vivado_system_i/processing_system7_0_axi_periph/m00_couplers/auto_pc/inst/gen_axilite.gen_b2s_conv.axilite_b2s/RD.r_channel_0/transaction_fifo_0/memory_reg[31][4]_srl32
  -------------------------------------------------------------------
                         required time                         -1.355    
                         arrival time                           1.394    
  -------------------------------------------------------------------
                         slack                                  0.039    

Slack (MET) :             0.042ns  (arrival time - required time)
  Source:                 xillybus_ins/xillybus_core_ins/messages_ins/wrbuffer_msg_data_21/C
                            (rising edge-triggered cell FDRE clocked by clk_fpga_1  {rise@0.000ns fall@5.000ns period=10.000ns})
  Destination:            xillybus_ins/xillybus_core_ins/wr_arbiter_ins/sendbuf_data_21/D
                            (rising edge-triggered cell FDRE clocked by clk_fpga_1  {rise@0.000ns fall@5.000ns period=10.000ns})
  Path Group:             clk_fpga_1
  Path Type:              Hold (Min at Fast Process Corner)
  Requirement:            0.000ns  (clk_fpga_1 rise@0.000ns - clk_fpga_1 rise@0.000ns)
  Data Path Delay:        0.399ns  (logic 0.226ns (56.678%)  route 0.173ns (43.322%))
  Logic Levels:           1  (LUT6=1)
  Clock Path Skew:        0.265ns (DCD - SCD - CPR)
    Destination Clock Delay (DCD):    1.184ns
    Source Clock Delay      (SCD):    0.884ns
    Clock Pessimism Removal (CPR):    0.035ns

    Location             Delay type                Incr(ns)  Path(ns)    Netlist Resource(s)
  -------------------------------------------------------------------    -------------------
                         (clock clk_fpga_1 rise edge)
                                                      0.000     0.000 r  
    PS7_X0Y0             PS7                          0.000     0.000 r  xillybus_ins/system_i/vivado_system_i/processing_system7_0/inst/PS7_i/FCLKCLK[1]
                         net (fo=1, routed)           0.310     0.310    xillybus_ins/system_i/vivado_system_i/processing_system7_0/inst/FCLK_CLK_unbuffered[1]
    BUFGCTRL_X0Y16       BUFG (Prop_bufg_I_O)         0.026     0.336 r  xillybus_ins/system_i/vivado_system_i/processing_system7_0/inst/buffer_fclk_clk_1.FCLK_CLK_1_BUFG/O
                         net (fo=7320, routed)        0.548     0.884    xillybus_ins/xillybus_core_ins/bus_clk_w
    SLICE_X51Y65         FDRE                                         r  xillybus_ins/xillybus_core_ins/messages_ins/wrbuffer_msg_data_21/C
  -------------------------------------------------------------------    -------------------
    SLICE_X51Y65         FDRE (Prop_fdre_C_Q)         0.128     1.012 r  xillybus_ins/xillybus_core_ins/messages_ins/wrbuffer_msg_data_21/Q
                         net (fo=1, routed)           0.173     1.184    xillybus_ins/xillybus_core_ins/messages_ins/wrbuffer_msg_data[21]
    SLICE_X47Y65         LUT6 (Prop_lut6_I5_O)        0.098     1.282 r  xillybus_ins/xillybus_core_ins/wr_arbiter_ins/Mmux_wr_arb_state[2]_GND_2_o_wide_mux_68_OUT141/O
                         net (fo=1, routed)           0.000     1.282    xillybus_ins/xillybus_core_ins/wr_arbiter_ins/wr_arb_state[2]_GND_2_o_wide_mux_68_OUT[21]
    SLICE_X47Y65         FDRE                                         r  xillybus_ins/xillybus_core_ins/wr_arbiter_ins/sendbuf_data_21/D
  -------------------------------------------------------------------    -------------------

                         (clock clk_fpga_1 rise edge)
                                                      0.000     0.000 r  
    PS7_X0Y0             PS7                          0.000     0.000 r  xillybus_ins/system_i/vivado_system_i/processing_system7_0/inst/PS7_i/FCLKCLK[1]
                         net (fo=1, routed)           0.337     0.337    xillybus_ins/system_i/vivado_system_i/processing_system7_0/inst/FCLK_CLK_unbuffered[1]
    BUFGCTRL_X0Y16       BUFG (Prop_bufg_I_O)         0.029     0.366 r  xillybus_ins/system_i/vivado_system_i/processing_system7_0/inst/buffer_fclk_clk_1.FCLK_CLK_1_BUFG/O
                         net (fo=7320, routed)        0.818     1.184    xillybus_ins/xillybus_core_ins/bus_clk_w
    SLICE_X47Y65         FDRE                                         r  xillybus_ins/xillybus_core_ins/wr_arbiter_ins/sendbuf_data_21/C
                         clock pessimism             -0.035     1.149    
    SLICE_X47Y65         FDRE (Hold_fdre_C_D)         0.091     1.240    xillybus_ins/xillybus_core_ins/wr_arbiter_ins/sendbuf_data_21
  -------------------------------------------------------------------
                         required time                         -1.240    
                         arrival time                           1.282    
  -------------------------------------------------------------------
                         slack                                  0.042    

Slack (MET) :             0.051ns  (arrival time - required time)
  Source:                 audio/record_shreg_reg[21]/C
                            (rising edge-triggered cell FDRE clocked by clk_fpga_1  {rise@0.000ns fall@5.000ns period=10.000ns})
  Destination:            audio/record_fifo/U0/inst_fifo_gen/gconvfifo.rf/grf.rf/gntv_or_sync_fifo.mem/gbm.gbmg.gbmga.ngecc.bmg/inst_blk_mem_gen/gnbram.gnativebmg.native_blk_mem_gen/valid.cstr/ramloop[0].ram.r/prim_noinit.ram/DEVICE_7SERIES.NO_BMM_INFO.SDP.WIDE_PRIM18.ram/DIBDI[5]
                            (rising edge-triggered cell RAMB18E1 clocked by clk_fpga_1  {rise@0.000ns fall@5.000ns period=10.000ns})
  Path Group:             clk_fpga_1
  Path Type:              Hold (Min at Fast Process Corner)
  Requirement:            0.000ns  (clk_fpga_1 rise@0.000ns - clk_fpga_1 rise@0.000ns)
  Data Path Delay:        0.261ns  (logic 0.141ns (53.971%)  route 0.120ns (46.029%))
  Logic Levels:           0  
  Clock Path Skew:        0.055ns (DCD - SCD - CPR)
    Destination Clock Delay (DCD):    1.246ns
    Source Clock Delay      (SCD):    0.908ns
    Clock Pessimism Removal (CPR):    0.283ns

    Location             Delay type                Incr(ns)  Path(ns)    Netlist Resource(s)
  -------------------------------------------------------------------    -------------------
                         (clock clk_fpga_1 rise edge)
                                                      0.000     0.000 r  
    PS7_X0Y0             PS7                          0.000     0.000 r  xillybus_ins/system_i/vivado_system_i/processing_system7_0/inst/PS7_i/FCLKCLK[1]
                         net (fo=1, routed)           0.310     0.310    xillybus_ins/system_i/vivado_system_i/processing_system7_0/inst/FCLK_CLK_unbuffered[1]
    BUFGCTRL_X0Y16       BUFG (Prop_bufg_I_O)         0.026     0.336 r  xillybus_ins/system_i/vivado_system_i/processing_system7_0/inst/buffer_fclk_clk_1.FCLK_CLK_1_BUFG/O
                         net (fo=7320, routed)        0.572     0.908    audio/xillybus_bus_clk
    SLICE_X55Y65         FDRE                                         r  audio/record_shreg_reg[21]/C
  -------------------------------------------------------------------    -------------------
    SLICE_X55Y65         FDRE (Prop_fdre_C_Q)         0.141     1.049 r  audio/record_shreg_reg[21]/Q
                         net (fo=2, routed)           0.120     1.169    audio/record_fifo/U0/inst_fifo_gen/gconvfifo.rf/grf.rf/gntv_or_sync_fifo.mem/gbm.gbmg.gbmga.ngecc.bmg/inst_blk_mem_gen/gnbram.gnativebmg.native_blk_mem_gen/valid.cstr/ramloop[0].ram.r/prim_noinit.ram/din[21]
    RAMB18_X3Y26         RAMB18E1                                     r  audio/record_fifo/U0/inst_fifo_gen/gconvfifo.rf/grf.rf/gntv_or_sync_fifo.mem/gbm.gbmg.gbmga.ngecc.bmg/inst_blk_mem_gen/gnbram.gnativebmg.native_blk_mem_gen/valid.cstr/ramloop[0].ram.r/prim_noinit.ram/DEVICE_7SERIES.NO_BMM_INFO.SDP.WIDE_PRIM18.ram/DIBDI[5]
  -------------------------------------------------------------------    -------------------

                         (clock clk_fpga_1 rise edge)
                                                      0.000     0.000 r  
    PS7_X0Y0             PS7                          0.000     0.000 r  xillybus_ins/system_i/vivado_system_i/processing_system7_0/inst/PS7_i/FCLKCLK[1]
                         net (fo=1, routed)           0.337     0.337    xillybus_ins/system_i/vivado_system_i/processing_system7_0/inst/FCLK_CLK_unbuffered[1]
    BUFGCTRL_X0Y16       BUFG (Prop_bufg_I_O)         0.029     0.366 r  xillybus_ins/system_i/vivado_system_i/processing_system7_0/inst/buffer_fclk_clk_1.FCLK_CLK_1_BUFG/O
                         net (fo=7320, routed)        0.880     1.246    audio/record_fifo/U0/inst_fifo_gen/gconvfifo.rf/grf.rf/gntv_or_sync_fifo.mem/gbm.gbmg.gbmga.ngecc.bmg/inst_blk_mem_gen/gnbram.gnativebmg.native_blk_mem_gen/valid.cstr/ramloop[0].ram.r/prim_noinit.ram/clk
    RAMB18_X3Y26         RAMB18E1                                     r  audio/record_fifo/U0/inst_fifo_gen/gconvfifo.rf/grf.rf/gntv_or_sync_fifo.mem/gbm.gbmg.gbmga.ngecc.bmg/inst_blk_mem_gen/gnbram.gnativebmg.native_blk_mem_gen/valid.cstr/ramloop[0].ram.r/prim_noinit.ram/DEVICE_7SERIES.NO_BMM_INFO.SDP.WIDE_PRIM18.ram/CLKBWRCLK
                         clock pessimism             -0.283     0.963    
    RAMB18_X3Y26         RAMB18E1 (Hold_ramb18e1_CLKBWRCLK_DIBDI[5])
                                                      0.155     1.118    audio/record_fifo/U0/inst_fifo_gen/gconvfifo.rf/grf.rf/gntv_or_sync_fifo.mem/gbm.gbmg.gbmga.ngecc.bmg/inst_blk_mem_gen/gnbram.gnativebmg.native_blk_mem_gen/valid.cstr/ramloop[0].ram.r/prim_noinit.ram/DEVICE_7SERIES.NO_BMM_INFO.SDP.WIDE_PRIM18.ram
  -------------------------------------------------------------------
                         required time                         -1.118    
                         arrival time                           1.169    
  -------------------------------------------------------------------
                         slack                                  0.051    

Slack (MET) :             0.051ns  (arrival time - required time)
  Source:                 audio/record_shreg_reg[22]/C
                            (rising edge-triggered cell FDRE clocked by clk_fpga_1  {rise@0.000ns fall@5.000ns period=10.000ns})
  Destination:            audio/record_fifo/U0/inst_fifo_gen/gconvfifo.rf/grf.rf/gntv_or_sync_fifo.mem/gbm.gbmg.gbmga.ngecc.bmg/inst_blk_mem_gen/gnbram.gnativebmg.native_blk_mem_gen/valid.cstr/ramloop[0].ram.r/prim_noinit.ram/DEVICE_7SERIES.NO_BMM_INFO.SDP.WIDE_PRIM18.ram/DIBDI[6]
                            (rising edge-triggered cell RAMB18E1 clocked by clk_fpga_1  {rise@0.000ns fall@5.000ns period=10.000ns})
  Path Group:             clk_fpga_1
  Path Type:              Hold (Min at Fast Process Corner)
  Requirement:            0.000ns  (clk_fpga_1 rise@0.000ns - clk_fpga_1 rise@0.000ns)
  Data Path Delay:        0.261ns  (logic 0.141ns (53.971%)  route 0.120ns (46.029%))
  Logic Levels:           0  
  Clock Path Skew:        0.055ns (DCD - SCD - CPR)
    Destination Clock Delay (DCD):    1.246ns
    Source Clock Delay      (SCD):    0.908ns
    Clock Pessimism Removal (CPR):    0.283ns

    Location             Delay type                Incr(ns)  Path(ns)    Netlist Resource(s)
  -------------------------------------------------------------------    -------------------
                         (clock clk_fpga_1 rise edge)
                                                      0.000     0.000 r  
    PS7_X0Y0             PS7                          0.000     0.000 r  xillybus_ins/system_i/vivado_system_i/processing_system7_0/inst/PS7_i/FCLKCLK[1]
                         net (fo=1, routed)           0.310     0.310    xillybus_ins/system_i/vivado_system_i/processing_system7_0/inst/FCLK_CLK_unbuffered[1]
    BUFGCTRL_X0Y16       BUFG (Prop_bufg_I_O)         0.026     0.336 r  xillybus_ins/system_i/vivado_system_i/processing_system7_0/inst/buffer_fclk_clk_1.FCLK_CLK_1_BUFG/O
                         net (fo=7320, routed)        0.572     0.908    audio/xillybus_bus_clk
    SLICE_X55Y65         FDRE                                         r  audio/record_shreg_reg[22]/C
  -------------------------------------------------------------------    -------------------
    SLICE_X55Y65         FDRE (Prop_fdre_C_Q)         0.141     1.049 r  audio/record_shreg_reg[22]/Q
                         net (fo=2, routed)           0.120     1.169    audio/record_fifo/U0/inst_fifo_gen/gconvfifo.rf/grf.rf/gntv_or_sync_fifo.mem/gbm.gbmg.gbmga.ngecc.bmg/inst_blk_mem_gen/gnbram.gnativebmg.native_blk_mem_gen/valid.cstr/ramloop[0].ram.r/prim_noinit.ram/din[22]
    RAMB18_X3Y26         RAMB18E1                                     r  audio/record_fifo/U0/inst_fifo_gen/gconvfifo.rf/grf.rf/gntv_or_sync_fifo.mem/gbm.gbmg.gbmga.ngecc.bmg/inst_blk_mem_gen/gnbram.gnativebmg.native_blk_mem_gen/valid.cstr/ramloop[0].ram.r/prim_noinit.ram/DEVICE_7SERIES.NO_BMM_INFO.SDP.WIDE_PRIM18.ram/DIBDI[6]
  -------------------------------------------------------------------    -------------------

                         (clock clk_fpga_1 rise edge)
                                                      0.000     0.000 r  
    PS7_X0Y0             PS7                          0.000     0.000 r  xillybus_ins/system_i/vivado_system_i/processing_system7_0/inst/PS7_i/FCLKCLK[1]
                         net (fo=1, routed)           0.337     0.337    xillybus_ins/system_i/vivado_system_i/processing_system7_0/inst/FCLK_CLK_unbuffered[1]
    BUFGCTRL_X0Y16       BUFG (Prop_bufg_I_O)         0.029     0.366 r  xillybus_ins/system_i/vivado_system_i/processing_system7_0/inst/buffer_fclk_clk_1.FCLK_CLK_1_BUFG/O
                         net (fo=7320, routed)        0.880     1.246    audio/record_fifo/U0/inst_fifo_gen/gconvfifo.rf/grf.rf/gntv_or_sync_fifo.mem/gbm.gbmg.gbmga.ngecc.bmg/inst_blk_mem_gen/gnbram.gnativebmg.native_blk_mem_gen/valid.cstr/ramloop[0].ram.r/prim_noinit.ram/clk
    RAMB18_X3Y26         RAMB18E1                                     r  audio/record_fifo/U0/inst_fifo_gen/gconvfifo.rf/grf.rf/gntv_or_sync_fifo.mem/gbm.gbmg.gbmga.ngecc.bmg/inst_blk_mem_gen/gnbram.gnativebmg.native_blk_mem_gen/valid.cstr/ramloop[0].ram.r/prim_noinit.ram/DEVICE_7SERIES.NO_BMM_INFO.SDP.WIDE_PRIM18.ram/CLKBWRCLK
                         clock pessimism             -0.283     0.963    
    RAMB18_X3Y26         RAMB18E1 (Hold_ramb18e1_CLKBWRCLK_DIBDI[6])
                                                      0.155     1.118    audio/record_fifo/U0/inst_fifo_gen/gconvfifo.rf/grf.rf/gntv_or_sync_fifo.mem/gbm.gbmg.gbmga.ngecc.bmg/inst_blk_mem_gen/gnbram.gnativebmg.native_blk_mem_gen/valid.cstr/ramloop[0].ram.r/prim_noinit.ram/DEVICE_7SERIES.NO_BMM_INFO.SDP.WIDE_PRIM18.ram
  -------------------------------------------------------------------
                         required time                         -1.118    
                         arrival time                           1.169    
  -------------------------------------------------------------------
                         slack                                  0.051    

Slack (MET) :             0.051ns  (arrival time - required time)
  Source:                 xillybus_ins/system_i/vivado_system_i/processing_system7_0_axi_periph/m01_couplers/auto_pc/inst/gen_axilite.gen_b2s_conv.axilite_b2s/SI_REG/ar.ar_pipe/m_payload_i_reg[64]/C
                            (rising edge-triggered cell FDRE clocked by clk_fpga_1  {rise@0.000ns fall@5.000ns period=10.000ns})
  Destination:            xillybus_ins/system_i/vivado_system_i/processing_system7_0_axi_periph/m01_couplers/auto_pc/inst/gen_axilite.gen_b2s_conv.axilite_b2s/RD.ar_channel_0/s_arid_r_reg[11]/D
                            (rising edge-triggered cell FDRE clocked by clk_fpga_1  {rise@0.000ns fall@5.000ns period=10.000ns})
  Path Group:             clk_fpga_1
  Path Type:              Hold (Min at Fast Process Corner)
  Requirement:            0.000ns  (clk_fpga_1 rise@0.000ns - clk_fpga_1 rise@0.000ns)
  Data Path Delay:        0.302ns  (logic 0.141ns (46.678%)  route 0.161ns (53.322%))
  Logic Levels:           0  
  Clock Path Skew:        0.181ns (DCD - SCD - CPR)
    Destination Clock Delay (DCD):    1.191ns
    Source Clock Delay      (SCD):    0.975ns
    Clock Pessimism Removal (CPR):    0.035ns

    Location             Delay type                Incr(ns)  Path(ns)    Netlist Resource(s)
  -------------------------------------------------------------------    -------------------
                         (clock clk_fpga_1 rise edge)
                                                      0.000     0.000 r  
    PS7_X0Y0             PS7                          0.000     0.000 r  xillybus_ins/system_i/vivado_system_i/processing_system7_0/inst/PS7_i/FCLKCLK[1]
                         net (fo=1, routed)           0.310     0.310    xillybus_ins/system_i/vivado_system_i/processing_system7_0/inst/FCLK_CLK_unbuffered[1]
    BUFGCTRL_X0Y16       BUFG (Prop_bufg_I_O)         0.026     0.336 r  xillybus_ins/system_i/vivado_system_i/processing_system7_0/inst/buffer_fclk_clk_1.FCLK_CLK_1_BUFG/O
                         net (fo=7320, routed)        0.639     0.975    xillybus_ins/system_i/vivado_system_i/processing_system7_0_axi_periph/m01_couplers/auto_pc/inst/gen_axilite.gen_b2s_conv.axilite_b2s/SI_REG/ar.ar_pipe/aclk
    SLICE_X45Y100        FDRE                                         r  xillybus_ins/system_i/vivado_system_i/processing_system7_0_axi_periph/m01_couplers/auto_pc/inst/gen_axilite.gen_b2s_conv.axilite_b2s/SI_REG/ar.ar_pipe/m_payload_i_reg[64]/C
  -------------------------------------------------------------------    -------------------
    SLICE_X45Y100        FDRE (Prop_fdre_C_Q)         0.141     1.116 r  xillybus_ins/system_i/vivado_system_i/processing_system7_0_axi_periph/m01_couplers/auto_pc/inst/gen_axilite.gen_b2s_conv.axilite_b2s/SI_REG/ar.ar_pipe/m_payload_i_reg[64]/Q
                         net (fo=1, routed)           0.161     1.277    xillybus_ins/system_i/vivado_system_i/processing_system7_0_axi_periph/m01_couplers/auto_pc/inst/gen_axilite.gen_b2s_conv.axilite_b2s/RD.ar_channel_0/s_arid_r_reg[11]_1[35]
    SLICE_X49Y99         FDRE                                         r  xillybus_ins/system_i/vivado_system_i/processing_system7_0_axi_periph/m01_couplers/auto_pc/inst/gen_axilite.gen_b2s_conv.axilite_b2s/RD.ar_channel_0/s_arid_r_reg[11]/D
  -------------------------------------------------------------------    -------------------

                         (clock clk_fpga_1 rise edge)
                                                      0.000     0.000 r  
    PS7_X0Y0             PS7                          0.000     0.000 r  xillybus_ins/system_i/vivado_system_i/processing_system7_0/inst/PS7_i/FCLKCLK[1]
                         net (fo=1, routed)           0.337     0.337    xillybus_ins/system_i/vivado_system_i/processing_system7_0/inst/FCLK_CLK_unbuffered[1]
    BUFGCTRL_X0Y16       BUFG (Prop_bufg_I_O)         0.029     0.366 r  xillybus_ins/system_i/vivado_system_i/processing_system7_0/inst/buffer_fclk_clk_1.FCLK_CLK_1_BUFG/O
                         net (fo=7320, routed)        0.825     1.191    xillybus_ins/system_i/vivado_system_i/processing_system7_0_axi_periph/m01_couplers/auto_pc/inst/gen_axilite.gen_b2s_conv.axilite_b2s/RD.ar_channel_0/aclk
    SLICE_X49Y99         FDRE                                         r  xillybus_ins/system_i/vivado_system_i/processing_system7_0_axi_periph/m01_couplers/auto_pc/inst/gen_axilite.gen_b2s_conv.axilite_b2s/RD.ar_channel_0/s_arid_r_reg[11]/C
                         clock pessimism             -0.035     1.156    
    SLICE_X49Y99         FDRE (Hold_fdre_C_D)         0.070     1.226    xillybus_ins/system_i/vivado_system_i/processing_system7_0_axi_periph/m01_couplers/auto_pc/inst/gen_axilite.gen_b2s_conv.axilite_b2s/RD.ar_channel_0/s_arid_r_reg[11]
  -------------------------------------------------------------------
                         required time                         -1.226    
                         arrival time                           1.277    
  -------------------------------------------------------------------
                         slack                                  0.051    

Slack (MET) :             0.052ns  (arrival time - required time)
  Source:                 xillybus_ins/xillybus_core_ins/unitw_6_ins/unitw_6_data_9/C
                            (rising edge-triggered cell FDRE clocked by clk_fpga_1  {rise@0.000ns fall@5.000ns period=10.000ns})
  Destination:            xillybus_ins/xillybus_core_ins/wr_arbiter_ins/sendbuf_data_9/D
                            (rising edge-triggered cell FDRE clocked by clk_fpga_1  {rise@0.000ns fall@5.000ns period=10.000ns})
  Path Group:             clk_fpga_1
  Path Type:              Hold (Min at Fast Process Corner)
  Requirement:            0.000ns  (clk_fpga_1 rise@0.000ns - clk_fpga_1 rise@0.000ns)
  Data Path Delay:        0.408ns  (logic 0.246ns (60.249%)  route 0.162ns (39.751%))
  Logic Levels:           1  (LUT6=1)
  Clock Path Skew:        0.265ns (DCD - SCD - CPR)
    Destination Clock Delay (DCD):    1.184ns
    Source Clock Delay      (SCD):    0.884ns
    Clock Pessimism Removal (CPR):    0.035ns

    Location             Delay type                Incr(ns)  Path(ns)    Netlist Resource(s)
  -------------------------------------------------------------------    -------------------
                         (clock clk_fpga_1 rise edge)
                                                      0.000     0.000 r  
    PS7_X0Y0             PS7                          0.000     0.000 r  xillybus_ins/system_i/vivado_system_i/processing_system7_0/inst/PS7_i/FCLKCLK[1]
                         net (fo=1, routed)           0.310     0.310    xillybus_ins/system_i/vivado_system_i/processing_system7_0/inst/FCLK_CLK_unbuffered[1]
    BUFGCTRL_X0Y16       BUFG (Prop_bufg_I_O)         0.026     0.336 r  xillybus_ins/system_i/vivado_system_i/processing_system7_0/inst/buffer_fclk_clk_1.FCLK_CLK_1_BUFG/O
                         net (fo=7320, routed)        0.548     0.884    xillybus_ins/xillybus_core_ins/bus_clk_w
    SLICE_X50Y63         FDRE                                         r  xillybus_ins/xillybus_core_ins/unitw_6_ins/unitw_6_data_9/C
  -------------------------------------------------------------------    -------------------
    SLICE_X50Y63         FDRE (Prop_fdre_C_Q)         0.148     1.032 r  xillybus_ins/xillybus_core_ins/unitw_6_ins/unitw_6_data_9/Q
                         net (fo=1, routed)           0.162     1.194    xillybus_ins/xillybus_core_ins/unitw_6_ins/unitw_6_data[9]
    SLICE_X48Y65         LUT6 (Prop_lut6_I4_O)        0.098     1.292 r  xillybus_ins/xillybus_core_ins/wr_arbiter_ins/Mmux_wr_arb_state[2]_GND_2_o_wide_mux_68_OUT321/O
                         net (fo=1, routed)           0.000     1.292    xillybus_ins/xillybus_core_ins/wr_arbiter_ins/wr_arb_state[2]_GND_2_o_wide_mux_68_OUT[9]
    SLICE_X48Y65         FDRE                                         r  xillybus_ins/xillybus_core_ins/wr_arbiter_ins/sendbuf_data_9/D
  -------------------------------------------------------------------    -------------------

                         (clock clk_fpga_1 rise edge)
                                                      0.000     0.000 r  
    PS7_X0Y0             PS7                          0.000     0.000 r  xillybus_ins/system_i/vivado_system_i/processing_system7_0/inst/PS7_i/FCLKCLK[1]
                         net (fo=1, routed)           0.337     0.337    xillybus_ins/system_i/vivado_system_i/processing_system7_0/inst/FCLK_CLK_unbuffered[1]
    BUFGCTRL_X0Y16       BUFG (Prop_bufg_I_O)         0.029     0.366 r  xillybus_ins/system_i/vivado_system_i/processing_system7_0/inst/buffer_fclk_clk_1.FCLK_CLK_1_BUFG/O
                         net (fo=7320, routed)        0.818     1.184    xillybus_ins/xillybus_core_ins/bus_clk_w
    SLICE_X48Y65         FDRE                                         r  xillybus_ins/xillybus_core_ins/wr_arbiter_ins/sendbuf_data_9/C
                         clock pessimism             -0.035     1.149    
    SLICE_X48Y65         FDRE (Hold_fdre_C_D)         0.091     1.240    xillybus_ins/xillybus_core_ins/wr_arbiter_ins/sendbuf_data_9
  -------------------------------------------------------------------
                         required time                         -1.240    
                         arrival time                           1.292    
  -------------------------------------------------------------------
                         slack                                  0.052    

Slack (MET) :             0.053ns  (arrival time - required time)
  Source:                 xillybus_ins/system_i/vivado_system_i/processing_system7_0_axi_periph/m02_couplers/auto_pc/inst/gen_axilite.gen_b2s_conv.axilite_b2s/WR.aw_channel_0/s_awid_r_reg[7]/C
                            (rising edge-triggered cell FDRE clocked by clk_fpga_1  {rise@0.000ns fall@5.000ns period=10.000ns})
  Destination:            xillybus_ins/system_i/vivado_system_i/processing_system7_0_axi_periph/m02_couplers/auto_pc/inst/gen_axilite.gen_b2s_conv.axilite_b2s/WR.b_channel_0/bid_fifo_0/memory_reg[3][15]_srl4/D
                            (rising edge-triggered cell SRL16E clocked by clk_fpga_1  {rise@0.000ns fall@5.000ns period=10.000ns})
  Path Group:             clk_fpga_1
  Path Type:              Hold (Min at Fast Process Corner)
  Requirement:            0.000ns  (clk_fpga_1 rise@0.000ns - clk_fpga_1 rise@0.000ns)
  Data Path Delay:        0.251ns  (logic 0.141ns (56.174%)  route 0.110ns (43.826%))
  Logic Levels:           0  
  Clock Path Skew:        0.015ns (DCD - SCD - CPR)
    Destination Clock Delay (DCD):    1.266ns
    Source Clock Delay      (SCD):    0.966ns
    Clock Pessimism Removal (CPR):    0.285ns

    Location             Delay type                Incr(ns)  Path(ns)    Netlist Resource(s)
  -------------------------------------------------------------------    -------------------
                         (clock clk_fpga_1 rise edge)
                                                      0.000     0.000 r  
    PS7_X0Y0             PS7                          0.000     0.000 r  xillybus_ins/system_i/vivado_system_i/processing_system7_0/inst/PS7_i/FCLKCLK[1]
                         net (fo=1, routed)           0.310     0.310    xillybus_ins/system_i/vivado_system_i/processing_system7_0/inst/FCLK_CLK_unbuffered[1]
    BUFGCTRL_X0Y16       BUFG (Prop_bufg_I_O)         0.026     0.336 r  xillybus_ins/system_i/vivado_system_i/processing_system7_0/inst/buffer_fclk_clk_1.FCLK_CLK_1_BUFG/O
                         net (fo=7320, routed)        0.630     0.966    xillybus_ins/system_i/vivado_system_i/processing_system7_0_axi_periph/m02_couplers/auto_pc/inst/gen_axilite.gen_b2s_conv.axilite_b2s/WR.aw_channel_0/aclk
    SLICE_X33Y121        FDRE                                         r  xillybus_ins/system_i/vivado_system_i/processing_system7_0_axi_periph/m02_couplers/auto_pc/inst/gen_axilite.gen_b2s_conv.axilite_b2s/WR.aw_channel_0/s_awid_r_reg[7]/C
  -------------------------------------------------------------------    -------------------
    SLICE_X33Y121        FDRE (Prop_fdre_C_Q)         0.141     1.107 r  xillybus_ins/system_i/vivado_system_i/processing_system7_0_axi_periph/m02_couplers/auto_pc/inst/gen_axilite.gen_b2s_conv.axilite_b2s/WR.aw_channel_0/s_awid_r_reg[7]/Q
                         net (fo=1, routed)           0.110     1.217    xillybus_ins/system_i/vivado_system_i/processing_system7_0_axi_periph/m02_couplers/auto_pc/inst/gen_axilite.gen_b2s_conv.axilite_b2s/WR.b_channel_0/bid_fifo_0/in[15]
    SLICE_X32Y120        SRL16E                                       r  xillybus_ins/system_i/vivado_system_i/processing_system7_0_axi_periph/m02_couplers/auto_pc/inst/gen_axilite.gen_b2s_conv.axilite_b2s/WR.b_channel_0/bid_fifo_0/memory_reg[3][15]_srl4/D
  -------------------------------------------------------------------    -------------------

                         (clock clk_fpga_1 rise edge)
                                                      0.000     0.000 r  
    PS7_X0Y0             PS7                          0.000     0.000 r  xillybus_ins/system_i/vivado_system_i/processing_system7_0/inst/PS7_i/FCLKCLK[1]
                         net (fo=1, routed)           0.337     0.337    xillybus_ins/system_i/vivado_system_i/processing_system7_0/inst/FCLK_CLK_unbuffered[1]
    BUFGCTRL_X0Y16       BUFG (Prop_bufg_I_O)         0.029     0.366 r  xillybus_ins/system_i/vivado_system_i/processing_system7_0/inst/buffer_fclk_clk_1.FCLK_CLK_1_BUFG/O
                         net (fo=7320, routed)        0.900     1.266    xillybus_ins/system_i/vivado_system_i/processing_system7_0_axi_periph/m02_couplers/auto_pc/inst/gen_axilite.gen_b2s_conv.axilite_b2s/WR.b_channel_0/bid_fifo_0/aclk
    SLICE_X32Y120        SRL16E                                       r  xillybus_ins/system_i/vivado_system_i/processing_system7_0_axi_periph/m02_couplers/auto_pc/inst/gen_axilite.gen_b2s_conv.axilite_b2s/WR.b_channel_0/bid_fifo_0/memory_reg[3][15]_srl4/CLK
                         clock pessimism             -0.285     0.981    
    SLICE_X32Y120        SRL16E (Hold_srl16e_CLK_D)
                                                      0.183     1.164    xillybus_ins/system_i/vivado_system_i/processing_system7_0_axi_periph/m02_couplers/auto_pc/inst/gen_axilite.gen_b2s_conv.axilite_b2s/WR.b_channel_0/bid_fifo_0/memory_reg[3][15]_srl4
  -------------------------------------------------------------------
                         required time                         -1.164    
                         arrival time                           1.217    
  -------------------------------------------------------------------
                         slack                                  0.053    

Slack (MET) :             0.057ns  (arrival time - required time)
  Source:                 xillybus_ins/system_i/vivado_system_i/processing_system7_0_axi_periph/m00_couplers/auto_pc/inst/gen_axilite.gen_b2s_conv.axilite_b2s/RD.r_channel_0/r_arid_r_reg[8]/C
                            (rising edge-triggered cell FDRE clocked by clk_fpga_1  {rise@0.000ns fall@5.000ns period=10.000ns})
  Destination:            xillybus_ins/system_i/vivado_system_i/processing_system7_0_axi_periph/m00_couplers/auto_pc/inst/gen_axilite.gen_b2s_conv.axilite_b2s/RD.r_channel_0/transaction_fifo_0/memory_reg[31][9]_srl32/D
                            (rising edge-triggered cell SRLC32E clocked by clk_fpga_1  {rise@0.000ns fall@5.000ns period=10.000ns})
  Path Group:             clk_fpga_1
  Path Type:              Hold (Min at Fast Process Corner)
  Requirement:            0.000ns  (clk_fpga_1 rise@0.000ns - clk_fpga_1 rise@0.000ns)
  Data Path Delay:        0.366ns  (logic 0.128ns (34.926%)  route 0.238ns (65.074%))
  Logic Levels:           0  
  Clock Path Skew:        0.180ns (DCD - SCD - CPR)
    Destination Clock Delay (DCD):    1.190ns
    Source Clock Delay      (SCD):    0.975ns
    Clock Pessimism Removal (CPR):    0.035ns

    Location             Delay type                Incr(ns)  Path(ns)    Netlist Resource(s)
  -------------------------------------------------------------------    -------------------
                         (clock clk_fpga_1 rise edge)
                                                      0.000     0.000 r  
    PS7_X0Y0             PS7                          0.000     0.000 r  xillybus_ins/system_i/vivado_system_i/processing_system7_0/inst/PS7_i/FCLKCLK[1]
                         net (fo=1, routed)           0.310     0.310    xillybus_ins/system_i/vivado_system_i/processing_system7_0/inst/FCLK_CLK_unbuffered[1]
    BUFGCTRL_X0Y16       BUFG (Prop_bufg_I_O)         0.026     0.336 r  xillybus_ins/system_i/vivado_system_i/processing_system7_0/inst/buffer_fclk_clk_1.FCLK_CLK_1_BUFG/O
                         net (fo=7320, routed)        0.639     0.975    xillybus_ins/system_i/vivado_system_i/processing_system7_0_axi_periph/m00_couplers/auto_pc/inst/gen_axilite.gen_b2s_conv.axilite_b2s/RD.r_channel_0/aclk
    SLICE_X47Y102        FDRE                                         r  xillybus_ins/system_i/vivado_system_i/processing_system7_0_axi_periph/m00_couplers/auto_pc/inst/gen_axilite.gen_b2s_conv.axilite_b2s/RD.r_channel_0/r_arid_r_reg[8]/C
  -------------------------------------------------------------------    -------------------
    SLICE_X47Y102        FDRE (Prop_fdre_C_Q)         0.128     1.103 r  xillybus_ins/system_i/vivado_system_i/processing_system7_0_axi_periph/m00_couplers/auto_pc/inst/gen_axilite.gen_b2s_conv.axilite_b2s/RD.r_channel_0/r_arid_r_reg[8]/Q
                         net (fo=1, routed)           0.238     1.341    xillybus_ins/system_i/vivado_system_i/processing_system7_0_axi_periph/m00_couplers/auto_pc/inst/gen_axilite.gen_b2s_conv.axilite_b2s/RD.r_channel_0/transaction_fifo_0/in[9]
    SLICE_X46Y96         SRLC32E                                      r  xillybus_ins/system_i/vivado_system_i/processing_system7_0_axi_periph/m00_couplers/auto_pc/inst/gen_axilite.gen_b2s_conv.axilite_b2s/RD.r_channel_0/transaction_fifo_0/memory_reg[31][9]_srl32/D
  -------------------------------------------------------------------    -------------------

                         (clock clk_fpga_1 rise edge)
                                                      0.000     0.000 r  
    PS7_X0Y0             PS7                          0.000     0.000 r  xillybus_ins/system_i/vivado_system_i/processing_system7_0/inst/PS7_i/FCLKCLK[1]
                         net (fo=1, routed)           0.337     0.337    xillybus_ins/system_i/vivado_system_i/processing_system7_0/inst/FCLK_CLK_unbuffered[1]
    BUFGCTRL_X0Y16       BUFG (Prop_bufg_I_O)         0.029     0.366 r  xillybus_ins/system_i/vivado_system_i/processing_system7_0/inst/buffer_fclk_clk_1.FCLK_CLK_1_BUFG/O
                         net (fo=7320, routed)        0.824     1.190    xillybus_ins/system_i/vivado_system_i/processing_system7_0_axi_periph/m00_couplers/auto_pc/inst/gen_axilite.gen_b2s_conv.axilite_b2s/RD.r_channel_0/transaction_fifo_0/aclk
    SLICE_X46Y96         SRLC32E                                      r  xillybus_ins/system_i/vivado_system_i/processing_system7_0_axi_periph/m00_couplers/auto_pc/inst/gen_axilite.gen_b2s_conv.axilite_b2s/RD.r_channel_0/transaction_fifo_0/memory_reg[31][9]_srl32/CLK
                         clock pessimism             -0.035     1.155    
    SLICE_X46Y96         SRLC32E (Hold_srlc32e_CLK_D)
                                                      0.130     1.285    xillybus_ins/system_i/vivado_system_i/processing_system7_0_axi_periph/m00_couplers/auto_pc/inst/gen_axilite.gen_b2s_conv.axilite_b2s/RD.r_channel_0/transaction_fifo_0/memory_reg[31][9]_srl32
  -------------------------------------------------------------------
                         required time                         -1.285    
                         arrival time                           1.341    
  -------------------------------------------------------------------
                         slack                                  0.057    





Pulse Width Checks
--------------------------------------------------------------------------------------
Clock Name:         clk_fpga_1
Waveform(ns):       { 0.000 5.000 }
Period(ns):         10.000
Sources:            { xillybus_ins/system_i/vivado_system_i/processing_system7_0/inst/PS7_i/FCLKCLK[1] }

Check Type        Corner  Lib Pin             Reference Pin  Required(ns)  Actual(ns)  Slack(ns)  Location      Pin
Min Period        n/a     RAMB36E1/CLKARDCLK  n/a            2.944         10.000      7.056      RAMB36_X3Y12  test_fpga_design/grp_hash1_fu_135/message_V_U/hash1_message_V_ram_U/ram_reg_11/CLKARDCLK
Min Period        n/a     RAMB36E1/CLKBWRCLK  n/a            2.944         10.000      7.056      RAMB36_X3Y12  test_fpga_design/grp_hash1_fu_135/message_V_U/hash1_message_V_ram_U/ram_reg_11/CLKBWRCLK
Min Period        n/a     RAMB36E1/CLKARDCLK  n/a            2.944         10.000      7.056      RAMB36_X4Y11  test_fpga_design/grp_hash1_fu_135/message_V_U/hash1_message_V_ram_U/ram_reg_15/CLKARDCLK
Min Period        n/a     RAMB36E1/CLKBWRCLK  n/a            2.944         10.000      7.056      RAMB36_X4Y11  test_fpga_design/grp_hash1_fu_135/message_V_U/hash1_message_V_ram_U/ram_reg_15/CLKBWRCLK
Min Period        n/a     RAMB36E1/CLKARDCLK  n/a            2.944         10.000      7.056      RAMB36_X3Y8   test_fpga_design/grp_hash1_fu_135/message_V_U/hash1_message_V_ram_U/ram_reg_5/CLKARDCLK
Min Period        n/a     RAMB36E1/CLKBWRCLK  n/a            2.944         10.000      7.056      RAMB36_X3Y8   test_fpga_design/grp_hash1_fu_135/message_V_U/hash1_message_V_ram_U/ram_reg_5/CLKBWRCLK
Min Period        n/a     RAMB36E1/CLKARDCLK  n/a            2.944         10.000      7.056      RAMB36_X1Y7   test_fpga_design/grp_hash1_fu_135/message_V_U/hash1_message_V_ram_U/ram_reg_9/CLKARDCLK
Min Period        n/a     RAMB36E1/CLKBWRCLK  n/a            2.944         10.000      7.056      RAMB36_X1Y7   test_fpga_design/grp_hash1_fu_135/message_V_U/hash1_message_V_ram_U/ram_reg_9/CLKBWRCLK
Min Period        n/a     RAMB36E1/CLKARDCLK  n/a            2.944         10.000      7.056      RAMB36_X3Y6   test_fpga_design/grp_hash1_fu_135/message_V_U/hash1_message_V_ram_U/ram_reg_12/CLKARDCLK
Min Period        n/a     RAMB36E1/CLKBWRCLK  n/a            2.944         10.000      7.056      RAMB36_X3Y6   test_fpga_design/grp_hash1_fu_135/message_V_U/hash1_message_V_ram_U/ram_reg_12/CLKBWRCLK
Low Pulse Width   Fast    RAMD64E/CLK         n/a            1.250         5.000       3.750      SLICE_X42Y78  xillybus_ins/xillybus_core_ins/unitr_2_ins/Mram_unitr_2_offsets1/RAMC/CLK
Low Pulse Width   Fast    RAMD64E/CLK         n/a            1.250         5.000       3.750      SLICE_X42Y78  xillybus_ins/xillybus_core_ins/unitr_2_ins/Mram_unitr_2_offsets1/RAMD/CLK
Low Pulse Width   Slow    RAMD64E/CLK         n/a            1.250         5.000       3.750      SLICE_X42Y82  xillybus_ins/xillybus_core_ins/unitr_2_ins/Mram_unitr_2_offsets14/RAMA/CLK
Low Pulse Width   Slow    RAMD64E/CLK         n/a            1.250         5.000       3.750      SLICE_X42Y82  xillybus_ins/xillybus_core_ins/unitr_2_ins/Mram_unitr_2_offsets14/RAMB/CLK
Low Pulse Width   Slow    RAMD64E/CLK         n/a            1.250         5.000       3.750      SLICE_X42Y82  xillybus_ins/xillybus_core_ins/unitr_2_ins/Mram_unitr_2_offsets14/RAMC/CLK
Low Pulse Width   Slow    RAMD64E/CLK         n/a            1.250         5.000       3.750      SLICE_X42Y82  xillybus_ins/xillybus_core_ins/unitr_2_ins/Mram_unitr_2_offsets14/RAMD/CLK
Low Pulse Width   Slow    RAMD64E/CLK         n/a            1.250         5.000       3.750      SLICE_X54Y83  xillybus_ins/xillybus_core_ins/unitr_2_ins/Mram_unitr_2_offsets20/RAMA/CLK
Low Pulse Width   Slow    RAMD64E/CLK         n/a            1.250         5.000       3.750      SLICE_X54Y83  xillybus_ins/xillybus_core_ins/unitr_2_ins/Mram_unitr_2_offsets20/RAMB/CLK
Low Pulse Width   Slow    RAMD64E/CLK         n/a            1.250         5.000       3.750      SLICE_X54Y83  xillybus_ins/xillybus_core_ins/unitr_2_ins/Mram_unitr_2_offsets20/RAMC/CLK
Low Pulse Width   Slow    RAMD64E/CLK         n/a            1.250         5.000       3.750      SLICE_X54Y83  xillybus_ins/xillybus_core_ins/unitr_2_ins/Mram_unitr_2_offsets20/RAMD/CLK
High Pulse Width  Slow    RAMD64E/CLK         n/a            1.250         5.000       3.750      SLICE_X46Y76  xillybus_ins/xillybus_core_ins/unitr_2_ins/Mram_unitr_2_offsets11/RAMA/CLK
High Pulse Width  Slow    RAMD64E/CLK         n/a            1.250         5.000       3.750      SLICE_X46Y76  xillybus_ins/xillybus_core_ins/unitr_2_ins/Mram_unitr_2_offsets11/RAMB/CLK
High Pulse Width  Slow    RAMD64E/CLK         n/a            1.250         5.000       3.750      SLICE_X46Y76  xillybus_ins/xillybus_core_ins/unitr_2_ins/Mram_unitr_2_offsets11/RAMC/CLK
High Pulse Width  Slow    RAMD64E/CLK         n/a            1.250         5.000       3.750      SLICE_X46Y76  xillybus_ins/xillybus_core_ins/unitr_2_ins/Mram_unitr_2_offsets11/RAMD/CLK
High Pulse Width  Slow    RAMD64E/CLK         n/a            1.250         5.000       3.750      SLICE_X46Y77  xillybus_ins/xillybus_core_ins/unitr_2_ins/Mram_unitr_2_offsets12/RAMA/CLK
High Pulse Width  Slow    RAMD64E/CLK         n/a            1.250         5.000       3.750      SLICE_X46Y77  xillybus_ins/xillybus_core_ins/unitr_2_ins/Mram_unitr_2_offsets12/RAMB/CLK
High Pulse Width  Slow    RAMD64E/CLK         n/a            1.250         5.000       3.750      SLICE_X46Y77  xillybus_ins/xillybus_core_ins/unitr_2_ins/Mram_unitr_2_offsets12/RAMC/CLK
High Pulse Width  Slow    RAMD64E/CLK         n/a            1.250         5.000       3.750      SLICE_X46Y77  xillybus_ins/xillybus_core_ins/unitr_2_ins/Mram_unitr_2_offsets12/RAMD/CLK
High Pulse Width  Slow    RAMD64E/CLK         n/a            1.250         5.000       3.750      SLICE_X42Y76  xillybus_ins/xillybus_core_ins/unitr_2_ins/Mram_unitr_2_offsets3/RAMA/CLK
High Pulse Width  Slow    RAMD64E/CLK         n/a            1.250         5.000       3.750      SLICE_X42Y76  xillybus_ins/xillybus_core_ins/unitr_2_ins/Mram_unitr_2_offsets3/RAMB/CLK



---------------------------------------------------------------------------------------------------
From Clock:  gclk
  To Clock:  gclk

Setup :            0  Failing Endpoints,  Worst Slack        7.842ns,  Total Violation        0.000ns
Hold  :            0  Failing Endpoints,  Worst Slack        0.416ns,  Total Violation        0.000ns
PW    :            0  Failing Endpoints,  Worst Slack        3.000ns,  Total Violation        0.000ns
---------------------------------------------------------------------------------------------------


Max Delay Paths
--------------------------------------------------------------------------------------
Slack (MET) :             7.842ns  (required time - arrival time)
  Source:                 audio/clk_div_reg[1]/C
                            (rising edge-triggered cell FDRE clocked by gclk  {rise@0.000ns fall@5.000ns period=10.000ns})
  Destination:            audio/audio_mclk_reg/D
                            (rising edge-triggered cell FDRE clocked by gclk  {rise@0.000ns fall@5.000ns period=10.000ns})
  Path Group:             gclk
  Path Type:              Setup (Max at Slow Process Corner)
  Requirement:            10.000ns  (gclk rise@10.000ns - gclk rise@0.000ns)
  Data Path Delay:        1.035ns  (logic 0.478ns (46.174%)  route 0.557ns (53.826%))
  Logic Levels:           0  
  Clock Path Skew:        -0.083ns (DCD - SCD + CPR)
    Destination Clock Delay (DCD):    5.109ns = ( 15.109 - 10.000 ) 
    Source Clock Delay      (SCD):    5.585ns
    Clock Pessimism Removal (CPR):    0.394ns
  Clock Uncertainty:      0.035ns  ((TSJ^2 + TIJ^2)^1/2 + DJ) / 2 + PE
    Total System Jitter     (TSJ):    0.071ns
    Total Input Jitter      (TIJ):    0.000ns
    Discrete Jitter          (DJ):    0.000ns
    Phase Error              (PE):    0.000ns

    Location             Delay type                Incr(ns)  Path(ns)    Netlist Resource(s)
  -------------------------------------------------------------------    -------------------
                         (clock gclk rise edge)       0.000     0.000 r  
    Y9                                                0.000     0.000 r  clk_100 (IN)
                         net (fo=0)                   0.000     0.000    clk_100
    Y9                   IBUF (Prop_ibuf_I_O)         1.490     1.490 r  clk_100_IBUF_inst/O
                         net (fo=1, routed)           2.171     3.661    clk_100_IBUF
    BUFGCTRL_X0Y1        BUFG (Prop_bufg_I_O)         0.101     3.762 r  clk_100_IBUF_BUFG_inst/O
                         net (fo=4, routed)           1.823     5.585    audio/CLK
    SLICE_X0Y19          FDRE                                         r  audio/clk_div_reg[1]/C
  -------------------------------------------------------------------    -------------------
    SLICE_X0Y19          FDRE (Prop_fdre_C_Q)         0.478     6.063 r  audio/clk_div_reg[1]/Q
                         net (fo=2, routed)           0.557     6.621    audio/clk_div[1]
    OLOGIC_X0Y20         FDRE                                         r  audio/audio_mclk_reg/D
  -------------------------------------------------------------------    -------------------

                         (clock gclk rise edge)      10.000    10.000 r  
    Y9                                                0.000    10.000 r  clk_100 (IN)
                         net (fo=0)                   0.000    10.000    clk_100
    Y9                   IBUF (Prop_ibuf_I_O)         1.420    11.420 r  clk_100_IBUF_inst/O
                         net (fo=1, routed)           1.972    13.392    clk_100_IBUF
    BUFGCTRL_X0Y1        BUFG (Prop_bufg_I_O)         0.091    13.483 r  clk_100_IBUF_BUFG_inst/O
                         net (fo=4, routed)           1.626    15.109    audio/CLK
    OLOGIC_X0Y20         FDRE                                         r  audio/audio_mclk_reg/C
                         clock pessimism              0.394    15.503    
                         clock uncertainty           -0.035    15.467    
    OLOGIC_X0Y20         FDRE (Setup_fdre_C_D)       -1.005    14.462    audio/audio_mclk_reg
  -------------------------------------------------------------------
                         required time                         14.462    
                         arrival time                          -6.621    
  -------------------------------------------------------------------
                         slack                                  7.842    

Slack (MET) :             8.145ns  (required time - arrival time)
  Source:                 audio/clk_div_reg[0]/C
                            (rising edge-triggered cell FDRE clocked by gclk  {rise@0.000ns fall@5.000ns period=10.000ns})
  Destination:            audio/clk_div_reg[0]/D
                            (rising edge-triggered cell FDRE clocked by gclk  {rise@0.000ns fall@5.000ns period=10.000ns})
  Path Group:             gclk
  Path Type:              Setup (Max at Slow Process Corner)
  Requirement:            10.000ns  (gclk rise@10.000ns - gclk rise@0.000ns)
  Data Path Delay:        1.897ns  (logic 0.642ns (33.849%)  route 1.255ns (66.151%))
  Logic Levels:           1  (LUT1=1)
  Clock Path Skew:        0.000ns (DCD - SCD + CPR)
    Destination Clock Delay (DCD):    5.128ns = ( 15.128 - 10.000 ) 
    Source Clock Delay      (SCD):    5.585ns
    Clock Pessimism Removal (CPR):    0.457ns
  Clock Uncertainty:      0.035ns  ((TSJ^2 + TIJ^2)^1/2 + DJ) / 2 + PE
    Total System Jitter     (TSJ):    0.071ns
    Total Input Jitter      (TIJ):    0.000ns
    Discrete Jitter          (DJ):    0.000ns
    Phase Error              (PE):    0.000ns

    Location             Delay type                Incr(ns)  Path(ns)    Netlist Resource(s)
  -------------------------------------------------------------------    -------------------
                         (clock gclk rise edge)       0.000     0.000 r  
    Y9                                                0.000     0.000 r  clk_100 (IN)
                         net (fo=0)                   0.000     0.000    clk_100
    Y9                   IBUF (Prop_ibuf_I_O)         1.490     1.490 r  clk_100_IBUF_inst/O
                         net (fo=1, routed)           2.171     3.661    clk_100_IBUF
    BUFGCTRL_X0Y1        BUFG (Prop_bufg_I_O)         0.101     3.762 r  clk_100_IBUF_BUFG_inst/O
                         net (fo=4, routed)           1.823     5.585    audio/CLK
    SLICE_X0Y19          FDRE                                         r  audio/clk_div_reg[0]/C
  -------------------------------------------------------------------    -------------------
    SLICE_X0Y19          FDRE (Prop_fdre_C_Q)         0.518     6.103 f  audio/clk_div_reg[0]/Q
                         net (fo=2, routed)           1.255     7.358    audio/clk_div[0]
    SLICE_X0Y19          LUT1 (Prop_lut1_I0_O)        0.124     7.482 r  audio/clk_div[0]_i_1/O
                         net (fo=1, routed)           0.000     7.482    audio/clk_div[0]_i_1_n_6
    SLICE_X0Y19          FDRE                                         r  audio/clk_div_reg[0]/D
  -------------------------------------------------------------------    -------------------

                         (clock gclk rise edge)      10.000    10.000 r  
    Y9                                                0.000    10.000 r  clk_100 (IN)
                         net (fo=0)                   0.000    10.000    clk_100
    Y9                   IBUF (Prop_ibuf_I_O)         1.420    11.420 r  clk_100_IBUF_inst/O
                         net (fo=1, routed)           1.972    13.392    clk_100_IBUF
    BUFGCTRL_X0Y1        BUFG (Prop_bufg_I_O)         0.091    13.483 r  clk_100_IBUF_BUFG_inst/O
                         net (fo=4, routed)           1.645    15.128    audio/CLK
    SLICE_X0Y19          FDRE                                         r  audio/clk_div_reg[0]/C
                         clock pessimism              0.457    15.585    
                         clock uncertainty           -0.035    15.550    
    SLICE_X0Y19          FDRE (Setup_fdre_C_D)        0.077    15.627    audio/clk_div_reg[0]
  -------------------------------------------------------------------
                         required time                         15.627    
                         arrival time                          -7.482    
  -------------------------------------------------------------------
                         slack                                  8.145    

Slack (MET) :             8.160ns  (required time - arrival time)
  Source:                 audio/clk_div_reg[0]/C
                            (rising edge-triggered cell FDRE clocked by gclk  {rise@0.000ns fall@5.000ns period=10.000ns})
  Destination:            audio/clk_div_reg[1]/D
                            (rising edge-triggered cell FDRE clocked by gclk  {rise@0.000ns fall@5.000ns period=10.000ns})
  Path Group:             gclk
  Path Type:              Setup (Max at Slow Process Corner)
  Requirement:            10.000ns  (gclk rise@10.000ns - gclk rise@0.000ns)
  Data Path Delay:        1.923ns  (logic 0.668ns (34.743%)  route 1.255ns (65.257%))
  Logic Levels:           1  (LUT2=1)
  Clock Path Skew:        0.000ns (DCD - SCD + CPR)
    Destination Clock Delay (DCD):    5.128ns = ( 15.128 - 10.000 ) 
    Source Clock Delay      (SCD):    5.585ns
    Clock Pessimism Removal (CPR):    0.457ns
  Clock Uncertainty:      0.035ns  ((TSJ^2 + TIJ^2)^1/2 + DJ) / 2 + PE
    Total System Jitter     (TSJ):    0.071ns
    Total Input Jitter      (TIJ):    0.000ns
    Discrete Jitter          (DJ):    0.000ns
    Phase Error              (PE):    0.000ns

    Location             Delay type                Incr(ns)  Path(ns)    Netlist Resource(s)
  -------------------------------------------------------------------    -------------------
                         (clock gclk rise edge)       0.000     0.000 r  
    Y9                                                0.000     0.000 r  clk_100 (IN)
                         net (fo=0)                   0.000     0.000    clk_100
    Y9                   IBUF (Prop_ibuf_I_O)         1.490     1.490 r  clk_100_IBUF_inst/O
                         net (fo=1, routed)           2.171     3.661    clk_100_IBUF
    BUFGCTRL_X0Y1        BUFG (Prop_bufg_I_O)         0.101     3.762 r  clk_100_IBUF_BUFG_inst/O
                         net (fo=4, routed)           1.823     5.585    audio/CLK
    SLICE_X0Y19          FDRE                                         r  audio/clk_div_reg[0]/C
  -------------------------------------------------------------------    -------------------
    SLICE_X0Y19          FDRE (Prop_fdre_C_Q)         0.518     6.103 r  audio/clk_div_reg[0]/Q
                         net (fo=2, routed)           1.255     7.358    audio/clk_div[0]
    SLICE_X0Y19          LUT2 (Prop_lut2_I0_O)        0.150     7.508 r  audio/clk_div[1]_i_1/O
                         net (fo=1, routed)           0.000     7.508    audio/clk_div[1]_i_1_n_6
    SLICE_X0Y19          FDRE                                         r  audio/clk_div_reg[1]/D
  -------------------------------------------------------------------    -------------------

                         (clock gclk rise edge)      10.000    10.000 r  
    Y9                                                0.000    10.000 r  clk_100 (IN)
                         net (fo=0)                   0.000    10.000    clk_100
    Y9                   IBUF (Prop_ibuf_I_O)         1.420    11.420 r  clk_100_IBUF_inst/O
                         net (fo=1, routed)           1.972    13.392    clk_100_IBUF
    BUFGCTRL_X0Y1        BUFG (Prop_bufg_I_O)         0.091    13.483 r  clk_100_IBUF_BUFG_inst/O
                         net (fo=4, routed)           1.645    15.128    audio/CLK
    SLICE_X0Y19          FDRE                                         r  audio/clk_div_reg[1]/C
                         clock pessimism              0.457    15.585    
                         clock uncertainty           -0.035    15.550    
    SLICE_X0Y19          FDRE (Setup_fdre_C_D)        0.118    15.668    audio/clk_div_reg[1]
  -------------------------------------------------------------------
                         required time                         15.668    
                         arrival time                          -7.508    
  -------------------------------------------------------------------
                         slack                                  8.160    





Min Delay Paths
--------------------------------------------------------------------------------------
Slack (MET) :             0.416ns  (arrival time - required time)
  Source:                 audio/clk_div_reg[1]/C
                            (rising edge-triggered cell FDRE clocked by gclk  {rise@0.000ns fall@5.000ns period=10.000ns})
  Destination:            audio/clk_div_reg[1]/D
                            (rising edge-triggered cell FDRE clocked by gclk  {rise@0.000ns fall@5.000ns period=10.000ns})
  Path Group:             gclk
  Path Type:              Hold (Min at Fast Process Corner)
  Requirement:            0.000ns  (gclk rise@0.000ns - gclk rise@0.000ns)
  Data Path Delay:        0.547ns  (logic 0.245ns (44.779%)  route 0.302ns (55.221%))
  Logic Levels:           1  (LUT2=1)
  Clock Path Skew:        0.000ns (DCD - SCD - CPR)
    Destination Clock Delay (DCD):    2.077ns
    Source Clock Delay      (SCD):    1.562ns
    Clock Pessimism Removal (CPR):    0.515ns

    Location             Delay type                Incr(ns)  Path(ns)    Netlist Resource(s)
  -------------------------------------------------------------------    -------------------
                         (clock gclk rise edge)       0.000     0.000 r  
    Y9                                                0.000     0.000 r  clk_100 (IN)
                         net (fo=0)                   0.000     0.000    clk_100
    Y9                   IBUF (Prop_ibuf_I_O)         0.258     0.258 r  clk_100_IBUF_inst/O
                         net (fo=1, routed)           0.663     0.921    clk_100_IBUF
    BUFGCTRL_X0Y1        BUFG (Prop_bufg_I_O)         0.026     0.947 r  clk_100_IBUF_BUFG_inst/O
                         net (fo=4, routed)           0.615     1.562    audio/CLK
    SLICE_X0Y19          FDRE                                         r  audio/clk_div_reg[1]/C
  -------------------------------------------------------------------    -------------------
    SLICE_X0Y19          FDRE (Prop_fdre_C_Q)         0.148     1.710 r  audio/clk_div_reg[1]/Q
                         net (fo=2, routed)           0.302     2.012    audio/clk_div[1]
    SLICE_X0Y19          LUT2 (Prop_lut2_I1_O)        0.097     2.109 r  audio/clk_div[1]_i_1/O
                         net (fo=1, routed)           0.000     2.109    audio/clk_div[1]_i_1_n_6
    SLICE_X0Y19          FDRE                                         r  audio/clk_div_reg[1]/D
  -------------------------------------------------------------------    -------------------

                         (clock gclk rise edge)       0.000     0.000 r  
    Y9                                                0.000     0.000 r  clk_100 (IN)
                         net (fo=0)                   0.000     0.000    clk_100
    Y9                   IBUF (Prop_ibuf_I_O)         0.446     0.446 r  clk_100_IBUF_inst/O
                         net (fo=1, routed)           0.719     1.165    clk_100_IBUF
    BUFGCTRL_X0Y1        BUFG (Prop_bufg_I_O)         0.029     1.194 r  clk_100_IBUF_BUFG_inst/O
                         net (fo=4, routed)           0.883     2.077    audio/CLK
    SLICE_X0Y19          FDRE                                         r  audio/clk_div_reg[1]/C
                         clock pessimism             -0.515     1.562    
    SLICE_X0Y19          FDRE (Hold_fdre_C_D)         0.131     1.693    audio/clk_div_reg[1]
  -------------------------------------------------------------------
                         required time                         -1.693    
                         arrival time                           2.109    
  -------------------------------------------------------------------
                         slack                                  0.416    

Slack (MET) :             0.523ns  (arrival time - required time)
  Source:                 audio/clk_div_reg[1]/C
                            (rising edge-triggered cell FDRE clocked by gclk  {rise@0.000ns fall@5.000ns period=10.000ns})
  Destination:            audio/audio_mclk_reg/D
                            (rising edge-triggered cell FDRE clocked by gclk  {rise@0.000ns fall@5.000ns period=10.000ns})
  Path Group:             gclk
  Path Type:              Hold (Min at Fast Process Corner)
  Requirement:            0.000ns  (gclk rise@0.000ns - gclk rise@0.000ns)
  Data Path Delay:        0.409ns  (logic 0.148ns (36.166%)  route 0.261ns (63.834%))
  Logic Levels:           0  
  Clock Path Skew:        0.032ns (DCD - SCD - CPR)
    Destination Clock Delay (DCD):    2.074ns
    Source Clock Delay      (SCD):    1.562ns
    Clock Pessimism Removal (CPR):    0.480ns

    Location             Delay type                Incr(ns)  Path(ns)    Netlist Resource(s)
  -------------------------------------------------------------------    -------------------
                         (clock gclk rise edge)       0.000     0.000 r  
    Y9                                                0.000     0.000 r  clk_100 (IN)
                         net (fo=0)                   0.000     0.000    clk_100
    Y9                   IBUF (Prop_ibuf_I_O)         0.258     0.258 r  clk_100_IBUF_inst/O
                         net (fo=1, routed)           0.663     0.921    clk_100_IBUF
    BUFGCTRL_X0Y1        BUFG (Prop_bufg_I_O)         0.026     0.947 r  clk_100_IBUF_BUFG_inst/O
                         net (fo=4, routed)           0.615     1.562    audio/CLK
    SLICE_X0Y19          FDRE                                         r  audio/clk_div_reg[1]/C
  -------------------------------------------------------------------    -------------------
    SLICE_X0Y19          FDRE (Prop_fdre_C_Q)         0.148     1.710 r  audio/clk_div_reg[1]/Q
                         net (fo=2, routed)           0.261     1.971    audio/clk_div[1]
    OLOGIC_X0Y20         FDRE                                         r  audio/audio_mclk_reg/D
  -------------------------------------------------------------------    -------------------

                         (clock gclk rise edge)       0.000     0.000 r  
    Y9                                                0.000     0.000 r  clk_100 (IN)
                         net (fo=0)                   0.000     0.000    clk_100
    Y9                   IBUF (Prop_ibuf_I_O)         0.446     0.446 r  clk_100_IBUF_inst/O
                         net (fo=1, routed)           0.719     1.165    clk_100_IBUF
    BUFGCTRL_X0Y1        BUFG (Prop_bufg_I_O)         0.029     1.194 r  clk_100_IBUF_BUFG_inst/O
                         net (fo=4, routed)           0.880     2.074    audio/CLK
    OLOGIC_X0Y20         FDRE                                         r  audio/audio_mclk_reg/C
                         clock pessimism             -0.480     1.594    
    OLOGIC_X0Y20         FDRE (Hold_fdre_C_D)        -0.146     1.448    audio/audio_mclk_reg
  -------------------------------------------------------------------
                         required time                         -1.448    
                         arrival time                           1.971    
  -------------------------------------------------------------------
                         slack                                  0.523    

Slack (MET) :             0.539ns  (arrival time - required time)
  Source:                 audio/clk_div_reg[0]/C
                            (rising edge-triggered cell FDRE clocked by gclk  {rise@0.000ns fall@5.000ns period=10.000ns})
  Destination:            audio/clk_div_reg[0]/D
                            (rising edge-triggered cell FDRE clocked by gclk  {rise@0.000ns fall@5.000ns period=10.000ns})
  Path Group:             gclk
  Path Type:              Hold (Min at Fast Process Corner)
  Requirement:            0.000ns  (gclk rise@0.000ns - gclk rise@0.000ns)
  Data Path Delay:        0.659ns  (logic 0.209ns (31.730%)  route 0.450ns (68.270%))
  Logic Levels:           1  (LUT1=1)
  Clock Path Skew:        0.000ns (DCD - SCD - CPR)
    Destination Clock Delay (DCD):    2.077ns
    Source Clock Delay      (SCD):    1.562ns
    Clock Pessimism Removal (CPR):    0.515ns

    Location             Delay type                Incr(ns)  Path(ns)    Netlist Resource(s)
  -------------------------------------------------------------------    -------------------
                         (clock gclk rise edge)       0.000     0.000 r  
    Y9                                                0.000     0.000 r  clk_100 (IN)
                         net (fo=0)                   0.000     0.000    clk_100
    Y9                   IBUF (Prop_ibuf_I_O)         0.258     0.258 r  clk_100_IBUF_inst/O
                         net (fo=1, routed)           0.663     0.921    clk_100_IBUF
    BUFGCTRL_X0Y1        BUFG (Prop_bufg_I_O)         0.026     0.947 r  clk_100_IBUF_BUFG_inst/O
                         net (fo=4, routed)           0.615     1.562    audio/CLK
    SLICE_X0Y19          FDRE                                         r  audio/clk_div_reg[0]/C
  -------------------------------------------------------------------    -------------------
    SLICE_X0Y19          FDRE (Prop_fdre_C_Q)         0.164     1.726 f  audio/clk_div_reg[0]/Q
                         net (fo=2, routed)           0.450     2.176    audio/clk_div[0]
    SLICE_X0Y19          LUT1 (Prop_lut1_I0_O)        0.045     2.221 r  audio/clk_div[0]_i_1/O
                         net (fo=1, routed)           0.000     2.221    audio/clk_div[0]_i_1_n_6
    SLICE_X0Y19          FDRE                                         r  audio/clk_div_reg[0]/D
  -------------------------------------------------------------------    -------------------

                         (clock gclk rise edge)       0.000     0.000 r  
    Y9                                                0.000     0.000 r  clk_100 (IN)
                         net (fo=0)                   0.000     0.000    clk_100
    Y9                   IBUF (Prop_ibuf_I_O)         0.446     0.446 r  clk_100_IBUF_inst/O
                         net (fo=1, routed)           0.719     1.165    clk_100_IBUF
    BUFGCTRL_X0Y1        BUFG (Prop_bufg_I_O)         0.029     1.194 r  clk_100_IBUF_BUFG_inst/O
                         net (fo=4, routed)           0.883     2.077    audio/CLK
    SLICE_X0Y19          FDRE                                         r  audio/clk_div_reg[0]/C
                         clock pessimism             -0.515     1.562    
    SLICE_X0Y19          FDRE (Hold_fdre_C_D)         0.120     1.682    audio/clk_div_reg[0]
  -------------------------------------------------------------------
                         required time                         -1.682    
                         arrival time                           2.221    
  -------------------------------------------------------------------
                         slack                                  0.539    





Pulse Width Checks
--------------------------------------------------------------------------------------
Clock Name:         gclk
Waveform(ns):       { 0.000 5.000 }
Period(ns):         10.000
Sources:            { clk_100 }

Check Type        Corner  Lib Pin           Reference Pin  Required(ns)  Actual(ns)  Slack(ns)  Location        Pin
Min Period        n/a     BUFG/I            n/a            2.155         10.000      7.845      BUFGCTRL_X0Y1   clk_100_IBUF_BUFG_inst/I
Min Period        n/a     FDRE/C            n/a            1.474         10.000      8.526      OLOGIC_X0Y20    audio/audio_mclk_reg/C
Min Period        n/a     PLLE2_ADV/CLKIN1  n/a            1.249         10.000      8.751      PLLE2_ADV_X1Y0  xillybus_ins/system_i/vivado_system_i/xillyvga_0/inst/xillyvga_core_ins/vga_clk_ins/vga_pll/CLKIN1
Min Period        n/a     FDRE/C            n/a            1.000         10.000      9.000      SLICE_X0Y19     audio/clk_div_reg[0]/C
Min Period        n/a     FDRE/C            n/a            1.000         10.000      9.000      SLICE_X0Y19     audio/clk_div_reg[1]/C
Max Period        n/a     PLLE2_ADV/CLKIN1  n/a            52.633        10.000      42.633     PLLE2_ADV_X1Y0  xillybus_ins/system_i/vivado_system_i/xillyvga_0/inst/xillyvga_core_ins/vga_clk_ins/vga_pll/CLKIN1
Low Pulse Width   Slow    PLLE2_ADV/CLKIN1  n/a            2.000         5.000       3.000      PLLE2_ADV_X1Y0  xillybus_ins/system_i/vivado_system_i/xillyvga_0/inst/xillyvga_core_ins/vga_clk_ins/vga_pll/CLKIN1
Low Pulse Width   Fast    PLLE2_ADV/CLKIN1  n/a            2.000         5.000       3.000      PLLE2_ADV_X1Y0  xillybus_ins/system_i/vivado_system_i/xillyvga_0/inst/xillyvga_core_ins/vga_clk_ins/vga_pll/CLKIN1
Low Pulse Width   Slow    FDRE/C            n/a            0.500         5.000       4.500      SLICE_X0Y19     audio/clk_div_reg[0]/C
Low Pulse Width   Slow    FDRE/C            n/a            0.500         5.000       4.500      SLICE_X0Y19     audio/clk_div_reg[1]/C
Low Pulse Width   Fast    FDRE/C            n/a            0.500         5.000       4.500      SLICE_X0Y19     audio/clk_div_reg[0]/C
Low Pulse Width   Fast    FDRE/C            n/a            0.500         5.000       4.500      SLICE_X0Y19     audio/clk_div_reg[1]/C
High Pulse Width  Fast    PLLE2_ADV/CLKIN1  n/a            2.000         5.000       3.000      PLLE2_ADV_X1Y0  xillybus_ins/system_i/vivado_system_i/xillyvga_0/inst/xillyvga_core_ins/vga_clk_ins/vga_pll/CLKIN1
High Pulse Width  Slow    PLLE2_ADV/CLKIN1  n/a            2.000         5.000       3.000      PLLE2_ADV_X1Y0  xillybus_ins/system_i/vivado_system_i/xillyvga_0/inst/xillyvga_core_ins/vga_clk_ins/vga_pll/CLKIN1
High Pulse Width  Fast    FDRE/C            n/a            0.500         5.000       4.500      SLICE_X0Y19     audio/clk_div_reg[0]/C
High Pulse Width  Fast    FDRE/C            n/a            0.500         5.000       4.500      SLICE_X0Y19     audio/clk_div_reg[1]/C
High Pulse Width  Slow    FDRE/C            n/a            0.500         5.000       4.500      SLICE_X0Y19     audio/clk_div_reg[0]/C
High Pulse Width  Slow    FDRE/C            n/a            0.500         5.000       4.500      SLICE_X0Y19     audio/clk_div_reg[1]/C



---------------------------------------------------------------------------------------------------
From Clock:  vga_clk_ins/clk_fb
  To Clock:  vga_clk_ins/clk_fb

Setup :           NA  Failing Endpoints,  Worst Slack           NA  ,  Total Violation           NA
Hold  :           NA  Failing Endpoints,  Worst Slack           NA  ,  Total Violation           NA
PW    :            0  Failing Endpoints,  Worst Slack       12.633ns,  Total Violation        0.000ns
---------------------------------------------------------------------------------------------------


Pulse Width Checks
--------------------------------------------------------------------------------------
Clock Name:         vga_clk_ins/clk_fb
Waveform(ns):       { 0.000 20.000 }
Period(ns):         40.000
Sources:            { xillybus_ins/system_i/vivado_system_i/xillyvga_0/inst/xillyvga_core_ins/vga_clk_ins/vga_pll/CLKFBOUT }

Check Type  Corner  Lib Pin             Reference Pin  Required(ns)  Actual(ns)  Slack(ns)  Location        Pin
Min Period  n/a     PLLE2_ADV/CLKFBOUT  n/a            1.249         40.000      38.751     PLLE2_ADV_X1Y0  xillybus_ins/system_i/vivado_system_i/xillyvga_0/inst/xillyvga_core_ins/vga_clk_ins/vga_pll/CLKFBOUT
Min Period  n/a     PLLE2_ADV/CLKFBIN   n/a            1.249         40.000      38.751     PLLE2_ADV_X1Y0  xillybus_ins/system_i/vivado_system_i/xillyvga_0/inst/xillyvga_core_ins/vga_clk_ins/vga_pll/CLKFBIN
Max Period  n/a     PLLE2_ADV/CLKFBIN   n/a            52.633        40.000      12.633     PLLE2_ADV_X1Y0  xillybus_ins/system_i/vivado_system_i/xillyvga_0/inst/xillyvga_core_ins/vga_clk_ins/vga_pll/CLKFBIN
Max Period  n/a     PLLE2_ADV/CLKFBOUT  n/a            160.000       40.000      120.000    PLLE2_ADV_X1Y0  xillybus_ins/system_i/vivado_system_i/xillyvga_0/inst/xillyvga_core_ins/vga_clk_ins/vga_pll/CLKFBOUT



---------------------------------------------------------------------------------------------------
From Clock:  vga_clk_ins/clkout0
  To Clock:  vga_clk_ins/clkout0

Setup :            0  Failing Endpoints,  Worst Slack        1.854ns,  Total Violation        0.000ns
Hold  :            0  Failing Endpoints,  Worst Slack        0.033ns,  Total Violation        0.000ns
PW    :            0  Failing Endpoints,  Worst Slack        7.192ns,  Total Violation        0.000ns
---------------------------------------------------------------------------------------------------


Max Delay Paths
--------------------------------------------------------------------------------------
Slack (MET) :             1.854ns  (required time - arrival time)
  Source:                 xillybus_ins/vga_iob_ff[8]/C
                            (rising edge-triggered cell FDCE clocked by vga_clk_ins/clkout0  {rise@0.000ns fall@7.692ns period=15.385ns})
  Destination:            vga4_green[2]
                            (output port clocked by vga_clk_ins/clkout0  {rise@0.000ns fall@7.692ns period=15.385ns})
  Path Group:             vga_clk_ins/clkout0
  Path Type:              Max at Slow Process Corner
  Requirement:            15.385ns  (vga_clk_ins/clkout0 rise@15.385ns - vga_clk_ins/clkout0 rise@0.000ns)
  Data Path Delay:        4.031ns  (logic 4.030ns (99.975%)  route 0.001ns (0.025%))
  Logic Levels:           1  (OBUF=1)
  Output Delay:           5.500ns
  Clock Path Skew:        -3.878ns (DCD - SCD + CPR)
    Destination Clock Delay (DCD):    5.197ns = ( 20.582 - 15.385 ) 
    Source Clock Delay      (SCD):    9.557ns
    Clock Pessimism Removal (CPR):    0.481ns
  Clock Uncertainty:      0.121ns  ((TSJ^2 + DJ^2)^1/2) / 2 + PE
    Total System Jitter     (TSJ):    0.071ns
    Discrete Jitter          (DJ):    0.232ns
    Phase Error              (PE):    0.000ns

    Location             Delay type                Incr(ns)  Path(ns)    Netlist Resource(s)
  -------------------------------------------------------------------    -------------------
                         (clock vga_clk_ins/clkout0 rise edge)
                                                      0.000     0.000 r  
    Y9                                                0.000     0.000 r  clk_100 (IN)
                         net (fo=0)                   0.000     0.000    clk_100
    Y9                   IBUF (Prop_ibuf_I_O)         1.490     1.490 r  clk_100_IBUF_inst/O
                         net (fo=1, routed)           2.171     3.661    clk_100_IBUF
    BUFGCTRL_X0Y1        BUFG (Prop_bufg_I_O)         0.101     3.762 r  clk_100_IBUF_BUFG_inst/O
                         net (fo=4, routed)           1.828     5.590    xillybus_ins/system_i/vivado_system_i/xillyvga_0/inst/xillyvga_core_ins/clk_in
    PLLE2_ADV_X1Y0       PLLE2_ADV (Prop_plle2_adv_CLKIN1_CLKOUT0)
                                                      0.088     5.678 r  xillybus_ins/system_i/vivado_system_i/xillyvga_0/inst/xillyvga_core_ins/vga_clk_ins/vga_pll/CLKOUT0
                         net (fo=1, routed)           1.883     7.561    xillybus_ins/system_i/vivado_system_i/xillyvga_0/inst/xillyvga_core_ins/vga_clk_ins/clkout0
    BUFGCTRL_X0Y0        BUFG (Prop_bufg_I_O)         0.101     7.662 r  xillybus_ins/system_i/vivado_system_i/xillyvga_0/inst/xillyvga_core_ins/vga_clk_ins/clkout1_buf/O
                         net (fo=195, routed)         1.894     9.557    xillybus_ins/vga_clk
    OLOGIC_X1Y33         FDCE                                         r  xillybus_ins/vga_iob_ff[8]/C
  -------------------------------------------------------------------    -------------------
    OLOGIC_X1Y33         FDCE (Prop_fdce_C_Q)         0.472    10.029 r  xillybus_ins/vga_iob_ff[8]/Q
                         net (fo=1, routed)           0.001    10.030    vga4_green_OBUF[2]
    AB21                 OBUF (Prop_obuf_I_O)         3.558    13.588 r  vga4_green_OBUF[2]_inst/O
                         net (fo=0)                   0.000    13.588    vga4_green[2]
    AB21                                                              r  vga4_green[2] (OUT)
  -------------------------------------------------------------------    -------------------

                         (clock vga_clk_ins/clkout0 rise edge)
                                                     15.385    15.385 r  
                         clock pessimism              0.481    15.866    
                         clock uncertainty           -0.121    15.745    
                         output delay                -5.500    10.245    
  -------------------------------------------------------------------
                         required time                         15.442    
                         arrival time                         -13.588    
  -------------------------------------------------------------------
                         slack                                  1.854    

Slack (MET) :             1.854ns  (required time - arrival time)
  Source:                 xillybus_ins/vga_iob_ff[6]/C
                            (rising edge-triggered cell FDCE clocked by vga_clk_ins/clkout0  {rise@0.000ns fall@7.692ns period=15.385ns})
  Destination:            vga4_green[0]
                            (output port clocked by vga_clk_ins/clkout0  {rise@0.000ns fall@7.692ns period=15.385ns})
  Path Group:             vga_clk_ins/clkout0
  Path Type:              Max at Slow Process Corner
  Requirement:            15.385ns  (vga_clk_ins/clkout0 rise@15.385ns - vga_clk_ins/clkout0 rise@0.000ns)
  Data Path Delay:        4.030ns  (logic 4.029ns (99.975%)  route 0.001ns (0.025%))
  Logic Levels:           1  (OBUF=1)
  Output Delay:           5.500ns
  Clock Path Skew:        -3.879ns (DCD - SCD + CPR)
    Destination Clock Delay (DCD):    5.197ns = ( 20.582 - 15.385 ) 
    Source Clock Delay      (SCD):    9.558ns
    Clock Pessimism Removal (CPR):    0.481ns
  Clock Uncertainty:      0.121ns  ((TSJ^2 + DJ^2)^1/2) / 2 + PE
    Total System Jitter     (TSJ):    0.071ns
    Discrete Jitter          (DJ):    0.232ns
    Phase Error              (PE):    0.000ns

    Location             Delay type                Incr(ns)  Path(ns)    Netlist Resource(s)
  -------------------------------------------------------------------    -------------------
                         (clock vga_clk_ins/clkout0 rise edge)
                                                      0.000     0.000 r  
    Y9                                                0.000     0.000 r  clk_100 (IN)
                         net (fo=0)                   0.000     0.000    clk_100
    Y9                   IBUF (Prop_ibuf_I_O)         1.490     1.490 r  clk_100_IBUF_inst/O
                         net (fo=1, routed)           2.171     3.661    clk_100_IBUF
    BUFGCTRL_X0Y1        BUFG (Prop_bufg_I_O)         0.101     3.762 r  clk_100_IBUF_BUFG_inst/O
                         net (fo=4, routed)           1.828     5.590    xillybus_ins/system_i/vivado_system_i/xillyvga_0/inst/xillyvga_core_ins/clk_in
    PLLE2_ADV_X1Y0       PLLE2_ADV (Prop_plle2_adv_CLKIN1_CLKOUT0)
                                                      0.088     5.678 r  xillybus_ins/system_i/vivado_system_i/xillyvga_0/inst/xillyvga_core_ins/vga_clk_ins/vga_pll/CLKOUT0
                         net (fo=1, routed)           1.883     7.561    xillybus_ins/system_i/vivado_system_i/xillyvga_0/inst/xillyvga_core_ins/vga_clk_ins/clkout0
    BUFGCTRL_X0Y0        BUFG (Prop_bufg_I_O)         0.101     7.662 r  xillybus_ins/system_i/vivado_system_i/xillyvga_0/inst/xillyvga_core_ins/vga_clk_ins/clkout1_buf/O
                         net (fo=195, routed)         1.895     9.558    xillybus_ins/vga_clk
    OLOGIC_X1Y35         FDCE                                         r  xillybus_ins/vga_iob_ff[6]/C
  -------------------------------------------------------------------    -------------------
    OLOGIC_X1Y35         FDCE (Prop_fdce_C_Q)         0.472    10.030 r  xillybus_ins/vga_iob_ff[6]/Q
                         net (fo=1, routed)           0.001    10.031    vga4_green_OBUF[0]
    AB22                 OBUF (Prop_obuf_I_O)         3.557    13.587 r  vga4_green_OBUF[0]_inst/O
                         net (fo=0)                   0.000    13.587    vga4_green[0]
    AB22                                                              r  vga4_green[0] (OUT)
  -------------------------------------------------------------------    -------------------

                         (clock vga_clk_ins/clkout0 rise edge)
                                                     15.385    15.385 r  
                         clock pessimism              0.481    15.866    
                         clock uncertainty           -0.121    15.745    
                         output delay                -5.500    10.245    
  -------------------------------------------------------------------
                         required time                         15.442    
                         arrival time                         -13.587    
  -------------------------------------------------------------------
                         slack                                  1.854    

Slack (MET) :             1.864ns  (required time - arrival time)
  Source:                 xillybus_ins/vga_iob_ff[7]/C
                            (rising edge-triggered cell FDCE clocked by vga_clk_ins/clkout0  {rise@0.000ns fall@7.692ns period=15.385ns})
  Destination:            vga4_green[1]
                            (output port clocked by vga_clk_ins/clkout0  {rise@0.000ns fall@7.692ns period=15.385ns})
  Path Group:             vga_clk_ins/clkout0
  Path Type:              Max at Slow Process Corner
  Requirement:            15.385ns  (vga_clk_ins/clkout0 rise@15.385ns - vga_clk_ins/clkout0 rise@0.000ns)
  Data Path Delay:        4.020ns  (logic 4.019ns (99.975%)  route 0.001ns (0.025%))
  Logic Levels:           1  (OBUF=1)
  Output Delay:           5.500ns
  Clock Path Skew:        -3.879ns (DCD - SCD + CPR)
    Destination Clock Delay (DCD):    5.197ns = ( 20.582 - 15.385 ) 
    Source Clock Delay      (SCD):    9.558ns
    Clock Pessimism Removal (CPR):    0.481ns
  Clock Uncertainty:      0.121ns  ((TSJ^2 + DJ^2)^1/2) / 2 + PE
    Total System Jitter     (TSJ):    0.071ns
    Discrete Jitter          (DJ):    0.232ns
    Phase Error              (PE):    0.000ns

    Location             Delay type                Incr(ns)  Path(ns)    Netlist Resource(s)
  -------------------------------------------------------------------    -------------------
                         (clock vga_clk_ins/clkout0 rise edge)
                                                      0.000     0.000 r  
    Y9                                                0.000     0.000 r  clk_100 (IN)
                         net (fo=0)                   0.000     0.000    clk_100
    Y9                   IBUF (Prop_ibuf_I_O)         1.490     1.490 r  clk_100_IBUF_inst/O
                         net (fo=1, routed)           2.171     3.661    clk_100_IBUF
    BUFGCTRL_X0Y1        BUFG (Prop_bufg_I_O)         0.101     3.762 r  clk_100_IBUF_BUFG_inst/O
                         net (fo=4, routed)           1.828     5.590    xillybus_ins/system_i/vivado_system_i/xillyvga_0/inst/xillyvga_core_ins/clk_in
    PLLE2_ADV_X1Y0       PLLE2_ADV (Prop_plle2_adv_CLKIN1_CLKOUT0)
                                                      0.088     5.678 r  xillybus_ins/system_i/vivado_system_i/xillyvga_0/inst/xillyvga_core_ins/vga_clk_ins/vga_pll/CLKOUT0
                         net (fo=1, routed)           1.883     7.561    xillybus_ins/system_i/vivado_system_i/xillyvga_0/inst/xillyvga_core_ins/vga_clk_ins/clkout0
    BUFGCTRL_X0Y0        BUFG (Prop_bufg_I_O)         0.101     7.662 r  xillybus_ins/system_i/vivado_system_i/xillyvga_0/inst/xillyvga_core_ins/vga_clk_ins/clkout1_buf/O
                         net (fo=195, routed)         1.895     9.558    xillybus_ins/vga_clk
    OLOGIC_X1Y36         FDCE                                         r  xillybus_ins/vga_iob_ff[7]/C
  -------------------------------------------------------------------    -------------------
    OLOGIC_X1Y36         FDCE (Prop_fdce_C_Q)         0.472    10.030 r  xillybus_ins/vga_iob_ff[7]/Q
                         net (fo=1, routed)           0.001    10.031    vga4_green_OBUF[1]
    AA22                 OBUF (Prop_obuf_I_O)         3.547    13.578 r  vga4_green_OBUF[1]_inst/O
                         net (fo=0)                   0.000    13.578    vga4_green[1]
    AA22                                                              r  vga4_green[1] (OUT)
  -------------------------------------------------------------------    -------------------

                         (clock vga_clk_ins/clkout0 rise edge)
                                                     15.385    15.385 r  
                         clock pessimism              0.481    15.866    
                         clock uncertainty           -0.121    15.745    
                         output delay                -5.500    10.245    
  -------------------------------------------------------------------
                         required time                         15.442    
                         arrival time                         -13.578    
  -------------------------------------------------------------------
                         slack                                  1.864    

Slack (MET) :             1.865ns  (required time - arrival time)
  Source:                 xillybus_ins/vga_iob_ff[9]/C
                            (rising edge-triggered cell FDCE clocked by vga_clk_ins/clkout0  {rise@0.000ns fall@7.692ns period=15.385ns})
  Destination:            vga4_green[3]
                            (output port clocked by vga_clk_ins/clkout0  {rise@0.000ns fall@7.692ns period=15.385ns})
  Path Group:             vga_clk_ins/clkout0
  Path Type:              Max at Slow Process Corner
  Requirement:            15.385ns  (vga_clk_ins/clkout0 rise@15.385ns - vga_clk_ins/clkout0 rise@0.000ns)
  Data Path Delay:        4.020ns  (logic 4.019ns (99.975%)  route 0.001ns (0.025%))
  Logic Levels:           1  (OBUF=1)
  Output Delay:           5.500ns
  Clock Path Skew:        -3.878ns (DCD - SCD + CPR)
    Destination Clock Delay (DCD):    5.197ns = ( 20.582 - 15.385 ) 
    Source Clock Delay      (SCD):    9.557ns
    Clock Pessimism Removal (CPR):    0.481ns
  Clock Uncertainty:      0.121ns  ((TSJ^2 + DJ^2)^1/2) / 2 + PE
    Total System Jitter     (TSJ):    0.071ns
    Discrete Jitter          (DJ):    0.232ns
    Phase Error              (PE):    0.000ns

    Location             Delay type                Incr(ns)  Path(ns)    Netlist Resource(s)
  -------------------------------------------------------------------    -------------------
                         (clock vga_clk_ins/clkout0 rise edge)
                                                      0.000     0.000 r  
    Y9                                                0.000     0.000 r  clk_100 (IN)
                         net (fo=0)                   0.000     0.000    clk_100
    Y9                   IBUF (Prop_ibuf_I_O)         1.490     1.490 r  clk_100_IBUF_inst/O
                         net (fo=1, routed)           2.171     3.661    clk_100_IBUF
    BUFGCTRL_X0Y1        BUFG (Prop_bufg_I_O)         0.101     3.762 r  clk_100_IBUF_BUFG_inst/O
                         net (fo=4, routed)           1.828     5.590    xillybus_ins/system_i/vivado_system_i/xillyvga_0/inst/xillyvga_core_ins/clk_in
    PLLE2_ADV_X1Y0       PLLE2_ADV (Prop_plle2_adv_CLKIN1_CLKOUT0)
                                                      0.088     5.678 r  xillybus_ins/system_i/vivado_system_i/xillyvga_0/inst/xillyvga_core_ins/vga_clk_ins/vga_pll/CLKOUT0
                         net (fo=1, routed)           1.883     7.561    xillybus_ins/system_i/vivado_system_i/xillyvga_0/inst/xillyvga_core_ins/vga_clk_ins/clkout0
    BUFGCTRL_X0Y0        BUFG (Prop_bufg_I_O)         0.101     7.662 r  xillybus_ins/system_i/vivado_system_i/xillyvga_0/inst/xillyvga_core_ins/vga_clk_ins/clkout1_buf/O
                         net (fo=195, routed)         1.894     9.557    xillybus_ins/vga_clk
    OLOGIC_X1Y34         FDCE                                         r  xillybus_ins/vga_iob_ff[9]/C
  -------------------------------------------------------------------    -------------------
    OLOGIC_X1Y34         FDCE (Prop_fdce_C_Q)         0.472    10.029 r  xillybus_ins/vga_iob_ff[9]/Q
                         net (fo=1, routed)           0.001    10.030    vga4_green_OBUF[3]
    AA21                 OBUF (Prop_obuf_I_O)         3.547    13.577 r  vga4_green_OBUF[3]_inst/O
                         net (fo=0)                   0.000    13.577    vga4_green[3]
    AA21                                                              r  vga4_green[3] (OUT)
  -------------------------------------------------------------------    -------------------

                         (clock vga_clk_ins/clkout0 rise edge)
                                                     15.385    15.385 r  
                         clock pessimism              0.481    15.866    
                         clock uncertainty           -0.121    15.745    
                         output delay                -5.500    10.245    
  -------------------------------------------------------------------
                         required time                         15.442    
                         arrival time                         -13.577    
  -------------------------------------------------------------------
                         slack                                  1.865    

Slack (MET) :             1.867ns  (required time - arrival time)
  Source:                 xillybus_ins/vga_iob_ff[0]/C
                            (rising edge-triggered cell FDCE clocked by vga_clk_ins/clkout0  {rise@0.000ns fall@7.692ns period=15.385ns})
  Destination:            vga_vsync
                            (output port clocked by vga_clk_ins/clkout0  {rise@0.000ns fall@7.692ns period=15.385ns})
  Path Group:             vga_clk_ins/clkout0
  Path Type:              Max at Slow Process Corner
  Requirement:            15.385ns  (vga_clk_ins/clkout0 rise@15.385ns - vga_clk_ins/clkout0 rise@0.000ns)
  Data Path Delay:        4.026ns  (logic 4.025ns (99.975%)  route 0.001ns (0.025%))
  Logic Levels:           1  (OBUF=1)
  Output Delay:           5.500ns
  Clock Path Skew:        -3.869ns (DCD - SCD + CPR)
    Destination Clock Delay (DCD):    5.197ns = ( 20.582 - 15.385 ) 
    Source Clock Delay      (SCD):    9.548ns
    Clock Pessimism Removal (CPR):    0.481ns
  Clock Uncertainty:      0.121ns  ((TSJ^2 + DJ^2)^1/2) / 2 + PE
    Total System Jitter     (TSJ):    0.071ns
    Discrete Jitter          (DJ):    0.232ns
    Phase Error              (PE):    0.000ns

    Location             Delay type                Incr(ns)  Path(ns)    Netlist Resource(s)
  -------------------------------------------------------------------    -------------------
                         (clock vga_clk_ins/clkout0 rise edge)
                                                      0.000     0.000 r  
    Y9                                                0.000     0.000 r  clk_100 (IN)
                         net (fo=0)                   0.000     0.000    clk_100
    Y9                   IBUF (Prop_ibuf_I_O)         1.490     1.490 r  clk_100_IBUF_inst/O
                         net (fo=1, routed)           2.171     3.661    clk_100_IBUF
    BUFGCTRL_X0Y1        BUFG (Prop_bufg_I_O)         0.101     3.762 r  clk_100_IBUF_BUFG_inst/O
                         net (fo=4, routed)           1.828     5.590    xillybus_ins/system_i/vivado_system_i/xillyvga_0/inst/xillyvga_core_ins/clk_in
    PLLE2_ADV_X1Y0       PLLE2_ADV (Prop_plle2_adv_CLKIN1_CLKOUT0)
                                                      0.088     5.678 r  xillybus_ins/system_i/vivado_system_i/xillyvga_0/inst/xillyvga_core_ins/vga_clk_ins/vga_pll/CLKOUT0
                         net (fo=1, routed)           1.883     7.561    xillybus_ins/system_i/vivado_system_i/xillyvga_0/inst/xillyvga_core_ins/vga_clk_ins/clkout0
    BUFGCTRL_X0Y0        BUFG (Prop_bufg_I_O)         0.101     7.662 r  xillybus_ins/system_i/vivado_system_i/xillyvga_0/inst/xillyvga_core_ins/vga_clk_ins/clkout1_buf/O
                         net (fo=195, routed)         1.885     9.548    xillybus_ins/vga_clk
    OLOGIC_X1Y28         FDCE                                         r  xillybus_ins/vga_iob_ff[0]/C
  -------------------------------------------------------------------    -------------------
    OLOGIC_X1Y28         FDCE (Prop_fdce_C_Q)         0.472    10.020 r  xillybus_ins/vga_iob_ff[0]/Q
                         net (fo=1, routed)           0.001    10.021    vga_vsync_OBUF
    Y19                  OBUF (Prop_obuf_I_O)         3.553    13.574 r  vga_vsync_OBUF_inst/O
                         net (fo=0)                   0.000    13.574    vga_vsync
    Y19                                                               r  vga_vsync (OUT)
  -------------------------------------------------------------------    -------------------

                         (clock vga_clk_ins/clkout0 rise edge)
                                                     15.385    15.385 r  
                         clock pessimism              0.481    15.866    
                         clock uncertainty           -0.121    15.745    
                         output delay                -5.500    10.245    
  -------------------------------------------------------------------
                         required time                         15.442    
                         arrival time                         -13.574    
  -------------------------------------------------------------------
                         slack                                  1.867    

Slack (MET) :             1.870ns  (required time - arrival time)
  Source:                 xillybus_ins/vga_iob_ff[10]/C
                            (rising edge-triggered cell FDCE clocked by vga_clk_ins/clkout0  {rise@0.000ns fall@7.692ns period=15.385ns})
  Destination:            vga4_red[0]
                            (output port clocked by vga_clk_ins/clkout0  {rise@0.000ns fall@7.692ns period=15.385ns})
  Path Group:             vga_clk_ins/clkout0
  Path Type:              Max at Slow Process Corner
  Requirement:            15.385ns  (vga_clk_ins/clkout0 rise@15.385ns - vga_clk_ins/clkout0 rise@0.000ns)
  Data Path Delay:        4.011ns  (logic 4.010ns (99.975%)  route 0.001ns (0.025%))
  Logic Levels:           1  (OBUF=1)
  Output Delay:           5.500ns
  Clock Path Skew:        -3.882ns (DCD - SCD + CPR)
    Destination Clock Delay (DCD):    5.197ns = ( 20.582 - 15.385 ) 
    Source Clock Delay      (SCD):    9.561ns
    Clock Pessimism Removal (CPR):    0.481ns
  Clock Uncertainty:      0.121ns  ((TSJ^2 + DJ^2)^1/2) / 2 + PE
    Total System Jitter     (TSJ):    0.071ns
    Discrete Jitter          (DJ):    0.232ns
    Phase Error              (PE):    0.000ns

    Location             Delay type                Incr(ns)  Path(ns)    Netlist Resource(s)
  -------------------------------------------------------------------    -------------------
                         (clock vga_clk_ins/clkout0 rise edge)
                                                      0.000     0.000 r  
    Y9                                                0.000     0.000 r  clk_100 (IN)
                         net (fo=0)                   0.000     0.000    clk_100
    Y9                   IBUF (Prop_ibuf_I_O)         1.490     1.490 r  clk_100_IBUF_inst/O
                         net (fo=1, routed)           2.171     3.661    clk_100_IBUF
    BUFGCTRL_X0Y1        BUFG (Prop_bufg_I_O)         0.101     3.762 r  clk_100_IBUF_BUFG_inst/O
                         net (fo=4, routed)           1.828     5.590    xillybus_ins/system_i/vivado_system_i/xillyvga_0/inst/xillyvga_core_ins/clk_in
    PLLE2_ADV_X1Y0       PLLE2_ADV (Prop_plle2_adv_CLKIN1_CLKOUT0)
                                                      0.088     5.678 r  xillybus_ins/system_i/vivado_system_i/xillyvga_0/inst/xillyvga_core_ins/vga_clk_ins/vga_pll/CLKOUT0
                         net (fo=1, routed)           1.883     7.561    xillybus_ins/system_i/vivado_system_i/xillyvga_0/inst/xillyvga_core_ins/vga_clk_ins/clkout0
    BUFGCTRL_X0Y0        BUFG (Prop_bufg_I_O)         0.101     7.662 r  xillybus_ins/system_i/vivado_system_i/xillyvga_0/inst/xillyvga_core_ins/vga_clk_ins/clkout1_buf/O
                         net (fo=195, routed)         1.898     9.561    xillybus_ins/vga_clk
    OLOGIC_X1Y39         FDCE                                         r  xillybus_ins/vga_iob_ff[10]/C
  -------------------------------------------------------------------    -------------------
    OLOGIC_X1Y39         FDCE (Prop_fdce_C_Q)         0.472    10.033 r  xillybus_ins/vga_iob_ff[10]/Q
                         net (fo=1, routed)           0.001    10.034    vga4_red_OBUF[0]
    V20                  OBUF (Prop_obuf_I_O)         3.538    13.571 r  vga4_red_OBUF[0]_inst/O
                         net (fo=0)                   0.000    13.571    vga4_red[0]
    V20                                                               r  vga4_red[0] (OUT)
  -------------------------------------------------------------------    -------------------

                         (clock vga_clk_ins/clkout0 rise edge)
                                                     15.385    15.385 r  
                         clock pessimism              0.481    15.866    
                         clock uncertainty           -0.121    15.745    
                         output delay                -5.500    10.245    
  -------------------------------------------------------------------
                         required time                         15.442    
                         arrival time                         -13.571    
  -------------------------------------------------------------------
                         slack                                  1.870    

Slack (MET) :             1.872ns  (required time - arrival time)
  Source:                 xillybus_ins/vga_iob_ff[4]/C
                            (rising edge-triggered cell FDCE clocked by vga_clk_ins/clkout0  {rise@0.000ns fall@7.692ns period=15.385ns})
  Destination:            vga4_blue[2]
                            (output port clocked by vga_clk_ins/clkout0  {rise@0.000ns fall@7.692ns period=15.385ns})
  Path Group:             vga_clk_ins/clkout0
  Path Type:              Max at Slow Process Corner
  Requirement:            15.385ns  (vga_clk_ins/clkout0 rise@15.385ns - vga_clk_ins/clkout0 rise@0.000ns)
  Data Path Delay:        4.020ns  (logic 4.019ns (99.975%)  route 0.001ns (0.025%))
  Logic Levels:           1  (OBUF=1)
  Output Delay:           5.500ns
  Clock Path Skew:        -3.871ns (DCD - SCD + CPR)
    Destination Clock Delay (DCD):    5.197ns = ( 20.582 - 15.385 ) 
    Source Clock Delay      (SCD):    9.550ns
    Clock Pessimism Removal (CPR):    0.481ns
  Clock Uncertainty:      0.121ns  ((TSJ^2 + DJ^2)^1/2) / 2 + PE
    Total System Jitter     (TSJ):    0.071ns
    Discrete Jitter          (DJ):    0.232ns
    Phase Error              (PE):    0.000ns

    Location             Delay type                Incr(ns)  Path(ns)    Netlist Resource(s)
  -------------------------------------------------------------------    -------------------
                         (clock vga_clk_ins/clkout0 rise edge)
                                                      0.000     0.000 r  
    Y9                                                0.000     0.000 r  clk_100 (IN)
                         net (fo=0)                   0.000     0.000    clk_100
    Y9                   IBUF (Prop_ibuf_I_O)         1.490     1.490 r  clk_100_IBUF_inst/O
                         net (fo=1, routed)           2.171     3.661    clk_100_IBUF
    BUFGCTRL_X0Y1        BUFG (Prop_bufg_I_O)         0.101     3.762 r  clk_100_IBUF_BUFG_inst/O
                         net (fo=4, routed)           1.828     5.590    xillybus_ins/system_i/vivado_system_i/xillyvga_0/inst/xillyvga_core_ins/clk_in
    PLLE2_ADV_X1Y0       PLLE2_ADV (Prop_plle2_adv_CLKIN1_CLKOUT0)
                                                      0.088     5.678 r  xillybus_ins/system_i/vivado_system_i/xillyvga_0/inst/xillyvga_core_ins/vga_clk_ins/vga_pll/CLKOUT0
                         net (fo=1, routed)           1.883     7.561    xillybus_ins/system_i/vivado_system_i/xillyvga_0/inst/xillyvga_core_ins/vga_clk_ins/clkout0
    BUFGCTRL_X0Y0        BUFG (Prop_bufg_I_O)         0.101     7.662 r  xillybus_ins/system_i/vivado_system_i/xillyvga_0/inst/xillyvga_core_ins/vga_clk_ins/clkout1_buf/O
                         net (fo=195, routed)         1.887     9.550    xillybus_ins/vga_clk
    OLOGIC_X1Y29         FDCE                                         r  xillybus_ins/vga_iob_ff[4]/C
  -------------------------------------------------------------------    -------------------
    OLOGIC_X1Y29         FDCE (Prop_fdce_C_Q)         0.472    10.022 r  xillybus_ins/vga_iob_ff[4]/Q
                         net (fo=1, routed)           0.001    10.023    vga4_blue_OBUF[2]
    AB20                 OBUF (Prop_obuf_I_O)         3.547    13.570 r  vga4_blue_OBUF[2]_inst/O
                         net (fo=0)                   0.000    13.570    vga4_blue[2]
    AB20                                                              r  vga4_blue[2] (OUT)
  -------------------------------------------------------------------    -------------------

                         (clock vga_clk_ins/clkout0 rise edge)
                                                     15.385    15.385 r  
                         clock pessimism              0.481    15.866    
                         clock uncertainty           -0.121    15.745    
                         output delay                -5.500    10.245    
  -------------------------------------------------------------------
                         required time                         15.442    
                         arrival time                         -13.570    
  -------------------------------------------------------------------
                         slack                                  1.872    

Slack (MET) :             1.879ns  (required time - arrival time)
  Source:                 xillybus_ins/vga_iob_ff[13]/C
                            (rising edge-triggered cell FDCE clocked by vga_clk_ins/clkout0  {rise@0.000ns fall@7.692ns period=15.385ns})
  Destination:            vga4_red[3]
                            (output port clocked by vga_clk_ins/clkout0  {rise@0.000ns fall@7.692ns period=15.385ns})
  Path Group:             vga_clk_ins/clkout0
  Path Type:              Max at Slow Process Corner
  Requirement:            15.385ns  (vga_clk_ins/clkout0 rise@15.385ns - vga_clk_ins/clkout0 rise@0.000ns)
  Data Path Delay:        4.002ns  (logic 4.001ns (99.975%)  route 0.001ns (0.025%))
  Logic Levels:           1  (OBUF=1)
  Output Delay:           5.500ns
  Clock Path Skew:        -3.882ns (DCD - SCD + CPR)
    Destination Clock Delay (DCD):    5.197ns = ( 20.582 - 15.385 ) 
    Source Clock Delay      (SCD):    9.561ns
    Clock Pessimism Removal (CPR):    0.481ns
  Clock Uncertainty:      0.121ns  ((TSJ^2 + DJ^2)^1/2) / 2 + PE
    Total System Jitter     (TSJ):    0.071ns
    Discrete Jitter          (DJ):    0.232ns
    Phase Error              (PE):    0.000ns

    Location             Delay type                Incr(ns)  Path(ns)    Netlist Resource(s)
  -------------------------------------------------------------------    -------------------
                         (clock vga_clk_ins/clkout0 rise edge)
                                                      0.000     0.000 r  
    Y9                                                0.000     0.000 r  clk_100 (IN)
                         net (fo=0)                   0.000     0.000    clk_100
    Y9                   IBUF (Prop_ibuf_I_O)         1.490     1.490 r  clk_100_IBUF_inst/O
                         net (fo=1, routed)           2.171     3.661    clk_100_IBUF
    BUFGCTRL_X0Y1        BUFG (Prop_bufg_I_O)         0.101     3.762 r  clk_100_IBUF_BUFG_inst/O
                         net (fo=4, routed)           1.828     5.590    xillybus_ins/system_i/vivado_system_i/xillyvga_0/inst/xillyvga_core_ins/clk_in
    PLLE2_ADV_X1Y0       PLLE2_ADV (Prop_plle2_adv_CLKIN1_CLKOUT0)
                                                      0.088     5.678 r  xillybus_ins/system_i/vivado_system_i/xillyvga_0/inst/xillyvga_core_ins/vga_clk_ins/vga_pll/CLKOUT0
                         net (fo=1, routed)           1.883     7.561    xillybus_ins/system_i/vivado_system_i/xillyvga_0/inst/xillyvga_core_ins/vga_clk_ins/clkout0
    BUFGCTRL_X0Y0        BUFG (Prop_bufg_I_O)         0.101     7.662 r  xillybus_ins/system_i/vivado_system_i/xillyvga_0/inst/xillyvga_core_ins/vga_clk_ins/clkout1_buf/O
                         net (fo=195, routed)         1.898     9.561    xillybus_ins/vga_clk
    OLOGIC_X1Y38         FDCE                                         r  xillybus_ins/vga_iob_ff[13]/C
  -------------------------------------------------------------------    -------------------
    OLOGIC_X1Y38         FDCE (Prop_fdce_C_Q)         0.472    10.033 r  xillybus_ins/vga_iob_ff[13]/Q
                         net (fo=1, routed)           0.001    10.034    vga4_red_OBUF[3]
    V18                  OBUF (Prop_obuf_I_O)         3.529    13.563 r  vga4_red_OBUF[3]_inst/O
                         net (fo=0)                   0.000    13.563    vga4_red[3]
    V18                                                               r  vga4_red[3] (OUT)
  -------------------------------------------------------------------    -------------------

                         (clock vga_clk_ins/clkout0 rise edge)
                                                     15.385    15.385 r  
                         clock pessimism              0.481    15.866    
                         clock uncertainty           -0.121    15.745    
                         output delay                -5.500    10.245    
  -------------------------------------------------------------------
                         required time                         15.442    
                         arrival time                         -13.563    
  -------------------------------------------------------------------
                         slack                                  1.879    

Slack (MET) :             1.880ns  (required time - arrival time)
  Source:                 xillybus_ins/vga_iob_ff[1]/C
                            (rising edge-triggered cell FDCE clocked by vga_clk_ins/clkout0  {rise@0.000ns fall@7.692ns period=15.385ns})
  Destination:            vga_hsync
                            (output port clocked by vga_clk_ins/clkout0  {rise@0.000ns fall@7.692ns period=15.385ns})
  Path Group:             vga_clk_ins/clkout0
  Path Type:              Max at Slow Process Corner
  Requirement:            15.385ns  (vga_clk_ins/clkout0 rise@15.385ns - vga_clk_ins/clkout0 rise@0.000ns)
  Data Path Delay:        4.014ns  (logic 4.013ns (99.975%)  route 0.001ns (0.025%))
  Logic Levels:           1  (OBUF=1)
  Output Delay:           5.500ns
  Clock Path Skew:        -3.869ns (DCD - SCD + CPR)
    Destination Clock Delay (DCD):    5.197ns = ( 20.582 - 15.385 ) 
    Source Clock Delay      (SCD):    9.548ns
    Clock Pessimism Removal (CPR):    0.481ns
  Clock Uncertainty:      0.121ns  ((TSJ^2 + DJ^2)^1/2) / 2 + PE
    Total System Jitter     (TSJ):    0.071ns
    Discrete Jitter          (DJ):    0.232ns
    Phase Error              (PE):    0.000ns

    Location             Delay type                Incr(ns)  Path(ns)    Netlist Resource(s)
  -------------------------------------------------------------------    -------------------
                         (clock vga_clk_ins/clkout0 rise edge)
                                                      0.000     0.000 r  
    Y9                                                0.000     0.000 r  clk_100 (IN)
                         net (fo=0)                   0.000     0.000    clk_100
    Y9                   IBUF (Prop_ibuf_I_O)         1.490     1.490 r  clk_100_IBUF_inst/O
                         net (fo=1, routed)           2.171     3.661    clk_100_IBUF
    BUFGCTRL_X0Y1        BUFG (Prop_bufg_I_O)         0.101     3.762 r  clk_100_IBUF_BUFG_inst/O
                         net (fo=4, routed)           1.828     5.590    xillybus_ins/system_i/vivado_system_i/xillyvga_0/inst/xillyvga_core_ins/clk_in
    PLLE2_ADV_X1Y0       PLLE2_ADV (Prop_plle2_adv_CLKIN1_CLKOUT0)
                                                      0.088     5.678 r  xillybus_ins/system_i/vivado_system_i/xillyvga_0/inst/xillyvga_core_ins/vga_clk_ins/vga_pll/CLKOUT0
                         net (fo=1, routed)           1.883     7.561    xillybus_ins/system_i/vivado_system_i/xillyvga_0/inst/xillyvga_core_ins/vga_clk_ins/clkout0
    BUFGCTRL_X0Y0        BUFG (Prop_bufg_I_O)         0.101     7.662 r  xillybus_ins/system_i/vivado_system_i/xillyvga_0/inst/xillyvga_core_ins/vga_clk_ins/clkout1_buf/O
                         net (fo=195, routed)         1.885     9.548    xillybus_ins/vga_clk
    OLOGIC_X1Y27         FDCE                                         r  xillybus_ins/vga_iob_ff[1]/C
  -------------------------------------------------------------------    -------------------
    OLOGIC_X1Y27         FDCE (Prop_fdce_C_Q)         0.472    10.020 r  xillybus_ins/vga_iob_ff[1]/Q
                         net (fo=1, routed)           0.001    10.021    vga_hsync_OBUF
    AA19                 OBUF (Prop_obuf_I_O)         3.541    13.562 r  vga_hsync_OBUF_inst/O
                         net (fo=0)                   0.000    13.562    vga_hsync
    AA19                                                              r  vga_hsync (OUT)
  -------------------------------------------------------------------    -------------------

                         (clock vga_clk_ins/clkout0 rise edge)
                                                     15.385    15.385 r  
                         clock pessimism              0.481    15.866    
                         clock uncertainty           -0.121    15.745    
                         output delay                -5.500    10.245    
  -------------------------------------------------------------------
                         required time                         15.442    
                         arrival time                         -13.562    
  -------------------------------------------------------------------
                         slack                                  1.880    

Slack (MET) :             1.882ns  (required time - arrival time)
  Source:                 xillybus_ins/vga_iob_ff[5]/C
                            (rising edge-triggered cell FDCE clocked by vga_clk_ins/clkout0  {rise@0.000ns fall@7.692ns period=15.385ns})
  Destination:            vga4_blue[3]
                            (output port clocked by vga_clk_ins/clkout0  {rise@0.000ns fall@7.692ns period=15.385ns})
  Path Group:             vga_clk_ins/clkout0
  Path Type:              Max at Slow Process Corner
  Requirement:            15.385ns  (vga_clk_ins/clkout0 rise@15.385ns - vga_clk_ins/clkout0 rise@0.000ns)
  Data Path Delay:        4.010ns  (logic 4.009ns (99.975%)  route 0.001ns (0.025%))
  Logic Levels:           1  (OBUF=1)
  Output Delay:           5.500ns
  Clock Path Skew:        -3.871ns (DCD - SCD + CPR)
    Destination Clock Delay (DCD):    5.197ns = ( 20.582 - 15.385 ) 
    Source Clock Delay      (SCD):    9.550ns
    Clock Pessimism Removal (CPR):    0.481ns
  Clock Uncertainty:      0.121ns  ((TSJ^2 + DJ^2)^1/2) / 2 + PE
    Total System Jitter     (TSJ):    0.071ns
    Discrete Jitter          (DJ):    0.232ns
    Phase Error              (PE):    0.000ns

    Location             Delay type                Incr(ns)  Path(ns)    Netlist Resource(s)
  -------------------------------------------------------------------    -------------------
                         (clock vga_clk_ins/clkout0 rise edge)
                                                      0.000     0.000 r  
    Y9                                                0.000     0.000 r  clk_100 (IN)
                         net (fo=0)                   0.000     0.000    clk_100
    Y9                   IBUF (Prop_ibuf_I_O)         1.490     1.490 r  clk_100_IBUF_inst/O
                         net (fo=1, routed)           2.171     3.661    clk_100_IBUF
    BUFGCTRL_X0Y1        BUFG (Prop_bufg_I_O)         0.101     3.762 r  clk_100_IBUF_BUFG_inst/O
                         net (fo=4, routed)           1.828     5.590    xillybus_ins/system_i/vivado_system_i/xillyvga_0/inst/xillyvga_core_ins/clk_in
    PLLE2_ADV_X1Y0       PLLE2_ADV (Prop_plle2_adv_CLKIN1_CLKOUT0)
                                                      0.088     5.678 r  xillybus_ins/system_i/vivado_system_i/xillyvga_0/inst/xillyvga_core_ins/vga_clk_ins/vga_pll/CLKOUT0
                         net (fo=1, routed)           1.883     7.561    xillybus_ins/system_i/vivado_system_i/xillyvga_0/inst/xillyvga_core_ins/vga_clk_ins/clkout0
    BUFGCTRL_X0Y0        BUFG (Prop_bufg_I_O)         0.101     7.662 r  xillybus_ins/system_i/vivado_system_i/xillyvga_0/inst/xillyvga_core_ins/vga_clk_ins/clkout1_buf/O
                         net (fo=195, routed)         1.887     9.550    xillybus_ins/vga_clk
    OLOGIC_X1Y30         FDCE                                         r  xillybus_ins/vga_iob_ff[5]/C
  -------------------------------------------------------------------    -------------------
    OLOGIC_X1Y30         FDCE (Prop_fdce_C_Q)         0.472    10.022 r  xillybus_ins/vga_iob_ff[5]/Q
                         net (fo=1, routed)           0.001    10.023    vga4_blue_OBUF[3]
    AB19                 OBUF (Prop_obuf_I_O)         3.537    13.559 r  vga4_blue_OBUF[3]_inst/O
                         net (fo=0)                   0.000    13.559    vga4_blue[3]
    AB19                                                              r  vga4_blue[3] (OUT)
  -------------------------------------------------------------------    -------------------

                         (clock vga_clk_ins/clkout0 rise edge)
                                                     15.385    15.385 r  
                         clock pessimism              0.481    15.866    
                         clock uncertainty           -0.121    15.745    
                         output delay                -5.500    10.245    
  -------------------------------------------------------------------
                         required time                         15.442    
                         arrival time                         -13.559    
  -------------------------------------------------------------------
                         slack                                  1.882    





Min Delay Paths
--------------------------------------------------------------------------------------
Slack (MET) :             0.033ns  (arrival time - required time)
  Source:                 xillybus_ins/system_i/vivado_system_i/xillyvga_0/inst/xillyvga_core_ins/scan_ins/underrun/C
                            (rising edge-triggered cell FDRE clocked by vga_clk_ins/clkout0  {rise@0.000ns fall@7.692ns period=15.385ns})
  Destination:            xillybus_ins/system_i/vivado_system_i/xillyvga_0/inst/xillyvga_core_ins/scan_ins/underrun_d/D
                            (rising edge-triggered cell FDRE clocked by vga_clk_ins/clkout0  {rise@0.000ns fall@7.692ns period=15.385ns})
  Path Group:             vga_clk_ins/clkout0
  Path Type:              Hold (Min at Fast Process Corner)
  Requirement:            0.000ns  (vga_clk_ins/clkout0 rise@0.000ns - vga_clk_ins/clkout0 rise@0.000ns)
  Data Path Delay:        0.371ns  (logic 0.141ns (37.978%)  route 0.230ns (62.022%))
  Logic Levels:           0  
  Clock Path Skew:        0.278ns (DCD - SCD - CPR)
    Destination Clock Delay (DCD):    3.592ns
    Source Clock Delay      (SCD):    2.745ns
    Clock Pessimism Removal (CPR):    0.568ns

    Location             Delay type                Incr(ns)  Path(ns)    Netlist Resource(s)
  -------------------------------------------------------------------    -------------------
                         (clock vga_clk_ins/clkout0 rise edge)
                                                      0.000     0.000 r  
    Y9                                                0.000     0.000 r  clk_100 (IN)
                         net (fo=0)                   0.000     0.000    clk_100
    Y9                   IBUF (Prop_ibuf_I_O)         0.258     0.258 r  clk_100_IBUF_inst/O
                         net (fo=1, routed)           0.663     0.921    clk_100_IBUF
    BUFGCTRL_X0Y1        BUFG (Prop_bufg_I_O)         0.026     0.947 r  clk_100_IBUF_BUFG_inst/O
                         net (fo=4, routed)           0.600     1.547    xillybus_ins/system_i/vivado_system_i/xillyvga_0/inst/xillyvga_core_ins/clk_in
    PLLE2_ADV_X1Y0       PLLE2_ADV (Prop_plle2_adv_CLKIN1_CLKOUT0)
                                                      0.050     1.597 r  xillybus_ins/system_i/vivado_system_i/xillyvga_0/inst/xillyvga_core_ins/vga_clk_ins/vga_pll/CLKOUT0
                         net (fo=1, routed)           0.544     2.141    xillybus_ins/system_i/vivado_system_i/xillyvga_0/inst/xillyvga_core_ins/vga_clk_ins/clkout0
    BUFGCTRL_X0Y0        BUFG (Prop_bufg_I_O)         0.026     2.167 r  xillybus_ins/system_i/vivado_system_i/xillyvga_0/inst/xillyvga_core_ins/vga_clk_ins/clkout1_buf/O
                         net (fo=195, routed)         0.579     2.745    xillybus_ins/system_i/vivado_system_i/xillyvga_0/inst/xillyvga_core_ins/vga_clk
    SLICE_X28Y51         FDRE                                         r  xillybus_ins/system_i/vivado_system_i/xillyvga_0/inst/xillyvga_core_ins/scan_ins/underrun/C
  -------------------------------------------------------------------    -------------------
    SLICE_X28Y51         FDRE (Prop_fdre_C_Q)         0.141     2.886 r  xillybus_ins/system_i/vivado_system_i/xillyvga_0/inst/xillyvga_core_ins/scan_ins/underrun/Q
                         net (fo=2, routed)           0.230     3.117    xillybus_ins/system_i/vivado_system_i/xillyvga_0/inst/xillyvga_core_ins/scan_ins/underrun
    SLICE_X30Y47         FDRE                                         r  xillybus_ins/system_i/vivado_system_i/xillyvga_0/inst/xillyvga_core_ins/scan_ins/underrun_d/D
  -------------------------------------------------------------------    -------------------

                         (clock vga_clk_ins/clkout0 rise edge)
                                                      0.000     0.000 r  
    Y9                                                0.000     0.000 r  clk_100 (IN)
                         net (fo=0)                   0.000     0.000    clk_100
    Y9                   IBUF (Prop_ibuf_I_O)         0.446     0.446 r  clk_100_IBUF_inst/O
                         net (fo=1, routed)           0.719     1.165    clk_100_IBUF
    BUFGCTRL_X0Y1        BUFG (Prop_bufg_I_O)         0.029     1.194 r  clk_100_IBUF_BUFG_inst/O
                         net (fo=4, routed)           0.867     2.061    xillybus_ins/system_i/vivado_system_i/xillyvga_0/inst/xillyvga_core_ins/clk_in
    PLLE2_ADV_X1Y0       PLLE2_ADV (Prop_plle2_adv_CLKIN1_CLKOUT0)
                                                      0.053     2.114 r  xillybus_ins/system_i/vivado_system_i/xillyvga_0/inst/xillyvga_core_ins/vga_clk_ins/vga_pll/CLKOUT0
                         net (fo=1, routed)           0.592     2.706    xillybus_ins/system_i/vivado_system_i/xillyvga_0/inst/xillyvga_core_ins/vga_clk_ins/clkout0
    BUFGCTRL_X0Y0        BUFG (Prop_bufg_I_O)         0.029     2.735 r  xillybus_ins/system_i/vivado_system_i/xillyvga_0/inst/xillyvga_core_ins/vga_clk_ins/clkout1_buf/O
                         net (fo=195, routed)         0.857     3.592    xillybus_ins/system_i/vivado_system_i/xillyvga_0/inst/xillyvga_core_ins/vga_clk
    SLICE_X30Y47         FDRE                                         r  xillybus_ins/system_i/vivado_system_i/xillyvga_0/inst/xillyvga_core_ins/scan_ins/underrun_d/C
                         clock pessimism             -0.568     3.024    
    SLICE_X30Y47         FDRE (Hold_fdre_C_D)         0.060     3.084    xillybus_ins/system_i/vivado_system_i/xillyvga_0/inst/xillyvga_core_ins/scan_ins/underrun_d
  -------------------------------------------------------------------
                         required time                         -3.084    
                         arrival time                           3.117    
  -------------------------------------------------------------------
                         slack                                  0.033    

Slack (MET) :             0.092ns  (arrival time - required time)
  Source:                 xillybus_ins/system_i/vivado_system_i/xillyvga_0/inst/xillyvga_core_ins/screensaver_ins/vcursor_1/C
                            (rising edge-triggered cell FDRE clocked by vga_clk_ins/clkout0  {rise@0.000ns fall@7.692ns period=15.385ns})
  Destination:            xillybus_ins/system_i/vivado_system_i/xillyvga_0/inst/xillyvga_core_ins/screensaver_ins/BRAM_SINGLE_MACRO_inst/bram18_single_bl.bram18_single_bl/ADDRARDADDR[10]
                            (rising edge-triggered cell RAMB18E1 clocked by vga_clk_ins/clkout0  {rise@0.000ns fall@7.692ns period=15.385ns})
  Path Group:             vga_clk_ins/clkout0
  Path Type:              Hold (Min at Fast Process Corner)
  Requirement:            0.000ns  (vga_clk_ins/clkout0 rise@0.000ns - vga_clk_ins/clkout0 rise@0.000ns)
  Data Path Delay:        0.335ns  (logic 0.141ns (42.122%)  route 0.194ns (57.878%))
  Logic Levels:           0  
  Clock Path Skew:        0.059ns (DCD - SCD - CPR)
    Destination Clock Delay (DCD):    3.640ns
    Source Clock Delay      (SCD):    2.759ns
    Clock Pessimism Removal (CPR):    0.821ns

    Location             Delay type                Incr(ns)  Path(ns)    Netlist Resource(s)
  -------------------------------------------------------------------    -------------------
                         (clock vga_clk_ins/clkout0 rise edge)
                                                      0.000     0.000 r  
    Y9                                                0.000     0.000 r  clk_100 (IN)
                         net (fo=0)                   0.000     0.000    clk_100
    Y9                   IBUF (Prop_ibuf_I_O)         0.258     0.258 r  clk_100_IBUF_inst/O
                         net (fo=1, routed)           0.663     0.921    clk_100_IBUF
    BUFGCTRL_X0Y1        BUFG (Prop_bufg_I_O)         0.026     0.947 r  clk_100_IBUF_BUFG_inst/O
                         net (fo=4, routed)           0.600     1.547    xillybus_ins/system_i/vivado_system_i/xillyvga_0/inst/xillyvga_core_ins/clk_in
    PLLE2_ADV_X1Y0       PLLE2_ADV (Prop_plle2_adv_CLKIN1_CLKOUT0)
                                                      0.050     1.597 r  xillybus_ins/system_i/vivado_system_i/xillyvga_0/inst/xillyvga_core_ins/vga_clk_ins/vga_pll/CLKOUT0
                         net (fo=1, routed)           0.544     2.141    xillybus_ins/system_i/vivado_system_i/xillyvga_0/inst/xillyvga_core_ins/vga_clk_ins/clkout0
    BUFGCTRL_X0Y0        BUFG (Prop_bufg_I_O)         0.026     2.167 r  xillybus_ins/system_i/vivado_system_i/xillyvga_0/inst/xillyvga_core_ins/vga_clk_ins/clkout1_buf/O
                         net (fo=195, routed)         0.593     2.759    xillybus_ins/system_i/vivado_system_i/xillyvga_0/inst/xillyvga_core_ins/vga_clk
    SLICE_X23Y46         FDRE                                         r  xillybus_ins/system_i/vivado_system_i/xillyvga_0/inst/xillyvga_core_ins/screensaver_ins/vcursor_1/C
  -------------------------------------------------------------------    -------------------
    SLICE_X23Y46         FDRE (Prop_fdre_C_Q)         0.141     2.900 r  xillybus_ins/system_i/vivado_system_i/xillyvga_0/inst/xillyvga_core_ins/screensaver_ins/vcursor_1/Q
                         net (fo=6, routed)           0.194     3.094    xillybus_ins/system_i/vivado_system_i/xillyvga_0/inst/xillyvga_core_ins/screensaver_ins/vcursor[1]
    RAMB18_X1Y18         RAMB18E1                                     r  xillybus_ins/system_i/vivado_system_i/xillyvga_0/inst/xillyvga_core_ins/screensaver_ins/BRAM_SINGLE_MACRO_inst/bram18_single_bl.bram18_single_bl/ADDRARDADDR[10]
  -------------------------------------------------------------------    -------------------

                         (clock vga_clk_ins/clkout0 rise edge)
                                                      0.000     0.000 r  
    Y9                                                0.000     0.000 r  clk_100 (IN)
                         net (fo=0)                   0.000     0.000    clk_100
    Y9                   IBUF (Prop_ibuf_I_O)         0.446     0.446 r  clk_100_IBUF_inst/O
                         net (fo=1, routed)           0.719     1.165    clk_100_IBUF
    BUFGCTRL_X0Y1        BUFG (Prop_bufg_I_O)         0.029     1.194 r  clk_100_IBUF_BUFG_inst/O
                         net (fo=4, routed)           0.867     2.061    xillybus_ins/system_i/vivado_system_i/xillyvga_0/inst/xillyvga_core_ins/clk_in
    PLLE2_ADV_X1Y0       PLLE2_ADV (Prop_plle2_adv_CLKIN1_CLKOUT0)
                                                      0.053     2.114 r  xillybus_ins/system_i/vivado_system_i/xillyvga_0/inst/xillyvga_core_ins/vga_clk_ins/vga_pll/CLKOUT0
                         net (fo=1, routed)           0.592     2.706    xillybus_ins/system_i/vivado_system_i/xillyvga_0/inst/xillyvga_core_ins/vga_clk_ins/clkout0
    BUFGCTRL_X0Y0        BUFG (Prop_bufg_I_O)         0.029     2.735 r  xillybus_ins/system_i/vivado_system_i/xillyvga_0/inst/xillyvga_core_ins/vga_clk_ins/clkout1_buf/O
                         net (fo=195, routed)         0.904     3.640    xillybus_ins/system_i/vivado_system_i/xillyvga_0/inst/xillyvga_core_ins/vga_clk
    RAMB18_X1Y18         RAMB18E1                                     r  xillybus_ins/system_i/vivado_system_i/xillyvga_0/inst/xillyvga_core_ins/screensaver_ins/BRAM_SINGLE_MACRO_inst/bram18_single_bl.bram18_single_bl/CLKARDCLK
                         clock pessimism             -0.821     2.819    
    RAMB18_X1Y18         RAMB18E1 (Hold_ramb18e1_CLKARDCLK_ADDRARDADDR[10])
                                                      0.183     3.002    xillybus_ins/system_i/vivado_system_i/xillyvga_0/inst/xillyvga_core_ins/screensaver_ins/BRAM_SINGLE_MACRO_inst/bram18_single_bl.bram18_single_bl
  -------------------------------------------------------------------
                         required time                         -3.002    
                         arrival time                           3.094    
  -------------------------------------------------------------------
                         slack                                  0.092    

Slack (MET) :             0.097ns  (arrival time - required time)
  Source:                 xillybus_ins/system_i/vivado_system_i/xillyvga_0/inst/xillyvga_core_ins/scan_ins/blank/C
                            (rising edge-triggered cell FDRE clocked by vga_clk_ins/clkout0  {rise@0.000ns fall@7.692ns period=15.385ns})
  Destination:            xillybus_ins/system_i/vivado_system_i/xillyvga_0/inst/xillyvga_core_ins/scan_ins/vga_blue_7/D
                            (rising edge-triggered cell FDRE clocked by vga_clk_ins/clkout0  {rise@0.000ns fall@7.692ns period=15.385ns})
  Path Group:             vga_clk_ins/clkout0
  Path Type:              Hold (Min at Fast Process Corner)
  Requirement:            0.000ns  (vga_clk_ins/clkout0 rise@0.000ns - vga_clk_ins/clkout0 rise@0.000ns)
  Data Path Delay:        0.469ns  (logic 0.209ns (44.554%)  route 0.260ns (55.446%))
  Logic Levels:           1  (LUT5=1)
  Clock Path Skew:        0.280ns (DCD - SCD - CPR)
    Destination Clock Delay (DCD):    3.591ns
    Source Clock Delay      (SCD):    2.742ns
    Clock Pessimism Removal (CPR):    0.568ns

    Location             Delay type                Incr(ns)  Path(ns)    Netlist Resource(s)
  -------------------------------------------------------------------    -------------------
                         (clock vga_clk_ins/clkout0 rise edge)
                                                      0.000     0.000 r  
    Y9                                                0.000     0.000 r  clk_100 (IN)
                         net (fo=0)                   0.000     0.000    clk_100
    Y9                   IBUF (Prop_ibuf_I_O)         0.258     0.258 r  clk_100_IBUF_inst/O
                         net (fo=1, routed)           0.663     0.921    clk_100_IBUF
    BUFGCTRL_X0Y1        BUFG (Prop_bufg_I_O)         0.026     0.947 r  clk_100_IBUF_BUFG_inst/O
                         net (fo=4, routed)           0.600     1.547    xillybus_ins/system_i/vivado_system_i/xillyvga_0/inst/xillyvga_core_ins/clk_in
    PLLE2_ADV_X1Y0       PLLE2_ADV (Prop_plle2_adv_CLKIN1_CLKOUT0)
                                                      0.050     1.597 r  xillybus_ins/system_i/vivado_system_i/xillyvga_0/inst/xillyvga_core_ins/vga_clk_ins/vga_pll/CLKOUT0
                         net (fo=1, routed)           0.544     2.141    xillybus_ins/system_i/vivado_system_i/xillyvga_0/inst/xillyvga_core_ins/vga_clk_ins/clkout0
    BUFGCTRL_X0Y0        BUFG (Prop_bufg_I_O)         0.026     2.167 r  xillybus_ins/system_i/vivado_system_i/xillyvga_0/inst/xillyvga_core_ins/vga_clk_ins/clkout1_buf/O
                         net (fo=195, routed)         0.576     2.742    xillybus_ins/system_i/vivado_system_i/xillyvga_0/inst/xillyvga_core_ins/vga_clk
    SLICE_X26Y50         FDRE                                         r  xillybus_ins/system_i/vivado_system_i/xillyvga_0/inst/xillyvga_core_ins/scan_ins/blank/C
  -------------------------------------------------------------------    -------------------
    SLICE_X26Y50         FDRE (Prop_fdre_C_Q)         0.164     2.906 f  xillybus_ins/system_i/vivado_system_i/xillyvga_0/inst/xillyvga_core_ins/scan_ins/blank/Q
                         net (fo=12, routed)          0.260     3.167    xillybus_ins/system_i/vivado_system_i/xillyvga_0/inst/xillyvga_core_ins/scan_ins/blank
    SLICE_X28Y45         LUT5 (Prop_lut5_I0_O)        0.045     3.212 r  xillybus_ins/system_i/vivado_system_i/xillyvga_0/inst/xillyvga_core_ins/scan_ins/Mmux_fifo_rd_data[7]_GND_5_o_mux_27_OUT81/O
                         net (fo=1, routed)           0.000     3.212    xillybus_ins/system_i/vivado_system_i/xillyvga_0/inst/xillyvga_core_ins/scan_ins/fifo_rd_data[7]_GND_5_o_mux_27_OUT[7]
    SLICE_X28Y45         FDRE                                         r  xillybus_ins/system_i/vivado_system_i/xillyvga_0/inst/xillyvga_core_ins/scan_ins/vga_blue_7/D
  -------------------------------------------------------------------    -------------------

                         (clock vga_clk_ins/clkout0 rise edge)
                                                      0.000     0.000 r  
    Y9                                                0.000     0.000 r  clk_100 (IN)
                         net (fo=0)                   0.000     0.000    clk_100
    Y9                   IBUF (Prop_ibuf_I_O)         0.446     0.446 r  clk_100_IBUF_inst/O
                         net (fo=1, routed)           0.719     1.165    clk_100_IBUF
    BUFGCTRL_X0Y1        BUFG (Prop_bufg_I_O)         0.029     1.194 r  clk_100_IBUF_BUFG_inst/O
                         net (fo=4, routed)           0.867     2.061    xillybus_ins/system_i/vivado_system_i/xillyvga_0/inst/xillyvga_core_ins/clk_in
    PLLE2_ADV_X1Y0       PLLE2_ADV (Prop_plle2_adv_CLKIN1_CLKOUT0)
                                                      0.053     2.114 r  xillybus_ins/system_i/vivado_system_i/xillyvga_0/inst/xillyvga_core_ins/vga_clk_ins/vga_pll/CLKOUT0
                         net (fo=1, routed)           0.592     2.706    xillybus_ins/system_i/vivado_system_i/xillyvga_0/inst/xillyvga_core_ins/vga_clk_ins/clkout0
    BUFGCTRL_X0Y0        BUFG (Prop_bufg_I_O)         0.029     2.735 r  xillybus_ins/system_i/vivado_system_i/xillyvga_0/inst/xillyvga_core_ins/vga_clk_ins/clkout1_buf/O
                         net (fo=195, routed)         0.856     3.591    xillybus_ins/system_i/vivado_system_i/xillyvga_0/inst/xillyvga_core_ins/vga_clk
    SLICE_X28Y45         FDRE                                         r  xillybus_ins/system_i/vivado_system_i/xillyvga_0/inst/xillyvga_core_ins/scan_ins/vga_blue_7/C
                         clock pessimism             -0.568     3.023    
    SLICE_X28Y45         FDRE (Hold_fdre_C_D)         0.092     3.115    xillybus_ins/system_i/vivado_system_i/xillyvga_0/inst/xillyvga_core_ins/scan_ins/vga_blue_7
  -------------------------------------------------------------------
                         required time                         -3.115    
                         arrival time                           3.212    
  -------------------------------------------------------------------
                         slack                                  0.097    

Slack (MET) :             0.122ns  (arrival time - required time)
  Source:                 xillybus_ins/system_i/vivado_system_i/xillyvga_0/inst/xillyvga_core_ins/vga_fifo_wrapper_ins/vga_fifo/U0/inst_fifo_gen/gconvfifo.rf/grf.rf/rstblk/ngwrdrst.grst.g7serrst.gnsckt_wrst.gic_rst.rst_rd_reg2_inst/arststages_ff_reg[0]/C
                            (rising edge-triggered cell FDPE clocked by vga_clk_ins/clkout0  {rise@0.000ns fall@7.692ns period=15.385ns})
  Destination:            xillybus_ins/system_i/vivado_system_i/xillyvga_0/inst/xillyvga_core_ins/vga_fifo_wrapper_ins/vga_fifo/U0/inst_fifo_gen/gconvfifo.rf/grf.rf/rstblk/ngwrdrst.grst.g7serrst.gnsckt_wrst.gic_rst.rst_rd_reg2_inst/arststages_ff_reg[1]/D
                            (rising edge-triggered cell FDPE clocked by vga_clk_ins/clkout0  {rise@0.000ns fall@7.692ns period=15.385ns})
  Path Group:             vga_clk_ins/clkout0
  Path Type:              Hold (Min at Fast Process Corner)
  Requirement:            0.000ns  (vga_clk_ins/clkout0 rise@0.000ns - vga_clk_ins/clkout0 rise@0.000ns)
  Data Path Delay:        0.197ns  (logic 0.141ns (71.611%)  route 0.056ns (28.389%))
  Logic Levels:           0  
  Clock Path Skew:        0.000ns (DCD - SCD - CPR)
    Destination Clock Delay (DCD):    3.581ns
    Source Clock Delay      (SCD):    2.744ns
    Clock Pessimism Removal (CPR):    0.837ns

    Location             Delay type                Incr(ns)  Path(ns)    Netlist Resource(s)
  -------------------------------------------------------------------    -------------------
                         (clock vga_clk_ins/clkout0 rise edge)
                                                      0.000     0.000 r  
    Y9                                                0.000     0.000 r  clk_100 (IN)
                         net (fo=0)                   0.000     0.000    clk_100
    Y9                   IBUF (Prop_ibuf_I_O)         0.258     0.258 r  clk_100_IBUF_inst/O
                         net (fo=1, routed)           0.663     0.921    clk_100_IBUF
    BUFGCTRL_X0Y1        BUFG (Prop_bufg_I_O)         0.026     0.947 r  clk_100_IBUF_BUFG_inst/O
                         net (fo=4, routed)           0.600     1.547    xillybus_ins/system_i/vivado_system_i/xillyvga_0/inst/xillyvga_core_ins/clk_in
    PLLE2_ADV_X1Y0       PLLE2_ADV (Prop_plle2_adv_CLKIN1_CLKOUT0)
                                                      0.050     1.597 r  xillybus_ins/system_i/vivado_system_i/xillyvga_0/inst/xillyvga_core_ins/vga_clk_ins/vga_pll/CLKOUT0
                         net (fo=1, routed)           0.544     2.141    xillybus_ins/system_i/vivado_system_i/xillyvga_0/inst/xillyvga_core_ins/vga_clk_ins/clkout0
    BUFGCTRL_X0Y0        BUFG (Prop_bufg_I_O)         0.026     2.167 r  xillybus_ins/system_i/vivado_system_i/xillyvga_0/inst/xillyvga_core_ins/vga_clk_ins/clkout1_buf/O
                         net (fo=195, routed)         0.578     2.744    xillybus_ins/system_i/vivado_system_i/xillyvga_0/inst/xillyvga_core_ins/vga_fifo_wrapper_ins/vga_fifo/U0/inst_fifo_gen/gconvfifo.rf/grf.rf/rstblk/ngwrdrst.grst.g7serrst.gnsckt_wrst.gic_rst.rst_rd_reg2_inst/dest_clk
    SLICE_X29Y56         FDPE                                         r  xillybus_ins/system_i/vivado_system_i/xillyvga_0/inst/xillyvga_core_ins/vga_fifo_wrapper_ins/vga_fifo/U0/inst_fifo_gen/gconvfifo.rf/grf.rf/rstblk/ngwrdrst.grst.g7serrst.gnsckt_wrst.gic_rst.rst_rd_reg2_inst/arststages_ff_reg[0]/C
  -------------------------------------------------------------------    -------------------
    SLICE_X29Y56         FDPE (Prop_fdpe_C_Q)         0.141     2.885 r  xillybus_ins/system_i/vivado_system_i/xillyvga_0/inst/xillyvga_core_ins/vga_fifo_wrapper_ins/vga_fifo/U0/inst_fifo_gen/gconvfifo.rf/grf.rf/rstblk/ngwrdrst.grst.g7serrst.gnsckt_wrst.gic_rst.rst_rd_reg2_inst/arststages_ff_reg[0]/Q
                         net (fo=1, routed)           0.056     2.941    xillybus_ins/system_i/vivado_system_i/xillyvga_0/inst/xillyvga_core_ins/vga_fifo_wrapper_ins/vga_fifo/U0/inst_fifo_gen/gconvfifo.rf/grf.rf/rstblk/ngwrdrst.grst.g7serrst.gnsckt_wrst.gic_rst.rst_rd_reg2_inst/arststages_ff[0]
    SLICE_X29Y56         FDPE                                         r  xillybus_ins/system_i/vivado_system_i/xillyvga_0/inst/xillyvga_core_ins/vga_fifo_wrapper_ins/vga_fifo/U0/inst_fifo_gen/gconvfifo.rf/grf.rf/rstblk/ngwrdrst.grst.g7serrst.gnsckt_wrst.gic_rst.rst_rd_reg2_inst/arststages_ff_reg[1]/D
  -------------------------------------------------------------------    -------------------

                         (clock vga_clk_ins/clkout0 rise edge)
                                                      0.000     0.000 r  
    Y9                                                0.000     0.000 r  clk_100 (IN)
                         net (fo=0)                   0.000     0.000    clk_100
    Y9                   IBUF (Prop_ibuf_I_O)         0.446     0.446 r  clk_100_IBUF_inst/O
                         net (fo=1, routed)           0.719     1.165    clk_100_IBUF
    BUFGCTRL_X0Y1        BUFG (Prop_bufg_I_O)         0.029     1.194 r  clk_100_IBUF_BUFG_inst/O
                         net (fo=4, routed)           0.867     2.061    xillybus_ins/system_i/vivado_system_i/xillyvga_0/inst/xillyvga_core_ins/clk_in
    PLLE2_ADV_X1Y0       PLLE2_ADV (Prop_plle2_adv_CLKIN1_CLKOUT0)
                                                      0.053     2.114 r  xillybus_ins/system_i/vivado_system_i/xillyvga_0/inst/xillyvga_core_ins/vga_clk_ins/vga_pll/CLKOUT0
                         net (fo=1, routed)           0.592     2.706    xillybus_ins/system_i/vivado_system_i/xillyvga_0/inst/xillyvga_core_ins/vga_clk_ins/clkout0
    BUFGCTRL_X0Y0        BUFG (Prop_bufg_I_O)         0.029     2.735 r  xillybus_ins/system_i/vivado_system_i/xillyvga_0/inst/xillyvga_core_ins/vga_clk_ins/clkout1_buf/O
                         net (fo=195, routed)         0.846     3.581    xillybus_ins/system_i/vivado_system_i/xillyvga_0/inst/xillyvga_core_ins/vga_fifo_wrapper_ins/vga_fifo/U0/inst_fifo_gen/gconvfifo.rf/grf.rf/rstblk/ngwrdrst.grst.g7serrst.gnsckt_wrst.gic_rst.rst_rd_reg2_inst/dest_clk
    SLICE_X29Y56         FDPE                                         r  xillybus_ins/system_i/vivado_system_i/xillyvga_0/inst/xillyvga_core_ins/vga_fifo_wrapper_ins/vga_fifo/U0/inst_fifo_gen/gconvfifo.rf/grf.rf/rstblk/ngwrdrst.grst.g7serrst.gnsckt_wrst.gic_rst.rst_rd_reg2_inst/arststages_ff_reg[1]/C
                         clock pessimism             -0.837     2.744    
    SLICE_X29Y56         FDPE (Hold_fdpe_C_D)         0.075     2.819    xillybus_ins/system_i/vivado_system_i/xillyvga_0/inst/xillyvga_core_ins/vga_fifo_wrapper_ins/vga_fifo/U0/inst_fifo_gen/gconvfifo.rf/grf.rf/rstblk/ngwrdrst.grst.g7serrst.gnsckt_wrst.gic_rst.rst_rd_reg2_inst/arststages_ff_reg[1]
  -------------------------------------------------------------------
                         required time                         -2.819    
                         arrival time                           2.941    
  -------------------------------------------------------------------
                         slack                                  0.122    

Slack (MET) :             0.139ns  (arrival time - required time)
  Source:                 xillybus_ins/system_i/vivado_system_i/xillyvga_0/inst/xillyvga_core_ins/screensaver_ins/hcursor_7/C
                            (rising edge-triggered cell FDRE clocked by vga_clk_ins/clkout0  {rise@0.000ns fall@7.692ns period=15.385ns})
  Destination:            xillybus_ins/system_i/vivado_system_i/xillyvga_0/inst/xillyvga_core_ins/screensaver_ins/BRAM_SINGLE_MACRO_inst/bram18_single_bl.bram18_single_bl/ADDRARDADDR[8]
                            (rising edge-triggered cell RAMB18E1 clocked by vga_clk_ins/clkout0  {rise@0.000ns fall@7.692ns period=15.385ns})
  Path Group:             vga_clk_ins/clkout0
  Path Type:              Hold (Min at Fast Process Corner)
  Requirement:            0.000ns  (vga_clk_ins/clkout0 rise@0.000ns - vga_clk_ins/clkout0 rise@0.000ns)
  Data Path Delay:        0.401ns  (logic 0.141ns (35.203%)  route 0.260ns (64.797%))
  Logic Levels:           0  
  Clock Path Skew:        0.078ns (DCD - SCD - CPR)
    Destination Clock Delay (DCD):    3.640ns
    Source Clock Delay      (SCD):    2.759ns
    Clock Pessimism Removal (CPR):    0.802ns

    Location             Delay type                Incr(ns)  Path(ns)    Netlist Resource(s)
  -------------------------------------------------------------------    -------------------
                         (clock vga_clk_ins/clkout0 rise edge)
                                                      0.000     0.000 r  
    Y9                                                0.000     0.000 r  clk_100 (IN)
                         net (fo=0)                   0.000     0.000    clk_100
    Y9                   IBUF (Prop_ibuf_I_O)         0.258     0.258 r  clk_100_IBUF_inst/O
                         net (fo=1, routed)           0.663     0.921    clk_100_IBUF
    BUFGCTRL_X0Y1        BUFG (Prop_bufg_I_O)         0.026     0.947 r  clk_100_IBUF_BUFG_inst/O
                         net (fo=4, routed)           0.600     1.547    xillybus_ins/system_i/vivado_system_i/xillyvga_0/inst/xillyvga_core_ins/clk_in
    PLLE2_ADV_X1Y0       PLLE2_ADV (Prop_plle2_adv_CLKIN1_CLKOUT0)
                                                      0.050     1.597 r  xillybus_ins/system_i/vivado_system_i/xillyvga_0/inst/xillyvga_core_ins/vga_clk_ins/vga_pll/CLKOUT0
                         net (fo=1, routed)           0.544     2.141    xillybus_ins/system_i/vivado_system_i/xillyvga_0/inst/xillyvga_core_ins/vga_clk_ins/clkout0
    BUFGCTRL_X0Y0        BUFG (Prop_bufg_I_O)         0.026     2.167 r  xillybus_ins/system_i/vivado_system_i/xillyvga_0/inst/xillyvga_core_ins/vga_clk_ins/clkout1_buf/O
                         net (fo=195, routed)         0.593     2.759    xillybus_ins/system_i/vivado_system_i/xillyvga_0/inst/xillyvga_core_ins/vga_clk
    SLICE_X21Y46         FDRE                                         r  xillybus_ins/system_i/vivado_system_i/xillyvga_0/inst/xillyvga_core_ins/screensaver_ins/hcursor_7/C
  -------------------------------------------------------------------    -------------------
    SLICE_X21Y46         FDRE (Prop_fdre_C_Q)         0.141     2.900 r  xillybus_ins/system_i/vivado_system_i/xillyvga_0/inst/xillyvga_core_ins/screensaver_ins/hcursor_7/Q
                         net (fo=4, routed)           0.260     3.160    xillybus_ins/system_i/vivado_system_i/xillyvga_0/inst/xillyvga_core_ins/screensaver_ins/hcursor[7]
    RAMB18_X1Y18         RAMB18E1                                     r  xillybus_ins/system_i/vivado_system_i/xillyvga_0/inst/xillyvga_core_ins/screensaver_ins/BRAM_SINGLE_MACRO_inst/bram18_single_bl.bram18_single_bl/ADDRARDADDR[8]
  -------------------------------------------------------------------    -------------------

                         (clock vga_clk_ins/clkout0 rise edge)
                                                      0.000     0.000 r  
    Y9                                                0.000     0.000 r  clk_100 (IN)
                         net (fo=0)                   0.000     0.000    clk_100
    Y9                   IBUF (Prop_ibuf_I_O)         0.446     0.446 r  clk_100_IBUF_inst/O
                         net (fo=1, routed)           0.719     1.165    clk_100_IBUF
    BUFGCTRL_X0Y1        BUFG (Prop_bufg_I_O)         0.029     1.194 r  clk_100_IBUF_BUFG_inst/O
                         net (fo=4, routed)           0.867     2.061    xillybus_ins/system_i/vivado_system_i/xillyvga_0/inst/xillyvga_core_ins/clk_in
    PLLE2_ADV_X1Y0       PLLE2_ADV (Prop_plle2_adv_CLKIN1_CLKOUT0)
                                                      0.053     2.114 r  xillybus_ins/system_i/vivado_system_i/xillyvga_0/inst/xillyvga_core_ins/vga_clk_ins/vga_pll/CLKOUT0
                         net (fo=1, routed)           0.592     2.706    xillybus_ins/system_i/vivado_system_i/xillyvga_0/inst/xillyvga_core_ins/vga_clk_ins/clkout0
    BUFGCTRL_X0Y0        BUFG (Prop_bufg_I_O)         0.029     2.735 r  xillybus_ins/system_i/vivado_system_i/xillyvga_0/inst/xillyvga_core_ins/vga_clk_ins/clkout1_buf/O
                         net (fo=195, routed)         0.904     3.640    xillybus_ins/system_i/vivado_system_i/xillyvga_0/inst/xillyvga_core_ins/vga_clk
    RAMB18_X1Y18         RAMB18E1                                     r  xillybus_ins/system_i/vivado_system_i/xillyvga_0/inst/xillyvga_core_ins/screensaver_ins/BRAM_SINGLE_MACRO_inst/bram18_single_bl.bram18_single_bl/CLKARDCLK
                         clock pessimism             -0.802     2.838    
    RAMB18_X1Y18         RAMB18E1 (Hold_ramb18e1_CLKARDCLK_ADDRARDADDR[8])
                                                      0.183     3.021    xillybus_ins/system_i/vivado_system_i/xillyvga_0/inst/xillyvga_core_ins/screensaver_ins/BRAM_SINGLE_MACRO_inst/bram18_single_bl.bram18_single_bl
  -------------------------------------------------------------------
                         required time                         -3.021    
                         arrival time                           3.160    
  -------------------------------------------------------------------
                         slack                                  0.139    

Slack (MET) :             0.142ns  (arrival time - required time)
  Source:                 xillybus_ins/system_i/vivado_system_i/xillyvga_0/inst/xillyvga_core_ins/vga_fifo_wrapper_ins/vga_fifo/U0/inst_fifo_gen/gconvfifo.rf/grf.rf/gntv_or_sync_fifo.gl0.rd/rpntr/gc0.count_reg[5]/C
                            (rising edge-triggered cell FDCE clocked by vga_clk_ins/clkout0  {rise@0.000ns fall@7.692ns period=15.385ns})
  Destination:            xillybus_ins/system_i/vivado_system_i/xillyvga_0/inst/xillyvga_core_ins/vga_fifo_wrapper_ins/vga_fifo/U0/inst_fifo_gen/gconvfifo.rf/grf.rf/gntv_or_sync_fifo.gl0.rd/rpntr/gc0.count_d1_reg[5]/D
                            (rising edge-triggered cell FDCE clocked by vga_clk_ins/clkout0  {rise@0.000ns fall@7.692ns period=15.385ns})
  Path Group:             vga_clk_ins/clkout0
  Path Type:              Hold (Min at Fast Process Corner)
  Requirement:            0.000ns  (vga_clk_ins/clkout0 rise@0.000ns - vga_clk_ins/clkout0 rise@0.000ns)
  Data Path Delay:        0.220ns  (logic 0.141ns (64.051%)  route 0.079ns (35.949%))
  Logic Levels:           0  
  Clock Path Skew:        0.000ns (DCD - SCD - CPR)
    Destination Clock Delay (DCD):    3.593ns
    Source Clock Delay      (SCD):    2.756ns
    Clock Pessimism Removal (CPR):    0.837ns

    Location             Delay type                Incr(ns)  Path(ns)    Netlist Resource(s)
  -------------------------------------------------------------------    -------------------
                         (clock vga_clk_ins/clkout0 rise edge)
                                                      0.000     0.000 r  
    Y9                                                0.000     0.000 r  clk_100 (IN)
                         net (fo=0)                   0.000     0.000    clk_100
    Y9                   IBUF (Prop_ibuf_I_O)         0.258     0.258 r  clk_100_IBUF_inst/O
                         net (fo=1, routed)           0.663     0.921    clk_100_IBUF
    BUFGCTRL_X0Y1        BUFG (Prop_bufg_I_O)         0.026     0.947 r  clk_100_IBUF_BUFG_inst/O
                         net (fo=4, routed)           0.600     1.547    xillybus_ins/system_i/vivado_system_i/xillyvga_0/inst/xillyvga_core_ins/clk_in
    PLLE2_ADV_X1Y0       PLLE2_ADV (Prop_plle2_adv_CLKIN1_CLKOUT0)
                                                      0.050     1.597 r  xillybus_ins/system_i/vivado_system_i/xillyvga_0/inst/xillyvga_core_ins/vga_clk_ins/vga_pll/CLKOUT0
                         net (fo=1, routed)           0.544     2.141    xillybus_ins/system_i/vivado_system_i/xillyvga_0/inst/xillyvga_core_ins/vga_clk_ins/clkout0
    BUFGCTRL_X0Y0        BUFG (Prop_bufg_I_O)         0.026     2.167 r  xillybus_ins/system_i/vivado_system_i/xillyvga_0/inst/xillyvga_core_ins/vga_clk_ins/clkout1_buf/O
                         net (fo=195, routed)         0.590     2.756    xillybus_ins/system_i/vivado_system_i/xillyvga_0/inst/xillyvga_core_ins/vga_fifo_wrapper_ins/vga_fifo/U0/inst_fifo_gen/gconvfifo.rf/grf.rf/gntv_or_sync_fifo.gl0.rd/rpntr/rd_clk
    SLICE_X27Y48         FDCE                                         r  xillybus_ins/system_i/vivado_system_i/xillyvga_0/inst/xillyvga_core_ins/vga_fifo_wrapper_ins/vga_fifo/U0/inst_fifo_gen/gconvfifo.rf/grf.rf/gntv_or_sync_fifo.gl0.rd/rpntr/gc0.count_reg[5]/C
  -------------------------------------------------------------------    -------------------
    SLICE_X27Y48         FDCE (Prop_fdce_C_Q)         0.141     2.897 r  xillybus_ins/system_i/vivado_system_i/xillyvga_0/inst/xillyvga_core_ins/vga_fifo_wrapper_ins/vga_fifo/U0/inst_fifo_gen/gconvfifo.rf/grf.rf/gntv_or_sync_fifo.gl0.rd/rpntr/gc0.count_reg[5]/Q
                         net (fo=4, routed)           0.079     2.976    xillybus_ins/system_i/vivado_system_i/xillyvga_0/inst/xillyvga_core_ins/vga_fifo_wrapper_ins/vga_fifo/U0/inst_fifo_gen/gconvfifo.rf/grf.rf/gntv_or_sync_fifo.gl0.rd/rpntr/rd_pntr_plus1[5]
    SLICE_X27Y48         FDCE                                         r  xillybus_ins/system_i/vivado_system_i/xillyvga_0/inst/xillyvga_core_ins/vga_fifo_wrapper_ins/vga_fifo/U0/inst_fifo_gen/gconvfifo.rf/grf.rf/gntv_or_sync_fifo.gl0.rd/rpntr/gc0.count_d1_reg[5]/D
  -------------------------------------------------------------------    -------------------

                         (clock vga_clk_ins/clkout0 rise edge)
                                                      0.000     0.000 r  
    Y9                                                0.000     0.000 r  clk_100 (IN)
                         net (fo=0)                   0.000     0.000    clk_100
    Y9                   IBUF (Prop_ibuf_I_O)         0.446     0.446 r  clk_100_IBUF_inst/O
                         net (fo=1, routed)           0.719     1.165    clk_100_IBUF
    BUFGCTRL_X0Y1        BUFG (Prop_bufg_I_O)         0.029     1.194 r  clk_100_IBUF_BUFG_inst/O
                         net (fo=4, routed)           0.867     2.061    xillybus_ins/system_i/vivado_system_i/xillyvga_0/inst/xillyvga_core_ins/clk_in
    PLLE2_ADV_X1Y0       PLLE2_ADV (Prop_plle2_adv_CLKIN1_CLKOUT0)
                                                      0.053     2.114 r  xillybus_ins/system_i/vivado_system_i/xillyvga_0/inst/xillyvga_core_ins/vga_clk_ins/vga_pll/CLKOUT0
                         net (fo=1, routed)           0.592     2.706    xillybus_ins/system_i/vivado_system_i/xillyvga_0/inst/xillyvga_core_ins/vga_clk_ins/clkout0
    BUFGCTRL_X0Y0        BUFG (Prop_bufg_I_O)         0.029     2.735 r  xillybus_ins/system_i/vivado_system_i/xillyvga_0/inst/xillyvga_core_ins/vga_clk_ins/clkout1_buf/O
                         net (fo=195, routed)         0.858     3.593    xillybus_ins/system_i/vivado_system_i/xillyvga_0/inst/xillyvga_core_ins/vga_fifo_wrapper_ins/vga_fifo/U0/inst_fifo_gen/gconvfifo.rf/grf.rf/gntv_or_sync_fifo.gl0.rd/rpntr/rd_clk
    SLICE_X27Y48         FDCE                                         r  xillybus_ins/system_i/vivado_system_i/xillyvga_0/inst/xillyvga_core_ins/vga_fifo_wrapper_ins/vga_fifo/U0/inst_fifo_gen/gconvfifo.rf/grf.rf/gntv_or_sync_fifo.gl0.rd/rpntr/gc0.count_d1_reg[5]/C
                         clock pessimism             -0.837     2.756    
    SLICE_X27Y48         FDCE (Hold_fdce_C_D)         0.078     2.834    xillybus_ins/system_i/vivado_system_i/xillyvga_0/inst/xillyvga_core_ins/vga_fifo_wrapper_ins/vga_fifo/U0/inst_fifo_gen/gconvfifo.rf/grf.rf/gntv_or_sync_fifo.gl0.rd/rpntr/gc0.count_d1_reg[5]
  -------------------------------------------------------------------
                         required time                         -2.834    
                         arrival time                           2.976    
  -------------------------------------------------------------------
                         slack                                  0.142    

Slack (MET) :             0.156ns  (arrival time - required time)
  Source:                 xillybus_ins/system_i/vivado_system_i/xillyvga_0/inst/xillyvga_core_ins/vga_fifo_wrapper_ins/vga_fifo/U0/inst_fifo_gen/gconvfifo.rf/grf.rf/gntv_or_sync_fifo.gcx.clkx/wr_pntr_cdc_inst/dest_graysync_ff_reg[0][3]/C
                            (rising edge-triggered cell FDRE clocked by vga_clk_ins/clkout0  {rise@0.000ns fall@7.692ns period=15.385ns})
  Destination:            xillybus_ins/system_i/vivado_system_i/xillyvga_0/inst/xillyvga_core_ins/vga_fifo_wrapper_ins/vga_fifo/U0/inst_fifo_gen/gconvfifo.rf/grf.rf/gntv_or_sync_fifo.gcx.clkx/wr_pntr_cdc_inst/dest_graysync_ff_reg[1][3]/D
                            (rising edge-triggered cell FDRE clocked by vga_clk_ins/clkout0  {rise@0.000ns fall@7.692ns period=15.385ns})
  Path Group:             vga_clk_ins/clkout0
  Path Type:              Hold (Min at Fast Process Corner)
  Requirement:            0.000ns  (vga_clk_ins/clkout0 rise@0.000ns - vga_clk_ins/clkout0 rise@0.000ns)
  Data Path Delay:        0.220ns  (logic 0.164ns (74.580%)  route 0.056ns (25.420%))
  Logic Levels:           0  
  Clock Path Skew:        0.000ns (DCD - SCD - CPR)
    Destination Clock Delay (DCD):    3.593ns
    Source Clock Delay      (SCD):    2.756ns
    Clock Pessimism Removal (CPR):    0.837ns

    Location             Delay type                Incr(ns)  Path(ns)    Netlist Resource(s)
  -------------------------------------------------------------------    -------------------
                         (clock vga_clk_ins/clkout0 rise edge)
                                                      0.000     0.000 r  
    Y9                                                0.000     0.000 r  clk_100 (IN)
                         net (fo=0)                   0.000     0.000    clk_100
    Y9                   IBUF (Prop_ibuf_I_O)         0.258     0.258 r  clk_100_IBUF_inst/O
                         net (fo=1, routed)           0.663     0.921    clk_100_IBUF
    BUFGCTRL_X0Y1        BUFG (Prop_bufg_I_O)         0.026     0.947 r  clk_100_IBUF_BUFG_inst/O
                         net (fo=4, routed)           0.600     1.547    xillybus_ins/system_i/vivado_system_i/xillyvga_0/inst/xillyvga_core_ins/clk_in
    PLLE2_ADV_X1Y0       PLLE2_ADV (Prop_plle2_adv_CLKIN1_CLKOUT0)
                                                      0.050     1.597 r  xillybus_ins/system_i/vivado_system_i/xillyvga_0/inst/xillyvga_core_ins/vga_clk_ins/vga_pll/CLKOUT0
                         net (fo=1, routed)           0.544     2.141    xillybus_ins/system_i/vivado_system_i/xillyvga_0/inst/xillyvga_core_ins/vga_clk_ins/clkout0
    BUFGCTRL_X0Y0        BUFG (Prop_bufg_I_O)         0.026     2.167 r  xillybus_ins/system_i/vivado_system_i/xillyvga_0/inst/xillyvga_core_ins/vga_clk_ins/clkout1_buf/O
                         net (fo=195, routed)         0.590     2.756    xillybus_ins/system_i/vivado_system_i/xillyvga_0/inst/xillyvga_core_ins/vga_fifo_wrapper_ins/vga_fifo/U0/inst_fifo_gen/gconvfifo.rf/grf.rf/gntv_or_sync_fifo.gcx.clkx/wr_pntr_cdc_inst/dest_clk
    SLICE_X26Y48         FDRE                                         r  xillybus_ins/system_i/vivado_system_i/xillyvga_0/inst/xillyvga_core_ins/vga_fifo_wrapper_ins/vga_fifo/U0/inst_fifo_gen/gconvfifo.rf/grf.rf/gntv_or_sync_fifo.gcx.clkx/wr_pntr_cdc_inst/dest_graysync_ff_reg[0][3]/C
  -------------------------------------------------------------------    -------------------
    SLICE_X26Y48         FDRE (Prop_fdre_C_Q)         0.164     2.920 r  xillybus_ins/system_i/vivado_system_i/xillyvga_0/inst/xillyvga_core_ins/vga_fifo_wrapper_ins/vga_fifo/U0/inst_fifo_gen/gconvfifo.rf/grf.rf/gntv_or_sync_fifo.gcx.clkx/wr_pntr_cdc_inst/dest_graysync_ff_reg[0][3]/Q
                         net (fo=1, routed)           0.056     2.976    xillybus_ins/system_i/vivado_system_i/xillyvga_0/inst/xillyvga_core_ins/vga_fifo_wrapper_ins/vga_fifo/U0/inst_fifo_gen/gconvfifo.rf/grf.rf/gntv_or_sync_fifo.gcx.clkx/wr_pntr_cdc_inst/dest_graysync_ff[0][3]
    SLICE_X26Y48         FDRE                                         r  xillybus_ins/system_i/vivado_system_i/xillyvga_0/inst/xillyvga_core_ins/vga_fifo_wrapper_ins/vga_fifo/U0/inst_fifo_gen/gconvfifo.rf/grf.rf/gntv_or_sync_fifo.gcx.clkx/wr_pntr_cdc_inst/dest_graysync_ff_reg[1][3]/D
  -------------------------------------------------------------------    -------------------

                         (clock vga_clk_ins/clkout0 rise edge)
                                                      0.000     0.000 r  
    Y9                                                0.000     0.000 r  clk_100 (IN)
                         net (fo=0)                   0.000     0.000    clk_100
    Y9                   IBUF (Prop_ibuf_I_O)         0.446     0.446 r  clk_100_IBUF_inst/O
                         net (fo=1, routed)           0.719     1.165    clk_100_IBUF
    BUFGCTRL_X0Y1        BUFG (Prop_bufg_I_O)         0.029     1.194 r  clk_100_IBUF_BUFG_inst/O
                         net (fo=4, routed)           0.867     2.061    xillybus_ins/system_i/vivado_system_i/xillyvga_0/inst/xillyvga_core_ins/clk_in
    PLLE2_ADV_X1Y0       PLLE2_ADV (Prop_plle2_adv_CLKIN1_CLKOUT0)
                                                      0.053     2.114 r  xillybus_ins/system_i/vivado_system_i/xillyvga_0/inst/xillyvga_core_ins/vga_clk_ins/vga_pll/CLKOUT0
                         net (fo=1, routed)           0.592     2.706    xillybus_ins/system_i/vivado_system_i/xillyvga_0/inst/xillyvga_core_ins/vga_clk_ins/clkout0
    BUFGCTRL_X0Y0        BUFG (Prop_bufg_I_O)         0.029     2.735 r  xillybus_ins/system_i/vivado_system_i/xillyvga_0/inst/xillyvga_core_ins/vga_clk_ins/clkout1_buf/O
                         net (fo=195, routed)         0.858     3.593    xillybus_ins/system_i/vivado_system_i/xillyvga_0/inst/xillyvga_core_ins/vga_fifo_wrapper_ins/vga_fifo/U0/inst_fifo_gen/gconvfifo.rf/grf.rf/gntv_or_sync_fifo.gcx.clkx/wr_pntr_cdc_inst/dest_clk
    SLICE_X26Y48         FDRE                                         r  xillybus_ins/system_i/vivado_system_i/xillyvga_0/inst/xillyvga_core_ins/vga_fifo_wrapper_ins/vga_fifo/U0/inst_fifo_gen/gconvfifo.rf/grf.rf/gntv_or_sync_fifo.gcx.clkx/wr_pntr_cdc_inst/dest_graysync_ff_reg[1][3]/C
                         clock pessimism             -0.837     2.756    
    SLICE_X26Y48         FDRE (Hold_fdre_C_D)         0.064     2.820    xillybus_ins/system_i/vivado_system_i/xillyvga_0/inst/xillyvga_core_ins/vga_fifo_wrapper_ins/vga_fifo/U0/inst_fifo_gen/gconvfifo.rf/grf.rf/gntv_or_sync_fifo.gcx.clkx/wr_pntr_cdc_inst/dest_graysync_ff_reg[1][3]
  -------------------------------------------------------------------
                         required time                         -2.820    
                         arrival time                           2.976    
  -------------------------------------------------------------------
                         slack                                  0.156    

Slack (MET) :             0.156ns  (arrival time - required time)
  Source:                 xillybus_ins/system_i/vivado_system_i/xillyvga_0/inst/xillyvga_core_ins/vga_fifo_wrapper_ins/vga_fifo/U0/inst_fifo_gen/gconvfifo.rf/grf.rf/gntv_or_sync_fifo.gcx.clkx/wr_pntr_cdc_inst/dest_graysync_ff_reg[0][5]/C
                            (rising edge-triggered cell FDRE clocked by vga_clk_ins/clkout0  {rise@0.000ns fall@7.692ns period=15.385ns})
  Destination:            xillybus_ins/system_i/vivado_system_i/xillyvga_0/inst/xillyvga_core_ins/vga_fifo_wrapper_ins/vga_fifo/U0/inst_fifo_gen/gconvfifo.rf/grf.rf/gntv_or_sync_fifo.gcx.clkx/wr_pntr_cdc_inst/dest_graysync_ff_reg[1][5]/D
                            (rising edge-triggered cell FDRE clocked by vga_clk_ins/clkout0  {rise@0.000ns fall@7.692ns period=15.385ns})
  Path Group:             vga_clk_ins/clkout0
  Path Type:              Hold (Min at Fast Process Corner)
  Requirement:            0.000ns  (vga_clk_ins/clkout0 rise@0.000ns - vga_clk_ins/clkout0 rise@0.000ns)
  Data Path Delay:        0.220ns  (logic 0.164ns (74.580%)  route 0.056ns (25.420%))
  Logic Levels:           0  
  Clock Path Skew:        0.000ns (DCD - SCD - CPR)
    Destination Clock Delay (DCD):    3.593ns
    Source Clock Delay      (SCD):    2.756ns
    Clock Pessimism Removal (CPR):    0.837ns

    Location             Delay type                Incr(ns)  Path(ns)    Netlist Resource(s)
  -------------------------------------------------------------------    -------------------
                         (clock vga_clk_ins/clkout0 rise edge)
                                                      0.000     0.000 r  
    Y9                                                0.000     0.000 r  clk_100 (IN)
                         net (fo=0)                   0.000     0.000    clk_100
    Y9                   IBUF (Prop_ibuf_I_O)         0.258     0.258 r  clk_100_IBUF_inst/O
                         net (fo=1, routed)           0.663     0.921    clk_100_IBUF
    BUFGCTRL_X0Y1        BUFG (Prop_bufg_I_O)         0.026     0.947 r  clk_100_IBUF_BUFG_inst/O
                         net (fo=4, routed)           0.600     1.547    xillybus_ins/system_i/vivado_system_i/xillyvga_0/inst/xillyvga_core_ins/clk_in
    PLLE2_ADV_X1Y0       PLLE2_ADV (Prop_plle2_adv_CLKIN1_CLKOUT0)
                                                      0.050     1.597 r  xillybus_ins/system_i/vivado_system_i/xillyvga_0/inst/xillyvga_core_ins/vga_clk_ins/vga_pll/CLKOUT0
                         net (fo=1, routed)           0.544     2.141    xillybus_ins/system_i/vivado_system_i/xillyvga_0/inst/xillyvga_core_ins/vga_clk_ins/clkout0
    BUFGCTRL_X0Y0        BUFG (Prop_bufg_I_O)         0.026     2.167 r  xillybus_ins/system_i/vivado_system_i/xillyvga_0/inst/xillyvga_core_ins/vga_clk_ins/clkout1_buf/O
                         net (fo=195, routed)         0.590     2.756    xillybus_ins/system_i/vivado_system_i/xillyvga_0/inst/xillyvga_core_ins/vga_fifo_wrapper_ins/vga_fifo/U0/inst_fifo_gen/gconvfifo.rf/grf.rf/gntv_or_sync_fifo.gcx.clkx/wr_pntr_cdc_inst/dest_clk
    SLICE_X26Y48         FDRE                                         r  xillybus_ins/system_i/vivado_system_i/xillyvga_0/inst/xillyvga_core_ins/vga_fifo_wrapper_ins/vga_fifo/U0/inst_fifo_gen/gconvfifo.rf/grf.rf/gntv_or_sync_fifo.gcx.clkx/wr_pntr_cdc_inst/dest_graysync_ff_reg[0][5]/C
  -------------------------------------------------------------------    -------------------
    SLICE_X26Y48         FDRE (Prop_fdre_C_Q)         0.164     2.920 r  xillybus_ins/system_i/vivado_system_i/xillyvga_0/inst/xillyvga_core_ins/vga_fifo_wrapper_ins/vga_fifo/U0/inst_fifo_gen/gconvfifo.rf/grf.rf/gntv_or_sync_fifo.gcx.clkx/wr_pntr_cdc_inst/dest_graysync_ff_reg[0][5]/Q
                         net (fo=1, routed)           0.056     2.976    xillybus_ins/system_i/vivado_system_i/xillyvga_0/inst/xillyvga_core_ins/vga_fifo_wrapper_ins/vga_fifo/U0/inst_fifo_gen/gconvfifo.rf/grf.rf/gntv_or_sync_fifo.gcx.clkx/wr_pntr_cdc_inst/dest_graysync_ff[0][5]
    SLICE_X26Y48         FDRE                                         r  xillybus_ins/system_i/vivado_system_i/xillyvga_0/inst/xillyvga_core_ins/vga_fifo_wrapper_ins/vga_fifo/U0/inst_fifo_gen/gconvfifo.rf/grf.rf/gntv_or_sync_fifo.gcx.clkx/wr_pntr_cdc_inst/dest_graysync_ff_reg[1][5]/D
  -------------------------------------------------------------------    -------------------

                         (clock vga_clk_ins/clkout0 rise edge)
                                                      0.000     0.000 r  
    Y9                                                0.000     0.000 r  clk_100 (IN)
                         net (fo=0)                   0.000     0.000    clk_100
    Y9                   IBUF (Prop_ibuf_I_O)         0.446     0.446 r  clk_100_IBUF_inst/O
                         net (fo=1, routed)           0.719     1.165    clk_100_IBUF
    BUFGCTRL_X0Y1        BUFG (Prop_bufg_I_O)         0.029     1.194 r  clk_100_IBUF_BUFG_inst/O
                         net (fo=4, routed)           0.867     2.061    xillybus_ins/system_i/vivado_system_i/xillyvga_0/inst/xillyvga_core_ins/clk_in
    PLLE2_ADV_X1Y0       PLLE2_ADV (Prop_plle2_adv_CLKIN1_CLKOUT0)
                                                      0.053     2.114 r  xillybus_ins/system_i/vivado_system_i/xillyvga_0/inst/xillyvga_core_ins/vga_clk_ins/vga_pll/CLKOUT0
                         net (fo=1, routed)           0.592     2.706    xillybus_ins/system_i/vivado_system_i/xillyvga_0/inst/xillyvga_core_ins/vga_clk_ins/clkout0
    BUFGCTRL_X0Y0        BUFG (Prop_bufg_I_O)         0.029     2.735 r  xillybus_ins/system_i/vivado_system_i/xillyvga_0/inst/xillyvga_core_ins/vga_clk_ins/clkout1_buf/O
                         net (fo=195, routed)         0.858     3.593    xillybus_ins/system_i/vivado_system_i/xillyvga_0/inst/xillyvga_core_ins/vga_fifo_wrapper_ins/vga_fifo/U0/inst_fifo_gen/gconvfifo.rf/grf.rf/gntv_or_sync_fifo.gcx.clkx/wr_pntr_cdc_inst/dest_clk
    SLICE_X26Y48         FDRE                                         r  xillybus_ins/system_i/vivado_system_i/xillyvga_0/inst/xillyvga_core_ins/vga_fifo_wrapper_ins/vga_fifo/U0/inst_fifo_gen/gconvfifo.rf/grf.rf/gntv_or_sync_fifo.gcx.clkx/wr_pntr_cdc_inst/dest_graysync_ff_reg[1][5]/C
                         clock pessimism             -0.837     2.756    
    SLICE_X26Y48         FDRE (Hold_fdre_C_D)         0.064     2.820    xillybus_ins/system_i/vivado_system_i/xillyvga_0/inst/xillyvga_core_ins/vga_fifo_wrapper_ins/vga_fifo/U0/inst_fifo_gen/gconvfifo.rf/grf.rf/gntv_or_sync_fifo.gcx.clkx/wr_pntr_cdc_inst/dest_graysync_ff_reg[1][5]
  -------------------------------------------------------------------
                         required time                         -2.820    
                         arrival time                           2.976    
  -------------------------------------------------------------------
                         slack                                  0.156    

Slack (MET) :             0.156ns  (arrival time - required time)
  Source:                 xillybus_ins/system_i/vivado_system_i/xillyvga_0/inst/xillyvga_core_ins/vga_fifo_wrapper_ins/vga_fifo/U0/inst_fifo_gen/gconvfifo.rf/grf.rf/gntv_or_sync_fifo.gcx.clkx/wr_pntr_cdc_inst/dest_graysync_ff_reg[0][8]/C
                            (rising edge-triggered cell FDRE clocked by vga_clk_ins/clkout0  {rise@0.000ns fall@7.692ns period=15.385ns})
  Destination:            xillybus_ins/system_i/vivado_system_i/xillyvga_0/inst/xillyvga_core_ins/vga_fifo_wrapper_ins/vga_fifo/U0/inst_fifo_gen/gconvfifo.rf/grf.rf/gntv_or_sync_fifo.gcx.clkx/wr_pntr_cdc_inst/dest_graysync_ff_reg[1][8]/D
                            (rising edge-triggered cell FDRE clocked by vga_clk_ins/clkout0  {rise@0.000ns fall@7.692ns period=15.385ns})
  Path Group:             vga_clk_ins/clkout0
  Path Type:              Hold (Min at Fast Process Corner)
  Requirement:            0.000ns  (vga_clk_ins/clkout0 rise@0.000ns - vga_clk_ins/clkout0 rise@0.000ns)
  Data Path Delay:        0.220ns  (logic 0.164ns (74.580%)  route 0.056ns (25.420%))
  Logic Levels:           0  
  Clock Path Skew:        0.000ns (DCD - SCD - CPR)
    Destination Clock Delay (DCD):    3.592ns
    Source Clock Delay      (SCD):    2.755ns
    Clock Pessimism Removal (CPR):    0.837ns

    Location             Delay type                Incr(ns)  Path(ns)    Netlist Resource(s)
  -------------------------------------------------------------------    -------------------
                         (clock vga_clk_ins/clkout0 rise edge)
                                                      0.000     0.000 r  
    Y9                                                0.000     0.000 r  clk_100 (IN)
                         net (fo=0)                   0.000     0.000    clk_100
    Y9                   IBUF (Prop_ibuf_I_O)         0.258     0.258 r  clk_100_IBUF_inst/O
                         net (fo=1, routed)           0.663     0.921    clk_100_IBUF
    BUFGCTRL_X0Y1        BUFG (Prop_bufg_I_O)         0.026     0.947 r  clk_100_IBUF_BUFG_inst/O
                         net (fo=4, routed)           0.600     1.547    xillybus_ins/system_i/vivado_system_i/xillyvga_0/inst/xillyvga_core_ins/clk_in
    PLLE2_ADV_X1Y0       PLLE2_ADV (Prop_plle2_adv_CLKIN1_CLKOUT0)
                                                      0.050     1.597 r  xillybus_ins/system_i/vivado_system_i/xillyvga_0/inst/xillyvga_core_ins/vga_clk_ins/vga_pll/CLKOUT0
                         net (fo=1, routed)           0.544     2.141    xillybus_ins/system_i/vivado_system_i/xillyvga_0/inst/xillyvga_core_ins/vga_clk_ins/clkout0
    BUFGCTRL_X0Y0        BUFG (Prop_bufg_I_O)         0.026     2.167 r  xillybus_ins/system_i/vivado_system_i/xillyvga_0/inst/xillyvga_core_ins/vga_clk_ins/clkout1_buf/O
                         net (fo=195, routed)         0.589     2.755    xillybus_ins/system_i/vivado_system_i/xillyvga_0/inst/xillyvga_core_ins/vga_fifo_wrapper_ins/vga_fifo/U0/inst_fifo_gen/gconvfifo.rf/grf.rf/gntv_or_sync_fifo.gcx.clkx/wr_pntr_cdc_inst/dest_clk
    SLICE_X26Y46         FDRE                                         r  xillybus_ins/system_i/vivado_system_i/xillyvga_0/inst/xillyvga_core_ins/vga_fifo_wrapper_ins/vga_fifo/U0/inst_fifo_gen/gconvfifo.rf/grf.rf/gntv_or_sync_fifo.gcx.clkx/wr_pntr_cdc_inst/dest_graysync_ff_reg[0][8]/C
  -------------------------------------------------------------------    -------------------
    SLICE_X26Y46         FDRE (Prop_fdre_C_Q)         0.164     2.919 r  xillybus_ins/system_i/vivado_system_i/xillyvga_0/inst/xillyvga_core_ins/vga_fifo_wrapper_ins/vga_fifo/U0/inst_fifo_gen/gconvfifo.rf/grf.rf/gntv_or_sync_fifo.gcx.clkx/wr_pntr_cdc_inst/dest_graysync_ff_reg[0][8]/Q
                         net (fo=1, routed)           0.056     2.975    xillybus_ins/system_i/vivado_system_i/xillyvga_0/inst/xillyvga_core_ins/vga_fifo_wrapper_ins/vga_fifo/U0/inst_fifo_gen/gconvfifo.rf/grf.rf/gntv_or_sync_fifo.gcx.clkx/wr_pntr_cdc_inst/dest_graysync_ff[0][8]
    SLICE_X26Y46         FDRE                                         r  xillybus_ins/system_i/vivado_system_i/xillyvga_0/inst/xillyvga_core_ins/vga_fifo_wrapper_ins/vga_fifo/U0/inst_fifo_gen/gconvfifo.rf/grf.rf/gntv_or_sync_fifo.gcx.clkx/wr_pntr_cdc_inst/dest_graysync_ff_reg[1][8]/D
  -------------------------------------------------------------------    -------------------

                         (clock vga_clk_ins/clkout0 rise edge)
                                                      0.000     0.000 r  
    Y9                                                0.000     0.000 r  clk_100 (IN)
                         net (fo=0)                   0.000     0.000    clk_100
    Y9                   IBUF (Prop_ibuf_I_O)         0.446     0.446 r  clk_100_IBUF_inst/O
                         net (fo=1, routed)           0.719     1.165    clk_100_IBUF
    BUFGCTRL_X0Y1        BUFG (Prop_bufg_I_O)         0.029     1.194 r  clk_100_IBUF_BUFG_inst/O
                         net (fo=4, routed)           0.867     2.061    xillybus_ins/system_i/vivado_system_i/xillyvga_0/inst/xillyvga_core_ins/clk_in
    PLLE2_ADV_X1Y0       PLLE2_ADV (Prop_plle2_adv_CLKIN1_CLKOUT0)
                                                      0.053     2.114 r  xillybus_ins/system_i/vivado_system_i/xillyvga_0/inst/xillyvga_core_ins/vga_clk_ins/vga_pll/CLKOUT0
                         net (fo=1, routed)           0.592     2.706    xillybus_ins/system_i/vivado_system_i/xillyvga_0/inst/xillyvga_core_ins/vga_clk_ins/clkout0
    BUFGCTRL_X0Y0        BUFG (Prop_bufg_I_O)         0.029     2.735 r  xillybus_ins/system_i/vivado_system_i/xillyvga_0/inst/xillyvga_core_ins/vga_clk_ins/clkout1_buf/O
                         net (fo=195, routed)         0.857     3.592    xillybus_ins/system_i/vivado_system_i/xillyvga_0/inst/xillyvga_core_ins/vga_fifo_wrapper_ins/vga_fifo/U0/inst_fifo_gen/gconvfifo.rf/grf.rf/gntv_or_sync_fifo.gcx.clkx/wr_pntr_cdc_inst/dest_clk
    SLICE_X26Y46         FDRE                                         r  xillybus_ins/system_i/vivado_system_i/xillyvga_0/inst/xillyvga_core_ins/vga_fifo_wrapper_ins/vga_fifo/U0/inst_fifo_gen/gconvfifo.rf/grf.rf/gntv_or_sync_fifo.gcx.clkx/wr_pntr_cdc_inst/dest_graysync_ff_reg[1][8]/C
                         clock pessimism             -0.837     2.755    
    SLICE_X26Y46         FDRE (Hold_fdre_C_D)         0.064     2.819    xillybus_ins/system_i/vivado_system_i/xillyvga_0/inst/xillyvga_core_ins/vga_fifo_wrapper_ins/vga_fifo/U0/inst_fifo_gen/gconvfifo.rf/grf.rf/gntv_or_sync_fifo.gcx.clkx/wr_pntr_cdc_inst/dest_graysync_ff_reg[1][8]
  -------------------------------------------------------------------
                         required time                         -2.819    
                         arrival time                           2.975    
  -------------------------------------------------------------------
                         slack                                  0.156    

Slack (MET) :             0.156ns  (arrival time - required time)
  Source:                 xillybus_ins/system_i/vivado_system_i/xillyvga_0/inst/xillyvga_core_ins/scan_ins/blank/C
                            (rising edge-triggered cell FDRE clocked by vga_clk_ins/clkout0  {rise@0.000ns fall@7.692ns period=15.385ns})
  Destination:            xillybus_ins/system_i/vivado_system_i/xillyvga_0/inst/xillyvga_core_ins/scan_ins/vga_blue_5/D
                            (rising edge-triggered cell FDRE clocked by vga_clk_ins/clkout0  {rise@0.000ns fall@7.692ns period=15.385ns})
  Path Group:             vga_clk_ins/clkout0
  Path Type:              Hold (Min at Fast Process Corner)
  Requirement:            0.000ns  (vga_clk_ins/clkout0 rise@0.000ns - vga_clk_ins/clkout0 rise@0.000ns)
  Data Path Delay:        0.528ns  (logic 0.209ns (39.547%)  route 0.319ns (60.453%))
  Logic Levels:           1  (LUT5=1)
  Clock Path Skew:        0.280ns (DCD - SCD - CPR)
    Destination Clock Delay (DCD):    3.591ns
    Source Clock Delay      (SCD):    2.742ns
    Clock Pessimism Removal (CPR):    0.568ns

    Location             Delay type                Incr(ns)  Path(ns)    Netlist Resource(s)
  -------------------------------------------------------------------    -------------------
                         (clock vga_clk_ins/clkout0 rise edge)
                                                      0.000     0.000 r  
    Y9                                                0.000     0.000 r  clk_100 (IN)
                         net (fo=0)                   0.000     0.000    clk_100
    Y9                   IBUF (Prop_ibuf_I_O)         0.258     0.258 r  clk_100_IBUF_inst/O
                         net (fo=1, routed)           0.663     0.921    clk_100_IBUF
    BUFGCTRL_X0Y1        BUFG (Prop_bufg_I_O)         0.026     0.947 r  clk_100_IBUF_BUFG_inst/O
                         net (fo=4, routed)           0.600     1.547    xillybus_ins/system_i/vivado_system_i/xillyvga_0/inst/xillyvga_core_ins/clk_in
    PLLE2_ADV_X1Y0       PLLE2_ADV (Prop_plle2_adv_CLKIN1_CLKOUT0)
                                                      0.050     1.597 r  xillybus_ins/system_i/vivado_system_i/xillyvga_0/inst/xillyvga_core_ins/vga_clk_ins/vga_pll/CLKOUT0
                         net (fo=1, routed)           0.544     2.141    xillybus_ins/system_i/vivado_system_i/xillyvga_0/inst/xillyvga_core_ins/vga_clk_ins/clkout0
    BUFGCTRL_X0Y0        BUFG (Prop_bufg_I_O)         0.026     2.167 r  xillybus_ins/system_i/vivado_system_i/xillyvga_0/inst/xillyvga_core_ins/vga_clk_ins/clkout1_buf/O
                         net (fo=195, routed)         0.576     2.742    xillybus_ins/system_i/vivado_system_i/xillyvga_0/inst/xillyvga_core_ins/vga_clk
    SLICE_X26Y50         FDRE                                         r  xillybus_ins/system_i/vivado_system_i/xillyvga_0/inst/xillyvga_core_ins/scan_ins/blank/C
  -------------------------------------------------------------------    -------------------
    SLICE_X26Y50         FDRE (Prop_fdre_C_Q)         0.164     2.906 f  xillybus_ins/system_i/vivado_system_i/xillyvga_0/inst/xillyvga_core_ins/scan_ins/blank/Q
                         net (fo=12, routed)          0.319     3.226    xillybus_ins/system_i/vivado_system_i/xillyvga_0/inst/xillyvga_core_ins/scan_ins/blank
    SLICE_X29Y45         LUT5 (Prop_lut5_I0_O)        0.045     3.271 r  xillybus_ins/system_i/vivado_system_i/xillyvga_0/inst/xillyvga_core_ins/scan_ins/Mmux_fifo_rd_data[7]_GND_5_o_mux_27_OUT61/O
                         net (fo=1, routed)           0.000     3.271    xillybus_ins/system_i/vivado_system_i/xillyvga_0/inst/xillyvga_core_ins/scan_ins/fifo_rd_data[7]_GND_5_o_mux_27_OUT[5]
    SLICE_X29Y45         FDRE                                         r  xillybus_ins/system_i/vivado_system_i/xillyvga_0/inst/xillyvga_core_ins/scan_ins/vga_blue_5/D
  -------------------------------------------------------------------    -------------------

                         (clock vga_clk_ins/clkout0 rise edge)
                                                      0.000     0.000 r  
    Y9                                                0.000     0.000 r  clk_100 (IN)
                         net (fo=0)                   0.000     0.000    clk_100
    Y9                   IBUF (Prop_ibuf_I_O)         0.446     0.446 r  clk_100_IBUF_inst/O
                         net (fo=1, routed)           0.719     1.165    clk_100_IBUF
    BUFGCTRL_X0Y1        BUFG (Prop_bufg_I_O)         0.029     1.194 r  clk_100_IBUF_BUFG_inst/O
                         net (fo=4, routed)           0.867     2.061    xillybus_ins/system_i/vivado_system_i/xillyvga_0/inst/xillyvga_core_ins/clk_in
    PLLE2_ADV_X1Y0       PLLE2_ADV (Prop_plle2_adv_CLKIN1_CLKOUT0)
                                                      0.053     2.114 r  xillybus_ins/system_i/vivado_system_i/xillyvga_0/inst/xillyvga_core_ins/vga_clk_ins/vga_pll/CLKOUT0
                         net (fo=1, routed)           0.592     2.706    xillybus_ins/system_i/vivado_system_i/xillyvga_0/inst/xillyvga_core_ins/vga_clk_ins/clkout0
    BUFGCTRL_X0Y0        BUFG (Prop_bufg_I_O)         0.029     2.735 r  xillybus_ins/system_i/vivado_system_i/xillyvga_0/inst/xillyvga_core_ins/vga_clk_ins/clkout1_buf/O
                         net (fo=195, routed)         0.856     3.591    xillybus_ins/system_i/vivado_system_i/xillyvga_0/inst/xillyvga_core_ins/vga_clk
    SLICE_X29Y45         FDRE                                         r  xillybus_ins/system_i/vivado_system_i/xillyvga_0/inst/xillyvga_core_ins/scan_ins/vga_blue_5/C
                         clock pessimism             -0.568     3.023    
    SLICE_X29Y45         FDRE (Hold_fdre_C_D)         0.092     3.115    xillybus_ins/system_i/vivado_system_i/xillyvga_0/inst/xillyvga_core_ins/scan_ins/vga_blue_5
  -------------------------------------------------------------------
                         required time                         -3.115    
                         arrival time                           3.271    
  -------------------------------------------------------------------
                         slack                                  0.156    





Pulse Width Checks
--------------------------------------------------------------------------------------
Clock Name:         vga_clk_ins/clkout0
Waveform(ns):       { 0.000 7.692 }
Period(ns):         15.385
Sources:            { xillybus_ins/system_i/vivado_system_i/xillyvga_0/inst/xillyvga_core_ins/vga_clk_ins/vga_pll/CLKOUT0 }

Check Type        Corner  Lib Pin             Reference Pin  Required(ns)  Actual(ns)  Slack(ns)  Location        Pin
Min Period        n/a     RAMB18E1/CLKARDCLK  n/a            2.576         15.385      12.809     RAMB18_X1Y18    xillybus_ins/system_i/vivado_system_i/xillyvga_0/inst/xillyvga_core_ins/screensaver_ins/BRAM_SINGLE_MACRO_inst/bram18_single_bl.bram18_single_bl/CLKARDCLK
Min Period        n/a     RAMB18E1/CLKARDCLK  n/a            2.576         15.385      12.809     RAMB18_X1Y19    xillybus_ins/system_i/vivado_system_i/xillyvga_0/inst/xillyvga_core_ins/vga_fifo_wrapper_ins/vga_fifo/U0/inst_fifo_gen/gconvfifo.rf/grf.rf/gntv_or_sync_fifo.mem/gbm.gbmg.gbmga.ngecc.bmg/inst_blk_mem_gen/gnbram.gnativebmg.native_blk_mem_gen/valid.cstr/ramloop[0].ram.r/prim_noinit.ram/DEVICE_7SERIES.NO_BMM_INFO.SDP.WIDE_PRIM18.ram/CLKARDCLK
Min Period        n/a     BUFG/I              n/a            2.155         15.385      13.229     BUFGCTRL_X0Y0   xillybus_ins/system_i/vivado_system_i/xillyvga_0/inst/xillyvga_core_ins/vga_clk_ins/clkout1_buf/I
Min Period        n/a     FDCE/C              n/a            1.474         15.385      13.911     OLOGIC_X1Y28    xillybus_ins/vga_iob_ff[0]/C
Min Period        n/a     FDCE/C              n/a            1.474         15.385      13.911     OLOGIC_X1Y39    xillybus_ins/vga_iob_ff[10]/C
Min Period        n/a     FDCE/C              n/a            1.474         15.385      13.911     OLOGIC_X1Y40    xillybus_ins/vga_iob_ff[11]/C
Min Period        n/a     FDCE/C              n/a            1.474         15.385      13.911     OLOGIC_X1Y37    xillybus_ins/vga_iob_ff[12]/C
Min Period        n/a     FDCE/C              n/a            1.474         15.385      13.911     OLOGIC_X1Y38    xillybus_ins/vga_iob_ff[13]/C
Min Period        n/a     FDCE/C              n/a            1.474         15.385      13.911     OLOGIC_X1Y27    xillybus_ins/vga_iob_ff[1]/C
Min Period        n/a     FDCE/C              n/a            1.474         15.385      13.911     OLOGIC_X1Y31    xillybus_ins/vga_iob_ff[2]/C
Max Period        n/a     PLLE2_ADV/CLKOUT0   n/a            160.000       15.385      144.615    PLLE2_ADV_X1Y0  xillybus_ins/system_i/vivado_system_i/xillyvga_0/inst/xillyvga_core_ins/vga_clk_ins/vga_pll/CLKOUT0
Low Pulse Width   Fast    FDRE/C              n/a            0.500         7.692       7.192      SLICE_X26Y50    xillybus_ins/system_i/vivado_system_i/xillyvga_0/inst/xillyvga_core_ins/scan_ins/blank/C
Low Pulse Width   Fast    FDRE/C              n/a            0.500         7.692       7.192      SLICE_X26Y50    xillybus_ins/system_i/vivado_system_i/xillyvga_0/inst/xillyvga_core_ins/scan_ins/fifo_rd_unheld/C
Low Pulse Width   Slow    FDRE/C              n/a            0.500         7.692       7.192      SLICE_X38Y68    xillybus_ins/system_i/vivado_system_i/xillyvga_0/inst/xillyvga_core_ins/scan_ins/first_pixel_d_0/C
Low Pulse Width   Slow    FDRE/C              n/a            0.500         7.692       7.192      SLICE_X38Y68    xillybus_ins/system_i/vivado_system_i/xillyvga_0/inst/xillyvga_core_ins/scan_ins/first_pixel_d_1/C
Low Pulse Width   Slow    FDRE/C              n/a            0.500         7.692       7.192      SLICE_X36Y47    xillybus_ins/system_i/vivado_system_i/xillyvga_0/inst/xillyvga_core_ins/scan_ins/h_strobe/C
Low Pulse Width   Slow    FDSE/C              n/a            0.500         7.692       7.192      SLICE_X35Y55    xillybus_ins/system_i/vivado_system_i/xillyvga_0/inst/xillyvga_core_ins/scan_ins/screensaver_on_2/C
Low Pulse Width   Slow    FDRE/C              n/a            0.500         7.692       7.192      SLICE_X30Y47    xillybus_ins/system_i/vivado_system_i/xillyvga_0/inst/xillyvga_core_ins/scan_ins/underrun_d/C
Low Pulse Width   Fast    FDRE/C              n/a            0.500         7.692       7.192      SLICE_X61Y87    xillybus_ins/system_i/vivado_system_i/xillyvga_0/inst/xillyvga_core_ins/scan_ins/vdata_en/C
Low Pulse Width   Slow    FDRE/C              n/a            0.500         7.692       7.192      SLICE_X30Y47    xillybus_ins/system_i/vivado_system_i/xillyvga_0/inst/xillyvga_core_ins/scan_ins/vga_blue_4/C
Low Pulse Width   Slow    FDRE/C              n/a            0.500         7.692       7.192      SLICE_X30Y47    xillybus_ins/system_i/vivado_system_i/xillyvga_0/inst/xillyvga_core_ins/scan_ins/vga_blue_6/C
High Pulse Width  Slow    FDRE/C              n/a            0.500         7.692       7.192      SLICE_X59Y85    xillybus_ins/system_i/vivado_system_i/xillyvga_0/inst/xillyvga_core_ins/scan_ins/first_pixel/C
High Pulse Width  Slow    FDRE/C              n/a            0.500         7.692       7.192      SLICE_X58Y85    xillybus_ins/system_i/vivado_system_i/xillyvga_0/inst/xillyvga_core_ins/scan_ins/hdata_en/C
High Pulse Width  Slow    FDRE/C              n/a            0.500         7.692       7.192      SLICE_X56Y86    xillybus_ins/system_i/vivado_system_i/xillyvga_0/inst/xillyvga_core_ins/scan_ins/hpos_0/C
High Pulse Width  Slow    FDRE/C              n/a            0.500         7.692       7.192      SLICE_X56Y86    xillybus_ins/system_i/vivado_system_i/xillyvga_0/inst/xillyvga_core_ins/scan_ins/hpos_1/C
High Pulse Width  Slow    FDRE/C              n/a            0.500         7.692       7.192      SLICE_X56Y86    xillybus_ins/system_i/vivado_system_i/xillyvga_0/inst/xillyvga_core_ins/scan_ins/hpos_2/C
High Pulse Width  Slow    FDRE/C              n/a            0.500         7.692       7.192      SLICE_X56Y86    xillybus_ins/system_i/vivado_system_i/xillyvga_0/inst/xillyvga_core_ins/scan_ins/hpos_3/C
High Pulse Width  Slow    FDRE/C              n/a            0.500         7.692       7.192      SLICE_X56Y87    xillybus_ins/system_i/vivado_system_i/xillyvga_0/inst/xillyvga_core_ins/scan_ins/hpos_4/C
High Pulse Width  Slow    FDRE/C              n/a            0.500         7.692       7.192      SLICE_X56Y87    xillybus_ins/system_i/vivado_system_i/xillyvga_0/inst/xillyvga_core_ins/scan_ins/hpos_5/C
High Pulse Width  Slow    FDRE/C              n/a            0.500         7.692       7.192      SLICE_X56Y87    xillybus_ins/system_i/vivado_system_i/xillyvga_0/inst/xillyvga_core_ins/scan_ins/hpos_6/C
High Pulse Width  Slow    FDRE/C              n/a            0.500         7.692       7.192      SLICE_X56Y87    xillybus_ins/system_i/vivado_system_i/xillyvga_0/inst/xillyvga_core_ins/scan_ins/hpos_7/C



---------------------------------------------------------------------------------------------------
Path Group:  **async_default**
From Clock:  clk_fpga_1
  To Clock:  clk_fpga_1

Setup :            0  Failing Endpoints,  Worst Slack        7.528ns,  Total Violation        0.000ns
Hold  :            0  Failing Endpoints,  Worst Slack        0.419ns,  Total Violation        0.000ns
---------------------------------------------------------------------------------------------------


Max Delay Paths
--------------------------------------------------------------------------------------
Slack (MET) :             7.528ns  (required time - arrival time)
  Source:                 xillybus_ins/system_i/vivado_system_i/xillyvga_0/inst/xillyvga_core_ins/vga_fifo_wrapper_ins/vga_fifo/U0/inst_fifo_gen/gconvfifo.rf/grf.rf/rstblk/ngwrdrst.grst.g7serrst.gnsckt_wrst.gic_rst.sckt_wr_rst_ic_reg/C
                            (rising edge-triggered cell FDPE clocked by clk_fpga_1  {rise@0.000ns fall@5.000ns period=10.000ns})
  Destination:            xillybus_ins/system_i/vivado_system_i/xillyvga_0/inst/xillyvga_core_ins/vga_fifo_wrapper_ins/vga_fifo/U0/inst_fifo_gen/gconvfifo.rf/grf.rf/gntv_or_sync_fifo.gl0.wr/wpntr/gic0.gc0.count_d1_reg[1]/CLR
                            (recovery check against rising-edge clock clk_fpga_1  {rise@0.000ns fall@5.000ns period=10.000ns})
  Path Group:             **async_default**
  Path Type:              Recovery (Max at Slow Process Corner)
  Requirement:            10.000ns  (clk_fpga_1 rise@10.000ns - clk_fpga_1 rise@0.000ns)
  Data Path Delay:        1.809ns  (logic 0.518ns (28.630%)  route 1.291ns (71.370%))
  Logic Levels:           0  
  Clock Path Skew:        -0.104ns (DCD - SCD + CPR)
    Destination Clock Delay (DCD):    2.660ns = ( 12.660 - 10.000 ) 
    Source Clock Delay      (SCD):    2.993ns
    Clock Pessimism Removal (CPR):    0.229ns
  Clock Uncertainty:      0.154ns  ((TSJ^2 + TIJ^2)^1/2 + DJ) / 2 + PE
    Total System Jitter     (TSJ):    0.071ns
    Total Input Jitter      (TIJ):    0.300ns
    Discrete Jitter          (DJ):    0.000ns
    Phase Error              (PE):    0.000ns

    Location             Delay type                Incr(ns)  Path(ns)    Netlist Resource(s)
  -------------------------------------------------------------------    -------------------
                         (clock clk_fpga_1 rise edge)
                                                      0.000     0.000 r  
    PS7_X0Y0             PS7                          0.000     0.000 r  xillybus_ins/system_i/vivado_system_i/processing_system7_0/inst/PS7_i/FCLKCLK[1]
                         net (fo=1, routed)           1.193     1.193    xillybus_ins/system_i/vivado_system_i/processing_system7_0/inst/FCLK_CLK_unbuffered[1]
    BUFGCTRL_X0Y16       BUFG (Prop_bufg_I_O)         0.101     1.294 r  xillybus_ins/system_i/vivado_system_i/processing_system7_0/inst/buffer_fclk_clk_1.FCLK_CLK_1_BUFG/O
                         net (fo=7320, routed)        1.699     2.993    xillybus_ins/system_i/vivado_system_i/xillyvga_0/inst/xillyvga_core_ins/vga_fifo_wrapper_ins/vga_fifo/U0/inst_fifo_gen/gconvfifo.rf/grf.rf/rstblk/wr_clk
    SLICE_X30Y55         FDPE                                         r  xillybus_ins/system_i/vivado_system_i/xillyvga_0/inst/xillyvga_core_ins/vga_fifo_wrapper_ins/vga_fifo/U0/inst_fifo_gen/gconvfifo.rf/grf.rf/rstblk/ngwrdrst.grst.g7serrst.gnsckt_wrst.gic_rst.sckt_wr_rst_ic_reg/C
  -------------------------------------------------------------------    -------------------
    SLICE_X30Y55         FDPE (Prop_fdpe_C_Q)         0.518     3.511 f  xillybus_ins/system_i/vivado_system_i/xillyvga_0/inst/xillyvga_core_ins/vga_fifo_wrapper_ins/vga_fifo/U0/inst_fifo_gen/gconvfifo.rf/grf.rf/rstblk/ngwrdrst.grst.g7serrst.gnsckt_wrst.gic_rst.sckt_wr_rst_ic_reg/Q
                         net (fo=35, routed)          1.291     4.802    xillybus_ins/system_i/vivado_system_i/xillyvga_0/inst/xillyvga_core_ins/vga_fifo_wrapper_ins/vga_fifo/U0/inst_fifo_gen/gconvfifo.rf/grf.rf/gntv_or_sync_fifo.gl0.wr/wpntr/AR[0]
    SLICE_X35Y50         FDCE                                         f  xillybus_ins/system_i/vivado_system_i/xillyvga_0/inst/xillyvga_core_ins/vga_fifo_wrapper_ins/vga_fifo/U0/inst_fifo_gen/gconvfifo.rf/grf.rf/gntv_or_sync_fifo.gl0.wr/wpntr/gic0.gc0.count_d1_reg[1]/CLR
  -------------------------------------------------------------------    -------------------

                         (clock clk_fpga_1 rise edge)
                                                     10.000    10.000 r  
    PS7_X0Y0             PS7                          0.000    10.000 r  xillybus_ins/system_i/vivado_system_i/processing_system7_0/inst/PS7_i/FCLKCLK[1]
                         net (fo=1, routed)           1.088    11.088    xillybus_ins/system_i/vivado_system_i/processing_system7_0/inst/FCLK_CLK_unbuffered[1]
    BUFGCTRL_X0Y16       BUFG (Prop_bufg_I_O)         0.091    11.179 r  xillybus_ins/system_i/vivado_system_i/processing_system7_0/inst/buffer_fclk_clk_1.FCLK_CLK_1_BUFG/O
                         net (fo=7320, routed)        1.481    12.660    xillybus_ins/system_i/vivado_system_i/xillyvga_0/inst/xillyvga_core_ins/vga_fifo_wrapper_ins/vga_fifo/U0/inst_fifo_gen/gconvfifo.rf/grf.rf/gntv_or_sync_fifo.gl0.wr/wpntr/wr_clk
    SLICE_X35Y50         FDCE                                         r  xillybus_ins/system_i/vivado_system_i/xillyvga_0/inst/xillyvga_core_ins/vga_fifo_wrapper_ins/vga_fifo/U0/inst_fifo_gen/gconvfifo.rf/grf.rf/gntv_or_sync_fifo.gl0.wr/wpntr/gic0.gc0.count_d1_reg[1]/C
                         clock pessimism              0.229    12.889    
                         clock uncertainty           -0.154    12.735    
    SLICE_X35Y50         FDCE (Recov_fdce_C_CLR)     -0.405    12.330    xillybus_ins/system_i/vivado_system_i/xillyvga_0/inst/xillyvga_core_ins/vga_fifo_wrapper_ins/vga_fifo/U0/inst_fifo_gen/gconvfifo.rf/grf.rf/gntv_or_sync_fifo.gl0.wr/wpntr/gic0.gc0.count_d1_reg[1]
  -------------------------------------------------------------------
                         required time                         12.330    
                         arrival time                          -4.802    
  -------------------------------------------------------------------
                         slack                                  7.528    

Slack (MET) :             7.528ns  (required time - arrival time)
  Source:                 xillybus_ins/system_i/vivado_system_i/xillyvga_0/inst/xillyvga_core_ins/vga_fifo_wrapper_ins/vga_fifo/U0/inst_fifo_gen/gconvfifo.rf/grf.rf/rstblk/ngwrdrst.grst.g7serrst.gnsckt_wrst.gic_rst.sckt_wr_rst_ic_reg/C
                            (rising edge-triggered cell FDPE clocked by clk_fpga_1  {rise@0.000ns fall@5.000ns period=10.000ns})
  Destination:            xillybus_ins/system_i/vivado_system_i/xillyvga_0/inst/xillyvga_core_ins/vga_fifo_wrapper_ins/vga_fifo/U0/inst_fifo_gen/gconvfifo.rf/grf.rf/gntv_or_sync_fifo.gl0.wr/wpntr/gic0.gc0.count_d2_reg[6]/CLR
                            (recovery check against rising-edge clock clk_fpga_1  {rise@0.000ns fall@5.000ns period=10.000ns})
  Path Group:             **async_default**
  Path Type:              Recovery (Max at Slow Process Corner)
  Requirement:            10.000ns  (clk_fpga_1 rise@10.000ns - clk_fpga_1 rise@0.000ns)
  Data Path Delay:        1.809ns  (logic 0.518ns (28.630%)  route 1.291ns (71.370%))
  Logic Levels:           0  
  Clock Path Skew:        -0.104ns (DCD - SCD + CPR)
    Destination Clock Delay (DCD):    2.660ns = ( 12.660 - 10.000 ) 
    Source Clock Delay      (SCD):    2.993ns
    Clock Pessimism Removal (CPR):    0.229ns
  Clock Uncertainty:      0.154ns  ((TSJ^2 + TIJ^2)^1/2 + DJ) / 2 + PE
    Total System Jitter     (TSJ):    0.071ns
    Total Input Jitter      (TIJ):    0.300ns
    Discrete Jitter          (DJ):    0.000ns
    Phase Error              (PE):    0.000ns

    Location             Delay type                Incr(ns)  Path(ns)    Netlist Resource(s)
  -------------------------------------------------------------------    -------------------
                         (clock clk_fpga_1 rise edge)
                                                      0.000     0.000 r  
    PS7_X0Y0             PS7                          0.000     0.000 r  xillybus_ins/system_i/vivado_system_i/processing_system7_0/inst/PS7_i/FCLKCLK[1]
                         net (fo=1, routed)           1.193     1.193    xillybus_ins/system_i/vivado_system_i/processing_system7_0/inst/FCLK_CLK_unbuffered[1]
    BUFGCTRL_X0Y16       BUFG (Prop_bufg_I_O)         0.101     1.294 r  xillybus_ins/system_i/vivado_system_i/processing_system7_0/inst/buffer_fclk_clk_1.FCLK_CLK_1_BUFG/O
                         net (fo=7320, routed)        1.699     2.993    xillybus_ins/system_i/vivado_system_i/xillyvga_0/inst/xillyvga_core_ins/vga_fifo_wrapper_ins/vga_fifo/U0/inst_fifo_gen/gconvfifo.rf/grf.rf/rstblk/wr_clk
    SLICE_X30Y55         FDPE                                         r  xillybus_ins/system_i/vivado_system_i/xillyvga_0/inst/xillyvga_core_ins/vga_fifo_wrapper_ins/vga_fifo/U0/inst_fifo_gen/gconvfifo.rf/grf.rf/rstblk/ngwrdrst.grst.g7serrst.gnsckt_wrst.gic_rst.sckt_wr_rst_ic_reg/C
  -------------------------------------------------------------------    -------------------
    SLICE_X30Y55         FDPE (Prop_fdpe_C_Q)         0.518     3.511 f  xillybus_ins/system_i/vivado_system_i/xillyvga_0/inst/xillyvga_core_ins/vga_fifo_wrapper_ins/vga_fifo/U0/inst_fifo_gen/gconvfifo.rf/grf.rf/rstblk/ngwrdrst.grst.g7serrst.gnsckt_wrst.gic_rst.sckt_wr_rst_ic_reg/Q
                         net (fo=35, routed)          1.291     4.802    xillybus_ins/system_i/vivado_system_i/xillyvga_0/inst/xillyvga_core_ins/vga_fifo_wrapper_ins/vga_fifo/U0/inst_fifo_gen/gconvfifo.rf/grf.rf/gntv_or_sync_fifo.gl0.wr/wpntr/AR[0]
    SLICE_X35Y50         FDCE                                         f  xillybus_ins/system_i/vivado_system_i/xillyvga_0/inst/xillyvga_core_ins/vga_fifo_wrapper_ins/vga_fifo/U0/inst_fifo_gen/gconvfifo.rf/grf.rf/gntv_or_sync_fifo.gl0.wr/wpntr/gic0.gc0.count_d2_reg[6]/CLR
  -------------------------------------------------------------------    -------------------

                         (clock clk_fpga_1 rise edge)
                                                     10.000    10.000 r  
    PS7_X0Y0             PS7                          0.000    10.000 r  xillybus_ins/system_i/vivado_system_i/processing_system7_0/inst/PS7_i/FCLKCLK[1]
                         net (fo=1, routed)           1.088    11.088    xillybus_ins/system_i/vivado_system_i/processing_system7_0/inst/FCLK_CLK_unbuffered[1]
    BUFGCTRL_X0Y16       BUFG (Prop_bufg_I_O)         0.091    11.179 r  xillybus_ins/system_i/vivado_system_i/processing_system7_0/inst/buffer_fclk_clk_1.FCLK_CLK_1_BUFG/O
                         net (fo=7320, routed)        1.481    12.660    xillybus_ins/system_i/vivado_system_i/xillyvga_0/inst/xillyvga_core_ins/vga_fifo_wrapper_ins/vga_fifo/U0/inst_fifo_gen/gconvfifo.rf/grf.rf/gntv_or_sync_fifo.gl0.wr/wpntr/wr_clk
    SLICE_X35Y50         FDCE                                         r  xillybus_ins/system_i/vivado_system_i/xillyvga_0/inst/xillyvga_core_ins/vga_fifo_wrapper_ins/vga_fifo/U0/inst_fifo_gen/gconvfifo.rf/grf.rf/gntv_or_sync_fifo.gl0.wr/wpntr/gic0.gc0.count_d2_reg[6]/C
                         clock pessimism              0.229    12.889    
                         clock uncertainty           -0.154    12.735    
    SLICE_X35Y50         FDCE (Recov_fdce_C_CLR)     -0.405    12.330    xillybus_ins/system_i/vivado_system_i/xillyvga_0/inst/xillyvga_core_ins/vga_fifo_wrapper_ins/vga_fifo/U0/inst_fifo_gen/gconvfifo.rf/grf.rf/gntv_or_sync_fifo.gl0.wr/wpntr/gic0.gc0.count_d2_reg[6]
  -------------------------------------------------------------------
                         required time                         12.330    
                         arrival time                          -4.802    
  -------------------------------------------------------------------
                         slack                                  7.528    

Slack (MET) :             7.528ns  (required time - arrival time)
  Source:                 xillybus_ins/system_i/vivado_system_i/xillyvga_0/inst/xillyvga_core_ins/vga_fifo_wrapper_ins/vga_fifo/U0/inst_fifo_gen/gconvfifo.rf/grf.rf/rstblk/ngwrdrst.grst.g7serrst.gnsckt_wrst.gic_rst.sckt_wr_rst_ic_reg/C
                            (rising edge-triggered cell FDPE clocked by clk_fpga_1  {rise@0.000ns fall@5.000ns period=10.000ns})
  Destination:            xillybus_ins/system_i/vivado_system_i/xillyvga_0/inst/xillyvga_core_ins/vga_fifo_wrapper_ins/vga_fifo/U0/inst_fifo_gen/gconvfifo.rf/grf.rf/gntv_or_sync_fifo.gl0.wr/wpntr/gic0.gc0.count_reg[0]/CLR
                            (recovery check against rising-edge clock clk_fpga_1  {rise@0.000ns fall@5.000ns period=10.000ns})
  Path Group:             **async_default**
  Path Type:              Recovery (Max at Slow Process Corner)
  Requirement:            10.000ns  (clk_fpga_1 rise@10.000ns - clk_fpga_1 rise@0.000ns)
  Data Path Delay:        1.809ns  (logic 0.518ns (28.630%)  route 1.291ns (71.370%))
  Logic Levels:           0  
  Clock Path Skew:        -0.104ns (DCD - SCD + CPR)
    Destination Clock Delay (DCD):    2.660ns = ( 12.660 - 10.000 ) 
    Source Clock Delay      (SCD):    2.993ns
    Clock Pessimism Removal (CPR):    0.229ns
  Clock Uncertainty:      0.154ns  ((TSJ^2 + TIJ^2)^1/2 + DJ) / 2 + PE
    Total System Jitter     (TSJ):    0.071ns
    Total Input Jitter      (TIJ):    0.300ns
    Discrete Jitter          (DJ):    0.000ns
    Phase Error              (PE):    0.000ns

    Location             Delay type                Incr(ns)  Path(ns)    Netlist Resource(s)
  -------------------------------------------------------------------    -------------------
                         (clock clk_fpga_1 rise edge)
                                                      0.000     0.000 r  
    PS7_X0Y0             PS7                          0.000     0.000 r  xillybus_ins/system_i/vivado_system_i/processing_system7_0/inst/PS7_i/FCLKCLK[1]
                         net (fo=1, routed)           1.193     1.193    xillybus_ins/system_i/vivado_system_i/processing_system7_0/inst/FCLK_CLK_unbuffered[1]
    BUFGCTRL_X0Y16       BUFG (Prop_bufg_I_O)         0.101     1.294 r  xillybus_ins/system_i/vivado_system_i/processing_system7_0/inst/buffer_fclk_clk_1.FCLK_CLK_1_BUFG/O
                         net (fo=7320, routed)        1.699     2.993    xillybus_ins/system_i/vivado_system_i/xillyvga_0/inst/xillyvga_core_ins/vga_fifo_wrapper_ins/vga_fifo/U0/inst_fifo_gen/gconvfifo.rf/grf.rf/rstblk/wr_clk
    SLICE_X30Y55         FDPE                                         r  xillybus_ins/system_i/vivado_system_i/xillyvga_0/inst/xillyvga_core_ins/vga_fifo_wrapper_ins/vga_fifo/U0/inst_fifo_gen/gconvfifo.rf/grf.rf/rstblk/ngwrdrst.grst.g7serrst.gnsckt_wrst.gic_rst.sckt_wr_rst_ic_reg/C
  -------------------------------------------------------------------    -------------------
    SLICE_X30Y55         FDPE (Prop_fdpe_C_Q)         0.518     3.511 f  xillybus_ins/system_i/vivado_system_i/xillyvga_0/inst/xillyvga_core_ins/vga_fifo_wrapper_ins/vga_fifo/U0/inst_fifo_gen/gconvfifo.rf/grf.rf/rstblk/ngwrdrst.grst.g7serrst.gnsckt_wrst.gic_rst.sckt_wr_rst_ic_reg/Q
                         net (fo=35, routed)          1.291     4.802    xillybus_ins/system_i/vivado_system_i/xillyvga_0/inst/xillyvga_core_ins/vga_fifo_wrapper_ins/vga_fifo/U0/inst_fifo_gen/gconvfifo.rf/grf.rf/gntv_or_sync_fifo.gl0.wr/wpntr/AR[0]
    SLICE_X35Y50         FDCE                                         f  xillybus_ins/system_i/vivado_system_i/xillyvga_0/inst/xillyvga_core_ins/vga_fifo_wrapper_ins/vga_fifo/U0/inst_fifo_gen/gconvfifo.rf/grf.rf/gntv_or_sync_fifo.gl0.wr/wpntr/gic0.gc0.count_reg[0]/CLR
  -------------------------------------------------------------------    -------------------

                         (clock clk_fpga_1 rise edge)
                                                     10.000    10.000 r  
    PS7_X0Y0             PS7                          0.000    10.000 r  xillybus_ins/system_i/vivado_system_i/processing_system7_0/inst/PS7_i/FCLKCLK[1]
                         net (fo=1, routed)           1.088    11.088    xillybus_ins/system_i/vivado_system_i/processing_system7_0/inst/FCLK_CLK_unbuffered[1]
    BUFGCTRL_X0Y16       BUFG (Prop_bufg_I_O)         0.091    11.179 r  xillybus_ins/system_i/vivado_system_i/processing_system7_0/inst/buffer_fclk_clk_1.FCLK_CLK_1_BUFG/O
                         net (fo=7320, routed)        1.481    12.660    xillybus_ins/system_i/vivado_system_i/xillyvga_0/inst/xillyvga_core_ins/vga_fifo_wrapper_ins/vga_fifo/U0/inst_fifo_gen/gconvfifo.rf/grf.rf/gntv_or_sync_fifo.gl0.wr/wpntr/wr_clk
    SLICE_X35Y50         FDCE                                         r  xillybus_ins/system_i/vivado_system_i/xillyvga_0/inst/xillyvga_core_ins/vga_fifo_wrapper_ins/vga_fifo/U0/inst_fifo_gen/gconvfifo.rf/grf.rf/gntv_or_sync_fifo.gl0.wr/wpntr/gic0.gc0.count_reg[0]/C
                         clock pessimism              0.229    12.889    
                         clock uncertainty           -0.154    12.735    
    SLICE_X35Y50         FDCE (Recov_fdce_C_CLR)     -0.405    12.330    xillybus_ins/system_i/vivado_system_i/xillyvga_0/inst/xillyvga_core_ins/vga_fifo_wrapper_ins/vga_fifo/U0/inst_fifo_gen/gconvfifo.rf/grf.rf/gntv_or_sync_fifo.gl0.wr/wpntr/gic0.gc0.count_reg[0]
  -------------------------------------------------------------------
                         required time                         12.330    
                         arrival time                          -4.802    
  -------------------------------------------------------------------
                         slack                                  7.528    

Slack (MET) :             7.528ns  (required time - arrival time)
  Source:                 xillybus_ins/system_i/vivado_system_i/xillyvga_0/inst/xillyvga_core_ins/vga_fifo_wrapper_ins/vga_fifo/U0/inst_fifo_gen/gconvfifo.rf/grf.rf/rstblk/ngwrdrst.grst.g7serrst.gnsckt_wrst.gic_rst.sckt_wr_rst_ic_reg/C
                            (rising edge-triggered cell FDPE clocked by clk_fpga_1  {rise@0.000ns fall@5.000ns period=10.000ns})
  Destination:            xillybus_ins/system_i/vivado_system_i/xillyvga_0/inst/xillyvga_core_ins/vga_fifo_wrapper_ins/vga_fifo/U0/inst_fifo_gen/gconvfifo.rf/grf.rf/gntv_or_sync_fifo.gl0.wr/wpntr/gic0.gc0.count_reg[2]/CLR
                            (recovery check against rising-edge clock clk_fpga_1  {rise@0.000ns fall@5.000ns period=10.000ns})
  Path Group:             **async_default**
  Path Type:              Recovery (Max at Slow Process Corner)
  Requirement:            10.000ns  (clk_fpga_1 rise@10.000ns - clk_fpga_1 rise@0.000ns)
  Data Path Delay:        1.809ns  (logic 0.518ns (28.630%)  route 1.291ns (71.370%))
  Logic Levels:           0  
  Clock Path Skew:        -0.104ns (DCD - SCD + CPR)
    Destination Clock Delay (DCD):    2.660ns = ( 12.660 - 10.000 ) 
    Source Clock Delay      (SCD):    2.993ns
    Clock Pessimism Removal (CPR):    0.229ns
  Clock Uncertainty:      0.154ns  ((TSJ^2 + TIJ^2)^1/2 + DJ) / 2 + PE
    Total System Jitter     (TSJ):    0.071ns
    Total Input Jitter      (TIJ):    0.300ns
    Discrete Jitter          (DJ):    0.000ns
    Phase Error              (PE):    0.000ns

    Location             Delay type                Incr(ns)  Path(ns)    Netlist Resource(s)
  -------------------------------------------------------------------    -------------------
                         (clock clk_fpga_1 rise edge)
                                                      0.000     0.000 r  
    PS7_X0Y0             PS7                          0.000     0.000 r  xillybus_ins/system_i/vivado_system_i/processing_system7_0/inst/PS7_i/FCLKCLK[1]
                         net (fo=1, routed)           1.193     1.193    xillybus_ins/system_i/vivado_system_i/processing_system7_0/inst/FCLK_CLK_unbuffered[1]
    BUFGCTRL_X0Y16       BUFG (Prop_bufg_I_O)         0.101     1.294 r  xillybus_ins/system_i/vivado_system_i/processing_system7_0/inst/buffer_fclk_clk_1.FCLK_CLK_1_BUFG/O
                         net (fo=7320, routed)        1.699     2.993    xillybus_ins/system_i/vivado_system_i/xillyvga_0/inst/xillyvga_core_ins/vga_fifo_wrapper_ins/vga_fifo/U0/inst_fifo_gen/gconvfifo.rf/grf.rf/rstblk/wr_clk
    SLICE_X30Y55         FDPE                                         r  xillybus_ins/system_i/vivado_system_i/xillyvga_0/inst/xillyvga_core_ins/vga_fifo_wrapper_ins/vga_fifo/U0/inst_fifo_gen/gconvfifo.rf/grf.rf/rstblk/ngwrdrst.grst.g7serrst.gnsckt_wrst.gic_rst.sckt_wr_rst_ic_reg/C
  -------------------------------------------------------------------    -------------------
    SLICE_X30Y55         FDPE (Prop_fdpe_C_Q)         0.518     3.511 f  xillybus_ins/system_i/vivado_system_i/xillyvga_0/inst/xillyvga_core_ins/vga_fifo_wrapper_ins/vga_fifo/U0/inst_fifo_gen/gconvfifo.rf/grf.rf/rstblk/ngwrdrst.grst.g7serrst.gnsckt_wrst.gic_rst.sckt_wr_rst_ic_reg/Q
                         net (fo=35, routed)          1.291     4.802    xillybus_ins/system_i/vivado_system_i/xillyvga_0/inst/xillyvga_core_ins/vga_fifo_wrapper_ins/vga_fifo/U0/inst_fifo_gen/gconvfifo.rf/grf.rf/gntv_or_sync_fifo.gl0.wr/wpntr/AR[0]
    SLICE_X35Y50         FDCE                                         f  xillybus_ins/system_i/vivado_system_i/xillyvga_0/inst/xillyvga_core_ins/vga_fifo_wrapper_ins/vga_fifo/U0/inst_fifo_gen/gconvfifo.rf/grf.rf/gntv_or_sync_fifo.gl0.wr/wpntr/gic0.gc0.count_reg[2]/CLR
  -------------------------------------------------------------------    -------------------

                         (clock clk_fpga_1 rise edge)
                                                     10.000    10.000 r  
    PS7_X0Y0             PS7                          0.000    10.000 r  xillybus_ins/system_i/vivado_system_i/processing_system7_0/inst/PS7_i/FCLKCLK[1]
                         net (fo=1, routed)           1.088    11.088    xillybus_ins/system_i/vivado_system_i/processing_system7_0/inst/FCLK_CLK_unbuffered[1]
    BUFGCTRL_X0Y16       BUFG (Prop_bufg_I_O)         0.091    11.179 r  xillybus_ins/system_i/vivado_system_i/processing_system7_0/inst/buffer_fclk_clk_1.FCLK_CLK_1_BUFG/O
                         net (fo=7320, routed)        1.481    12.660    xillybus_ins/system_i/vivado_system_i/xillyvga_0/inst/xillyvga_core_ins/vga_fifo_wrapper_ins/vga_fifo/U0/inst_fifo_gen/gconvfifo.rf/grf.rf/gntv_or_sync_fifo.gl0.wr/wpntr/wr_clk
    SLICE_X35Y50         FDCE                                         r  xillybus_ins/system_i/vivado_system_i/xillyvga_0/inst/xillyvga_core_ins/vga_fifo_wrapper_ins/vga_fifo/U0/inst_fifo_gen/gconvfifo.rf/grf.rf/gntv_or_sync_fifo.gl0.wr/wpntr/gic0.gc0.count_reg[2]/C
                         clock pessimism              0.229    12.889    
                         clock uncertainty           -0.154    12.735    
    SLICE_X35Y50         FDCE (Recov_fdce_C_CLR)     -0.405    12.330    xillybus_ins/system_i/vivado_system_i/xillyvga_0/inst/xillyvga_core_ins/vga_fifo_wrapper_ins/vga_fifo/U0/inst_fifo_gen/gconvfifo.rf/grf.rf/gntv_or_sync_fifo.gl0.wr/wpntr/gic0.gc0.count_reg[2]
  -------------------------------------------------------------------
                         required time                         12.330    
                         arrival time                          -4.802    
  -------------------------------------------------------------------
                         slack                                  7.528    

Slack (MET) :             7.528ns  (required time - arrival time)
  Source:                 xillybus_ins/system_i/vivado_system_i/xillyvga_0/inst/xillyvga_core_ins/vga_fifo_wrapper_ins/vga_fifo/U0/inst_fifo_gen/gconvfifo.rf/grf.rf/rstblk/ngwrdrst.grst.g7serrst.gnsckt_wrst.gic_rst.sckt_wr_rst_ic_reg/C
                            (rising edge-triggered cell FDPE clocked by clk_fpga_1  {rise@0.000ns fall@5.000ns period=10.000ns})
  Destination:            xillybus_ins/system_i/vivado_system_i/xillyvga_0/inst/xillyvga_core_ins/vga_fifo_wrapper_ins/vga_fifo/U0/inst_fifo_gen/gconvfifo.rf/grf.rf/gntv_or_sync_fifo.gl0.wr/wpntr/gic0.gc0.count_reg[5]/CLR
                            (recovery check against rising-edge clock clk_fpga_1  {rise@0.000ns fall@5.000ns period=10.000ns})
  Path Group:             **async_default**
  Path Type:              Recovery (Max at Slow Process Corner)
  Requirement:            10.000ns  (clk_fpga_1 rise@10.000ns - clk_fpga_1 rise@0.000ns)
  Data Path Delay:        1.809ns  (logic 0.518ns (28.630%)  route 1.291ns (71.370%))
  Logic Levels:           0  
  Clock Path Skew:        -0.104ns (DCD - SCD + CPR)
    Destination Clock Delay (DCD):    2.660ns = ( 12.660 - 10.000 ) 
    Source Clock Delay      (SCD):    2.993ns
    Clock Pessimism Removal (CPR):    0.229ns
  Clock Uncertainty:      0.154ns  ((TSJ^2 + TIJ^2)^1/2 + DJ) / 2 + PE
    Total System Jitter     (TSJ):    0.071ns
    Total Input Jitter      (TIJ):    0.300ns
    Discrete Jitter          (DJ):    0.000ns
    Phase Error              (PE):    0.000ns

    Location             Delay type                Incr(ns)  Path(ns)    Netlist Resource(s)
  -------------------------------------------------------------------    -------------------
                         (clock clk_fpga_1 rise edge)
                                                      0.000     0.000 r  
    PS7_X0Y0             PS7                          0.000     0.000 r  xillybus_ins/system_i/vivado_system_i/processing_system7_0/inst/PS7_i/FCLKCLK[1]
                         net (fo=1, routed)           1.193     1.193    xillybus_ins/system_i/vivado_system_i/processing_system7_0/inst/FCLK_CLK_unbuffered[1]
    BUFGCTRL_X0Y16       BUFG (Prop_bufg_I_O)         0.101     1.294 r  xillybus_ins/system_i/vivado_system_i/processing_system7_0/inst/buffer_fclk_clk_1.FCLK_CLK_1_BUFG/O
                         net (fo=7320, routed)        1.699     2.993    xillybus_ins/system_i/vivado_system_i/xillyvga_0/inst/xillyvga_core_ins/vga_fifo_wrapper_ins/vga_fifo/U0/inst_fifo_gen/gconvfifo.rf/grf.rf/rstblk/wr_clk
    SLICE_X30Y55         FDPE                                         r  xillybus_ins/system_i/vivado_system_i/xillyvga_0/inst/xillyvga_core_ins/vga_fifo_wrapper_ins/vga_fifo/U0/inst_fifo_gen/gconvfifo.rf/grf.rf/rstblk/ngwrdrst.grst.g7serrst.gnsckt_wrst.gic_rst.sckt_wr_rst_ic_reg/C
  -------------------------------------------------------------------    -------------------
    SLICE_X30Y55         FDPE (Prop_fdpe_C_Q)         0.518     3.511 f  xillybus_ins/system_i/vivado_system_i/xillyvga_0/inst/xillyvga_core_ins/vga_fifo_wrapper_ins/vga_fifo/U0/inst_fifo_gen/gconvfifo.rf/grf.rf/rstblk/ngwrdrst.grst.g7serrst.gnsckt_wrst.gic_rst.sckt_wr_rst_ic_reg/Q
                         net (fo=35, routed)          1.291     4.802    xillybus_ins/system_i/vivado_system_i/xillyvga_0/inst/xillyvga_core_ins/vga_fifo_wrapper_ins/vga_fifo/U0/inst_fifo_gen/gconvfifo.rf/grf.rf/gntv_or_sync_fifo.gl0.wr/wpntr/AR[0]
    SLICE_X35Y50         FDCE                                         f  xillybus_ins/system_i/vivado_system_i/xillyvga_0/inst/xillyvga_core_ins/vga_fifo_wrapper_ins/vga_fifo/U0/inst_fifo_gen/gconvfifo.rf/grf.rf/gntv_or_sync_fifo.gl0.wr/wpntr/gic0.gc0.count_reg[5]/CLR
  -------------------------------------------------------------------    -------------------

                         (clock clk_fpga_1 rise edge)
                                                     10.000    10.000 r  
    PS7_X0Y0             PS7                          0.000    10.000 r  xillybus_ins/system_i/vivado_system_i/processing_system7_0/inst/PS7_i/FCLKCLK[1]
                         net (fo=1, routed)           1.088    11.088    xillybus_ins/system_i/vivado_system_i/processing_system7_0/inst/FCLK_CLK_unbuffered[1]
    BUFGCTRL_X0Y16       BUFG (Prop_bufg_I_O)         0.091    11.179 r  xillybus_ins/system_i/vivado_system_i/processing_system7_0/inst/buffer_fclk_clk_1.FCLK_CLK_1_BUFG/O
                         net (fo=7320, routed)        1.481    12.660    xillybus_ins/system_i/vivado_system_i/xillyvga_0/inst/xillyvga_core_ins/vga_fifo_wrapper_ins/vga_fifo/U0/inst_fifo_gen/gconvfifo.rf/grf.rf/gntv_or_sync_fifo.gl0.wr/wpntr/wr_clk
    SLICE_X35Y50         FDCE                                         r  xillybus_ins/system_i/vivado_system_i/xillyvga_0/inst/xillyvga_core_ins/vga_fifo_wrapper_ins/vga_fifo/U0/inst_fifo_gen/gconvfifo.rf/grf.rf/gntv_or_sync_fifo.gl0.wr/wpntr/gic0.gc0.count_reg[5]/C
                         clock pessimism              0.229    12.889    
                         clock uncertainty           -0.154    12.735    
    SLICE_X35Y50         FDCE (Recov_fdce_C_CLR)     -0.405    12.330    xillybus_ins/system_i/vivado_system_i/xillyvga_0/inst/xillyvga_core_ins/vga_fifo_wrapper_ins/vga_fifo/U0/inst_fifo_gen/gconvfifo.rf/grf.rf/gntv_or_sync_fifo.gl0.wr/wpntr/gic0.gc0.count_reg[5]
  -------------------------------------------------------------------
                         required time                         12.330    
                         arrival time                          -4.802    
  -------------------------------------------------------------------
                         slack                                  7.528    

Slack (MET) :             7.574ns  (required time - arrival time)
  Source:                 xillybus_ins/system_i/vivado_system_i/xillyvga_0/inst/xillyvga_core_ins/vga_fifo_wrapper_ins/vga_fifo/U0/inst_fifo_gen/gconvfifo.rf/grf.rf/rstblk/ngwrdrst.grst.g7serrst.gnsckt_wrst.gic_rst.sckt_wr_rst_ic_reg/C
                            (rising edge-triggered cell FDPE clocked by clk_fpga_1  {rise@0.000ns fall@5.000ns period=10.000ns})
  Destination:            xillybus_ins/system_i/vivado_system_i/xillyvga_0/inst/xillyvga_core_ins/vga_fifo_wrapper_ins/vga_fifo/U0/inst_fifo_gen/gconvfifo.rf/grf.rf/gntv_or_sync_fifo.gl0.wr/wpntr/gic0.gc0.count_d1_reg[0]/PRE
                            (recovery check against rising-edge clock clk_fpga_1  {rise@0.000ns fall@5.000ns period=10.000ns})
  Path Group:             **async_default**
  Path Type:              Recovery (Max at Slow Process Corner)
  Requirement:            10.000ns  (clk_fpga_1 rise@10.000ns - clk_fpga_1 rise@0.000ns)
  Data Path Delay:        1.809ns  (logic 0.518ns (28.630%)  route 1.291ns (71.370%))
  Logic Levels:           0  
  Clock Path Skew:        -0.104ns (DCD - SCD + CPR)
    Destination Clock Delay (DCD):    2.660ns = ( 12.660 - 10.000 ) 
    Source Clock Delay      (SCD):    2.993ns
    Clock Pessimism Removal (CPR):    0.229ns
  Clock Uncertainty:      0.154ns  ((TSJ^2 + TIJ^2)^1/2 + DJ) / 2 + PE
    Total System Jitter     (TSJ):    0.071ns
    Total Input Jitter      (TIJ):    0.300ns
    Discrete Jitter          (DJ):    0.000ns
    Phase Error              (PE):    0.000ns

    Location             Delay type                Incr(ns)  Path(ns)    Netlist Resource(s)
  -------------------------------------------------------------------    -------------------
                         (clock clk_fpga_1 rise edge)
                                                      0.000     0.000 r  
    PS7_X0Y0             PS7                          0.000     0.000 r  xillybus_ins/system_i/vivado_system_i/processing_system7_0/inst/PS7_i/FCLKCLK[1]
                         net (fo=1, routed)           1.193     1.193    xillybus_ins/system_i/vivado_system_i/processing_system7_0/inst/FCLK_CLK_unbuffered[1]
    BUFGCTRL_X0Y16       BUFG (Prop_bufg_I_O)         0.101     1.294 r  xillybus_ins/system_i/vivado_system_i/processing_system7_0/inst/buffer_fclk_clk_1.FCLK_CLK_1_BUFG/O
                         net (fo=7320, routed)        1.699     2.993    xillybus_ins/system_i/vivado_system_i/xillyvga_0/inst/xillyvga_core_ins/vga_fifo_wrapper_ins/vga_fifo/U0/inst_fifo_gen/gconvfifo.rf/grf.rf/rstblk/wr_clk
    SLICE_X30Y55         FDPE                                         r  xillybus_ins/system_i/vivado_system_i/xillyvga_0/inst/xillyvga_core_ins/vga_fifo_wrapper_ins/vga_fifo/U0/inst_fifo_gen/gconvfifo.rf/grf.rf/rstblk/ngwrdrst.grst.g7serrst.gnsckt_wrst.gic_rst.sckt_wr_rst_ic_reg/C
  -------------------------------------------------------------------    -------------------
    SLICE_X30Y55         FDPE (Prop_fdpe_C_Q)         0.518     3.511 f  xillybus_ins/system_i/vivado_system_i/xillyvga_0/inst/xillyvga_core_ins/vga_fifo_wrapper_ins/vga_fifo/U0/inst_fifo_gen/gconvfifo.rf/grf.rf/rstblk/ngwrdrst.grst.g7serrst.gnsckt_wrst.gic_rst.sckt_wr_rst_ic_reg/Q
                         net (fo=35, routed)          1.291     4.802    xillybus_ins/system_i/vivado_system_i/xillyvga_0/inst/xillyvga_core_ins/vga_fifo_wrapper_ins/vga_fifo/U0/inst_fifo_gen/gconvfifo.rf/grf.rf/gntv_or_sync_fifo.gl0.wr/wpntr/AR[0]
    SLICE_X35Y50         FDPE                                         f  xillybus_ins/system_i/vivado_system_i/xillyvga_0/inst/xillyvga_core_ins/vga_fifo_wrapper_ins/vga_fifo/U0/inst_fifo_gen/gconvfifo.rf/grf.rf/gntv_or_sync_fifo.gl0.wr/wpntr/gic0.gc0.count_d1_reg[0]/PRE
  -------------------------------------------------------------------    -------------------

                         (clock clk_fpga_1 rise edge)
                                                     10.000    10.000 r  
    PS7_X0Y0             PS7                          0.000    10.000 r  xillybus_ins/system_i/vivado_system_i/processing_system7_0/inst/PS7_i/FCLKCLK[1]
                         net (fo=1, routed)           1.088    11.088    xillybus_ins/system_i/vivado_system_i/processing_system7_0/inst/FCLK_CLK_unbuffered[1]
    BUFGCTRL_X0Y16       BUFG (Prop_bufg_I_O)         0.091    11.179 r  xillybus_ins/system_i/vivado_system_i/processing_system7_0/inst/buffer_fclk_clk_1.FCLK_CLK_1_BUFG/O
                         net (fo=7320, routed)        1.481    12.660    xillybus_ins/system_i/vivado_system_i/xillyvga_0/inst/xillyvga_core_ins/vga_fifo_wrapper_ins/vga_fifo/U0/inst_fifo_gen/gconvfifo.rf/grf.rf/gntv_or_sync_fifo.gl0.wr/wpntr/wr_clk
    SLICE_X35Y50         FDPE                                         r  xillybus_ins/system_i/vivado_system_i/xillyvga_0/inst/xillyvga_core_ins/vga_fifo_wrapper_ins/vga_fifo/U0/inst_fifo_gen/gconvfifo.rf/grf.rf/gntv_or_sync_fifo.gl0.wr/wpntr/gic0.gc0.count_d1_reg[0]/C
                         clock pessimism              0.229    12.889    
                         clock uncertainty           -0.154    12.735    
    SLICE_X35Y50         FDPE (Recov_fdpe_C_PRE)     -0.359    12.376    xillybus_ins/system_i/vivado_system_i/xillyvga_0/inst/xillyvga_core_ins/vga_fifo_wrapper_ins/vga_fifo/U0/inst_fifo_gen/gconvfifo.rf/grf.rf/gntv_or_sync_fifo.gl0.wr/wpntr/gic0.gc0.count_d1_reg[0]
  -------------------------------------------------------------------
                         required time                         12.376    
                         arrival time                          -4.802    
  -------------------------------------------------------------------
                         slack                                  7.574    

Slack (MET) :             7.574ns  (required time - arrival time)
  Source:                 xillybus_ins/system_i/vivado_system_i/xillyvga_0/inst/xillyvga_core_ins/vga_fifo_wrapper_ins/vga_fifo/U0/inst_fifo_gen/gconvfifo.rf/grf.rf/rstblk/ngwrdrst.grst.g7serrst.gnsckt_wrst.gic_rst.sckt_wr_rst_ic_reg/C
                            (rising edge-triggered cell FDPE clocked by clk_fpga_1  {rise@0.000ns fall@5.000ns period=10.000ns})
  Destination:            xillybus_ins/system_i/vivado_system_i/xillyvga_0/inst/xillyvga_core_ins/vga_fifo_wrapper_ins/vga_fifo/U0/inst_fifo_gen/gconvfifo.rf/grf.rf/gntv_or_sync_fifo.gl0.wr/wpntr/gic0.gc0.count_reg[1]/PRE
                            (recovery check against rising-edge clock clk_fpga_1  {rise@0.000ns fall@5.000ns period=10.000ns})
  Path Group:             **async_default**
  Path Type:              Recovery (Max at Slow Process Corner)
  Requirement:            10.000ns  (clk_fpga_1 rise@10.000ns - clk_fpga_1 rise@0.000ns)
  Data Path Delay:        1.809ns  (logic 0.518ns (28.630%)  route 1.291ns (71.370%))
  Logic Levels:           0  
  Clock Path Skew:        -0.104ns (DCD - SCD + CPR)
    Destination Clock Delay (DCD):    2.660ns = ( 12.660 - 10.000 ) 
    Source Clock Delay      (SCD):    2.993ns
    Clock Pessimism Removal (CPR):    0.229ns
  Clock Uncertainty:      0.154ns  ((TSJ^2 + TIJ^2)^1/2 + DJ) / 2 + PE
    Total System Jitter     (TSJ):    0.071ns
    Total Input Jitter      (TIJ):    0.300ns
    Discrete Jitter          (DJ):    0.000ns
    Phase Error              (PE):    0.000ns

    Location             Delay type                Incr(ns)  Path(ns)    Netlist Resource(s)
  -------------------------------------------------------------------    -------------------
                         (clock clk_fpga_1 rise edge)
                                                      0.000     0.000 r  
    PS7_X0Y0             PS7                          0.000     0.000 r  xillybus_ins/system_i/vivado_system_i/processing_system7_0/inst/PS7_i/FCLKCLK[1]
                         net (fo=1, routed)           1.193     1.193    xillybus_ins/system_i/vivado_system_i/processing_system7_0/inst/FCLK_CLK_unbuffered[1]
    BUFGCTRL_X0Y16       BUFG (Prop_bufg_I_O)         0.101     1.294 r  xillybus_ins/system_i/vivado_system_i/processing_system7_0/inst/buffer_fclk_clk_1.FCLK_CLK_1_BUFG/O
                         net (fo=7320, routed)        1.699     2.993    xillybus_ins/system_i/vivado_system_i/xillyvga_0/inst/xillyvga_core_ins/vga_fifo_wrapper_ins/vga_fifo/U0/inst_fifo_gen/gconvfifo.rf/grf.rf/rstblk/wr_clk
    SLICE_X30Y55         FDPE                                         r  xillybus_ins/system_i/vivado_system_i/xillyvga_0/inst/xillyvga_core_ins/vga_fifo_wrapper_ins/vga_fifo/U0/inst_fifo_gen/gconvfifo.rf/grf.rf/rstblk/ngwrdrst.grst.g7serrst.gnsckt_wrst.gic_rst.sckt_wr_rst_ic_reg/C
  -------------------------------------------------------------------    -------------------
    SLICE_X30Y55         FDPE (Prop_fdpe_C_Q)         0.518     3.511 f  xillybus_ins/system_i/vivado_system_i/xillyvga_0/inst/xillyvga_core_ins/vga_fifo_wrapper_ins/vga_fifo/U0/inst_fifo_gen/gconvfifo.rf/grf.rf/rstblk/ngwrdrst.grst.g7serrst.gnsckt_wrst.gic_rst.sckt_wr_rst_ic_reg/Q
                         net (fo=35, routed)          1.291     4.802    xillybus_ins/system_i/vivado_system_i/xillyvga_0/inst/xillyvga_core_ins/vga_fifo_wrapper_ins/vga_fifo/U0/inst_fifo_gen/gconvfifo.rf/grf.rf/gntv_or_sync_fifo.gl0.wr/wpntr/AR[0]
    SLICE_X35Y50         FDPE                                         f  xillybus_ins/system_i/vivado_system_i/xillyvga_0/inst/xillyvga_core_ins/vga_fifo_wrapper_ins/vga_fifo/U0/inst_fifo_gen/gconvfifo.rf/grf.rf/gntv_or_sync_fifo.gl0.wr/wpntr/gic0.gc0.count_reg[1]/PRE
  -------------------------------------------------------------------    -------------------

                         (clock clk_fpga_1 rise edge)
                                                     10.000    10.000 r  
    PS7_X0Y0             PS7                          0.000    10.000 r  xillybus_ins/system_i/vivado_system_i/processing_system7_0/inst/PS7_i/FCLKCLK[1]
                         net (fo=1, routed)           1.088    11.088    xillybus_ins/system_i/vivado_system_i/processing_system7_0/inst/FCLK_CLK_unbuffered[1]
    BUFGCTRL_X0Y16       BUFG (Prop_bufg_I_O)         0.091    11.179 r  xillybus_ins/system_i/vivado_system_i/processing_system7_0/inst/buffer_fclk_clk_1.FCLK_CLK_1_BUFG/O
                         net (fo=7320, routed)        1.481    12.660    xillybus_ins/system_i/vivado_system_i/xillyvga_0/inst/xillyvga_core_ins/vga_fifo_wrapper_ins/vga_fifo/U0/inst_fifo_gen/gconvfifo.rf/grf.rf/gntv_or_sync_fifo.gl0.wr/wpntr/wr_clk
    SLICE_X35Y50         FDPE                                         r  xillybus_ins/system_i/vivado_system_i/xillyvga_0/inst/xillyvga_core_ins/vga_fifo_wrapper_ins/vga_fifo/U0/inst_fifo_gen/gconvfifo.rf/grf.rf/gntv_or_sync_fifo.gl0.wr/wpntr/gic0.gc0.count_reg[1]/C
                         clock pessimism              0.229    12.889    
                         clock uncertainty           -0.154    12.735    
    SLICE_X35Y50         FDPE (Recov_fdpe_C_PRE)     -0.359    12.376    xillybus_ins/system_i/vivado_system_i/xillyvga_0/inst/xillyvga_core_ins/vga_fifo_wrapper_ins/vga_fifo/U0/inst_fifo_gen/gconvfifo.rf/grf.rf/gntv_or_sync_fifo.gl0.wr/wpntr/gic0.gc0.count_reg[1]
  -------------------------------------------------------------------
                         required time                         12.376    
                         arrival time                          -4.802    
  -------------------------------------------------------------------
                         slack                                  7.574    

Slack (MET) :             7.652ns  (required time - arrival time)
  Source:                 xillybus_ins/system_i/vivado_system_i/xillyvga_0/inst/xillyvga_core_ins/vga_fifo_wrapper_ins/vga_fifo/U0/inst_fifo_gen/gconvfifo.rf/grf.rf/rstblk/ngwrdrst.grst.g7serrst.gnsckt_wrst.gic_rst.sckt_wr_rst_ic_reg/C
                            (rising edge-triggered cell FDPE clocked by clk_fpga_1  {rise@0.000ns fall@5.000ns period=10.000ns})
  Destination:            xillybus_ins/system_i/vivado_system_i/xillyvga_0/inst/xillyvga_core_ins/vga_fifo_wrapper_ins/vga_fifo/U0/inst_fifo_gen/gconvfifo.rf/grf.rf/gntv_or_sync_fifo.gl0.wr/wpntr/gic0.gc0.count_d1_reg[2]/CLR
                            (recovery check against rising-edge clock clk_fpga_1  {rise@0.000ns fall@5.000ns period=10.000ns})
  Path Group:             **async_default**
  Path Type:              Recovery (Max at Slow Process Corner)
  Requirement:            10.000ns  (clk_fpga_1 rise@10.000ns - clk_fpga_1 rise@0.000ns)
  Data Path Delay:        1.684ns  (logic 0.518ns (30.751%)  route 1.166ns (69.249%))
  Logic Levels:           0  
  Clock Path Skew:        -0.104ns (DCD - SCD + CPR)
    Destination Clock Delay (DCD):    2.660ns = ( 12.660 - 10.000 ) 
    Source Clock Delay      (SCD):    2.993ns
    Clock Pessimism Removal (CPR):    0.229ns
  Clock Uncertainty:      0.154ns  ((TSJ^2 + TIJ^2)^1/2 + DJ) / 2 + PE
    Total System Jitter     (TSJ):    0.071ns
    Total Input Jitter      (TIJ):    0.300ns
    Discrete Jitter          (DJ):    0.000ns
    Phase Error              (PE):    0.000ns

    Location             Delay type                Incr(ns)  Path(ns)    Netlist Resource(s)
  -------------------------------------------------------------------    -------------------
                         (clock clk_fpga_1 rise edge)
                                                      0.000     0.000 r  
    PS7_X0Y0             PS7                          0.000     0.000 r  xillybus_ins/system_i/vivado_system_i/processing_system7_0/inst/PS7_i/FCLKCLK[1]
                         net (fo=1, routed)           1.193     1.193    xillybus_ins/system_i/vivado_system_i/processing_system7_0/inst/FCLK_CLK_unbuffered[1]
    BUFGCTRL_X0Y16       BUFG (Prop_bufg_I_O)         0.101     1.294 r  xillybus_ins/system_i/vivado_system_i/processing_system7_0/inst/buffer_fclk_clk_1.FCLK_CLK_1_BUFG/O
                         net (fo=7320, routed)        1.699     2.993    xillybus_ins/system_i/vivado_system_i/xillyvga_0/inst/xillyvga_core_ins/vga_fifo_wrapper_ins/vga_fifo/U0/inst_fifo_gen/gconvfifo.rf/grf.rf/rstblk/wr_clk
    SLICE_X30Y55         FDPE                                         r  xillybus_ins/system_i/vivado_system_i/xillyvga_0/inst/xillyvga_core_ins/vga_fifo_wrapper_ins/vga_fifo/U0/inst_fifo_gen/gconvfifo.rf/grf.rf/rstblk/ngwrdrst.grst.g7serrst.gnsckt_wrst.gic_rst.sckt_wr_rst_ic_reg/C
  -------------------------------------------------------------------    -------------------
    SLICE_X30Y55         FDPE (Prop_fdpe_C_Q)         0.518     3.511 f  xillybus_ins/system_i/vivado_system_i/xillyvga_0/inst/xillyvga_core_ins/vga_fifo_wrapper_ins/vga_fifo/U0/inst_fifo_gen/gconvfifo.rf/grf.rf/rstblk/ngwrdrst.grst.g7serrst.gnsckt_wrst.gic_rst.sckt_wr_rst_ic_reg/Q
                         net (fo=35, routed)          1.166     4.677    xillybus_ins/system_i/vivado_system_i/xillyvga_0/inst/xillyvga_core_ins/vga_fifo_wrapper_ins/vga_fifo/U0/inst_fifo_gen/gconvfifo.rf/grf.rf/gntv_or_sync_fifo.gl0.wr/wpntr/AR[0]
    SLICE_X35Y51         FDCE                                         f  xillybus_ins/system_i/vivado_system_i/xillyvga_0/inst/xillyvga_core_ins/vga_fifo_wrapper_ins/vga_fifo/U0/inst_fifo_gen/gconvfifo.rf/grf.rf/gntv_or_sync_fifo.gl0.wr/wpntr/gic0.gc0.count_d1_reg[2]/CLR
  -------------------------------------------------------------------    -------------------

                         (clock clk_fpga_1 rise edge)
                                                     10.000    10.000 r  
    PS7_X0Y0             PS7                          0.000    10.000 r  xillybus_ins/system_i/vivado_system_i/processing_system7_0/inst/PS7_i/FCLKCLK[1]
                         net (fo=1, routed)           1.088    11.088    xillybus_ins/system_i/vivado_system_i/processing_system7_0/inst/FCLK_CLK_unbuffered[1]
    BUFGCTRL_X0Y16       BUFG (Prop_bufg_I_O)         0.091    11.179 r  xillybus_ins/system_i/vivado_system_i/processing_system7_0/inst/buffer_fclk_clk_1.FCLK_CLK_1_BUFG/O
                         net (fo=7320, routed)        1.481    12.660    xillybus_ins/system_i/vivado_system_i/xillyvga_0/inst/xillyvga_core_ins/vga_fifo_wrapper_ins/vga_fifo/U0/inst_fifo_gen/gconvfifo.rf/grf.rf/gntv_or_sync_fifo.gl0.wr/wpntr/wr_clk
    SLICE_X35Y51         FDCE                                         r  xillybus_ins/system_i/vivado_system_i/xillyvga_0/inst/xillyvga_core_ins/vga_fifo_wrapper_ins/vga_fifo/U0/inst_fifo_gen/gconvfifo.rf/grf.rf/gntv_or_sync_fifo.gl0.wr/wpntr/gic0.gc0.count_d1_reg[2]/C
                         clock pessimism              0.229    12.889    
                         clock uncertainty           -0.154    12.735    
    SLICE_X35Y51         FDCE (Recov_fdce_C_CLR)     -0.405    12.330    xillybus_ins/system_i/vivado_system_i/xillyvga_0/inst/xillyvga_core_ins/vga_fifo_wrapper_ins/vga_fifo/U0/inst_fifo_gen/gconvfifo.rf/grf.rf/gntv_or_sync_fifo.gl0.wr/wpntr/gic0.gc0.count_d1_reg[2]
  -------------------------------------------------------------------
                         required time                         12.330    
                         arrival time                          -4.677    
  -------------------------------------------------------------------
                         slack                                  7.652    

Slack (MET) :             7.652ns  (required time - arrival time)
  Source:                 xillybus_ins/system_i/vivado_system_i/xillyvga_0/inst/xillyvga_core_ins/vga_fifo_wrapper_ins/vga_fifo/U0/inst_fifo_gen/gconvfifo.rf/grf.rf/rstblk/ngwrdrst.grst.g7serrst.gnsckt_wrst.gic_rst.sckt_wr_rst_ic_reg/C
                            (rising edge-triggered cell FDPE clocked by clk_fpga_1  {rise@0.000ns fall@5.000ns period=10.000ns})
  Destination:            xillybus_ins/system_i/vivado_system_i/xillyvga_0/inst/xillyvga_core_ins/vga_fifo_wrapper_ins/vga_fifo/U0/inst_fifo_gen/gconvfifo.rf/grf.rf/gntv_or_sync_fifo.gl0.wr/wpntr/gic0.gc0.count_d1_reg[3]/CLR
                            (recovery check against rising-edge clock clk_fpga_1  {rise@0.000ns fall@5.000ns period=10.000ns})
  Path Group:             **async_default**
  Path Type:              Recovery (Max at Slow Process Corner)
  Requirement:            10.000ns  (clk_fpga_1 rise@10.000ns - clk_fpga_1 rise@0.000ns)
  Data Path Delay:        1.684ns  (logic 0.518ns (30.751%)  route 1.166ns (69.249%))
  Logic Levels:           0  
  Clock Path Skew:        -0.104ns (DCD - SCD + CPR)
    Destination Clock Delay (DCD):    2.660ns = ( 12.660 - 10.000 ) 
    Source Clock Delay      (SCD):    2.993ns
    Clock Pessimism Removal (CPR):    0.229ns
  Clock Uncertainty:      0.154ns  ((TSJ^2 + TIJ^2)^1/2 + DJ) / 2 + PE
    Total System Jitter     (TSJ):    0.071ns
    Total Input Jitter      (TIJ):    0.300ns
    Discrete Jitter          (DJ):    0.000ns
    Phase Error              (PE):    0.000ns

    Location             Delay type                Incr(ns)  Path(ns)    Netlist Resource(s)
  -------------------------------------------------------------------    -------------------
                         (clock clk_fpga_1 rise edge)
                                                      0.000     0.000 r  
    PS7_X0Y0             PS7                          0.000     0.000 r  xillybus_ins/system_i/vivado_system_i/processing_system7_0/inst/PS7_i/FCLKCLK[1]
                         net (fo=1, routed)           1.193     1.193    xillybus_ins/system_i/vivado_system_i/processing_system7_0/inst/FCLK_CLK_unbuffered[1]
    BUFGCTRL_X0Y16       BUFG (Prop_bufg_I_O)         0.101     1.294 r  xillybus_ins/system_i/vivado_system_i/processing_system7_0/inst/buffer_fclk_clk_1.FCLK_CLK_1_BUFG/O
                         net (fo=7320, routed)        1.699     2.993    xillybus_ins/system_i/vivado_system_i/xillyvga_0/inst/xillyvga_core_ins/vga_fifo_wrapper_ins/vga_fifo/U0/inst_fifo_gen/gconvfifo.rf/grf.rf/rstblk/wr_clk
    SLICE_X30Y55         FDPE                                         r  xillybus_ins/system_i/vivado_system_i/xillyvga_0/inst/xillyvga_core_ins/vga_fifo_wrapper_ins/vga_fifo/U0/inst_fifo_gen/gconvfifo.rf/grf.rf/rstblk/ngwrdrst.grst.g7serrst.gnsckt_wrst.gic_rst.sckt_wr_rst_ic_reg/C
  -------------------------------------------------------------------    -------------------
    SLICE_X30Y55         FDPE (Prop_fdpe_C_Q)         0.518     3.511 f  xillybus_ins/system_i/vivado_system_i/xillyvga_0/inst/xillyvga_core_ins/vga_fifo_wrapper_ins/vga_fifo/U0/inst_fifo_gen/gconvfifo.rf/grf.rf/rstblk/ngwrdrst.grst.g7serrst.gnsckt_wrst.gic_rst.sckt_wr_rst_ic_reg/Q
                         net (fo=35, routed)          1.166     4.677    xillybus_ins/system_i/vivado_system_i/xillyvga_0/inst/xillyvga_core_ins/vga_fifo_wrapper_ins/vga_fifo/U0/inst_fifo_gen/gconvfifo.rf/grf.rf/gntv_or_sync_fifo.gl0.wr/wpntr/AR[0]
    SLICE_X35Y51         FDCE                                         f  xillybus_ins/system_i/vivado_system_i/xillyvga_0/inst/xillyvga_core_ins/vga_fifo_wrapper_ins/vga_fifo/U0/inst_fifo_gen/gconvfifo.rf/grf.rf/gntv_or_sync_fifo.gl0.wr/wpntr/gic0.gc0.count_d1_reg[3]/CLR
  -------------------------------------------------------------------    -------------------

                         (clock clk_fpga_1 rise edge)
                                                     10.000    10.000 r  
    PS7_X0Y0             PS7                          0.000    10.000 r  xillybus_ins/system_i/vivado_system_i/processing_system7_0/inst/PS7_i/FCLKCLK[1]
                         net (fo=1, routed)           1.088    11.088    xillybus_ins/system_i/vivado_system_i/processing_system7_0/inst/FCLK_CLK_unbuffered[1]
    BUFGCTRL_X0Y16       BUFG (Prop_bufg_I_O)         0.091    11.179 r  xillybus_ins/system_i/vivado_system_i/processing_system7_0/inst/buffer_fclk_clk_1.FCLK_CLK_1_BUFG/O
                         net (fo=7320, routed)        1.481    12.660    xillybus_ins/system_i/vivado_system_i/xillyvga_0/inst/xillyvga_core_ins/vga_fifo_wrapper_ins/vga_fifo/U0/inst_fifo_gen/gconvfifo.rf/grf.rf/gntv_or_sync_fifo.gl0.wr/wpntr/wr_clk
    SLICE_X35Y51         FDCE                                         r  xillybus_ins/system_i/vivado_system_i/xillyvga_0/inst/xillyvga_core_ins/vga_fifo_wrapper_ins/vga_fifo/U0/inst_fifo_gen/gconvfifo.rf/grf.rf/gntv_or_sync_fifo.gl0.wr/wpntr/gic0.gc0.count_d1_reg[3]/C
                         clock pessimism              0.229    12.889    
                         clock uncertainty           -0.154    12.735    
    SLICE_X35Y51         FDCE (Recov_fdce_C_CLR)     -0.405    12.330    xillybus_ins/system_i/vivado_system_i/xillyvga_0/inst/xillyvga_core_ins/vga_fifo_wrapper_ins/vga_fifo/U0/inst_fifo_gen/gconvfifo.rf/grf.rf/gntv_or_sync_fifo.gl0.wr/wpntr/gic0.gc0.count_d1_reg[3]
  -------------------------------------------------------------------
                         required time                         12.330    
                         arrival time                          -4.677    
  -------------------------------------------------------------------
                         slack                                  7.652    

Slack (MET) :             7.652ns  (required time - arrival time)
  Source:                 xillybus_ins/system_i/vivado_system_i/xillyvga_0/inst/xillyvga_core_ins/vga_fifo_wrapper_ins/vga_fifo/U0/inst_fifo_gen/gconvfifo.rf/grf.rf/rstblk/ngwrdrst.grst.g7serrst.gnsckt_wrst.gic_rst.sckt_wr_rst_ic_reg/C
                            (rising edge-triggered cell FDPE clocked by clk_fpga_1  {rise@0.000ns fall@5.000ns period=10.000ns})
  Destination:            xillybus_ins/system_i/vivado_system_i/xillyvga_0/inst/xillyvga_core_ins/vga_fifo_wrapper_ins/vga_fifo/U0/inst_fifo_gen/gconvfifo.rf/grf.rf/gntv_or_sync_fifo.gl0.wr/wpntr/gic0.gc0.count_d1_reg[4]/CLR
                            (recovery check against rising-edge clock clk_fpga_1  {rise@0.000ns fall@5.000ns period=10.000ns})
  Path Group:             **async_default**
  Path Type:              Recovery (Max at Slow Process Corner)
  Requirement:            10.000ns  (clk_fpga_1 rise@10.000ns - clk_fpga_1 rise@0.000ns)
  Data Path Delay:        1.684ns  (logic 0.518ns (30.751%)  route 1.166ns (69.249%))
  Logic Levels:           0  
  Clock Path Skew:        -0.104ns (DCD - SCD + CPR)
    Destination Clock Delay (DCD):    2.660ns = ( 12.660 - 10.000 ) 
    Source Clock Delay      (SCD):    2.993ns
    Clock Pessimism Removal (CPR):    0.229ns
  Clock Uncertainty:      0.154ns  ((TSJ^2 + TIJ^2)^1/2 + DJ) / 2 + PE
    Total System Jitter     (TSJ):    0.071ns
    Total Input Jitter      (TIJ):    0.300ns
    Discrete Jitter          (DJ):    0.000ns
    Phase Error              (PE):    0.000ns

    Location             Delay type                Incr(ns)  Path(ns)    Netlist Resource(s)
  -------------------------------------------------------------------    -------------------
                         (clock clk_fpga_1 rise edge)
                                                      0.000     0.000 r  
    PS7_X0Y0             PS7                          0.000     0.000 r  xillybus_ins/system_i/vivado_system_i/processing_system7_0/inst/PS7_i/FCLKCLK[1]
                         net (fo=1, routed)           1.193     1.193    xillybus_ins/system_i/vivado_system_i/processing_system7_0/inst/FCLK_CLK_unbuffered[1]
    BUFGCTRL_X0Y16       BUFG (Prop_bufg_I_O)         0.101     1.294 r  xillybus_ins/system_i/vivado_system_i/processing_system7_0/inst/buffer_fclk_clk_1.FCLK_CLK_1_BUFG/O
                         net (fo=7320, routed)        1.699     2.993    xillybus_ins/system_i/vivado_system_i/xillyvga_0/inst/xillyvga_core_ins/vga_fifo_wrapper_ins/vga_fifo/U0/inst_fifo_gen/gconvfifo.rf/grf.rf/rstblk/wr_clk
    SLICE_X30Y55         FDPE                                         r  xillybus_ins/system_i/vivado_system_i/xillyvga_0/inst/xillyvga_core_ins/vga_fifo_wrapper_ins/vga_fifo/U0/inst_fifo_gen/gconvfifo.rf/grf.rf/rstblk/ngwrdrst.grst.g7serrst.gnsckt_wrst.gic_rst.sckt_wr_rst_ic_reg/C
  -------------------------------------------------------------------    -------------------
    SLICE_X30Y55         FDPE (Prop_fdpe_C_Q)         0.518     3.511 f  xillybus_ins/system_i/vivado_system_i/xillyvga_0/inst/xillyvga_core_ins/vga_fifo_wrapper_ins/vga_fifo/U0/inst_fifo_gen/gconvfifo.rf/grf.rf/rstblk/ngwrdrst.grst.g7serrst.gnsckt_wrst.gic_rst.sckt_wr_rst_ic_reg/Q
                         net (fo=35, routed)          1.166     4.677    xillybus_ins/system_i/vivado_system_i/xillyvga_0/inst/xillyvga_core_ins/vga_fifo_wrapper_ins/vga_fifo/U0/inst_fifo_gen/gconvfifo.rf/grf.rf/gntv_or_sync_fifo.gl0.wr/wpntr/AR[0]
    SLICE_X35Y51         FDCE                                         f  xillybus_ins/system_i/vivado_system_i/xillyvga_0/inst/xillyvga_core_ins/vga_fifo_wrapper_ins/vga_fifo/U0/inst_fifo_gen/gconvfifo.rf/grf.rf/gntv_or_sync_fifo.gl0.wr/wpntr/gic0.gc0.count_d1_reg[4]/CLR
  -------------------------------------------------------------------    -------------------

                         (clock clk_fpga_1 rise edge)
                                                     10.000    10.000 r  
    PS7_X0Y0             PS7                          0.000    10.000 r  xillybus_ins/system_i/vivado_system_i/processing_system7_0/inst/PS7_i/FCLKCLK[1]
                         net (fo=1, routed)           1.088    11.088    xillybus_ins/system_i/vivado_system_i/processing_system7_0/inst/FCLK_CLK_unbuffered[1]
    BUFGCTRL_X0Y16       BUFG (Prop_bufg_I_O)         0.091    11.179 r  xillybus_ins/system_i/vivado_system_i/processing_system7_0/inst/buffer_fclk_clk_1.FCLK_CLK_1_BUFG/O
                         net (fo=7320, routed)        1.481    12.660    xillybus_ins/system_i/vivado_system_i/xillyvga_0/inst/xillyvga_core_ins/vga_fifo_wrapper_ins/vga_fifo/U0/inst_fifo_gen/gconvfifo.rf/grf.rf/gntv_or_sync_fifo.gl0.wr/wpntr/wr_clk
    SLICE_X35Y51         FDCE                                         r  xillybus_ins/system_i/vivado_system_i/xillyvga_0/inst/xillyvga_core_ins/vga_fifo_wrapper_ins/vga_fifo/U0/inst_fifo_gen/gconvfifo.rf/grf.rf/gntv_or_sync_fifo.gl0.wr/wpntr/gic0.gc0.count_d1_reg[4]/C
                         clock pessimism              0.229    12.889    
                         clock uncertainty           -0.154    12.735    
    SLICE_X35Y51         FDCE (Recov_fdce_C_CLR)     -0.405    12.330    xillybus_ins/system_i/vivado_system_i/xillyvga_0/inst/xillyvga_core_ins/vga_fifo_wrapper_ins/vga_fifo/U0/inst_fifo_gen/gconvfifo.rf/grf.rf/gntv_or_sync_fifo.gl0.wr/wpntr/gic0.gc0.count_d1_reg[4]
  -------------------------------------------------------------------
                         required time                         12.330    
                         arrival time                          -4.677    
  -------------------------------------------------------------------
                         slack                                  7.652    





Min Delay Paths
--------------------------------------------------------------------------------------
Slack (MET) :             0.419ns  (arrival time - required time)
  Source:                 xillybus_ins/system_i/vivado_system_i/xillyvga_0/inst/xillyvga_core_ins/vga_fifo_wrapper_ins/vga_fifo/U0/inst_fifo_gen/gconvfifo.rf/grf.rf/rstblk/ngwrdrst.grst.g7serrst.gnsckt_wrst.rst_wr_reg2_inst/arststages_ff_reg[1]/C
                            (rising edge-triggered cell FDPE clocked by clk_fpga_1  {rise@0.000ns fall@5.000ns period=10.000ns})
  Destination:            xillybus_ins/system_i/vivado_system_i/xillyvga_0/inst/xillyvga_core_ins/vga_fifo_wrapper_ins/vga_fifo/U0/inst_fifo_gen/gconvfifo.rf/grf.rf/rstblk/ngwrdrst.grst.g7serrst.gnsckt_wrst.gic_rst.rd_rst_wr_ext_reg[3]/CLR
                            (removal check against rising-edge clock clk_fpga_1  {rise@0.000ns fall@5.000ns period=10.000ns})
  Path Group:             **async_default**
  Path Type:              Removal (Min at Fast Process Corner)
  Requirement:            0.000ns  (clk_fpga_1 rise@0.000ns - clk_fpga_1 rise@0.000ns)
  Data Path Delay:        0.314ns  (logic 0.128ns (40.800%)  route 0.186ns (59.200%))
  Logic Levels:           0  
  Clock Path Skew:        0.016ns (DCD - SCD - CPR)
    Destination Clock Delay (DCD):    1.210ns
    Source Clock Delay      (SCD):    0.912ns
    Clock Pessimism Removal (CPR):    0.282ns

    Location             Delay type                Incr(ns)  Path(ns)    Netlist Resource(s)
  -------------------------------------------------------------------    -------------------
                         (clock clk_fpga_1 rise edge)
                                                      0.000     0.000 r  
    PS7_X0Y0             PS7                          0.000     0.000 r  xillybus_ins/system_i/vivado_system_i/processing_system7_0/inst/PS7_i/FCLKCLK[1]
                         net (fo=1, routed)           0.310     0.310    xillybus_ins/system_i/vivado_system_i/processing_system7_0/inst/FCLK_CLK_unbuffered[1]
    BUFGCTRL_X0Y16       BUFG (Prop_bufg_I_O)         0.026     0.336 r  xillybus_ins/system_i/vivado_system_i/processing_system7_0/inst/buffer_fclk_clk_1.FCLK_CLK_1_BUFG/O
                         net (fo=7320, routed)        0.576     0.912    xillybus_ins/system_i/vivado_system_i/xillyvga_0/inst/xillyvga_core_ins/vga_fifo_wrapper_ins/vga_fifo/U0/inst_fifo_gen/gconvfifo.rf/grf.rf/rstblk/ngwrdrst.grst.g7serrst.gnsckt_wrst.rst_wr_reg2_inst/dest_clk
    SLICE_X31Y56         FDPE                                         r  xillybus_ins/system_i/vivado_system_i/xillyvga_0/inst/xillyvga_core_ins/vga_fifo_wrapper_ins/vga_fifo/U0/inst_fifo_gen/gconvfifo.rf/grf.rf/rstblk/ngwrdrst.grst.g7serrst.gnsckt_wrst.rst_wr_reg2_inst/arststages_ff_reg[1]/C
  -------------------------------------------------------------------    -------------------
    SLICE_X31Y56         FDPE (Prop_fdpe_C_Q)         0.128     1.040 f  xillybus_ins/system_i/vivado_system_i/xillyvga_0/inst/xillyvga_core_ins/vga_fifo_wrapper_ins/vga_fifo/U0/inst_fifo_gen/gconvfifo.rf/grf.rf/rstblk/ngwrdrst.grst.g7serrst.gnsckt_wrst.rst_wr_reg2_inst/arststages_ff_reg[1]/Q
                         net (fo=9, routed)           0.186     1.225    xillybus_ins/system_i/vivado_system_i/xillyvga_0/inst/xillyvga_core_ins/vga_fifo_wrapper_ins/vga_fifo/U0/inst_fifo_gen/gconvfifo.rf/grf.rf/rstblk/rst_wr_reg2
    SLICE_X30Y55         FDCE                                         f  xillybus_ins/system_i/vivado_system_i/xillyvga_0/inst/xillyvga_core_ins/vga_fifo_wrapper_ins/vga_fifo/U0/inst_fifo_gen/gconvfifo.rf/grf.rf/rstblk/ngwrdrst.grst.g7serrst.gnsckt_wrst.gic_rst.rd_rst_wr_ext_reg[3]/CLR
  -------------------------------------------------------------------    -------------------

                         (clock clk_fpga_1 rise edge)
                                                      0.000     0.000 r  
    PS7_X0Y0             PS7                          0.000     0.000 r  xillybus_ins/system_i/vivado_system_i/processing_system7_0/inst/PS7_i/FCLKCLK[1]
                         net (fo=1, routed)           0.337     0.337    xillybus_ins/system_i/vivado_system_i/processing_system7_0/inst/FCLK_CLK_unbuffered[1]
    BUFGCTRL_X0Y16       BUFG (Prop_bufg_I_O)         0.029     0.366 r  xillybus_ins/system_i/vivado_system_i/processing_system7_0/inst/buffer_fclk_clk_1.FCLK_CLK_1_BUFG/O
                         net (fo=7320, routed)        0.844     1.210    xillybus_ins/system_i/vivado_system_i/xillyvga_0/inst/xillyvga_core_ins/vga_fifo_wrapper_ins/vga_fifo/U0/inst_fifo_gen/gconvfifo.rf/grf.rf/rstblk/wr_clk
    SLICE_X30Y55         FDCE                                         r  xillybus_ins/system_i/vivado_system_i/xillyvga_0/inst/xillyvga_core_ins/vga_fifo_wrapper_ins/vga_fifo/U0/inst_fifo_gen/gconvfifo.rf/grf.rf/rstblk/ngwrdrst.grst.g7serrst.gnsckt_wrst.gic_rst.rd_rst_wr_ext_reg[3]/C
                         clock pessimism             -0.282     0.928    
    SLICE_X30Y55         FDCE (Remov_fdce_C_CLR)     -0.121     0.807    xillybus_ins/system_i/vivado_system_i/xillyvga_0/inst/xillyvga_core_ins/vga_fifo_wrapper_ins/vga_fifo/U0/inst_fifo_gen/gconvfifo.rf/grf.rf/rstblk/ngwrdrst.grst.g7serrst.gnsckt_wrst.gic_rst.rd_rst_wr_ext_reg[3]
  -------------------------------------------------------------------
                         required time                         -0.807    
                         arrival time                           1.225    
  -------------------------------------------------------------------
                         slack                                  0.419    

Slack (MET) :             0.423ns  (arrival time - required time)
  Source:                 xillybus_ins/system_i/vivado_system_i/xillyvga_0/inst/xillyvga_core_ins/vga_fifo_wrapper_ins/vga_fifo/U0/inst_fifo_gen/gconvfifo.rf/grf.rf/rstblk/ngwrdrst.grst.g7serrst.gnsckt_wrst.rst_wr_reg2_inst/arststages_ff_reg[1]/C
                            (rising edge-triggered cell FDPE clocked by clk_fpga_1  {rise@0.000ns fall@5.000ns period=10.000ns})
  Destination:            xillybus_ins/system_i/vivado_system_i/xillyvga_0/inst/xillyvga_core_ins/vga_fifo_wrapper_ins/vga_fifo/U0/inst_fifo_gen/gconvfifo.rf/grf.rf/rstblk/grstd1.grst_full.grst_f.rst_d1_reg/PRE
                            (removal check against rising-edge clock clk_fpga_1  {rise@0.000ns fall@5.000ns period=10.000ns})
  Path Group:             **async_default**
  Path Type:              Removal (Min at Fast Process Corner)
  Requirement:            0.000ns  (clk_fpga_1 rise@0.000ns - clk_fpga_1 rise@0.000ns)
  Data Path Delay:        0.314ns  (logic 0.128ns (40.800%)  route 0.186ns (59.200%))
  Logic Levels:           0  
  Clock Path Skew:        0.016ns (DCD - SCD - CPR)
    Destination Clock Delay (DCD):    1.210ns
    Source Clock Delay      (SCD):    0.912ns
    Clock Pessimism Removal (CPR):    0.282ns

    Location             Delay type                Incr(ns)  Path(ns)    Netlist Resource(s)
  -------------------------------------------------------------------    -------------------
                         (clock clk_fpga_1 rise edge)
                                                      0.000     0.000 r  
    PS7_X0Y0             PS7                          0.000     0.000 r  xillybus_ins/system_i/vivado_system_i/processing_system7_0/inst/PS7_i/FCLKCLK[1]
                         net (fo=1, routed)           0.310     0.310    xillybus_ins/system_i/vivado_system_i/processing_system7_0/inst/FCLK_CLK_unbuffered[1]
    BUFGCTRL_X0Y16       BUFG (Prop_bufg_I_O)         0.026     0.336 r  xillybus_ins/system_i/vivado_system_i/processing_system7_0/inst/buffer_fclk_clk_1.FCLK_CLK_1_BUFG/O
                         net (fo=7320, routed)        0.576     0.912    xillybus_ins/system_i/vivado_system_i/xillyvga_0/inst/xillyvga_core_ins/vga_fifo_wrapper_ins/vga_fifo/U0/inst_fifo_gen/gconvfifo.rf/grf.rf/rstblk/ngwrdrst.grst.g7serrst.gnsckt_wrst.rst_wr_reg2_inst/dest_clk
    SLICE_X31Y56         FDPE                                         r  xillybus_ins/system_i/vivado_system_i/xillyvga_0/inst/xillyvga_core_ins/vga_fifo_wrapper_ins/vga_fifo/U0/inst_fifo_gen/gconvfifo.rf/grf.rf/rstblk/ngwrdrst.grst.g7serrst.gnsckt_wrst.rst_wr_reg2_inst/arststages_ff_reg[1]/C
  -------------------------------------------------------------------    -------------------
    SLICE_X31Y56         FDPE (Prop_fdpe_C_Q)         0.128     1.040 f  xillybus_ins/system_i/vivado_system_i/xillyvga_0/inst/xillyvga_core_ins/vga_fifo_wrapper_ins/vga_fifo/U0/inst_fifo_gen/gconvfifo.rf/grf.rf/rstblk/ngwrdrst.grst.g7serrst.gnsckt_wrst.rst_wr_reg2_inst/arststages_ff_reg[1]/Q
                         net (fo=9, routed)           0.186     1.225    xillybus_ins/system_i/vivado_system_i/xillyvga_0/inst/xillyvga_core_ins/vga_fifo_wrapper_ins/vga_fifo/U0/inst_fifo_gen/gconvfifo.rf/grf.rf/rstblk/rst_wr_reg2
    SLICE_X30Y55         FDPE                                         f  xillybus_ins/system_i/vivado_system_i/xillyvga_0/inst/xillyvga_core_ins/vga_fifo_wrapper_ins/vga_fifo/U0/inst_fifo_gen/gconvfifo.rf/grf.rf/rstblk/grstd1.grst_full.grst_f.rst_d1_reg/PRE
  -------------------------------------------------------------------    -------------------

                         (clock clk_fpga_1 rise edge)
                                                      0.000     0.000 r  
    PS7_X0Y0             PS7                          0.000     0.000 r  xillybus_ins/system_i/vivado_system_i/processing_system7_0/inst/PS7_i/FCLKCLK[1]
                         net (fo=1, routed)           0.337     0.337    xillybus_ins/system_i/vivado_system_i/processing_system7_0/inst/FCLK_CLK_unbuffered[1]
    BUFGCTRL_X0Y16       BUFG (Prop_bufg_I_O)         0.029     0.366 r  xillybus_ins/system_i/vivado_system_i/processing_system7_0/inst/buffer_fclk_clk_1.FCLK_CLK_1_BUFG/O
                         net (fo=7320, routed)        0.844     1.210    xillybus_ins/system_i/vivado_system_i/xillyvga_0/inst/xillyvga_core_ins/vga_fifo_wrapper_ins/vga_fifo/U0/inst_fifo_gen/gconvfifo.rf/grf.rf/rstblk/wr_clk
    SLICE_X30Y55         FDPE                                         r  xillybus_ins/system_i/vivado_system_i/xillyvga_0/inst/xillyvga_core_ins/vga_fifo_wrapper_ins/vga_fifo/U0/inst_fifo_gen/gconvfifo.rf/grf.rf/rstblk/grstd1.grst_full.grst_f.rst_d1_reg/C
                         clock pessimism             -0.282     0.928    
    SLICE_X30Y55         FDPE (Remov_fdpe_C_PRE)     -0.125     0.803    xillybus_ins/system_i/vivado_system_i/xillyvga_0/inst/xillyvga_core_ins/vga_fifo_wrapper_ins/vga_fifo/U0/inst_fifo_gen/gconvfifo.rf/grf.rf/rstblk/grstd1.grst_full.grst_f.rst_d1_reg
  -------------------------------------------------------------------
                         required time                         -0.803    
                         arrival time                           1.225    
  -------------------------------------------------------------------
                         slack                                  0.423    

Slack (MET) :             0.423ns  (arrival time - required time)
  Source:                 xillybus_ins/system_i/vivado_system_i/xillyvga_0/inst/xillyvga_core_ins/vga_fifo_wrapper_ins/vga_fifo/U0/inst_fifo_gen/gconvfifo.rf/grf.rf/rstblk/ngwrdrst.grst.g7serrst.gnsckt_wrst.rst_wr_reg2_inst/arststages_ff_reg[1]/C
                            (rising edge-triggered cell FDPE clocked by clk_fpga_1  {rise@0.000ns fall@5.000ns period=10.000ns})
  Destination:            xillybus_ins/system_i/vivado_system_i/xillyvga_0/inst/xillyvga_core_ins/vga_fifo_wrapper_ins/vga_fifo/U0/inst_fifo_gen/gconvfifo.rf/grf.rf/rstblk/grstd1.grst_full.grst_f.rst_d2_reg/PRE
                            (removal check against rising-edge clock clk_fpga_1  {rise@0.000ns fall@5.000ns period=10.000ns})
  Path Group:             **async_default**
  Path Type:              Removal (Min at Fast Process Corner)
  Requirement:            0.000ns  (clk_fpga_1 rise@0.000ns - clk_fpga_1 rise@0.000ns)
  Data Path Delay:        0.314ns  (logic 0.128ns (40.800%)  route 0.186ns (59.200%))
  Logic Levels:           0  
  Clock Path Skew:        0.016ns (DCD - SCD - CPR)
    Destination Clock Delay (DCD):    1.210ns
    Source Clock Delay      (SCD):    0.912ns
    Clock Pessimism Removal (CPR):    0.282ns

    Location             Delay type                Incr(ns)  Path(ns)    Netlist Resource(s)
  -------------------------------------------------------------------    -------------------
                         (clock clk_fpga_1 rise edge)
                                                      0.000     0.000 r  
    PS7_X0Y0             PS7                          0.000     0.000 r  xillybus_ins/system_i/vivado_system_i/processing_system7_0/inst/PS7_i/FCLKCLK[1]
                         net (fo=1, routed)           0.310     0.310    xillybus_ins/system_i/vivado_system_i/processing_system7_0/inst/FCLK_CLK_unbuffered[1]
    BUFGCTRL_X0Y16       BUFG (Prop_bufg_I_O)         0.026     0.336 r  xillybus_ins/system_i/vivado_system_i/processing_system7_0/inst/buffer_fclk_clk_1.FCLK_CLK_1_BUFG/O
                         net (fo=7320, routed)        0.576     0.912    xillybus_ins/system_i/vivado_system_i/xillyvga_0/inst/xillyvga_core_ins/vga_fifo_wrapper_ins/vga_fifo/U0/inst_fifo_gen/gconvfifo.rf/grf.rf/rstblk/ngwrdrst.grst.g7serrst.gnsckt_wrst.rst_wr_reg2_inst/dest_clk
    SLICE_X31Y56         FDPE                                         r  xillybus_ins/system_i/vivado_system_i/xillyvga_0/inst/xillyvga_core_ins/vga_fifo_wrapper_ins/vga_fifo/U0/inst_fifo_gen/gconvfifo.rf/grf.rf/rstblk/ngwrdrst.grst.g7serrst.gnsckt_wrst.rst_wr_reg2_inst/arststages_ff_reg[1]/C
  -------------------------------------------------------------------    -------------------
    SLICE_X31Y56         FDPE (Prop_fdpe_C_Q)         0.128     1.040 f  xillybus_ins/system_i/vivado_system_i/xillyvga_0/inst/xillyvga_core_ins/vga_fifo_wrapper_ins/vga_fifo/U0/inst_fifo_gen/gconvfifo.rf/grf.rf/rstblk/ngwrdrst.grst.g7serrst.gnsckt_wrst.rst_wr_reg2_inst/arststages_ff_reg[1]/Q
                         net (fo=9, routed)           0.186     1.225    xillybus_ins/system_i/vivado_system_i/xillyvga_0/inst/xillyvga_core_ins/vga_fifo_wrapper_ins/vga_fifo/U0/inst_fifo_gen/gconvfifo.rf/grf.rf/rstblk/rst_wr_reg2
    SLICE_X30Y55         FDPE                                         f  xillybus_ins/system_i/vivado_system_i/xillyvga_0/inst/xillyvga_core_ins/vga_fifo_wrapper_ins/vga_fifo/U0/inst_fifo_gen/gconvfifo.rf/grf.rf/rstblk/grstd1.grst_full.grst_f.rst_d2_reg/PRE
  -------------------------------------------------------------------    -------------------

                         (clock clk_fpga_1 rise edge)
                                                      0.000     0.000 r  
    PS7_X0Y0             PS7                          0.000     0.000 r  xillybus_ins/system_i/vivado_system_i/processing_system7_0/inst/PS7_i/FCLKCLK[1]
                         net (fo=1, routed)           0.337     0.337    xillybus_ins/system_i/vivado_system_i/processing_system7_0/inst/FCLK_CLK_unbuffered[1]
    BUFGCTRL_X0Y16       BUFG (Prop_bufg_I_O)         0.029     0.366 r  xillybus_ins/system_i/vivado_system_i/processing_system7_0/inst/buffer_fclk_clk_1.FCLK_CLK_1_BUFG/O
                         net (fo=7320, routed)        0.844     1.210    xillybus_ins/system_i/vivado_system_i/xillyvga_0/inst/xillyvga_core_ins/vga_fifo_wrapper_ins/vga_fifo/U0/inst_fifo_gen/gconvfifo.rf/grf.rf/rstblk/wr_clk
    SLICE_X30Y55         FDPE                                         r  xillybus_ins/system_i/vivado_system_i/xillyvga_0/inst/xillyvga_core_ins/vga_fifo_wrapper_ins/vga_fifo/U0/inst_fifo_gen/gconvfifo.rf/grf.rf/rstblk/grstd1.grst_full.grst_f.rst_d2_reg/C
                         clock pessimism             -0.282     0.928    
    SLICE_X30Y55         FDPE (Remov_fdpe_C_PRE)     -0.125     0.803    xillybus_ins/system_i/vivado_system_i/xillyvga_0/inst/xillyvga_core_ins/vga_fifo_wrapper_ins/vga_fifo/U0/inst_fifo_gen/gconvfifo.rf/grf.rf/rstblk/grstd1.grst_full.grst_f.rst_d2_reg
  -------------------------------------------------------------------
                         required time                         -0.803    
                         arrival time                           1.225    
  -------------------------------------------------------------------
                         slack                                  0.423    

Slack (MET) :             0.423ns  (arrival time - required time)
  Source:                 xillybus_ins/system_i/vivado_system_i/xillyvga_0/inst/xillyvga_core_ins/vga_fifo_wrapper_ins/vga_fifo/U0/inst_fifo_gen/gconvfifo.rf/grf.rf/rstblk/ngwrdrst.grst.g7serrst.gnsckt_wrst.rst_wr_reg2_inst/arststages_ff_reg[1]/C
                            (rising edge-triggered cell FDPE clocked by clk_fpga_1  {rise@0.000ns fall@5.000ns period=10.000ns})
  Destination:            xillybus_ins/system_i/vivado_system_i/xillyvga_0/inst/xillyvga_core_ins/vga_fifo_wrapper_ins/vga_fifo/U0/inst_fifo_gen/gconvfifo.rf/grf.rf/rstblk/ngwrdrst.grst.g7serrst.gnsckt_wrst.gic_rst.sckt_wr_rst_ic_reg/PRE
                            (removal check against rising-edge clock clk_fpga_1  {rise@0.000ns fall@5.000ns period=10.000ns})
  Path Group:             **async_default**
  Path Type:              Removal (Min at Fast Process Corner)
  Requirement:            0.000ns  (clk_fpga_1 rise@0.000ns - clk_fpga_1 rise@0.000ns)
  Data Path Delay:        0.314ns  (logic 0.128ns (40.800%)  route 0.186ns (59.200%))
  Logic Levels:           0  
  Clock Path Skew:        0.016ns (DCD - SCD - CPR)
    Destination Clock Delay (DCD):    1.210ns
    Source Clock Delay      (SCD):    0.912ns
    Clock Pessimism Removal (CPR):    0.282ns

    Location             Delay type                Incr(ns)  Path(ns)    Netlist Resource(s)
  -------------------------------------------------------------------    -------------------
                         (clock clk_fpga_1 rise edge)
                                                      0.000     0.000 r  
    PS7_X0Y0             PS7                          0.000     0.000 r  xillybus_ins/system_i/vivado_system_i/processing_system7_0/inst/PS7_i/FCLKCLK[1]
                         net (fo=1, routed)           0.310     0.310    xillybus_ins/system_i/vivado_system_i/processing_system7_0/inst/FCLK_CLK_unbuffered[1]
    BUFGCTRL_X0Y16       BUFG (Prop_bufg_I_O)         0.026     0.336 r  xillybus_ins/system_i/vivado_system_i/processing_system7_0/inst/buffer_fclk_clk_1.FCLK_CLK_1_BUFG/O
                         net (fo=7320, routed)        0.576     0.912    xillybus_ins/system_i/vivado_system_i/xillyvga_0/inst/xillyvga_core_ins/vga_fifo_wrapper_ins/vga_fifo/U0/inst_fifo_gen/gconvfifo.rf/grf.rf/rstblk/ngwrdrst.grst.g7serrst.gnsckt_wrst.rst_wr_reg2_inst/dest_clk
    SLICE_X31Y56         FDPE                                         r  xillybus_ins/system_i/vivado_system_i/xillyvga_0/inst/xillyvga_core_ins/vga_fifo_wrapper_ins/vga_fifo/U0/inst_fifo_gen/gconvfifo.rf/grf.rf/rstblk/ngwrdrst.grst.g7serrst.gnsckt_wrst.rst_wr_reg2_inst/arststages_ff_reg[1]/C
  -------------------------------------------------------------------    -------------------
    SLICE_X31Y56         FDPE (Prop_fdpe_C_Q)         0.128     1.040 f  xillybus_ins/system_i/vivado_system_i/xillyvga_0/inst/xillyvga_core_ins/vga_fifo_wrapper_ins/vga_fifo/U0/inst_fifo_gen/gconvfifo.rf/grf.rf/rstblk/ngwrdrst.grst.g7serrst.gnsckt_wrst.rst_wr_reg2_inst/arststages_ff_reg[1]/Q
                         net (fo=9, routed)           0.186     1.225    xillybus_ins/system_i/vivado_system_i/xillyvga_0/inst/xillyvga_core_ins/vga_fifo_wrapper_ins/vga_fifo/U0/inst_fifo_gen/gconvfifo.rf/grf.rf/rstblk/rst_wr_reg2
    SLICE_X30Y55         FDPE                                         f  xillybus_ins/system_i/vivado_system_i/xillyvga_0/inst/xillyvga_core_ins/vga_fifo_wrapper_ins/vga_fifo/U0/inst_fifo_gen/gconvfifo.rf/grf.rf/rstblk/ngwrdrst.grst.g7serrst.gnsckt_wrst.gic_rst.sckt_wr_rst_ic_reg/PRE
  -------------------------------------------------------------------    -------------------

                         (clock clk_fpga_1 rise edge)
                                                      0.000     0.000 r  
    PS7_X0Y0             PS7                          0.000     0.000 r  xillybus_ins/system_i/vivado_system_i/processing_system7_0/inst/PS7_i/FCLKCLK[1]
                         net (fo=1, routed)           0.337     0.337    xillybus_ins/system_i/vivado_system_i/processing_system7_0/inst/FCLK_CLK_unbuffered[1]
    BUFGCTRL_X0Y16       BUFG (Prop_bufg_I_O)         0.029     0.366 r  xillybus_ins/system_i/vivado_system_i/processing_system7_0/inst/buffer_fclk_clk_1.FCLK_CLK_1_BUFG/O
                         net (fo=7320, routed)        0.844     1.210    xillybus_ins/system_i/vivado_system_i/xillyvga_0/inst/xillyvga_core_ins/vga_fifo_wrapper_ins/vga_fifo/U0/inst_fifo_gen/gconvfifo.rf/grf.rf/rstblk/wr_clk
    SLICE_X30Y55         FDPE                                         r  xillybus_ins/system_i/vivado_system_i/xillyvga_0/inst/xillyvga_core_ins/vga_fifo_wrapper_ins/vga_fifo/U0/inst_fifo_gen/gconvfifo.rf/grf.rf/rstblk/ngwrdrst.grst.g7serrst.gnsckt_wrst.gic_rst.sckt_wr_rst_ic_reg/C
                         clock pessimism             -0.282     0.928    
    SLICE_X30Y55         FDPE (Remov_fdpe_C_PRE)     -0.125     0.803    xillybus_ins/system_i/vivado_system_i/xillyvga_0/inst/xillyvga_core_ins/vga_fifo_wrapper_ins/vga_fifo/U0/inst_fifo_gen/gconvfifo.rf/grf.rf/rstblk/ngwrdrst.grst.g7serrst.gnsckt_wrst.gic_rst.sckt_wr_rst_ic_reg
  -------------------------------------------------------------------
                         required time                         -0.803    
                         arrival time                           1.225    
  -------------------------------------------------------------------
                         slack                                  0.423    

Slack (MET) :             0.423ns  (arrival time - required time)
  Source:                 xillybus_ins/system_i/vivado_system_i/xillyvga_0/inst/xillyvga_core_ins/vga_fifo_wrapper_ins/vga_fifo/U0/inst_fifo_gen/gconvfifo.rf/grf.rf/rstblk/ngwrdrst.grst.g7serrst.gnsckt_wrst.rst_wr_reg2_inst/arststages_ff_reg[1]/C
                            (rising edge-triggered cell FDPE clocked by clk_fpga_1  {rise@0.000ns fall@5.000ns period=10.000ns})
  Destination:            xillybus_ins/system_i/vivado_system_i/xillyvga_0/inst/xillyvga_core_ins/vga_fifo_wrapper_ins/vga_fifo/U0/inst_fifo_gen/gconvfifo.rf/grf.rf/rstblk/ngwrdrst.grst.g7serrst.gnsckt_wrst.gic_rst.wr_rst_busy_i_reg/PRE
                            (removal check against rising-edge clock clk_fpga_1  {rise@0.000ns fall@5.000ns period=10.000ns})
  Path Group:             **async_default**
  Path Type:              Removal (Min at Fast Process Corner)
  Requirement:            0.000ns  (clk_fpga_1 rise@0.000ns - clk_fpga_1 rise@0.000ns)
  Data Path Delay:        0.314ns  (logic 0.128ns (40.800%)  route 0.186ns (59.200%))
  Logic Levels:           0  
  Clock Path Skew:        0.016ns (DCD - SCD - CPR)
    Destination Clock Delay (DCD):    1.210ns
    Source Clock Delay      (SCD):    0.912ns
    Clock Pessimism Removal (CPR):    0.282ns

    Location             Delay type                Incr(ns)  Path(ns)    Netlist Resource(s)
  -------------------------------------------------------------------    -------------------
                         (clock clk_fpga_1 rise edge)
                                                      0.000     0.000 r  
    PS7_X0Y0             PS7                          0.000     0.000 r  xillybus_ins/system_i/vivado_system_i/processing_system7_0/inst/PS7_i/FCLKCLK[1]
                         net (fo=1, routed)           0.310     0.310    xillybus_ins/system_i/vivado_system_i/processing_system7_0/inst/FCLK_CLK_unbuffered[1]
    BUFGCTRL_X0Y16       BUFG (Prop_bufg_I_O)         0.026     0.336 r  xillybus_ins/system_i/vivado_system_i/processing_system7_0/inst/buffer_fclk_clk_1.FCLK_CLK_1_BUFG/O
                         net (fo=7320, routed)        0.576     0.912    xillybus_ins/system_i/vivado_system_i/xillyvga_0/inst/xillyvga_core_ins/vga_fifo_wrapper_ins/vga_fifo/U0/inst_fifo_gen/gconvfifo.rf/grf.rf/rstblk/ngwrdrst.grst.g7serrst.gnsckt_wrst.rst_wr_reg2_inst/dest_clk
    SLICE_X31Y56         FDPE                                         r  xillybus_ins/system_i/vivado_system_i/xillyvga_0/inst/xillyvga_core_ins/vga_fifo_wrapper_ins/vga_fifo/U0/inst_fifo_gen/gconvfifo.rf/grf.rf/rstblk/ngwrdrst.grst.g7serrst.gnsckt_wrst.rst_wr_reg2_inst/arststages_ff_reg[1]/C
  -------------------------------------------------------------------    -------------------
    SLICE_X31Y56         FDPE (Prop_fdpe_C_Q)         0.128     1.040 f  xillybus_ins/system_i/vivado_system_i/xillyvga_0/inst/xillyvga_core_ins/vga_fifo_wrapper_ins/vga_fifo/U0/inst_fifo_gen/gconvfifo.rf/grf.rf/rstblk/ngwrdrst.grst.g7serrst.gnsckt_wrst.rst_wr_reg2_inst/arststages_ff_reg[1]/Q
                         net (fo=9, routed)           0.186     1.225    xillybus_ins/system_i/vivado_system_i/xillyvga_0/inst/xillyvga_core_ins/vga_fifo_wrapper_ins/vga_fifo/U0/inst_fifo_gen/gconvfifo.rf/grf.rf/rstblk/rst_wr_reg2
    SLICE_X30Y55         FDPE                                         f  xillybus_ins/system_i/vivado_system_i/xillyvga_0/inst/xillyvga_core_ins/vga_fifo_wrapper_ins/vga_fifo/U0/inst_fifo_gen/gconvfifo.rf/grf.rf/rstblk/ngwrdrst.grst.g7serrst.gnsckt_wrst.gic_rst.wr_rst_busy_i_reg/PRE
  -------------------------------------------------------------------    -------------------

                         (clock clk_fpga_1 rise edge)
                                                      0.000     0.000 r  
    PS7_X0Y0             PS7                          0.000     0.000 r  xillybus_ins/system_i/vivado_system_i/processing_system7_0/inst/PS7_i/FCLKCLK[1]
                         net (fo=1, routed)           0.337     0.337    xillybus_ins/system_i/vivado_system_i/processing_system7_0/inst/FCLK_CLK_unbuffered[1]
    BUFGCTRL_X0Y16       BUFG (Prop_bufg_I_O)         0.029     0.366 r  xillybus_ins/system_i/vivado_system_i/processing_system7_0/inst/buffer_fclk_clk_1.FCLK_CLK_1_BUFG/O
                         net (fo=7320, routed)        0.844     1.210    xillybus_ins/system_i/vivado_system_i/xillyvga_0/inst/xillyvga_core_ins/vga_fifo_wrapper_ins/vga_fifo/U0/inst_fifo_gen/gconvfifo.rf/grf.rf/rstblk/wr_clk
    SLICE_X30Y55         FDPE                                         r  xillybus_ins/system_i/vivado_system_i/xillyvga_0/inst/xillyvga_core_ins/vga_fifo_wrapper_ins/vga_fifo/U0/inst_fifo_gen/gconvfifo.rf/grf.rf/rstblk/ngwrdrst.grst.g7serrst.gnsckt_wrst.gic_rst.wr_rst_busy_i_reg/C
                         clock pessimism             -0.282     0.928    
    SLICE_X30Y55         FDPE (Remov_fdpe_C_PRE)     -0.125     0.803    xillybus_ins/system_i/vivado_system_i/xillyvga_0/inst/xillyvga_core_ins/vga_fifo_wrapper_ins/vga_fifo/U0/inst_fifo_gen/gconvfifo.rf/grf.rf/rstblk/ngwrdrst.grst.g7serrst.gnsckt_wrst.gic_rst.wr_rst_busy_i_reg
  -------------------------------------------------------------------
                         required time                         -0.803    
                         arrival time                           1.225    
  -------------------------------------------------------------------
                         slack                                  0.423    

Slack (MET) :             0.444ns  (arrival time - required time)
  Source:                 xillybus_ins/system_i/vivado_system_i/xillyvga_0/inst/xillyvga_core_ins/vga_fifo_wrapper_ins/vga_fifo/U0/inst_fifo_gen/gconvfifo.rf/grf.rf/rstblk/ngwrdrst.grst.g7serrst.gnsckt_wrst.rst_wr_reg2_inst/arststages_ff_reg[1]/C
                            (rising edge-triggered cell FDPE clocked by clk_fpga_1  {rise@0.000ns fall@5.000ns period=10.000ns})
  Destination:            xillybus_ins/system_i/vivado_system_i/xillyvga_0/inst/xillyvga_core_ins/vga_fifo_wrapper_ins/vga_fifo/U0/inst_fifo_gen/gconvfifo.rf/grf.rf/rstblk/ngwrdrst.grst.g7serrst.gnsckt_wrst.gic_rst.rd_rst_wr_ext_reg[0]/CLR
                            (removal check against rising-edge clock clk_fpga_1  {rise@0.000ns fall@5.000ns period=10.000ns})
  Path Group:             **async_default**
  Path Type:              Removal (Min at Fast Process Corner)
  Requirement:            0.000ns  (clk_fpga_1 rise@0.000ns - clk_fpga_1 rise@0.000ns)
  Data Path Delay:        0.314ns  (logic 0.128ns (40.800%)  route 0.186ns (59.200%))
  Logic Levels:           0  
  Clock Path Skew:        0.016ns (DCD - SCD - CPR)
    Destination Clock Delay (DCD):    1.210ns
    Source Clock Delay      (SCD):    0.912ns
    Clock Pessimism Removal (CPR):    0.282ns

    Location             Delay type                Incr(ns)  Path(ns)    Netlist Resource(s)
  -------------------------------------------------------------------    -------------------
                         (clock clk_fpga_1 rise edge)
                                                      0.000     0.000 r  
    PS7_X0Y0             PS7                          0.000     0.000 r  xillybus_ins/system_i/vivado_system_i/processing_system7_0/inst/PS7_i/FCLKCLK[1]
                         net (fo=1, routed)           0.310     0.310    xillybus_ins/system_i/vivado_system_i/processing_system7_0/inst/FCLK_CLK_unbuffered[1]
    BUFGCTRL_X0Y16       BUFG (Prop_bufg_I_O)         0.026     0.336 r  xillybus_ins/system_i/vivado_system_i/processing_system7_0/inst/buffer_fclk_clk_1.FCLK_CLK_1_BUFG/O
                         net (fo=7320, routed)        0.576     0.912    xillybus_ins/system_i/vivado_system_i/xillyvga_0/inst/xillyvga_core_ins/vga_fifo_wrapper_ins/vga_fifo/U0/inst_fifo_gen/gconvfifo.rf/grf.rf/rstblk/ngwrdrst.grst.g7serrst.gnsckt_wrst.rst_wr_reg2_inst/dest_clk
    SLICE_X31Y56         FDPE                                         r  xillybus_ins/system_i/vivado_system_i/xillyvga_0/inst/xillyvga_core_ins/vga_fifo_wrapper_ins/vga_fifo/U0/inst_fifo_gen/gconvfifo.rf/grf.rf/rstblk/ngwrdrst.grst.g7serrst.gnsckt_wrst.rst_wr_reg2_inst/arststages_ff_reg[1]/C
  -------------------------------------------------------------------    -------------------
    SLICE_X31Y56         FDPE (Prop_fdpe_C_Q)         0.128     1.040 f  xillybus_ins/system_i/vivado_system_i/xillyvga_0/inst/xillyvga_core_ins/vga_fifo_wrapper_ins/vga_fifo/U0/inst_fifo_gen/gconvfifo.rf/grf.rf/rstblk/ngwrdrst.grst.g7serrst.gnsckt_wrst.rst_wr_reg2_inst/arststages_ff_reg[1]/Q
                         net (fo=9, routed)           0.186     1.225    xillybus_ins/system_i/vivado_system_i/xillyvga_0/inst/xillyvga_core_ins/vga_fifo_wrapper_ins/vga_fifo/U0/inst_fifo_gen/gconvfifo.rf/grf.rf/rstblk/rst_wr_reg2
    SLICE_X31Y55         FDCE                                         f  xillybus_ins/system_i/vivado_system_i/xillyvga_0/inst/xillyvga_core_ins/vga_fifo_wrapper_ins/vga_fifo/U0/inst_fifo_gen/gconvfifo.rf/grf.rf/rstblk/ngwrdrst.grst.g7serrst.gnsckt_wrst.gic_rst.rd_rst_wr_ext_reg[0]/CLR
  -------------------------------------------------------------------    -------------------

                         (clock clk_fpga_1 rise edge)
                                                      0.000     0.000 r  
    PS7_X0Y0             PS7                          0.000     0.000 r  xillybus_ins/system_i/vivado_system_i/processing_system7_0/inst/PS7_i/FCLKCLK[1]
                         net (fo=1, routed)           0.337     0.337    xillybus_ins/system_i/vivado_system_i/processing_system7_0/inst/FCLK_CLK_unbuffered[1]
    BUFGCTRL_X0Y16       BUFG (Prop_bufg_I_O)         0.029     0.366 r  xillybus_ins/system_i/vivado_system_i/processing_system7_0/inst/buffer_fclk_clk_1.FCLK_CLK_1_BUFG/O
                         net (fo=7320, routed)        0.844     1.210    xillybus_ins/system_i/vivado_system_i/xillyvga_0/inst/xillyvga_core_ins/vga_fifo_wrapper_ins/vga_fifo/U0/inst_fifo_gen/gconvfifo.rf/grf.rf/rstblk/wr_clk
    SLICE_X31Y55         FDCE                                         r  xillybus_ins/system_i/vivado_system_i/xillyvga_0/inst/xillyvga_core_ins/vga_fifo_wrapper_ins/vga_fifo/U0/inst_fifo_gen/gconvfifo.rf/grf.rf/rstblk/ngwrdrst.grst.g7serrst.gnsckt_wrst.gic_rst.rd_rst_wr_ext_reg[0]/C
                         clock pessimism             -0.282     0.928    
    SLICE_X31Y55         FDCE (Remov_fdce_C_CLR)     -0.146     0.782    xillybus_ins/system_i/vivado_system_i/xillyvga_0/inst/xillyvga_core_ins/vga_fifo_wrapper_ins/vga_fifo/U0/inst_fifo_gen/gconvfifo.rf/grf.rf/rstblk/ngwrdrst.grst.g7serrst.gnsckt_wrst.gic_rst.rd_rst_wr_ext_reg[0]
  -------------------------------------------------------------------
                         required time                         -0.782    
                         arrival time                           1.225    
  -------------------------------------------------------------------
                         slack                                  0.444    

Slack (MET) :             0.444ns  (arrival time - required time)
  Source:                 xillybus_ins/system_i/vivado_system_i/xillyvga_0/inst/xillyvga_core_ins/vga_fifo_wrapper_ins/vga_fifo/U0/inst_fifo_gen/gconvfifo.rf/grf.rf/rstblk/ngwrdrst.grst.g7serrst.gnsckt_wrst.rst_wr_reg2_inst/arststages_ff_reg[1]/C
                            (rising edge-triggered cell FDPE clocked by clk_fpga_1  {rise@0.000ns fall@5.000ns period=10.000ns})
  Destination:            xillybus_ins/system_i/vivado_system_i/xillyvga_0/inst/xillyvga_core_ins/vga_fifo_wrapper_ins/vga_fifo/U0/inst_fifo_gen/gconvfifo.rf/grf.rf/rstblk/ngwrdrst.grst.g7serrst.gnsckt_wrst.gic_rst.rd_rst_wr_ext_reg[1]/CLR
                            (removal check against rising-edge clock clk_fpga_1  {rise@0.000ns fall@5.000ns period=10.000ns})
  Path Group:             **async_default**
  Path Type:              Removal (Min at Fast Process Corner)
  Requirement:            0.000ns  (clk_fpga_1 rise@0.000ns - clk_fpga_1 rise@0.000ns)
  Data Path Delay:        0.314ns  (logic 0.128ns (40.800%)  route 0.186ns (59.200%))
  Logic Levels:           0  
  Clock Path Skew:        0.016ns (DCD - SCD - CPR)
    Destination Clock Delay (DCD):    1.210ns
    Source Clock Delay      (SCD):    0.912ns
    Clock Pessimism Removal (CPR):    0.282ns

    Location             Delay type                Incr(ns)  Path(ns)    Netlist Resource(s)
  -------------------------------------------------------------------    -------------------
                         (clock clk_fpga_1 rise edge)
                                                      0.000     0.000 r  
    PS7_X0Y0             PS7                          0.000     0.000 r  xillybus_ins/system_i/vivado_system_i/processing_system7_0/inst/PS7_i/FCLKCLK[1]
                         net (fo=1, routed)           0.310     0.310    xillybus_ins/system_i/vivado_system_i/processing_system7_0/inst/FCLK_CLK_unbuffered[1]
    BUFGCTRL_X0Y16       BUFG (Prop_bufg_I_O)         0.026     0.336 r  xillybus_ins/system_i/vivado_system_i/processing_system7_0/inst/buffer_fclk_clk_1.FCLK_CLK_1_BUFG/O
                         net (fo=7320, routed)        0.576     0.912    xillybus_ins/system_i/vivado_system_i/xillyvga_0/inst/xillyvga_core_ins/vga_fifo_wrapper_ins/vga_fifo/U0/inst_fifo_gen/gconvfifo.rf/grf.rf/rstblk/ngwrdrst.grst.g7serrst.gnsckt_wrst.rst_wr_reg2_inst/dest_clk
    SLICE_X31Y56         FDPE                                         r  xillybus_ins/system_i/vivado_system_i/xillyvga_0/inst/xillyvga_core_ins/vga_fifo_wrapper_ins/vga_fifo/U0/inst_fifo_gen/gconvfifo.rf/grf.rf/rstblk/ngwrdrst.grst.g7serrst.gnsckt_wrst.rst_wr_reg2_inst/arststages_ff_reg[1]/C
  -------------------------------------------------------------------    -------------------
    SLICE_X31Y56         FDPE (Prop_fdpe_C_Q)         0.128     1.040 f  xillybus_ins/system_i/vivado_system_i/xillyvga_0/inst/xillyvga_core_ins/vga_fifo_wrapper_ins/vga_fifo/U0/inst_fifo_gen/gconvfifo.rf/grf.rf/rstblk/ngwrdrst.grst.g7serrst.gnsckt_wrst.rst_wr_reg2_inst/arststages_ff_reg[1]/Q
                         net (fo=9, routed)           0.186     1.225    xillybus_ins/system_i/vivado_system_i/xillyvga_0/inst/xillyvga_core_ins/vga_fifo_wrapper_ins/vga_fifo/U0/inst_fifo_gen/gconvfifo.rf/grf.rf/rstblk/rst_wr_reg2
    SLICE_X31Y55         FDCE                                         f  xillybus_ins/system_i/vivado_system_i/xillyvga_0/inst/xillyvga_core_ins/vga_fifo_wrapper_ins/vga_fifo/U0/inst_fifo_gen/gconvfifo.rf/grf.rf/rstblk/ngwrdrst.grst.g7serrst.gnsckt_wrst.gic_rst.rd_rst_wr_ext_reg[1]/CLR
  -------------------------------------------------------------------    -------------------

                         (clock clk_fpga_1 rise edge)
                                                      0.000     0.000 r  
    PS7_X0Y0             PS7                          0.000     0.000 r  xillybus_ins/system_i/vivado_system_i/processing_system7_0/inst/PS7_i/FCLKCLK[1]
                         net (fo=1, routed)           0.337     0.337    xillybus_ins/system_i/vivado_system_i/processing_system7_0/inst/FCLK_CLK_unbuffered[1]
    BUFGCTRL_X0Y16       BUFG (Prop_bufg_I_O)         0.029     0.366 r  xillybus_ins/system_i/vivado_system_i/processing_system7_0/inst/buffer_fclk_clk_1.FCLK_CLK_1_BUFG/O
                         net (fo=7320, routed)        0.844     1.210    xillybus_ins/system_i/vivado_system_i/xillyvga_0/inst/xillyvga_core_ins/vga_fifo_wrapper_ins/vga_fifo/U0/inst_fifo_gen/gconvfifo.rf/grf.rf/rstblk/wr_clk
    SLICE_X31Y55         FDCE                                         r  xillybus_ins/system_i/vivado_system_i/xillyvga_0/inst/xillyvga_core_ins/vga_fifo_wrapper_ins/vga_fifo/U0/inst_fifo_gen/gconvfifo.rf/grf.rf/rstblk/ngwrdrst.grst.g7serrst.gnsckt_wrst.gic_rst.rd_rst_wr_ext_reg[1]/C
                         clock pessimism             -0.282     0.928    
    SLICE_X31Y55         FDCE (Remov_fdce_C_CLR)     -0.146     0.782    xillybus_ins/system_i/vivado_system_i/xillyvga_0/inst/xillyvga_core_ins/vga_fifo_wrapper_ins/vga_fifo/U0/inst_fifo_gen/gconvfifo.rf/grf.rf/rstblk/ngwrdrst.grst.g7serrst.gnsckt_wrst.gic_rst.rd_rst_wr_ext_reg[1]
  -------------------------------------------------------------------
                         required time                         -0.782    
                         arrival time                           1.225    
  -------------------------------------------------------------------
                         slack                                  0.444    

Slack (MET) :             0.444ns  (arrival time - required time)
  Source:                 xillybus_ins/system_i/vivado_system_i/xillyvga_0/inst/xillyvga_core_ins/vga_fifo_wrapper_ins/vga_fifo/U0/inst_fifo_gen/gconvfifo.rf/grf.rf/rstblk/ngwrdrst.grst.g7serrst.gnsckt_wrst.rst_wr_reg2_inst/arststages_ff_reg[1]/C
                            (rising edge-triggered cell FDPE clocked by clk_fpga_1  {rise@0.000ns fall@5.000ns period=10.000ns})
  Destination:            xillybus_ins/system_i/vivado_system_i/xillyvga_0/inst/xillyvga_core_ins/vga_fifo_wrapper_ins/vga_fifo/U0/inst_fifo_gen/gconvfifo.rf/grf.rf/rstblk/ngwrdrst.grst.g7serrst.gnsckt_wrst.gic_rst.rd_rst_wr_ext_reg[2]/CLR
                            (removal check against rising-edge clock clk_fpga_1  {rise@0.000ns fall@5.000ns period=10.000ns})
  Path Group:             **async_default**
  Path Type:              Removal (Min at Fast Process Corner)
  Requirement:            0.000ns  (clk_fpga_1 rise@0.000ns - clk_fpga_1 rise@0.000ns)
  Data Path Delay:        0.314ns  (logic 0.128ns (40.800%)  route 0.186ns (59.200%))
  Logic Levels:           0  
  Clock Path Skew:        0.016ns (DCD - SCD - CPR)
    Destination Clock Delay (DCD):    1.210ns
    Source Clock Delay      (SCD):    0.912ns
    Clock Pessimism Removal (CPR):    0.282ns

    Location             Delay type                Incr(ns)  Path(ns)    Netlist Resource(s)
  -------------------------------------------------------------------    -------------------
                         (clock clk_fpga_1 rise edge)
                                                      0.000     0.000 r  
    PS7_X0Y0             PS7                          0.000     0.000 r  xillybus_ins/system_i/vivado_system_i/processing_system7_0/inst/PS7_i/FCLKCLK[1]
                         net (fo=1, routed)           0.310     0.310    xillybus_ins/system_i/vivado_system_i/processing_system7_0/inst/FCLK_CLK_unbuffered[1]
    BUFGCTRL_X0Y16       BUFG (Prop_bufg_I_O)         0.026     0.336 r  xillybus_ins/system_i/vivado_system_i/processing_system7_0/inst/buffer_fclk_clk_1.FCLK_CLK_1_BUFG/O
                         net (fo=7320, routed)        0.576     0.912    xillybus_ins/system_i/vivado_system_i/xillyvga_0/inst/xillyvga_core_ins/vga_fifo_wrapper_ins/vga_fifo/U0/inst_fifo_gen/gconvfifo.rf/grf.rf/rstblk/ngwrdrst.grst.g7serrst.gnsckt_wrst.rst_wr_reg2_inst/dest_clk
    SLICE_X31Y56         FDPE                                         r  xillybus_ins/system_i/vivado_system_i/xillyvga_0/inst/xillyvga_core_ins/vga_fifo_wrapper_ins/vga_fifo/U0/inst_fifo_gen/gconvfifo.rf/grf.rf/rstblk/ngwrdrst.grst.g7serrst.gnsckt_wrst.rst_wr_reg2_inst/arststages_ff_reg[1]/C
  -------------------------------------------------------------------    -------------------
    SLICE_X31Y56         FDPE (Prop_fdpe_C_Q)         0.128     1.040 f  xillybus_ins/system_i/vivado_system_i/xillyvga_0/inst/xillyvga_core_ins/vga_fifo_wrapper_ins/vga_fifo/U0/inst_fifo_gen/gconvfifo.rf/grf.rf/rstblk/ngwrdrst.grst.g7serrst.gnsckt_wrst.rst_wr_reg2_inst/arststages_ff_reg[1]/Q
                         net (fo=9, routed)           0.186     1.225    xillybus_ins/system_i/vivado_system_i/xillyvga_0/inst/xillyvga_core_ins/vga_fifo_wrapper_ins/vga_fifo/U0/inst_fifo_gen/gconvfifo.rf/grf.rf/rstblk/rst_wr_reg2
    SLICE_X31Y55         FDCE                                         f  xillybus_ins/system_i/vivado_system_i/xillyvga_0/inst/xillyvga_core_ins/vga_fifo_wrapper_ins/vga_fifo/U0/inst_fifo_gen/gconvfifo.rf/grf.rf/rstblk/ngwrdrst.grst.g7serrst.gnsckt_wrst.gic_rst.rd_rst_wr_ext_reg[2]/CLR
  -------------------------------------------------------------------    -------------------

                         (clock clk_fpga_1 rise edge)
                                                      0.000     0.000 r  
    PS7_X0Y0             PS7                          0.000     0.000 r  xillybus_ins/system_i/vivado_system_i/processing_system7_0/inst/PS7_i/FCLKCLK[1]
                         net (fo=1, routed)           0.337     0.337    xillybus_ins/system_i/vivado_system_i/processing_system7_0/inst/FCLK_CLK_unbuffered[1]
    BUFGCTRL_X0Y16       BUFG (Prop_bufg_I_O)         0.029     0.366 r  xillybus_ins/system_i/vivado_system_i/processing_system7_0/inst/buffer_fclk_clk_1.FCLK_CLK_1_BUFG/O
                         net (fo=7320, routed)        0.844     1.210    xillybus_ins/system_i/vivado_system_i/xillyvga_0/inst/xillyvga_core_ins/vga_fifo_wrapper_ins/vga_fifo/U0/inst_fifo_gen/gconvfifo.rf/grf.rf/rstblk/wr_clk
    SLICE_X31Y55         FDCE                                         r  xillybus_ins/system_i/vivado_system_i/xillyvga_0/inst/xillyvga_core_ins/vga_fifo_wrapper_ins/vga_fifo/U0/inst_fifo_gen/gconvfifo.rf/grf.rf/rstblk/ngwrdrst.grst.g7serrst.gnsckt_wrst.gic_rst.rd_rst_wr_ext_reg[2]/C
                         clock pessimism             -0.282     0.928    
    SLICE_X31Y55         FDCE (Remov_fdce_C_CLR)     -0.146     0.782    xillybus_ins/system_i/vivado_system_i/xillyvga_0/inst/xillyvga_core_ins/vga_fifo_wrapper_ins/vga_fifo/U0/inst_fifo_gen/gconvfifo.rf/grf.rf/rstblk/ngwrdrst.grst.g7serrst.gnsckt_wrst.gic_rst.rd_rst_wr_ext_reg[2]
  -------------------------------------------------------------------
                         required time                         -0.782    
                         arrival time                           1.225    
  -------------------------------------------------------------------
                         slack                                  0.444    

Slack (MET) :             0.447ns  (arrival time - required time)
  Source:                 xillybus_ins/system_i/vivado_system_i/xillyvga_0/inst/xillyvga_core_ins/vga_fifo_wrapper_ins/vga_fifo/U0/inst_fifo_gen/gconvfifo.rf/grf.rf/rstblk/ngwrdrst.grst.g7serrst.gnsckt_wrst.rst_wr_reg2_inst/arststages_ff_reg[1]/C
                            (rising edge-triggered cell FDPE clocked by clk_fpga_1  {rise@0.000ns fall@5.000ns period=10.000ns})
  Destination:            xillybus_ins/system_i/vivado_system_i/xillyvga_0/inst/xillyvga_core_ins/vga_fifo_wrapper_ins/vga_fifo/U0/inst_fifo_gen/gconvfifo.rf/grf.rf/rstblk/grstd1.grst_full.grst_f.rst_d3_reg/PRE
                            (removal check against rising-edge clock clk_fpga_1  {rise@0.000ns fall@5.000ns period=10.000ns})
  Path Group:             **async_default**
  Path Type:              Removal (Min at Fast Process Corner)
  Requirement:            0.000ns  (clk_fpga_1 rise@0.000ns - clk_fpga_1 rise@0.000ns)
  Data Path Delay:        0.314ns  (logic 0.128ns (40.800%)  route 0.186ns (59.200%))
  Logic Levels:           0  
  Clock Path Skew:        0.016ns (DCD - SCD - CPR)
    Destination Clock Delay (DCD):    1.210ns
    Source Clock Delay      (SCD):    0.912ns
    Clock Pessimism Removal (CPR):    0.282ns

    Location             Delay type                Incr(ns)  Path(ns)    Netlist Resource(s)
  -------------------------------------------------------------------    -------------------
                         (clock clk_fpga_1 rise edge)
                                                      0.000     0.000 r  
    PS7_X0Y0             PS7                          0.000     0.000 r  xillybus_ins/system_i/vivado_system_i/processing_system7_0/inst/PS7_i/FCLKCLK[1]
                         net (fo=1, routed)           0.310     0.310    xillybus_ins/system_i/vivado_system_i/processing_system7_0/inst/FCLK_CLK_unbuffered[1]
    BUFGCTRL_X0Y16       BUFG (Prop_bufg_I_O)         0.026     0.336 r  xillybus_ins/system_i/vivado_system_i/processing_system7_0/inst/buffer_fclk_clk_1.FCLK_CLK_1_BUFG/O
                         net (fo=7320, routed)        0.576     0.912    xillybus_ins/system_i/vivado_system_i/xillyvga_0/inst/xillyvga_core_ins/vga_fifo_wrapper_ins/vga_fifo/U0/inst_fifo_gen/gconvfifo.rf/grf.rf/rstblk/ngwrdrst.grst.g7serrst.gnsckt_wrst.rst_wr_reg2_inst/dest_clk
    SLICE_X31Y56         FDPE                                         r  xillybus_ins/system_i/vivado_system_i/xillyvga_0/inst/xillyvga_core_ins/vga_fifo_wrapper_ins/vga_fifo/U0/inst_fifo_gen/gconvfifo.rf/grf.rf/rstblk/ngwrdrst.grst.g7serrst.gnsckt_wrst.rst_wr_reg2_inst/arststages_ff_reg[1]/C
  -------------------------------------------------------------------    -------------------
    SLICE_X31Y56         FDPE (Prop_fdpe_C_Q)         0.128     1.040 f  xillybus_ins/system_i/vivado_system_i/xillyvga_0/inst/xillyvga_core_ins/vga_fifo_wrapper_ins/vga_fifo/U0/inst_fifo_gen/gconvfifo.rf/grf.rf/rstblk/ngwrdrst.grst.g7serrst.gnsckt_wrst.rst_wr_reg2_inst/arststages_ff_reg[1]/Q
                         net (fo=9, routed)           0.186     1.225    xillybus_ins/system_i/vivado_system_i/xillyvga_0/inst/xillyvga_core_ins/vga_fifo_wrapper_ins/vga_fifo/U0/inst_fifo_gen/gconvfifo.rf/grf.rf/rstblk/rst_wr_reg2
    SLICE_X31Y55         FDPE                                         f  xillybus_ins/system_i/vivado_system_i/xillyvga_0/inst/xillyvga_core_ins/vga_fifo_wrapper_ins/vga_fifo/U0/inst_fifo_gen/gconvfifo.rf/grf.rf/rstblk/grstd1.grst_full.grst_f.rst_d3_reg/PRE
  -------------------------------------------------------------------    -------------------

                         (clock clk_fpga_1 rise edge)
                                                      0.000     0.000 r  
    PS7_X0Y0             PS7                          0.000     0.000 r  xillybus_ins/system_i/vivado_system_i/processing_system7_0/inst/PS7_i/FCLKCLK[1]
                         net (fo=1, routed)           0.337     0.337    xillybus_ins/system_i/vivado_system_i/processing_system7_0/inst/FCLK_CLK_unbuffered[1]
    BUFGCTRL_X0Y16       BUFG (Prop_bufg_I_O)         0.029     0.366 r  xillybus_ins/system_i/vivado_system_i/processing_system7_0/inst/buffer_fclk_clk_1.FCLK_CLK_1_BUFG/O
                         net (fo=7320, routed)        0.844     1.210    xillybus_ins/system_i/vivado_system_i/xillyvga_0/inst/xillyvga_core_ins/vga_fifo_wrapper_ins/vga_fifo/U0/inst_fifo_gen/gconvfifo.rf/grf.rf/rstblk/wr_clk
    SLICE_X31Y55         FDPE                                         r  xillybus_ins/system_i/vivado_system_i/xillyvga_0/inst/xillyvga_core_ins/vga_fifo_wrapper_ins/vga_fifo/U0/inst_fifo_gen/gconvfifo.rf/grf.rf/rstblk/grstd1.grst_full.grst_f.rst_d3_reg/C
                         clock pessimism             -0.282     0.928    
    SLICE_X31Y55         FDPE (Remov_fdpe_C_PRE)     -0.149     0.779    xillybus_ins/system_i/vivado_system_i/xillyvga_0/inst/xillyvga_core_ins/vga_fifo_wrapper_ins/vga_fifo/U0/inst_fifo_gen/gconvfifo.rf/grf.rf/rstblk/grstd1.grst_full.grst_f.rst_d3_reg
  -------------------------------------------------------------------
                         required time                         -0.779    
                         arrival time                           1.225    
  -------------------------------------------------------------------
                         slack                                  0.447    

Slack (MET) :             0.468ns  (arrival time - required time)
  Source:                 xillybus_ins/system_i/vivado_system_i/xillyvga_0/inst/xillyvga_core_ins/vga_fifo_wrapper_ins/vga_fifo/U0/inst_fifo_gen/gconvfifo.rf/grf.rf/rstblk/grstd1.grst_full.grst_f.rst_d2_reg/C
                            (rising edge-triggered cell FDPE clocked by clk_fpga_1  {rise@0.000ns fall@5.000ns period=10.000ns})
  Destination:            xillybus_ins/system_i/vivado_system_i/xillyvga_0/inst/xillyvga_core_ins/vga_fifo_wrapper_ins/vga_fifo/U0/inst_fifo_gen/gconvfifo.rf/grf.rf/gntv_or_sync_fifo.gl0.wr/gwas.gpf.wrpf/gpf1.prog_full_i_reg/PRE
                            (removal check against rising-edge clock clk_fpga_1  {rise@0.000ns fall@5.000ns period=10.000ns})
  Path Group:             **async_default**
  Path Type:              Removal (Min at Fast Process Corner)
  Requirement:            0.000ns  (clk_fpga_1 rise@0.000ns - clk_fpga_1 rise@0.000ns)
  Data Path Delay:        0.336ns  (logic 0.148ns (44.045%)  route 0.188ns (55.955%))
  Logic Levels:           0  
  Clock Path Skew:        0.016ns (DCD - SCD - CPR)
    Destination Clock Delay (DCD):    1.210ns
    Source Clock Delay      (SCD):    0.912ns
    Clock Pessimism Removal (CPR):    0.282ns

    Location             Delay type                Incr(ns)  Path(ns)    Netlist Resource(s)
  -------------------------------------------------------------------    -------------------
                         (clock clk_fpga_1 rise edge)
                                                      0.000     0.000 r  
    PS7_X0Y0             PS7                          0.000     0.000 r  xillybus_ins/system_i/vivado_system_i/processing_system7_0/inst/PS7_i/FCLKCLK[1]
                         net (fo=1, routed)           0.310     0.310    xillybus_ins/system_i/vivado_system_i/processing_system7_0/inst/FCLK_CLK_unbuffered[1]
    BUFGCTRL_X0Y16       BUFG (Prop_bufg_I_O)         0.026     0.336 r  xillybus_ins/system_i/vivado_system_i/processing_system7_0/inst/buffer_fclk_clk_1.FCLK_CLK_1_BUFG/O
                         net (fo=7320, routed)        0.576     0.912    xillybus_ins/system_i/vivado_system_i/xillyvga_0/inst/xillyvga_core_ins/vga_fifo_wrapper_ins/vga_fifo/U0/inst_fifo_gen/gconvfifo.rf/grf.rf/rstblk/wr_clk
    SLICE_X30Y55         FDPE                                         r  xillybus_ins/system_i/vivado_system_i/xillyvga_0/inst/xillyvga_core_ins/vga_fifo_wrapper_ins/vga_fifo/U0/inst_fifo_gen/gconvfifo.rf/grf.rf/rstblk/grstd1.grst_full.grst_f.rst_d2_reg/C
  -------------------------------------------------------------------    -------------------
    SLICE_X30Y55         FDPE (Prop_fdpe_C_Q)         0.148     1.060 f  xillybus_ins/system_i/vivado_system_i/xillyvga_0/inst/xillyvga_core_ins/vga_fifo_wrapper_ins/vga_fifo/U0/inst_fifo_gen/gconvfifo.rf/grf.rf/rstblk/grstd1.grst_full.grst_f.rst_d2_reg/Q
                         net (fo=4, routed)           0.188     1.248    xillybus_ins/system_i/vivado_system_i/xillyvga_0/inst/xillyvga_core_ins/vga_fifo_wrapper_ins/vga_fifo/U0/inst_fifo_gen/gconvfifo.rf/grf.rf/gntv_or_sync_fifo.gl0.wr/gwas.gpf.wrpf/out
    SLICE_X31Y54         FDPE                                         f  xillybus_ins/system_i/vivado_system_i/xillyvga_0/inst/xillyvga_core_ins/vga_fifo_wrapper_ins/vga_fifo/U0/inst_fifo_gen/gconvfifo.rf/grf.rf/gntv_or_sync_fifo.gl0.wr/gwas.gpf.wrpf/gpf1.prog_full_i_reg/PRE
  -------------------------------------------------------------------    -------------------

                         (clock clk_fpga_1 rise edge)
                                                      0.000     0.000 r  
    PS7_X0Y0             PS7                          0.000     0.000 r  xillybus_ins/system_i/vivado_system_i/processing_system7_0/inst/PS7_i/FCLKCLK[1]
                         net (fo=1, routed)           0.337     0.337    xillybus_ins/system_i/vivado_system_i/processing_system7_0/inst/FCLK_CLK_unbuffered[1]
    BUFGCTRL_X0Y16       BUFG (Prop_bufg_I_O)         0.029     0.366 r  xillybus_ins/system_i/vivado_system_i/processing_system7_0/inst/buffer_fclk_clk_1.FCLK_CLK_1_BUFG/O
                         net (fo=7320, routed)        0.844     1.210    xillybus_ins/system_i/vivado_system_i/xillyvga_0/inst/xillyvga_core_ins/vga_fifo_wrapper_ins/vga_fifo/U0/inst_fifo_gen/gconvfifo.rf/grf.rf/gntv_or_sync_fifo.gl0.wr/gwas.gpf.wrpf/wr_clk
    SLICE_X31Y54         FDPE                                         r  xillybus_ins/system_i/vivado_system_i/xillyvga_0/inst/xillyvga_core_ins/vga_fifo_wrapper_ins/vga_fifo/U0/inst_fifo_gen/gconvfifo.rf/grf.rf/gntv_or_sync_fifo.gl0.wr/gwas.gpf.wrpf/gpf1.prog_full_i_reg/C
                         clock pessimism             -0.282     0.928    
    SLICE_X31Y54         FDPE (Remov_fdpe_C_PRE)     -0.148     0.780    xillybus_ins/system_i/vivado_system_i/xillyvga_0/inst/xillyvga_core_ins/vga_fifo_wrapper_ins/vga_fifo/U0/inst_fifo_gen/gconvfifo.rf/grf.rf/gntv_or_sync_fifo.gl0.wr/gwas.gpf.wrpf/gpf1.prog_full_i_reg
  -------------------------------------------------------------------
                         required time                         -0.780    
                         arrival time                           1.248    
  -------------------------------------------------------------------
                         slack                                  0.468    





---------------------------------------------------------------------------------------------------
Path Group:  **async_default**
From Clock:  vga_clk_ins/clkout0
  To Clock:  vga_clk_ins/clkout0

Setup :            0  Failing Endpoints,  Worst Slack       12.799ns,  Total Violation        0.000ns
Hold  :            0  Failing Endpoints,  Worst Slack        0.410ns,  Total Violation        0.000ns
---------------------------------------------------------------------------------------------------


Max Delay Paths
--------------------------------------------------------------------------------------
Slack (MET) :             12.799ns  (required time - arrival time)
  Source:                 xillybus_ins/system_i/vivado_system_i/xillyvga_0/inst/xillyvga_core_ins/vga_fifo_wrapper_ins/vga_fifo/U0/inst_fifo_gen/gconvfifo.rf/grf.rf/rstblk/ngwrdrst.grst.g7serrst.gnsckt_wrst.gic_rst.sckt_rd_rst_ic_reg/C
                            (rising edge-triggered cell FDPE clocked by vga_clk_ins/clkout0  {rise@0.000ns fall@7.692ns period=15.385ns})
  Destination:            xillybus_ins/system_i/vivado_system_i/xillyvga_0/inst/xillyvga_core_ins/vga_fifo_wrapper_ins/vga_fifo/U0/inst_fifo_gen/gconvfifo.rf/grf.rf/gntv_or_sync_fifo.gl0.rd/rpntr/gc0.count_d1_reg[0]/CLR
                            (recovery check against rising-edge clock vga_clk_ins/clkout0  {rise@0.000ns fall@7.692ns period=15.385ns})
  Path Group:             **async_default**
  Path Type:              Recovery (Max at Slow Process Corner)
  Requirement:            15.385ns  (vga_clk_ins/clkout0 rise@15.385ns - vga_clk_ins/clkout0 rise@0.000ns)
  Data Path Delay:        1.931ns  (logic 0.518ns (26.825%)  route 1.413ns (73.175%))
  Logic Levels:           0  
  Clock Path Skew:        -0.129ns (DCD - SCD + CPR)
    Destination Clock Delay (DCD):    8.578ns = ( 23.962 - 15.385 ) 
    Source Clock Delay      (SCD):    9.360ns
    Clock Pessimism Removal (CPR):    0.654ns
  Clock Uncertainty:      0.121ns  ((TSJ^2 + DJ^2)^1/2) / 2 + PE
    Total System Jitter     (TSJ):    0.071ns
    Discrete Jitter          (DJ):    0.232ns
    Phase Error              (PE):    0.000ns

    Location             Delay type                Incr(ns)  Path(ns)    Netlist Resource(s)
  -------------------------------------------------------------------    -------------------
                         (clock vga_clk_ins/clkout0 rise edge)
                                                      0.000     0.000 r  
    Y9                                                0.000     0.000 r  clk_100 (IN)
                         net (fo=0)                   0.000     0.000    clk_100
    Y9                   IBUF (Prop_ibuf_I_O)         1.490     1.490 r  clk_100_IBUF_inst/O
                         net (fo=1, routed)           2.171     3.661    clk_100_IBUF
    BUFGCTRL_X0Y1        BUFG (Prop_bufg_I_O)         0.101     3.762 r  clk_100_IBUF_BUFG_inst/O
                         net (fo=4, routed)           1.828     5.590    xillybus_ins/system_i/vivado_system_i/xillyvga_0/inst/xillyvga_core_ins/clk_in
    PLLE2_ADV_X1Y0       PLLE2_ADV (Prop_plle2_adv_CLKIN1_CLKOUT0)
                                                      0.088     5.678 r  xillybus_ins/system_i/vivado_system_i/xillyvga_0/inst/xillyvga_core_ins/vga_clk_ins/vga_pll/CLKOUT0
                         net (fo=1, routed)           1.883     7.561    xillybus_ins/system_i/vivado_system_i/xillyvga_0/inst/xillyvga_core_ins/vga_clk_ins/clkout0
    BUFGCTRL_X0Y0        BUFG (Prop_bufg_I_O)         0.101     7.662 r  xillybus_ins/system_i/vivado_system_i/xillyvga_0/inst/xillyvga_core_ins/vga_clk_ins/clkout1_buf/O
                         net (fo=195, routed)         1.698     9.360    xillybus_ins/system_i/vivado_system_i/xillyvga_0/inst/xillyvga_core_ins/vga_fifo_wrapper_ins/vga_fifo/U0/inst_fifo_gen/gconvfifo.rf/grf.rf/rstblk/rd_clk
    SLICE_X26Y55         FDPE                                         r  xillybus_ins/system_i/vivado_system_i/xillyvga_0/inst/xillyvga_core_ins/vga_fifo_wrapper_ins/vga_fifo/U0/inst_fifo_gen/gconvfifo.rf/grf.rf/rstblk/ngwrdrst.grst.g7serrst.gnsckt_wrst.gic_rst.sckt_rd_rst_ic_reg/C
  -------------------------------------------------------------------    -------------------
    SLICE_X26Y55         FDPE (Prop_fdpe_C_Q)         0.518     9.878 f  xillybus_ins/system_i/vivado_system_i/xillyvga_0/inst/xillyvga_core_ins/vga_fifo_wrapper_ins/vga_fifo/U0/inst_fifo_gen/gconvfifo.rf/grf.rf/rstblk/ngwrdrst.grst.g7serrst.gnsckt_wrst.gic_rst.sckt_rd_rst_ic_reg/Q
                         net (fo=24, routed)          1.413    11.291    xillybus_ins/system_i/vivado_system_i/xillyvga_0/inst/xillyvga_core_ins/vga_fifo_wrapper_ins/vga_fifo/U0/inst_fifo_gen/gconvfifo.rf/grf.rf/gntv_or_sync_fifo.gl0.rd/rpntr/AR[0]
    SLICE_X28Y48         FDCE                                         f  xillybus_ins/system_i/vivado_system_i/xillyvga_0/inst/xillyvga_core_ins/vga_fifo_wrapper_ins/vga_fifo/U0/inst_fifo_gen/gconvfifo.rf/grf.rf/gntv_or_sync_fifo.gl0.rd/rpntr/gc0.count_d1_reg[0]/CLR
  -------------------------------------------------------------------    -------------------

                         (clock vga_clk_ins/clkout0 rise edge)
                                                     15.385    15.385 r  
    Y9                                                0.000    15.385 r  clk_100 (IN)
                         net (fo=0)                   0.000    15.385    clk_100
    Y9                   IBUF (Prop_ibuf_I_O)         1.420    16.804 r  clk_100_IBUF_inst/O
                         net (fo=1, routed)           1.972    18.776    clk_100_IBUF
    BUFGCTRL_X0Y1        BUFG (Prop_bufg_I_O)         0.091    18.867 r  clk_100_IBUF_BUFG_inst/O
                         net (fo=4, routed)           1.631    20.499    xillybus_ins/system_i/vivado_system_i/xillyvga_0/inst/xillyvga_core_ins/clk_in
    PLLE2_ADV_X1Y0       PLLE2_ADV (Prop_plle2_adv_CLKIN1_CLKOUT0)
                                                      0.083    20.582 r  xillybus_ins/system_i/vivado_system_i/xillyvga_0/inst/xillyvga_core_ins/vga_clk_ins/vga_pll/CLKOUT0
                         net (fo=1, routed)           1.720    22.302    xillybus_ins/system_i/vivado_system_i/xillyvga_0/inst/xillyvga_core_ins/vga_clk_ins/clkout0
    BUFGCTRL_X0Y0        BUFG (Prop_bufg_I_O)         0.091    22.393 r  xillybus_ins/system_i/vivado_system_i/xillyvga_0/inst/xillyvga_core_ins/vga_clk_ins/clkout1_buf/O
                         net (fo=195, routed)         1.569    23.962    xillybus_ins/system_i/vivado_system_i/xillyvga_0/inst/xillyvga_core_ins/vga_fifo_wrapper_ins/vga_fifo/U0/inst_fifo_gen/gconvfifo.rf/grf.rf/gntv_or_sync_fifo.gl0.rd/rpntr/rd_clk
    SLICE_X28Y48         FDCE                                         r  xillybus_ins/system_i/vivado_system_i/xillyvga_0/inst/xillyvga_core_ins/vga_fifo_wrapper_ins/vga_fifo/U0/inst_fifo_gen/gconvfifo.rf/grf.rf/gntv_or_sync_fifo.gl0.rd/rpntr/gc0.count_d1_reg[0]/C
                         clock pessimism              0.654    24.616    
                         clock uncertainty           -0.121    24.495    
    SLICE_X28Y48         FDCE (Recov_fdce_C_CLR)     -0.405    24.090    xillybus_ins/system_i/vivado_system_i/xillyvga_0/inst/xillyvga_core_ins/vga_fifo_wrapper_ins/vga_fifo/U0/inst_fifo_gen/gconvfifo.rf/grf.rf/gntv_or_sync_fifo.gl0.rd/rpntr/gc0.count_d1_reg[0]
  -------------------------------------------------------------------
                         required time                         24.090    
                         arrival time                         -11.291    
  -------------------------------------------------------------------
                         slack                                 12.799    

Slack (MET) :             12.799ns  (required time - arrival time)
  Source:                 xillybus_ins/system_i/vivado_system_i/xillyvga_0/inst/xillyvga_core_ins/vga_fifo_wrapper_ins/vga_fifo/U0/inst_fifo_gen/gconvfifo.rf/grf.rf/rstblk/ngwrdrst.grst.g7serrst.gnsckt_wrst.gic_rst.sckt_rd_rst_ic_reg/C
                            (rising edge-triggered cell FDPE clocked by vga_clk_ins/clkout0  {rise@0.000ns fall@7.692ns period=15.385ns})
  Destination:            xillybus_ins/system_i/vivado_system_i/xillyvga_0/inst/xillyvga_core_ins/vga_fifo_wrapper_ins/vga_fifo/U0/inst_fifo_gen/gconvfifo.rf/grf.rf/gntv_or_sync_fifo.gl0.rd/rpntr/gc0.count_d1_reg[1]/CLR
                            (recovery check against rising-edge clock vga_clk_ins/clkout0  {rise@0.000ns fall@7.692ns period=15.385ns})
  Path Group:             **async_default**
  Path Type:              Recovery (Max at Slow Process Corner)
  Requirement:            15.385ns  (vga_clk_ins/clkout0 rise@15.385ns - vga_clk_ins/clkout0 rise@0.000ns)
  Data Path Delay:        1.931ns  (logic 0.518ns (26.825%)  route 1.413ns (73.175%))
  Logic Levels:           0  
  Clock Path Skew:        -0.129ns (DCD - SCD + CPR)
    Destination Clock Delay (DCD):    8.578ns = ( 23.962 - 15.385 ) 
    Source Clock Delay      (SCD):    9.360ns
    Clock Pessimism Removal (CPR):    0.654ns
  Clock Uncertainty:      0.121ns  ((TSJ^2 + DJ^2)^1/2) / 2 + PE
    Total System Jitter     (TSJ):    0.071ns
    Discrete Jitter          (DJ):    0.232ns
    Phase Error              (PE):    0.000ns

    Location             Delay type                Incr(ns)  Path(ns)    Netlist Resource(s)
  -------------------------------------------------------------------    -------------------
                         (clock vga_clk_ins/clkout0 rise edge)
                                                      0.000     0.000 r  
    Y9                                                0.000     0.000 r  clk_100 (IN)
                         net (fo=0)                   0.000     0.000    clk_100
    Y9                   IBUF (Prop_ibuf_I_O)         1.490     1.490 r  clk_100_IBUF_inst/O
                         net (fo=1, routed)           2.171     3.661    clk_100_IBUF
    BUFGCTRL_X0Y1        BUFG (Prop_bufg_I_O)         0.101     3.762 r  clk_100_IBUF_BUFG_inst/O
                         net (fo=4, routed)           1.828     5.590    xillybus_ins/system_i/vivado_system_i/xillyvga_0/inst/xillyvga_core_ins/clk_in
    PLLE2_ADV_X1Y0       PLLE2_ADV (Prop_plle2_adv_CLKIN1_CLKOUT0)
                                                      0.088     5.678 r  xillybus_ins/system_i/vivado_system_i/xillyvga_0/inst/xillyvga_core_ins/vga_clk_ins/vga_pll/CLKOUT0
                         net (fo=1, routed)           1.883     7.561    xillybus_ins/system_i/vivado_system_i/xillyvga_0/inst/xillyvga_core_ins/vga_clk_ins/clkout0
    BUFGCTRL_X0Y0        BUFG (Prop_bufg_I_O)         0.101     7.662 r  xillybus_ins/system_i/vivado_system_i/xillyvga_0/inst/xillyvga_core_ins/vga_clk_ins/clkout1_buf/O
                         net (fo=195, routed)         1.698     9.360    xillybus_ins/system_i/vivado_system_i/xillyvga_0/inst/xillyvga_core_ins/vga_fifo_wrapper_ins/vga_fifo/U0/inst_fifo_gen/gconvfifo.rf/grf.rf/rstblk/rd_clk
    SLICE_X26Y55         FDPE                                         r  xillybus_ins/system_i/vivado_system_i/xillyvga_0/inst/xillyvga_core_ins/vga_fifo_wrapper_ins/vga_fifo/U0/inst_fifo_gen/gconvfifo.rf/grf.rf/rstblk/ngwrdrst.grst.g7serrst.gnsckt_wrst.gic_rst.sckt_rd_rst_ic_reg/C
  -------------------------------------------------------------------    -------------------
    SLICE_X26Y55         FDPE (Prop_fdpe_C_Q)         0.518     9.878 f  xillybus_ins/system_i/vivado_system_i/xillyvga_0/inst/xillyvga_core_ins/vga_fifo_wrapper_ins/vga_fifo/U0/inst_fifo_gen/gconvfifo.rf/grf.rf/rstblk/ngwrdrst.grst.g7serrst.gnsckt_wrst.gic_rst.sckt_rd_rst_ic_reg/Q
                         net (fo=24, routed)          1.413    11.291    xillybus_ins/system_i/vivado_system_i/xillyvga_0/inst/xillyvga_core_ins/vga_fifo_wrapper_ins/vga_fifo/U0/inst_fifo_gen/gconvfifo.rf/grf.rf/gntv_or_sync_fifo.gl0.rd/rpntr/AR[0]
    SLICE_X28Y48         FDCE                                         f  xillybus_ins/system_i/vivado_system_i/xillyvga_0/inst/xillyvga_core_ins/vga_fifo_wrapper_ins/vga_fifo/U0/inst_fifo_gen/gconvfifo.rf/grf.rf/gntv_or_sync_fifo.gl0.rd/rpntr/gc0.count_d1_reg[1]/CLR
  -------------------------------------------------------------------    -------------------

                         (clock vga_clk_ins/clkout0 rise edge)
                                                     15.385    15.385 r  
    Y9                                                0.000    15.385 r  clk_100 (IN)
                         net (fo=0)                   0.000    15.385    clk_100
    Y9                   IBUF (Prop_ibuf_I_O)         1.420    16.804 r  clk_100_IBUF_inst/O
                         net (fo=1, routed)           1.972    18.776    clk_100_IBUF
    BUFGCTRL_X0Y1        BUFG (Prop_bufg_I_O)         0.091    18.867 r  clk_100_IBUF_BUFG_inst/O
                         net (fo=4, routed)           1.631    20.499    xillybus_ins/system_i/vivado_system_i/xillyvga_0/inst/xillyvga_core_ins/clk_in
    PLLE2_ADV_X1Y0       PLLE2_ADV (Prop_plle2_adv_CLKIN1_CLKOUT0)
                                                      0.083    20.582 r  xillybus_ins/system_i/vivado_system_i/xillyvga_0/inst/xillyvga_core_ins/vga_clk_ins/vga_pll/CLKOUT0
                         net (fo=1, routed)           1.720    22.302    xillybus_ins/system_i/vivado_system_i/xillyvga_0/inst/xillyvga_core_ins/vga_clk_ins/clkout0
    BUFGCTRL_X0Y0        BUFG (Prop_bufg_I_O)         0.091    22.393 r  xillybus_ins/system_i/vivado_system_i/xillyvga_0/inst/xillyvga_core_ins/vga_clk_ins/clkout1_buf/O
                         net (fo=195, routed)         1.569    23.962    xillybus_ins/system_i/vivado_system_i/xillyvga_0/inst/xillyvga_core_ins/vga_fifo_wrapper_ins/vga_fifo/U0/inst_fifo_gen/gconvfifo.rf/grf.rf/gntv_or_sync_fifo.gl0.rd/rpntr/rd_clk
    SLICE_X28Y48         FDCE                                         r  xillybus_ins/system_i/vivado_system_i/xillyvga_0/inst/xillyvga_core_ins/vga_fifo_wrapper_ins/vga_fifo/U0/inst_fifo_gen/gconvfifo.rf/grf.rf/gntv_or_sync_fifo.gl0.rd/rpntr/gc0.count_d1_reg[1]/C
                         clock pessimism              0.654    24.616    
                         clock uncertainty           -0.121    24.495    
    SLICE_X28Y48         FDCE (Recov_fdce_C_CLR)     -0.405    24.090    xillybus_ins/system_i/vivado_system_i/xillyvga_0/inst/xillyvga_core_ins/vga_fifo_wrapper_ins/vga_fifo/U0/inst_fifo_gen/gconvfifo.rf/grf.rf/gntv_or_sync_fifo.gl0.rd/rpntr/gc0.count_d1_reg[1]
  -------------------------------------------------------------------
                         required time                         24.090    
                         arrival time                         -11.291    
  -------------------------------------------------------------------
                         slack                                 12.799    

Slack (MET) :             12.799ns  (required time - arrival time)
  Source:                 xillybus_ins/system_i/vivado_system_i/xillyvga_0/inst/xillyvga_core_ins/vga_fifo_wrapper_ins/vga_fifo/U0/inst_fifo_gen/gconvfifo.rf/grf.rf/rstblk/ngwrdrst.grst.g7serrst.gnsckt_wrst.gic_rst.sckt_rd_rst_ic_reg/C
                            (rising edge-triggered cell FDPE clocked by vga_clk_ins/clkout0  {rise@0.000ns fall@7.692ns period=15.385ns})
  Destination:            xillybus_ins/system_i/vivado_system_i/xillyvga_0/inst/xillyvga_core_ins/vga_fifo_wrapper_ins/vga_fifo/U0/inst_fifo_gen/gconvfifo.rf/grf.rf/gntv_or_sync_fifo.gl0.rd/rpntr/gc0.count_d1_reg[2]/CLR
                            (recovery check against rising-edge clock vga_clk_ins/clkout0  {rise@0.000ns fall@7.692ns period=15.385ns})
  Path Group:             **async_default**
  Path Type:              Recovery (Max at Slow Process Corner)
  Requirement:            15.385ns  (vga_clk_ins/clkout0 rise@15.385ns - vga_clk_ins/clkout0 rise@0.000ns)
  Data Path Delay:        1.931ns  (logic 0.518ns (26.825%)  route 1.413ns (73.175%))
  Logic Levels:           0  
  Clock Path Skew:        -0.129ns (DCD - SCD + CPR)
    Destination Clock Delay (DCD):    8.578ns = ( 23.962 - 15.385 ) 
    Source Clock Delay      (SCD):    9.360ns
    Clock Pessimism Removal (CPR):    0.654ns
  Clock Uncertainty:      0.121ns  ((TSJ^2 + DJ^2)^1/2) / 2 + PE
    Total System Jitter     (TSJ):    0.071ns
    Discrete Jitter          (DJ):    0.232ns
    Phase Error              (PE):    0.000ns

    Location             Delay type                Incr(ns)  Path(ns)    Netlist Resource(s)
  -------------------------------------------------------------------    -------------------
                         (clock vga_clk_ins/clkout0 rise edge)
                                                      0.000     0.000 r  
    Y9                                                0.000     0.000 r  clk_100 (IN)
                         net (fo=0)                   0.000     0.000    clk_100
    Y9                   IBUF (Prop_ibuf_I_O)         1.490     1.490 r  clk_100_IBUF_inst/O
                         net (fo=1, routed)           2.171     3.661    clk_100_IBUF
    BUFGCTRL_X0Y1        BUFG (Prop_bufg_I_O)         0.101     3.762 r  clk_100_IBUF_BUFG_inst/O
                         net (fo=4, routed)           1.828     5.590    xillybus_ins/system_i/vivado_system_i/xillyvga_0/inst/xillyvga_core_ins/clk_in
    PLLE2_ADV_X1Y0       PLLE2_ADV (Prop_plle2_adv_CLKIN1_CLKOUT0)
                                                      0.088     5.678 r  xillybus_ins/system_i/vivado_system_i/xillyvga_0/inst/xillyvga_core_ins/vga_clk_ins/vga_pll/CLKOUT0
                         net (fo=1, routed)           1.883     7.561    xillybus_ins/system_i/vivado_system_i/xillyvga_0/inst/xillyvga_core_ins/vga_clk_ins/clkout0
    BUFGCTRL_X0Y0        BUFG (Prop_bufg_I_O)         0.101     7.662 r  xillybus_ins/system_i/vivado_system_i/xillyvga_0/inst/xillyvga_core_ins/vga_clk_ins/clkout1_buf/O
                         net (fo=195, routed)         1.698     9.360    xillybus_ins/system_i/vivado_system_i/xillyvga_0/inst/xillyvga_core_ins/vga_fifo_wrapper_ins/vga_fifo/U0/inst_fifo_gen/gconvfifo.rf/grf.rf/rstblk/rd_clk
    SLICE_X26Y55         FDPE                                         r  xillybus_ins/system_i/vivado_system_i/xillyvga_0/inst/xillyvga_core_ins/vga_fifo_wrapper_ins/vga_fifo/U0/inst_fifo_gen/gconvfifo.rf/grf.rf/rstblk/ngwrdrst.grst.g7serrst.gnsckt_wrst.gic_rst.sckt_rd_rst_ic_reg/C
  -------------------------------------------------------------------    -------------------
    SLICE_X26Y55         FDPE (Prop_fdpe_C_Q)         0.518     9.878 f  xillybus_ins/system_i/vivado_system_i/xillyvga_0/inst/xillyvga_core_ins/vga_fifo_wrapper_ins/vga_fifo/U0/inst_fifo_gen/gconvfifo.rf/grf.rf/rstblk/ngwrdrst.grst.g7serrst.gnsckt_wrst.gic_rst.sckt_rd_rst_ic_reg/Q
                         net (fo=24, routed)          1.413    11.291    xillybus_ins/system_i/vivado_system_i/xillyvga_0/inst/xillyvga_core_ins/vga_fifo_wrapper_ins/vga_fifo/U0/inst_fifo_gen/gconvfifo.rf/grf.rf/gntv_or_sync_fifo.gl0.rd/rpntr/AR[0]
    SLICE_X28Y48         FDCE                                         f  xillybus_ins/system_i/vivado_system_i/xillyvga_0/inst/xillyvga_core_ins/vga_fifo_wrapper_ins/vga_fifo/U0/inst_fifo_gen/gconvfifo.rf/grf.rf/gntv_or_sync_fifo.gl0.rd/rpntr/gc0.count_d1_reg[2]/CLR
  -------------------------------------------------------------------    -------------------

                         (clock vga_clk_ins/clkout0 rise edge)
                                                     15.385    15.385 r  
    Y9                                                0.000    15.385 r  clk_100 (IN)
                         net (fo=0)                   0.000    15.385    clk_100
    Y9                   IBUF (Prop_ibuf_I_O)         1.420    16.804 r  clk_100_IBUF_inst/O
                         net (fo=1, routed)           1.972    18.776    clk_100_IBUF
    BUFGCTRL_X0Y1        BUFG (Prop_bufg_I_O)         0.091    18.867 r  clk_100_IBUF_BUFG_inst/O
                         net (fo=4, routed)           1.631    20.499    xillybus_ins/system_i/vivado_system_i/xillyvga_0/inst/xillyvga_core_ins/clk_in
    PLLE2_ADV_X1Y0       PLLE2_ADV (Prop_plle2_adv_CLKIN1_CLKOUT0)
                                                      0.083    20.582 r  xillybus_ins/system_i/vivado_system_i/xillyvga_0/inst/xillyvga_core_ins/vga_clk_ins/vga_pll/CLKOUT0
                         net (fo=1, routed)           1.720    22.302    xillybus_ins/system_i/vivado_system_i/xillyvga_0/inst/xillyvga_core_ins/vga_clk_ins/clkout0
    BUFGCTRL_X0Y0        BUFG (Prop_bufg_I_O)         0.091    22.393 r  xillybus_ins/system_i/vivado_system_i/xillyvga_0/inst/xillyvga_core_ins/vga_clk_ins/clkout1_buf/O
                         net (fo=195, routed)         1.569    23.962    xillybus_ins/system_i/vivado_system_i/xillyvga_0/inst/xillyvga_core_ins/vga_fifo_wrapper_ins/vga_fifo/U0/inst_fifo_gen/gconvfifo.rf/grf.rf/gntv_or_sync_fifo.gl0.rd/rpntr/rd_clk
    SLICE_X28Y48         FDCE                                         r  xillybus_ins/system_i/vivado_system_i/xillyvga_0/inst/xillyvga_core_ins/vga_fifo_wrapper_ins/vga_fifo/U0/inst_fifo_gen/gconvfifo.rf/grf.rf/gntv_or_sync_fifo.gl0.rd/rpntr/gc0.count_d1_reg[2]/C
                         clock pessimism              0.654    24.616    
                         clock uncertainty           -0.121    24.495    
    SLICE_X28Y48         FDCE (Recov_fdce_C_CLR)     -0.405    24.090    xillybus_ins/system_i/vivado_system_i/xillyvga_0/inst/xillyvga_core_ins/vga_fifo_wrapper_ins/vga_fifo/U0/inst_fifo_gen/gconvfifo.rf/grf.rf/gntv_or_sync_fifo.gl0.rd/rpntr/gc0.count_d1_reg[2]
  -------------------------------------------------------------------
                         required time                         24.090    
                         arrival time                         -11.291    
  -------------------------------------------------------------------
                         slack                                 12.799    

Slack (MET) :             12.937ns  (required time - arrival time)
  Source:                 xillybus_ins/system_i/vivado_system_i/xillyvga_0/inst/xillyvga_core_ins/vga_fifo_wrapper_ins/vga_fifo/U0/inst_fifo_gen/gconvfifo.rf/grf.rf/rstblk/ngwrdrst.grst.g7serrst.gnsckt_wrst.gic_rst.sckt_rd_rst_ic_reg/C
                            (rising edge-triggered cell FDPE clocked by vga_clk_ins/clkout0  {rise@0.000ns fall@7.692ns period=15.385ns})
  Destination:            xillybus_ins/system_i/vivado_system_i/xillyvga_0/inst/xillyvga_core_ins/vga_fifo_wrapper_ins/vga_fifo/U0/inst_fifo_gen/gconvfifo.rf/grf.rf/gntv_or_sync_fifo.gl0.rd/rpntr/gc0.count_d1_reg[3]/CLR
                            (recovery check against rising-edge clock vga_clk_ins/clkout0  {rise@0.000ns fall@7.692ns period=15.385ns})
  Path Group:             **async_default**
  Path Type:              Recovery (Max at Slow Process Corner)
  Requirement:            15.385ns  (vga_clk_ins/clkout0 rise@15.385ns - vga_clk_ins/clkout0 rise@0.000ns)
  Data Path Delay:        1.793ns  (logic 0.518ns (28.896%)  route 1.275ns (71.104%))
  Logic Levels:           0  
  Clock Path Skew:        -0.129ns (DCD - SCD + CPR)
    Destination Clock Delay (DCD):    8.578ns = ( 23.962 - 15.385 ) 
    Source Clock Delay      (SCD):    9.360ns
    Clock Pessimism Removal (CPR):    0.654ns
  Clock Uncertainty:      0.121ns  ((TSJ^2 + DJ^2)^1/2) / 2 + PE
    Total System Jitter     (TSJ):    0.071ns
    Discrete Jitter          (DJ):    0.232ns
    Phase Error              (PE):    0.000ns

    Location             Delay type                Incr(ns)  Path(ns)    Netlist Resource(s)
  -------------------------------------------------------------------    -------------------
                         (clock vga_clk_ins/clkout0 rise edge)
                                                      0.000     0.000 r  
    Y9                                                0.000     0.000 r  clk_100 (IN)
                         net (fo=0)                   0.000     0.000    clk_100
    Y9                   IBUF (Prop_ibuf_I_O)         1.490     1.490 r  clk_100_IBUF_inst/O
                         net (fo=1, routed)           2.171     3.661    clk_100_IBUF
    BUFGCTRL_X0Y1        BUFG (Prop_bufg_I_O)         0.101     3.762 r  clk_100_IBUF_BUFG_inst/O
                         net (fo=4, routed)           1.828     5.590    xillybus_ins/system_i/vivado_system_i/xillyvga_0/inst/xillyvga_core_ins/clk_in
    PLLE2_ADV_X1Y0       PLLE2_ADV (Prop_plle2_adv_CLKIN1_CLKOUT0)
                                                      0.088     5.678 r  xillybus_ins/system_i/vivado_system_i/xillyvga_0/inst/xillyvga_core_ins/vga_clk_ins/vga_pll/CLKOUT0
                         net (fo=1, routed)           1.883     7.561    xillybus_ins/system_i/vivado_system_i/xillyvga_0/inst/xillyvga_core_ins/vga_clk_ins/clkout0
    BUFGCTRL_X0Y0        BUFG (Prop_bufg_I_O)         0.101     7.662 r  xillybus_ins/system_i/vivado_system_i/xillyvga_0/inst/xillyvga_core_ins/vga_clk_ins/clkout1_buf/O
                         net (fo=195, routed)         1.698     9.360    xillybus_ins/system_i/vivado_system_i/xillyvga_0/inst/xillyvga_core_ins/vga_fifo_wrapper_ins/vga_fifo/U0/inst_fifo_gen/gconvfifo.rf/grf.rf/rstblk/rd_clk
    SLICE_X26Y55         FDPE                                         r  xillybus_ins/system_i/vivado_system_i/xillyvga_0/inst/xillyvga_core_ins/vga_fifo_wrapper_ins/vga_fifo/U0/inst_fifo_gen/gconvfifo.rf/grf.rf/rstblk/ngwrdrst.grst.g7serrst.gnsckt_wrst.gic_rst.sckt_rd_rst_ic_reg/C
  -------------------------------------------------------------------    -------------------
    SLICE_X26Y55         FDPE (Prop_fdpe_C_Q)         0.518     9.878 f  xillybus_ins/system_i/vivado_system_i/xillyvga_0/inst/xillyvga_core_ins/vga_fifo_wrapper_ins/vga_fifo/U0/inst_fifo_gen/gconvfifo.rf/grf.rf/rstblk/ngwrdrst.grst.g7serrst.gnsckt_wrst.gic_rst.sckt_rd_rst_ic_reg/Q
                         net (fo=24, routed)          1.275    11.153    xillybus_ins/system_i/vivado_system_i/xillyvga_0/inst/xillyvga_core_ins/vga_fifo_wrapper_ins/vga_fifo/U0/inst_fifo_gen/gconvfifo.rf/grf.rf/gntv_or_sync_fifo.gl0.rd/rpntr/AR[0]
    SLICE_X28Y47         FDCE                                         f  xillybus_ins/system_i/vivado_system_i/xillyvga_0/inst/xillyvga_core_ins/vga_fifo_wrapper_ins/vga_fifo/U0/inst_fifo_gen/gconvfifo.rf/grf.rf/gntv_or_sync_fifo.gl0.rd/rpntr/gc0.count_d1_reg[3]/CLR
  -------------------------------------------------------------------    -------------------

                         (clock vga_clk_ins/clkout0 rise edge)
                                                     15.385    15.385 r  
    Y9                                                0.000    15.385 r  clk_100 (IN)
                         net (fo=0)                   0.000    15.385    clk_100
    Y9                   IBUF (Prop_ibuf_I_O)         1.420    16.804 r  clk_100_IBUF_inst/O
                         net (fo=1, routed)           1.972    18.776    clk_100_IBUF
    BUFGCTRL_X0Y1        BUFG (Prop_bufg_I_O)         0.091    18.867 r  clk_100_IBUF_BUFG_inst/O
                         net (fo=4, routed)           1.631    20.499    xillybus_ins/system_i/vivado_system_i/xillyvga_0/inst/xillyvga_core_ins/clk_in
    PLLE2_ADV_X1Y0       PLLE2_ADV (Prop_plle2_adv_CLKIN1_CLKOUT0)
                                                      0.083    20.582 r  xillybus_ins/system_i/vivado_system_i/xillyvga_0/inst/xillyvga_core_ins/vga_clk_ins/vga_pll/CLKOUT0
                         net (fo=1, routed)           1.720    22.302    xillybus_ins/system_i/vivado_system_i/xillyvga_0/inst/xillyvga_core_ins/vga_clk_ins/clkout0
    BUFGCTRL_X0Y0        BUFG (Prop_bufg_I_O)         0.091    22.393 r  xillybus_ins/system_i/vivado_system_i/xillyvga_0/inst/xillyvga_core_ins/vga_clk_ins/clkout1_buf/O
                         net (fo=195, routed)         1.569    23.962    xillybus_ins/system_i/vivado_system_i/xillyvga_0/inst/xillyvga_core_ins/vga_fifo_wrapper_ins/vga_fifo/U0/inst_fifo_gen/gconvfifo.rf/grf.rf/gntv_or_sync_fifo.gl0.rd/rpntr/rd_clk
    SLICE_X28Y47         FDCE                                         r  xillybus_ins/system_i/vivado_system_i/xillyvga_0/inst/xillyvga_core_ins/vga_fifo_wrapper_ins/vga_fifo/U0/inst_fifo_gen/gconvfifo.rf/grf.rf/gntv_or_sync_fifo.gl0.rd/rpntr/gc0.count_d1_reg[3]/C
                         clock pessimism              0.654    24.616    
                         clock uncertainty           -0.121    24.495    
    SLICE_X28Y47         FDCE (Recov_fdce_C_CLR)     -0.405    24.090    xillybus_ins/system_i/vivado_system_i/xillyvga_0/inst/xillyvga_core_ins/vga_fifo_wrapper_ins/vga_fifo/U0/inst_fifo_gen/gconvfifo.rf/grf.rf/gntv_or_sync_fifo.gl0.rd/rpntr/gc0.count_d1_reg[3]
  -------------------------------------------------------------------
                         required time                         24.090    
                         arrival time                         -11.153    
  -------------------------------------------------------------------
                         slack                                 12.937    

Slack (MET) :             12.937ns  (required time - arrival time)
  Source:                 xillybus_ins/system_i/vivado_system_i/xillyvga_0/inst/xillyvga_core_ins/vga_fifo_wrapper_ins/vga_fifo/U0/inst_fifo_gen/gconvfifo.rf/grf.rf/rstblk/ngwrdrst.grst.g7serrst.gnsckt_wrst.gic_rst.sckt_rd_rst_ic_reg/C
                            (rising edge-triggered cell FDPE clocked by vga_clk_ins/clkout0  {rise@0.000ns fall@7.692ns period=15.385ns})
  Destination:            xillybus_ins/system_i/vivado_system_i/xillyvga_0/inst/xillyvga_core_ins/vga_fifo_wrapper_ins/vga_fifo/U0/inst_fifo_gen/gconvfifo.rf/grf.rf/gntv_or_sync_fifo.gl0.rd/rpntr/gc0.count_d1_reg[6]/CLR
                            (recovery check against rising-edge clock vga_clk_ins/clkout0  {rise@0.000ns fall@7.692ns period=15.385ns})
  Path Group:             **async_default**
  Path Type:              Recovery (Max at Slow Process Corner)
  Requirement:            15.385ns  (vga_clk_ins/clkout0 rise@15.385ns - vga_clk_ins/clkout0 rise@0.000ns)
  Data Path Delay:        1.793ns  (logic 0.518ns (28.896%)  route 1.275ns (71.104%))
  Logic Levels:           0  
  Clock Path Skew:        -0.129ns (DCD - SCD + CPR)
    Destination Clock Delay (DCD):    8.578ns = ( 23.962 - 15.385 ) 
    Source Clock Delay      (SCD):    9.360ns
    Clock Pessimism Removal (CPR):    0.654ns
  Clock Uncertainty:      0.121ns  ((TSJ^2 + DJ^2)^1/2) / 2 + PE
    Total System Jitter     (TSJ):    0.071ns
    Discrete Jitter          (DJ):    0.232ns
    Phase Error              (PE):    0.000ns

    Location             Delay type                Incr(ns)  Path(ns)    Netlist Resource(s)
  -------------------------------------------------------------------    -------------------
                         (clock vga_clk_ins/clkout0 rise edge)
                                                      0.000     0.000 r  
    Y9                                                0.000     0.000 r  clk_100 (IN)
                         net (fo=0)                   0.000     0.000    clk_100
    Y9                   IBUF (Prop_ibuf_I_O)         1.490     1.490 r  clk_100_IBUF_inst/O
                         net (fo=1, routed)           2.171     3.661    clk_100_IBUF
    BUFGCTRL_X0Y1        BUFG (Prop_bufg_I_O)         0.101     3.762 r  clk_100_IBUF_BUFG_inst/O
                         net (fo=4, routed)           1.828     5.590    xillybus_ins/system_i/vivado_system_i/xillyvga_0/inst/xillyvga_core_ins/clk_in
    PLLE2_ADV_X1Y0       PLLE2_ADV (Prop_plle2_adv_CLKIN1_CLKOUT0)
                                                      0.088     5.678 r  xillybus_ins/system_i/vivado_system_i/xillyvga_0/inst/xillyvga_core_ins/vga_clk_ins/vga_pll/CLKOUT0
                         net (fo=1, routed)           1.883     7.561    xillybus_ins/system_i/vivado_system_i/xillyvga_0/inst/xillyvga_core_ins/vga_clk_ins/clkout0
    BUFGCTRL_X0Y0        BUFG (Prop_bufg_I_O)         0.101     7.662 r  xillybus_ins/system_i/vivado_system_i/xillyvga_0/inst/xillyvga_core_ins/vga_clk_ins/clkout1_buf/O
                         net (fo=195, routed)         1.698     9.360    xillybus_ins/system_i/vivado_system_i/xillyvga_0/inst/xillyvga_core_ins/vga_fifo_wrapper_ins/vga_fifo/U0/inst_fifo_gen/gconvfifo.rf/grf.rf/rstblk/rd_clk
    SLICE_X26Y55         FDPE                                         r  xillybus_ins/system_i/vivado_system_i/xillyvga_0/inst/xillyvga_core_ins/vga_fifo_wrapper_ins/vga_fifo/U0/inst_fifo_gen/gconvfifo.rf/grf.rf/rstblk/ngwrdrst.grst.g7serrst.gnsckt_wrst.gic_rst.sckt_rd_rst_ic_reg/C
  -------------------------------------------------------------------    -------------------
    SLICE_X26Y55         FDPE (Prop_fdpe_C_Q)         0.518     9.878 f  xillybus_ins/system_i/vivado_system_i/xillyvga_0/inst/xillyvga_core_ins/vga_fifo_wrapper_ins/vga_fifo/U0/inst_fifo_gen/gconvfifo.rf/grf.rf/rstblk/ngwrdrst.grst.g7serrst.gnsckt_wrst.gic_rst.sckt_rd_rst_ic_reg/Q
                         net (fo=24, routed)          1.275    11.153    xillybus_ins/system_i/vivado_system_i/xillyvga_0/inst/xillyvga_core_ins/vga_fifo_wrapper_ins/vga_fifo/U0/inst_fifo_gen/gconvfifo.rf/grf.rf/gntv_or_sync_fifo.gl0.rd/rpntr/AR[0]
    SLICE_X28Y47         FDCE                                         f  xillybus_ins/system_i/vivado_system_i/xillyvga_0/inst/xillyvga_core_ins/vga_fifo_wrapper_ins/vga_fifo/U0/inst_fifo_gen/gconvfifo.rf/grf.rf/gntv_or_sync_fifo.gl0.rd/rpntr/gc0.count_d1_reg[6]/CLR
  -------------------------------------------------------------------    -------------------

                         (clock vga_clk_ins/clkout0 rise edge)
                                                     15.385    15.385 r  
    Y9                                                0.000    15.385 r  clk_100 (IN)
                         net (fo=0)                   0.000    15.385    clk_100
    Y9                   IBUF (Prop_ibuf_I_O)         1.420    16.804 r  clk_100_IBUF_inst/O
                         net (fo=1, routed)           1.972    18.776    clk_100_IBUF
    BUFGCTRL_X0Y1        BUFG (Prop_bufg_I_O)         0.091    18.867 r  clk_100_IBUF_BUFG_inst/O
                         net (fo=4, routed)           1.631    20.499    xillybus_ins/system_i/vivado_system_i/xillyvga_0/inst/xillyvga_core_ins/clk_in
    PLLE2_ADV_X1Y0       PLLE2_ADV (Prop_plle2_adv_CLKIN1_CLKOUT0)
                                                      0.083    20.582 r  xillybus_ins/system_i/vivado_system_i/xillyvga_0/inst/xillyvga_core_ins/vga_clk_ins/vga_pll/CLKOUT0
                         net (fo=1, routed)           1.720    22.302    xillybus_ins/system_i/vivado_system_i/xillyvga_0/inst/xillyvga_core_ins/vga_clk_ins/clkout0
    BUFGCTRL_X0Y0        BUFG (Prop_bufg_I_O)         0.091    22.393 r  xillybus_ins/system_i/vivado_system_i/xillyvga_0/inst/xillyvga_core_ins/vga_clk_ins/clkout1_buf/O
                         net (fo=195, routed)         1.569    23.962    xillybus_ins/system_i/vivado_system_i/xillyvga_0/inst/xillyvga_core_ins/vga_fifo_wrapper_ins/vga_fifo/U0/inst_fifo_gen/gconvfifo.rf/grf.rf/gntv_or_sync_fifo.gl0.rd/rpntr/rd_clk
    SLICE_X28Y47         FDCE                                         r  xillybus_ins/system_i/vivado_system_i/xillyvga_0/inst/xillyvga_core_ins/vga_fifo_wrapper_ins/vga_fifo/U0/inst_fifo_gen/gconvfifo.rf/grf.rf/gntv_or_sync_fifo.gl0.rd/rpntr/gc0.count_d1_reg[6]/C
                         clock pessimism              0.654    24.616    
                         clock uncertainty           -0.121    24.495    
    SLICE_X28Y47         FDCE (Recov_fdce_C_CLR)     -0.405    24.090    xillybus_ins/system_i/vivado_system_i/xillyvga_0/inst/xillyvga_core_ins/vga_fifo_wrapper_ins/vga_fifo/U0/inst_fifo_gen/gconvfifo.rf/grf.rf/gntv_or_sync_fifo.gl0.rd/rpntr/gc0.count_d1_reg[6]
  -------------------------------------------------------------------
                         required time                         24.090    
                         arrival time                         -11.153    
  -------------------------------------------------------------------
                         slack                                 12.937    

Slack (MET) :             12.937ns  (required time - arrival time)
  Source:                 xillybus_ins/system_i/vivado_system_i/xillyvga_0/inst/xillyvga_core_ins/vga_fifo_wrapper_ins/vga_fifo/U0/inst_fifo_gen/gconvfifo.rf/grf.rf/rstblk/ngwrdrst.grst.g7serrst.gnsckt_wrst.gic_rst.sckt_rd_rst_ic_reg/C
                            (rising edge-triggered cell FDPE clocked by vga_clk_ins/clkout0  {rise@0.000ns fall@7.692ns period=15.385ns})
  Destination:            xillybus_ins/system_i/vivado_system_i/xillyvga_0/inst/xillyvga_core_ins/vga_fifo_wrapper_ins/vga_fifo/U0/inst_fifo_gen/gconvfifo.rf/grf.rf/gntv_or_sync_fifo.gl0.rd/rpntr/gc0.count_d1_reg[7]/CLR
                            (recovery check against rising-edge clock vga_clk_ins/clkout0  {rise@0.000ns fall@7.692ns period=15.385ns})
  Path Group:             **async_default**
  Path Type:              Recovery (Max at Slow Process Corner)
  Requirement:            15.385ns  (vga_clk_ins/clkout0 rise@15.385ns - vga_clk_ins/clkout0 rise@0.000ns)
  Data Path Delay:        1.793ns  (logic 0.518ns (28.896%)  route 1.275ns (71.104%))
  Logic Levels:           0  
  Clock Path Skew:        -0.129ns (DCD - SCD + CPR)
    Destination Clock Delay (DCD):    8.578ns = ( 23.962 - 15.385 ) 
    Source Clock Delay      (SCD):    9.360ns
    Clock Pessimism Removal (CPR):    0.654ns
  Clock Uncertainty:      0.121ns  ((TSJ^2 + DJ^2)^1/2) / 2 + PE
    Total System Jitter     (TSJ):    0.071ns
    Discrete Jitter          (DJ):    0.232ns
    Phase Error              (PE):    0.000ns

    Location             Delay type                Incr(ns)  Path(ns)    Netlist Resource(s)
  -------------------------------------------------------------------    -------------------
                         (clock vga_clk_ins/clkout0 rise edge)
                                                      0.000     0.000 r  
    Y9                                                0.000     0.000 r  clk_100 (IN)
                         net (fo=0)                   0.000     0.000    clk_100
    Y9                   IBUF (Prop_ibuf_I_O)         1.490     1.490 r  clk_100_IBUF_inst/O
                         net (fo=1, routed)           2.171     3.661    clk_100_IBUF
    BUFGCTRL_X0Y1        BUFG (Prop_bufg_I_O)         0.101     3.762 r  clk_100_IBUF_BUFG_inst/O
                         net (fo=4, routed)           1.828     5.590    xillybus_ins/system_i/vivado_system_i/xillyvga_0/inst/xillyvga_core_ins/clk_in
    PLLE2_ADV_X1Y0       PLLE2_ADV (Prop_plle2_adv_CLKIN1_CLKOUT0)
                                                      0.088     5.678 r  xillybus_ins/system_i/vivado_system_i/xillyvga_0/inst/xillyvga_core_ins/vga_clk_ins/vga_pll/CLKOUT0
                         net (fo=1, routed)           1.883     7.561    xillybus_ins/system_i/vivado_system_i/xillyvga_0/inst/xillyvga_core_ins/vga_clk_ins/clkout0
    BUFGCTRL_X0Y0        BUFG (Prop_bufg_I_O)         0.101     7.662 r  xillybus_ins/system_i/vivado_system_i/xillyvga_0/inst/xillyvga_core_ins/vga_clk_ins/clkout1_buf/O
                         net (fo=195, routed)         1.698     9.360    xillybus_ins/system_i/vivado_system_i/xillyvga_0/inst/xillyvga_core_ins/vga_fifo_wrapper_ins/vga_fifo/U0/inst_fifo_gen/gconvfifo.rf/grf.rf/rstblk/rd_clk
    SLICE_X26Y55         FDPE                                         r  xillybus_ins/system_i/vivado_system_i/xillyvga_0/inst/xillyvga_core_ins/vga_fifo_wrapper_ins/vga_fifo/U0/inst_fifo_gen/gconvfifo.rf/grf.rf/rstblk/ngwrdrst.grst.g7serrst.gnsckt_wrst.gic_rst.sckt_rd_rst_ic_reg/C
  -------------------------------------------------------------------    -------------------
    SLICE_X26Y55         FDPE (Prop_fdpe_C_Q)         0.518     9.878 f  xillybus_ins/system_i/vivado_system_i/xillyvga_0/inst/xillyvga_core_ins/vga_fifo_wrapper_ins/vga_fifo/U0/inst_fifo_gen/gconvfifo.rf/grf.rf/rstblk/ngwrdrst.grst.g7serrst.gnsckt_wrst.gic_rst.sckt_rd_rst_ic_reg/Q
                         net (fo=24, routed)          1.275    11.153    xillybus_ins/system_i/vivado_system_i/xillyvga_0/inst/xillyvga_core_ins/vga_fifo_wrapper_ins/vga_fifo/U0/inst_fifo_gen/gconvfifo.rf/grf.rf/gntv_or_sync_fifo.gl0.rd/rpntr/AR[0]
    SLICE_X28Y47         FDCE                                         f  xillybus_ins/system_i/vivado_system_i/xillyvga_0/inst/xillyvga_core_ins/vga_fifo_wrapper_ins/vga_fifo/U0/inst_fifo_gen/gconvfifo.rf/grf.rf/gntv_or_sync_fifo.gl0.rd/rpntr/gc0.count_d1_reg[7]/CLR
  -------------------------------------------------------------------    -------------------

                         (clock vga_clk_ins/clkout0 rise edge)
                                                     15.385    15.385 r  
    Y9                                                0.000    15.385 r  clk_100 (IN)
                         net (fo=0)                   0.000    15.385    clk_100
    Y9                   IBUF (Prop_ibuf_I_O)         1.420    16.804 r  clk_100_IBUF_inst/O
                         net (fo=1, routed)           1.972    18.776    clk_100_IBUF
    BUFGCTRL_X0Y1        BUFG (Prop_bufg_I_O)         0.091    18.867 r  clk_100_IBUF_BUFG_inst/O
                         net (fo=4, routed)           1.631    20.499    xillybus_ins/system_i/vivado_system_i/xillyvga_0/inst/xillyvga_core_ins/clk_in
    PLLE2_ADV_X1Y0       PLLE2_ADV (Prop_plle2_adv_CLKIN1_CLKOUT0)
                                                      0.083    20.582 r  xillybus_ins/system_i/vivado_system_i/xillyvga_0/inst/xillyvga_core_ins/vga_clk_ins/vga_pll/CLKOUT0
                         net (fo=1, routed)           1.720    22.302    xillybus_ins/system_i/vivado_system_i/xillyvga_0/inst/xillyvga_core_ins/vga_clk_ins/clkout0
    BUFGCTRL_X0Y0        BUFG (Prop_bufg_I_O)         0.091    22.393 r  xillybus_ins/system_i/vivado_system_i/xillyvga_0/inst/xillyvga_core_ins/vga_clk_ins/clkout1_buf/O
                         net (fo=195, routed)         1.569    23.962    xillybus_ins/system_i/vivado_system_i/xillyvga_0/inst/xillyvga_core_ins/vga_fifo_wrapper_ins/vga_fifo/U0/inst_fifo_gen/gconvfifo.rf/grf.rf/gntv_or_sync_fifo.gl0.rd/rpntr/rd_clk
    SLICE_X28Y47         FDCE                                         r  xillybus_ins/system_i/vivado_system_i/xillyvga_0/inst/xillyvga_core_ins/vga_fifo_wrapper_ins/vga_fifo/U0/inst_fifo_gen/gconvfifo.rf/grf.rf/gntv_or_sync_fifo.gl0.rd/rpntr/gc0.count_d1_reg[7]/C
                         clock pessimism              0.654    24.616    
                         clock uncertainty           -0.121    24.495    
    SLICE_X28Y47         FDCE (Recov_fdce_C_CLR)     -0.405    24.090    xillybus_ins/system_i/vivado_system_i/xillyvga_0/inst/xillyvga_core_ins/vga_fifo_wrapper_ins/vga_fifo/U0/inst_fifo_gen/gconvfifo.rf/grf.rf/gntv_or_sync_fifo.gl0.rd/rpntr/gc0.count_d1_reg[7]
  -------------------------------------------------------------------
                         required time                         24.090    
                         arrival time                         -11.153    
  -------------------------------------------------------------------
                         slack                                 12.937    

Slack (MET) :             12.937ns  (required time - arrival time)
  Source:                 xillybus_ins/system_i/vivado_system_i/xillyvga_0/inst/xillyvga_core_ins/vga_fifo_wrapper_ins/vga_fifo/U0/inst_fifo_gen/gconvfifo.rf/grf.rf/rstblk/ngwrdrst.grst.g7serrst.gnsckt_wrst.gic_rst.sckt_rd_rst_ic_reg/C
                            (rising edge-triggered cell FDPE clocked by vga_clk_ins/clkout0  {rise@0.000ns fall@7.692ns period=15.385ns})
  Destination:            xillybus_ins/system_i/vivado_system_i/xillyvga_0/inst/xillyvga_core_ins/vga_fifo_wrapper_ins/vga_fifo/U0/inst_fifo_gen/gconvfifo.rf/grf.rf/gntv_or_sync_fifo.gl0.rd/rpntr/gc0.count_d1_reg[8]/CLR
                            (recovery check against rising-edge clock vga_clk_ins/clkout0  {rise@0.000ns fall@7.692ns period=15.385ns})
  Path Group:             **async_default**
  Path Type:              Recovery (Max at Slow Process Corner)
  Requirement:            15.385ns  (vga_clk_ins/clkout0 rise@15.385ns - vga_clk_ins/clkout0 rise@0.000ns)
  Data Path Delay:        1.793ns  (logic 0.518ns (28.896%)  route 1.275ns (71.104%))
  Logic Levels:           0  
  Clock Path Skew:        -0.129ns (DCD - SCD + CPR)
    Destination Clock Delay (DCD):    8.578ns = ( 23.962 - 15.385 ) 
    Source Clock Delay      (SCD):    9.360ns
    Clock Pessimism Removal (CPR):    0.654ns
  Clock Uncertainty:      0.121ns  ((TSJ^2 + DJ^2)^1/2) / 2 + PE
    Total System Jitter     (TSJ):    0.071ns
    Discrete Jitter          (DJ):    0.232ns
    Phase Error              (PE):    0.000ns

    Location             Delay type                Incr(ns)  Path(ns)    Netlist Resource(s)
  -------------------------------------------------------------------    -------------------
                         (clock vga_clk_ins/clkout0 rise edge)
                                                      0.000     0.000 r  
    Y9                                                0.000     0.000 r  clk_100 (IN)
                         net (fo=0)                   0.000     0.000    clk_100
    Y9                   IBUF (Prop_ibuf_I_O)         1.490     1.490 r  clk_100_IBUF_inst/O
                         net (fo=1, routed)           2.171     3.661    clk_100_IBUF
    BUFGCTRL_X0Y1        BUFG (Prop_bufg_I_O)         0.101     3.762 r  clk_100_IBUF_BUFG_inst/O
                         net (fo=4, routed)           1.828     5.590    xillybus_ins/system_i/vivado_system_i/xillyvga_0/inst/xillyvga_core_ins/clk_in
    PLLE2_ADV_X1Y0       PLLE2_ADV (Prop_plle2_adv_CLKIN1_CLKOUT0)
                                                      0.088     5.678 r  xillybus_ins/system_i/vivado_system_i/xillyvga_0/inst/xillyvga_core_ins/vga_clk_ins/vga_pll/CLKOUT0
                         net (fo=1, routed)           1.883     7.561    xillybus_ins/system_i/vivado_system_i/xillyvga_0/inst/xillyvga_core_ins/vga_clk_ins/clkout0
    BUFGCTRL_X0Y0        BUFG (Prop_bufg_I_O)         0.101     7.662 r  xillybus_ins/system_i/vivado_system_i/xillyvga_0/inst/xillyvga_core_ins/vga_clk_ins/clkout1_buf/O
                         net (fo=195, routed)         1.698     9.360    xillybus_ins/system_i/vivado_system_i/xillyvga_0/inst/xillyvga_core_ins/vga_fifo_wrapper_ins/vga_fifo/U0/inst_fifo_gen/gconvfifo.rf/grf.rf/rstblk/rd_clk
    SLICE_X26Y55         FDPE                                         r  xillybus_ins/system_i/vivado_system_i/xillyvga_0/inst/xillyvga_core_ins/vga_fifo_wrapper_ins/vga_fifo/U0/inst_fifo_gen/gconvfifo.rf/grf.rf/rstblk/ngwrdrst.grst.g7serrst.gnsckt_wrst.gic_rst.sckt_rd_rst_ic_reg/C
  -------------------------------------------------------------------    -------------------
    SLICE_X26Y55         FDPE (Prop_fdpe_C_Q)         0.518     9.878 f  xillybus_ins/system_i/vivado_system_i/xillyvga_0/inst/xillyvga_core_ins/vga_fifo_wrapper_ins/vga_fifo/U0/inst_fifo_gen/gconvfifo.rf/grf.rf/rstblk/ngwrdrst.grst.g7serrst.gnsckt_wrst.gic_rst.sckt_rd_rst_ic_reg/Q
                         net (fo=24, routed)          1.275    11.153    xillybus_ins/system_i/vivado_system_i/xillyvga_0/inst/xillyvga_core_ins/vga_fifo_wrapper_ins/vga_fifo/U0/inst_fifo_gen/gconvfifo.rf/grf.rf/gntv_or_sync_fifo.gl0.rd/rpntr/AR[0]
    SLICE_X28Y47         FDCE                                         f  xillybus_ins/system_i/vivado_system_i/xillyvga_0/inst/xillyvga_core_ins/vga_fifo_wrapper_ins/vga_fifo/U0/inst_fifo_gen/gconvfifo.rf/grf.rf/gntv_or_sync_fifo.gl0.rd/rpntr/gc0.count_d1_reg[8]/CLR
  -------------------------------------------------------------------    -------------------

                         (clock vga_clk_ins/clkout0 rise edge)
                                                     15.385    15.385 r  
    Y9                                                0.000    15.385 r  clk_100 (IN)
                         net (fo=0)                   0.000    15.385    clk_100
    Y9                   IBUF (Prop_ibuf_I_O)         1.420    16.804 r  clk_100_IBUF_inst/O
                         net (fo=1, routed)           1.972    18.776    clk_100_IBUF
    BUFGCTRL_X0Y1        BUFG (Prop_bufg_I_O)         0.091    18.867 r  clk_100_IBUF_BUFG_inst/O
                         net (fo=4, routed)           1.631    20.499    xillybus_ins/system_i/vivado_system_i/xillyvga_0/inst/xillyvga_core_ins/clk_in
    PLLE2_ADV_X1Y0       PLLE2_ADV (Prop_plle2_adv_CLKIN1_CLKOUT0)
                                                      0.083    20.582 r  xillybus_ins/system_i/vivado_system_i/xillyvga_0/inst/xillyvga_core_ins/vga_clk_ins/vga_pll/CLKOUT0
                         net (fo=1, routed)           1.720    22.302    xillybus_ins/system_i/vivado_system_i/xillyvga_0/inst/xillyvga_core_ins/vga_clk_ins/clkout0
    BUFGCTRL_X0Y0        BUFG (Prop_bufg_I_O)         0.091    22.393 r  xillybus_ins/system_i/vivado_system_i/xillyvga_0/inst/xillyvga_core_ins/vga_clk_ins/clkout1_buf/O
                         net (fo=195, routed)         1.569    23.962    xillybus_ins/system_i/vivado_system_i/xillyvga_0/inst/xillyvga_core_ins/vga_fifo_wrapper_ins/vga_fifo/U0/inst_fifo_gen/gconvfifo.rf/grf.rf/gntv_or_sync_fifo.gl0.rd/rpntr/rd_clk
    SLICE_X28Y47         FDCE                                         r  xillybus_ins/system_i/vivado_system_i/xillyvga_0/inst/xillyvga_core_ins/vga_fifo_wrapper_ins/vga_fifo/U0/inst_fifo_gen/gconvfifo.rf/grf.rf/gntv_or_sync_fifo.gl0.rd/rpntr/gc0.count_d1_reg[8]/C
                         clock pessimism              0.654    24.616    
                         clock uncertainty           -0.121    24.495    
    SLICE_X28Y47         FDCE (Recov_fdce_C_CLR)     -0.405    24.090    xillybus_ins/system_i/vivado_system_i/xillyvga_0/inst/xillyvga_core_ins/vga_fifo_wrapper_ins/vga_fifo/U0/inst_fifo_gen/gconvfifo.rf/grf.rf/gntv_or_sync_fifo.gl0.rd/rpntr/gc0.count_d1_reg[8]
  -------------------------------------------------------------------
                         required time                         24.090    
                         arrival time                         -11.153    
  -------------------------------------------------------------------
                         slack                                 12.937    

Slack (MET) :             12.937ns  (required time - arrival time)
  Source:                 xillybus_ins/system_i/vivado_system_i/xillyvga_0/inst/xillyvga_core_ins/vga_fifo_wrapper_ins/vga_fifo/U0/inst_fifo_gen/gconvfifo.rf/grf.rf/rstblk/ngwrdrst.grst.g7serrst.gnsckt_wrst.gic_rst.sckt_rd_rst_ic_reg/C
                            (rising edge-triggered cell FDPE clocked by vga_clk_ins/clkout0  {rise@0.000ns fall@7.692ns period=15.385ns})
  Destination:            xillybus_ins/system_i/vivado_system_i/xillyvga_0/inst/xillyvga_core_ins/vga_fifo_wrapper_ins/vga_fifo/U0/inst_fifo_gen/gconvfifo.rf/grf.rf/gntv_or_sync_fifo.gl0.rd/rpntr/gc0.count_reg[6]/CLR
                            (recovery check against rising-edge clock vga_clk_ins/clkout0  {rise@0.000ns fall@7.692ns period=15.385ns})
  Path Group:             **async_default**
  Path Type:              Recovery (Max at Slow Process Corner)
  Requirement:            15.385ns  (vga_clk_ins/clkout0 rise@15.385ns - vga_clk_ins/clkout0 rise@0.000ns)
  Data Path Delay:        1.793ns  (logic 0.518ns (28.896%)  route 1.275ns (71.104%))
  Logic Levels:           0  
  Clock Path Skew:        -0.129ns (DCD - SCD + CPR)
    Destination Clock Delay (DCD):    8.578ns = ( 23.962 - 15.385 ) 
    Source Clock Delay      (SCD):    9.360ns
    Clock Pessimism Removal (CPR):    0.654ns
  Clock Uncertainty:      0.121ns  ((TSJ^2 + DJ^2)^1/2) / 2 + PE
    Total System Jitter     (TSJ):    0.071ns
    Discrete Jitter          (DJ):    0.232ns
    Phase Error              (PE):    0.000ns

    Location             Delay type                Incr(ns)  Path(ns)    Netlist Resource(s)
  -------------------------------------------------------------------    -------------------
                         (clock vga_clk_ins/clkout0 rise edge)
                                                      0.000     0.000 r  
    Y9                                                0.000     0.000 r  clk_100 (IN)
                         net (fo=0)                   0.000     0.000    clk_100
    Y9                   IBUF (Prop_ibuf_I_O)         1.490     1.490 r  clk_100_IBUF_inst/O
                         net (fo=1, routed)           2.171     3.661    clk_100_IBUF
    BUFGCTRL_X0Y1        BUFG (Prop_bufg_I_O)         0.101     3.762 r  clk_100_IBUF_BUFG_inst/O
                         net (fo=4, routed)           1.828     5.590    xillybus_ins/system_i/vivado_system_i/xillyvga_0/inst/xillyvga_core_ins/clk_in
    PLLE2_ADV_X1Y0       PLLE2_ADV (Prop_plle2_adv_CLKIN1_CLKOUT0)
                                                      0.088     5.678 r  xillybus_ins/system_i/vivado_system_i/xillyvga_0/inst/xillyvga_core_ins/vga_clk_ins/vga_pll/CLKOUT0
                         net (fo=1, routed)           1.883     7.561    xillybus_ins/system_i/vivado_system_i/xillyvga_0/inst/xillyvga_core_ins/vga_clk_ins/clkout0
    BUFGCTRL_X0Y0        BUFG (Prop_bufg_I_O)         0.101     7.662 r  xillybus_ins/system_i/vivado_system_i/xillyvga_0/inst/xillyvga_core_ins/vga_clk_ins/clkout1_buf/O
                         net (fo=195, routed)         1.698     9.360    xillybus_ins/system_i/vivado_system_i/xillyvga_0/inst/xillyvga_core_ins/vga_fifo_wrapper_ins/vga_fifo/U0/inst_fifo_gen/gconvfifo.rf/grf.rf/rstblk/rd_clk
    SLICE_X26Y55         FDPE                                         r  xillybus_ins/system_i/vivado_system_i/xillyvga_0/inst/xillyvga_core_ins/vga_fifo_wrapper_ins/vga_fifo/U0/inst_fifo_gen/gconvfifo.rf/grf.rf/rstblk/ngwrdrst.grst.g7serrst.gnsckt_wrst.gic_rst.sckt_rd_rst_ic_reg/C
  -------------------------------------------------------------------    -------------------
    SLICE_X26Y55         FDPE (Prop_fdpe_C_Q)         0.518     9.878 f  xillybus_ins/system_i/vivado_system_i/xillyvga_0/inst/xillyvga_core_ins/vga_fifo_wrapper_ins/vga_fifo/U0/inst_fifo_gen/gconvfifo.rf/grf.rf/rstblk/ngwrdrst.grst.g7serrst.gnsckt_wrst.gic_rst.sckt_rd_rst_ic_reg/Q
                         net (fo=24, routed)          1.275    11.153    xillybus_ins/system_i/vivado_system_i/xillyvga_0/inst/xillyvga_core_ins/vga_fifo_wrapper_ins/vga_fifo/U0/inst_fifo_gen/gconvfifo.rf/grf.rf/gntv_or_sync_fifo.gl0.rd/rpntr/AR[0]
    SLICE_X28Y47         FDCE                                         f  xillybus_ins/system_i/vivado_system_i/xillyvga_0/inst/xillyvga_core_ins/vga_fifo_wrapper_ins/vga_fifo/U0/inst_fifo_gen/gconvfifo.rf/grf.rf/gntv_or_sync_fifo.gl0.rd/rpntr/gc0.count_reg[6]/CLR
  -------------------------------------------------------------------    -------------------

                         (clock vga_clk_ins/clkout0 rise edge)
                                                     15.385    15.385 r  
    Y9                                                0.000    15.385 r  clk_100 (IN)
                         net (fo=0)                   0.000    15.385    clk_100
    Y9                   IBUF (Prop_ibuf_I_O)         1.420    16.804 r  clk_100_IBUF_inst/O
                         net (fo=1, routed)           1.972    18.776    clk_100_IBUF
    BUFGCTRL_X0Y1        BUFG (Prop_bufg_I_O)         0.091    18.867 r  clk_100_IBUF_BUFG_inst/O
                         net (fo=4, routed)           1.631    20.499    xillybus_ins/system_i/vivado_system_i/xillyvga_0/inst/xillyvga_core_ins/clk_in
    PLLE2_ADV_X1Y0       PLLE2_ADV (Prop_plle2_adv_CLKIN1_CLKOUT0)
                                                      0.083    20.582 r  xillybus_ins/system_i/vivado_system_i/xillyvga_0/inst/xillyvga_core_ins/vga_clk_ins/vga_pll/CLKOUT0
                         net (fo=1, routed)           1.720    22.302    xillybus_ins/system_i/vivado_system_i/xillyvga_0/inst/xillyvga_core_ins/vga_clk_ins/clkout0
    BUFGCTRL_X0Y0        BUFG (Prop_bufg_I_O)         0.091    22.393 r  xillybus_ins/system_i/vivado_system_i/xillyvga_0/inst/xillyvga_core_ins/vga_clk_ins/clkout1_buf/O
                         net (fo=195, routed)         1.569    23.962    xillybus_ins/system_i/vivado_system_i/xillyvga_0/inst/xillyvga_core_ins/vga_fifo_wrapper_ins/vga_fifo/U0/inst_fifo_gen/gconvfifo.rf/grf.rf/gntv_or_sync_fifo.gl0.rd/rpntr/rd_clk
    SLICE_X28Y47         FDCE                                         r  xillybus_ins/system_i/vivado_system_i/xillyvga_0/inst/xillyvga_core_ins/vga_fifo_wrapper_ins/vga_fifo/U0/inst_fifo_gen/gconvfifo.rf/grf.rf/gntv_or_sync_fifo.gl0.rd/rpntr/gc0.count_reg[6]/C
                         clock pessimism              0.654    24.616    
                         clock uncertainty           -0.121    24.495    
    SLICE_X28Y47         FDCE (Recov_fdce_C_CLR)     -0.405    24.090    xillybus_ins/system_i/vivado_system_i/xillyvga_0/inst/xillyvga_core_ins/vga_fifo_wrapper_ins/vga_fifo/U0/inst_fifo_gen/gconvfifo.rf/grf.rf/gntv_or_sync_fifo.gl0.rd/rpntr/gc0.count_reg[6]
  -------------------------------------------------------------------
                         required time                         24.090    
                         arrival time                         -11.153    
  -------------------------------------------------------------------
                         slack                                 12.937    

Slack (MET) :             12.937ns  (required time - arrival time)
  Source:                 xillybus_ins/system_i/vivado_system_i/xillyvga_0/inst/xillyvga_core_ins/vga_fifo_wrapper_ins/vga_fifo/U0/inst_fifo_gen/gconvfifo.rf/grf.rf/rstblk/ngwrdrst.grst.g7serrst.gnsckt_wrst.gic_rst.sckt_rd_rst_ic_reg/C
                            (rising edge-triggered cell FDPE clocked by vga_clk_ins/clkout0  {rise@0.000ns fall@7.692ns period=15.385ns})
  Destination:            xillybus_ins/system_i/vivado_system_i/xillyvga_0/inst/xillyvga_core_ins/vga_fifo_wrapper_ins/vga_fifo/U0/inst_fifo_gen/gconvfifo.rf/grf.rf/gntv_or_sync_fifo.gl0.rd/rpntr/gc0.count_reg[7]/CLR
                            (recovery check against rising-edge clock vga_clk_ins/clkout0  {rise@0.000ns fall@7.692ns period=15.385ns})
  Path Group:             **async_default**
  Path Type:              Recovery (Max at Slow Process Corner)
  Requirement:            15.385ns  (vga_clk_ins/clkout0 rise@15.385ns - vga_clk_ins/clkout0 rise@0.000ns)
  Data Path Delay:        1.793ns  (logic 0.518ns (28.896%)  route 1.275ns (71.104%))
  Logic Levels:           0  
  Clock Path Skew:        -0.129ns (DCD - SCD + CPR)
    Destination Clock Delay (DCD):    8.578ns = ( 23.962 - 15.385 ) 
    Source Clock Delay      (SCD):    9.360ns
    Clock Pessimism Removal (CPR):    0.654ns
  Clock Uncertainty:      0.121ns  ((TSJ^2 + DJ^2)^1/2) / 2 + PE
    Total System Jitter     (TSJ):    0.071ns
    Discrete Jitter          (DJ):    0.232ns
    Phase Error              (PE):    0.000ns

    Location             Delay type                Incr(ns)  Path(ns)    Netlist Resource(s)
  -------------------------------------------------------------------    -------------------
                         (clock vga_clk_ins/clkout0 rise edge)
                                                      0.000     0.000 r  
    Y9                                                0.000     0.000 r  clk_100 (IN)
                         net (fo=0)                   0.000     0.000    clk_100
    Y9                   IBUF (Prop_ibuf_I_O)         1.490     1.490 r  clk_100_IBUF_inst/O
                         net (fo=1, routed)           2.171     3.661    clk_100_IBUF
    BUFGCTRL_X0Y1        BUFG (Prop_bufg_I_O)         0.101     3.762 r  clk_100_IBUF_BUFG_inst/O
                         net (fo=4, routed)           1.828     5.590    xillybus_ins/system_i/vivado_system_i/xillyvga_0/inst/xillyvga_core_ins/clk_in
    PLLE2_ADV_X1Y0       PLLE2_ADV (Prop_plle2_adv_CLKIN1_CLKOUT0)
                                                      0.088     5.678 r  xillybus_ins/system_i/vivado_system_i/xillyvga_0/inst/xillyvga_core_ins/vga_clk_ins/vga_pll/CLKOUT0
                         net (fo=1, routed)           1.883     7.561    xillybus_ins/system_i/vivado_system_i/xillyvga_0/inst/xillyvga_core_ins/vga_clk_ins/clkout0
    BUFGCTRL_X0Y0        BUFG (Prop_bufg_I_O)         0.101     7.662 r  xillybus_ins/system_i/vivado_system_i/xillyvga_0/inst/xillyvga_core_ins/vga_clk_ins/clkout1_buf/O
                         net (fo=195, routed)         1.698     9.360    xillybus_ins/system_i/vivado_system_i/xillyvga_0/inst/xillyvga_core_ins/vga_fifo_wrapper_ins/vga_fifo/U0/inst_fifo_gen/gconvfifo.rf/grf.rf/rstblk/rd_clk
    SLICE_X26Y55         FDPE                                         r  xillybus_ins/system_i/vivado_system_i/xillyvga_0/inst/xillyvga_core_ins/vga_fifo_wrapper_ins/vga_fifo/U0/inst_fifo_gen/gconvfifo.rf/grf.rf/rstblk/ngwrdrst.grst.g7serrst.gnsckt_wrst.gic_rst.sckt_rd_rst_ic_reg/C
  -------------------------------------------------------------------    -------------------
    SLICE_X26Y55         FDPE (Prop_fdpe_C_Q)         0.518     9.878 f  xillybus_ins/system_i/vivado_system_i/xillyvga_0/inst/xillyvga_core_ins/vga_fifo_wrapper_ins/vga_fifo/U0/inst_fifo_gen/gconvfifo.rf/grf.rf/rstblk/ngwrdrst.grst.g7serrst.gnsckt_wrst.gic_rst.sckt_rd_rst_ic_reg/Q
                         net (fo=24, routed)          1.275    11.153    xillybus_ins/system_i/vivado_system_i/xillyvga_0/inst/xillyvga_core_ins/vga_fifo_wrapper_ins/vga_fifo/U0/inst_fifo_gen/gconvfifo.rf/grf.rf/gntv_or_sync_fifo.gl0.rd/rpntr/AR[0]
    SLICE_X28Y47         FDCE                                         f  xillybus_ins/system_i/vivado_system_i/xillyvga_0/inst/xillyvga_core_ins/vga_fifo_wrapper_ins/vga_fifo/U0/inst_fifo_gen/gconvfifo.rf/grf.rf/gntv_or_sync_fifo.gl0.rd/rpntr/gc0.count_reg[7]/CLR
  -------------------------------------------------------------------    -------------------

                         (clock vga_clk_ins/clkout0 rise edge)
                                                     15.385    15.385 r  
    Y9                                                0.000    15.385 r  clk_100 (IN)
                         net (fo=0)                   0.000    15.385    clk_100
    Y9                   IBUF (Prop_ibuf_I_O)         1.420    16.804 r  clk_100_IBUF_inst/O
                         net (fo=1, routed)           1.972    18.776    clk_100_IBUF
    BUFGCTRL_X0Y1        BUFG (Prop_bufg_I_O)         0.091    18.867 r  clk_100_IBUF_BUFG_inst/O
                         net (fo=4, routed)           1.631    20.499    xillybus_ins/system_i/vivado_system_i/xillyvga_0/inst/xillyvga_core_ins/clk_in
    PLLE2_ADV_X1Y0       PLLE2_ADV (Prop_plle2_adv_CLKIN1_CLKOUT0)
                                                      0.083    20.582 r  xillybus_ins/system_i/vivado_system_i/xillyvga_0/inst/xillyvga_core_ins/vga_clk_ins/vga_pll/CLKOUT0
                         net (fo=1, routed)           1.720    22.302    xillybus_ins/system_i/vivado_system_i/xillyvga_0/inst/xillyvga_core_ins/vga_clk_ins/clkout0
    BUFGCTRL_X0Y0        BUFG (Prop_bufg_I_O)         0.091    22.393 r  xillybus_ins/system_i/vivado_system_i/xillyvga_0/inst/xillyvga_core_ins/vga_clk_ins/clkout1_buf/O
                         net (fo=195, routed)         1.569    23.962    xillybus_ins/system_i/vivado_system_i/xillyvga_0/inst/xillyvga_core_ins/vga_fifo_wrapper_ins/vga_fifo/U0/inst_fifo_gen/gconvfifo.rf/grf.rf/gntv_or_sync_fifo.gl0.rd/rpntr/rd_clk
    SLICE_X28Y47         FDCE                                         r  xillybus_ins/system_i/vivado_system_i/xillyvga_0/inst/xillyvga_core_ins/vga_fifo_wrapper_ins/vga_fifo/U0/inst_fifo_gen/gconvfifo.rf/grf.rf/gntv_or_sync_fifo.gl0.rd/rpntr/gc0.count_reg[7]/C
                         clock pessimism              0.654    24.616    
                         clock uncertainty           -0.121    24.495    
    SLICE_X28Y47         FDCE (Recov_fdce_C_CLR)     -0.405    24.090    xillybus_ins/system_i/vivado_system_i/xillyvga_0/inst/xillyvga_core_ins/vga_fifo_wrapper_ins/vga_fifo/U0/inst_fifo_gen/gconvfifo.rf/grf.rf/gntv_or_sync_fifo.gl0.rd/rpntr/gc0.count_reg[7]
  -------------------------------------------------------------------
                         required time                         24.090    
                         arrival time                         -11.153    
  -------------------------------------------------------------------
                         slack                                 12.937    

Slack (MET) :             12.937ns  (required time - arrival time)
  Source:                 xillybus_ins/system_i/vivado_system_i/xillyvga_0/inst/xillyvga_core_ins/vga_fifo_wrapper_ins/vga_fifo/U0/inst_fifo_gen/gconvfifo.rf/grf.rf/rstblk/ngwrdrst.grst.g7serrst.gnsckt_wrst.gic_rst.sckt_rd_rst_ic_reg/C
                            (rising edge-triggered cell FDPE clocked by vga_clk_ins/clkout0  {rise@0.000ns fall@7.692ns period=15.385ns})
  Destination:            xillybus_ins/system_i/vivado_system_i/xillyvga_0/inst/xillyvga_core_ins/vga_fifo_wrapper_ins/vga_fifo/U0/inst_fifo_gen/gconvfifo.rf/grf.rf/gntv_or_sync_fifo.gl0.rd/rpntr/gc0.count_reg[8]/CLR
                            (recovery check against rising-edge clock vga_clk_ins/clkout0  {rise@0.000ns fall@7.692ns period=15.385ns})
  Path Group:             **async_default**
  Path Type:              Recovery (Max at Slow Process Corner)
  Requirement:            15.385ns  (vga_clk_ins/clkout0 rise@15.385ns - vga_clk_ins/clkout0 rise@0.000ns)
  Data Path Delay:        1.793ns  (logic 0.518ns (28.896%)  route 1.275ns (71.104%))
  Logic Levels:           0  
  Clock Path Skew:        -0.129ns (DCD - SCD + CPR)
    Destination Clock Delay (DCD):    8.578ns = ( 23.962 - 15.385 ) 
    Source Clock Delay      (SCD):    9.360ns
    Clock Pessimism Removal (CPR):    0.654ns
  Clock Uncertainty:      0.121ns  ((TSJ^2 + DJ^2)^1/2) / 2 + PE
    Total System Jitter     (TSJ):    0.071ns
    Discrete Jitter          (DJ):    0.232ns
    Phase Error              (PE):    0.000ns

    Location             Delay type                Incr(ns)  Path(ns)    Netlist Resource(s)
  -------------------------------------------------------------------    -------------------
                         (clock vga_clk_ins/clkout0 rise edge)
                                                      0.000     0.000 r  
    Y9                                                0.000     0.000 r  clk_100 (IN)
                         net (fo=0)                   0.000     0.000    clk_100
    Y9                   IBUF (Prop_ibuf_I_O)         1.490     1.490 r  clk_100_IBUF_inst/O
                         net (fo=1, routed)           2.171     3.661    clk_100_IBUF
    BUFGCTRL_X0Y1        BUFG (Prop_bufg_I_O)         0.101     3.762 r  clk_100_IBUF_BUFG_inst/O
                         net (fo=4, routed)           1.828     5.590    xillybus_ins/system_i/vivado_system_i/xillyvga_0/inst/xillyvga_core_ins/clk_in
    PLLE2_ADV_X1Y0       PLLE2_ADV (Prop_plle2_adv_CLKIN1_CLKOUT0)
                                                      0.088     5.678 r  xillybus_ins/system_i/vivado_system_i/xillyvga_0/inst/xillyvga_core_ins/vga_clk_ins/vga_pll/CLKOUT0
                         net (fo=1, routed)           1.883     7.561    xillybus_ins/system_i/vivado_system_i/xillyvga_0/inst/xillyvga_core_ins/vga_clk_ins/clkout0
    BUFGCTRL_X0Y0        BUFG (Prop_bufg_I_O)         0.101     7.662 r  xillybus_ins/system_i/vivado_system_i/xillyvga_0/inst/xillyvga_core_ins/vga_clk_ins/clkout1_buf/O
                         net (fo=195, routed)         1.698     9.360    xillybus_ins/system_i/vivado_system_i/xillyvga_0/inst/xillyvga_core_ins/vga_fifo_wrapper_ins/vga_fifo/U0/inst_fifo_gen/gconvfifo.rf/grf.rf/rstblk/rd_clk
    SLICE_X26Y55         FDPE                                         r  xillybus_ins/system_i/vivado_system_i/xillyvga_0/inst/xillyvga_core_ins/vga_fifo_wrapper_ins/vga_fifo/U0/inst_fifo_gen/gconvfifo.rf/grf.rf/rstblk/ngwrdrst.grst.g7serrst.gnsckt_wrst.gic_rst.sckt_rd_rst_ic_reg/C
  -------------------------------------------------------------------    -------------------
    SLICE_X26Y55         FDPE (Prop_fdpe_C_Q)         0.518     9.878 f  xillybus_ins/system_i/vivado_system_i/xillyvga_0/inst/xillyvga_core_ins/vga_fifo_wrapper_ins/vga_fifo/U0/inst_fifo_gen/gconvfifo.rf/grf.rf/rstblk/ngwrdrst.grst.g7serrst.gnsckt_wrst.gic_rst.sckt_rd_rst_ic_reg/Q
                         net (fo=24, routed)          1.275    11.153    xillybus_ins/system_i/vivado_system_i/xillyvga_0/inst/xillyvga_core_ins/vga_fifo_wrapper_ins/vga_fifo/U0/inst_fifo_gen/gconvfifo.rf/grf.rf/gntv_or_sync_fifo.gl0.rd/rpntr/AR[0]
    SLICE_X28Y47         FDCE                                         f  xillybus_ins/system_i/vivado_system_i/xillyvga_0/inst/xillyvga_core_ins/vga_fifo_wrapper_ins/vga_fifo/U0/inst_fifo_gen/gconvfifo.rf/grf.rf/gntv_or_sync_fifo.gl0.rd/rpntr/gc0.count_reg[8]/CLR
  -------------------------------------------------------------------    -------------------

                         (clock vga_clk_ins/clkout0 rise edge)
                                                     15.385    15.385 r  
    Y9                                                0.000    15.385 r  clk_100 (IN)
                         net (fo=0)                   0.000    15.385    clk_100
    Y9                   IBUF (Prop_ibuf_I_O)         1.420    16.804 r  clk_100_IBUF_inst/O
                         net (fo=1, routed)           1.972    18.776    clk_100_IBUF
    BUFGCTRL_X0Y1        BUFG (Prop_bufg_I_O)         0.091    18.867 r  clk_100_IBUF_BUFG_inst/O
                         net (fo=4, routed)           1.631    20.499    xillybus_ins/system_i/vivado_system_i/xillyvga_0/inst/xillyvga_core_ins/clk_in
    PLLE2_ADV_X1Y0       PLLE2_ADV (Prop_plle2_adv_CLKIN1_CLKOUT0)
                                                      0.083    20.582 r  xillybus_ins/system_i/vivado_system_i/xillyvga_0/inst/xillyvga_core_ins/vga_clk_ins/vga_pll/CLKOUT0
                         net (fo=1, routed)           1.720    22.302    xillybus_ins/system_i/vivado_system_i/xillyvga_0/inst/xillyvga_core_ins/vga_clk_ins/clkout0
    BUFGCTRL_X0Y0        BUFG (Prop_bufg_I_O)         0.091    22.393 r  xillybus_ins/system_i/vivado_system_i/xillyvga_0/inst/xillyvga_core_ins/vga_clk_ins/clkout1_buf/O
                         net (fo=195, routed)         1.569    23.962    xillybus_ins/system_i/vivado_system_i/xillyvga_0/inst/xillyvga_core_ins/vga_fifo_wrapper_ins/vga_fifo/U0/inst_fifo_gen/gconvfifo.rf/grf.rf/gntv_or_sync_fifo.gl0.rd/rpntr/rd_clk
    SLICE_X28Y47         FDCE                                         r  xillybus_ins/system_i/vivado_system_i/xillyvga_0/inst/xillyvga_core_ins/vga_fifo_wrapper_ins/vga_fifo/U0/inst_fifo_gen/gconvfifo.rf/grf.rf/gntv_or_sync_fifo.gl0.rd/rpntr/gc0.count_reg[8]/C
                         clock pessimism              0.654    24.616    
                         clock uncertainty           -0.121    24.495    
    SLICE_X28Y47         FDCE (Recov_fdce_C_CLR)     -0.405    24.090    xillybus_ins/system_i/vivado_system_i/xillyvga_0/inst/xillyvga_core_ins/vga_fifo_wrapper_ins/vga_fifo/U0/inst_fifo_gen/gconvfifo.rf/grf.rf/gntv_or_sync_fifo.gl0.rd/rpntr/gc0.count_reg[8]
  -------------------------------------------------------------------
                         required time                         24.090    
                         arrival time                         -11.153    
  -------------------------------------------------------------------
                         slack                                 12.937    





Min Delay Paths
--------------------------------------------------------------------------------------
Slack (MET) :             0.410ns  (arrival time - required time)
  Source:                 xillybus_ins/system_i/vivado_system_i/xillyvga_0/inst/xillyvga_core_ins/vga_fifo_wrapper_ins/vga_fifo/U0/inst_fifo_gen/gconvfifo.rf/grf.rf/rstblk/ngwrdrst.grst.g7serrst.gnsckt_wrst.gic_rst.sckt_rd_rst_ic_reg/C
                            (rising edge-triggered cell FDPE clocked by vga_clk_ins/clkout0  {rise@0.000ns fall@7.692ns period=15.385ns})
  Destination:            xillybus_ins/system_i/vivado_system_i/xillyvga_0/inst/xillyvga_core_ins/vga_fifo_wrapper_ins/vga_fifo/U0/inst_fifo_gen/gconvfifo.rf/grf.rf/gntv_or_sync_fifo.gl0.rd/rpntr/gc0.count_d1_reg[4]/CLR
                            (removal check against rising-edge clock vga_clk_ins/clkout0  {rise@0.000ns fall@7.692ns period=15.385ns})
  Path Group:             **async_default**
  Path Type:              Removal (Min at Fast Process Corner)
  Requirement:            0.000ns  (vga_clk_ins/clkout0 rise@0.000ns - vga_clk_ins/clkout0 rise@0.000ns)
  Data Path Delay:        0.602ns  (logic 0.164ns (27.262%)  route 0.438ns (72.738%))
  Logic Levels:           0  
  Clock Path Skew:        0.283ns (DCD - SCD - CPR)
    Destination Clock Delay (DCD):    3.593ns
    Source Clock Delay      (SCD):    2.741ns
    Clock Pessimism Removal (CPR):    0.568ns

    Location             Delay type                Incr(ns)  Path(ns)    Netlist Resource(s)
  -------------------------------------------------------------------    -------------------
                         (clock vga_clk_ins/clkout0 rise edge)
                                                      0.000     0.000 r  
    Y9                                                0.000     0.000 r  clk_100 (IN)
                         net (fo=0)                   0.000     0.000    clk_100
    Y9                   IBUF (Prop_ibuf_I_O)         0.258     0.258 r  clk_100_IBUF_inst/O
                         net (fo=1, routed)           0.663     0.921    clk_100_IBUF
    BUFGCTRL_X0Y1        BUFG (Prop_bufg_I_O)         0.026     0.947 r  clk_100_IBUF_BUFG_inst/O
                         net (fo=4, routed)           0.600     1.547    xillybus_ins/system_i/vivado_system_i/xillyvga_0/inst/xillyvga_core_ins/clk_in
    PLLE2_ADV_X1Y0       PLLE2_ADV (Prop_plle2_adv_CLKIN1_CLKOUT0)
                                                      0.050     1.597 r  xillybus_ins/system_i/vivado_system_i/xillyvga_0/inst/xillyvga_core_ins/vga_clk_ins/vga_pll/CLKOUT0
                         net (fo=1, routed)           0.544     2.141    xillybus_ins/system_i/vivado_system_i/xillyvga_0/inst/xillyvga_core_ins/vga_clk_ins/clkout0
    BUFGCTRL_X0Y0        BUFG (Prop_bufg_I_O)         0.026     2.167 r  xillybus_ins/system_i/vivado_system_i/xillyvga_0/inst/xillyvga_core_ins/vga_clk_ins/clkout1_buf/O
                         net (fo=195, routed)         0.575     2.741    xillybus_ins/system_i/vivado_system_i/xillyvga_0/inst/xillyvga_core_ins/vga_fifo_wrapper_ins/vga_fifo/U0/inst_fifo_gen/gconvfifo.rf/grf.rf/rstblk/rd_clk
    SLICE_X26Y55         FDPE                                         r  xillybus_ins/system_i/vivado_system_i/xillyvga_0/inst/xillyvga_core_ins/vga_fifo_wrapper_ins/vga_fifo/U0/inst_fifo_gen/gconvfifo.rf/grf.rf/rstblk/ngwrdrst.grst.g7serrst.gnsckt_wrst.gic_rst.sckt_rd_rst_ic_reg/C
  -------------------------------------------------------------------    -------------------
    SLICE_X26Y55         FDPE (Prop_fdpe_C_Q)         0.164     2.905 f  xillybus_ins/system_i/vivado_system_i/xillyvga_0/inst/xillyvga_core_ins/vga_fifo_wrapper_ins/vga_fifo/U0/inst_fifo_gen/gconvfifo.rf/grf.rf/rstblk/ngwrdrst.grst.g7serrst.gnsckt_wrst.gic_rst.sckt_rd_rst_ic_reg/Q
                         net (fo=24, routed)          0.438     3.343    xillybus_ins/system_i/vivado_system_i/xillyvga_0/inst/xillyvga_core_ins/vga_fifo_wrapper_ins/vga_fifo/U0/inst_fifo_gen/gconvfifo.rf/grf.rf/gntv_or_sync_fifo.gl0.rd/rpntr/AR[0]
    SLICE_X27Y48         FDCE                                         f  xillybus_ins/system_i/vivado_system_i/xillyvga_0/inst/xillyvga_core_ins/vga_fifo_wrapper_ins/vga_fifo/U0/inst_fifo_gen/gconvfifo.rf/grf.rf/gntv_or_sync_fifo.gl0.rd/rpntr/gc0.count_d1_reg[4]/CLR
  -------------------------------------------------------------------    -------------------

                         (clock vga_clk_ins/clkout0 rise edge)
                                                      0.000     0.000 r  
    Y9                                                0.000     0.000 r  clk_100 (IN)
                         net (fo=0)                   0.000     0.000    clk_100
    Y9                   IBUF (Prop_ibuf_I_O)         0.446     0.446 r  clk_100_IBUF_inst/O
                         net (fo=1, routed)           0.719     1.165    clk_100_IBUF
    BUFGCTRL_X0Y1        BUFG (Prop_bufg_I_O)         0.029     1.194 r  clk_100_IBUF_BUFG_inst/O
                         net (fo=4, routed)           0.867     2.061    xillybus_ins/system_i/vivado_system_i/xillyvga_0/inst/xillyvga_core_ins/clk_in
    PLLE2_ADV_X1Y0       PLLE2_ADV (Prop_plle2_adv_CLKIN1_CLKOUT0)
                                                      0.053     2.114 r  xillybus_ins/system_i/vivado_system_i/xillyvga_0/inst/xillyvga_core_ins/vga_clk_ins/vga_pll/CLKOUT0
                         net (fo=1, routed)           0.592     2.706    xillybus_ins/system_i/vivado_system_i/xillyvga_0/inst/xillyvga_core_ins/vga_clk_ins/clkout0
    BUFGCTRL_X0Y0        BUFG (Prop_bufg_I_O)         0.029     2.735 r  xillybus_ins/system_i/vivado_system_i/xillyvga_0/inst/xillyvga_core_ins/vga_clk_ins/clkout1_buf/O
                         net (fo=195, routed)         0.858     3.593    xillybus_ins/system_i/vivado_system_i/xillyvga_0/inst/xillyvga_core_ins/vga_fifo_wrapper_ins/vga_fifo/U0/inst_fifo_gen/gconvfifo.rf/grf.rf/gntv_or_sync_fifo.gl0.rd/rpntr/rd_clk
    SLICE_X27Y48         FDCE                                         r  xillybus_ins/system_i/vivado_system_i/xillyvga_0/inst/xillyvga_core_ins/vga_fifo_wrapper_ins/vga_fifo/U0/inst_fifo_gen/gconvfifo.rf/grf.rf/gntv_or_sync_fifo.gl0.rd/rpntr/gc0.count_d1_reg[4]/C
                         clock pessimism             -0.568     3.025    
    SLICE_X27Y48         FDCE (Remov_fdce_C_CLR)     -0.092     2.933    xillybus_ins/system_i/vivado_system_i/xillyvga_0/inst/xillyvga_core_ins/vga_fifo_wrapper_ins/vga_fifo/U0/inst_fifo_gen/gconvfifo.rf/grf.rf/gntv_or_sync_fifo.gl0.rd/rpntr/gc0.count_d1_reg[4]
  -------------------------------------------------------------------
                         required time                         -2.933    
                         arrival time                           3.343    
  -------------------------------------------------------------------
                         slack                                  0.410    

Slack (MET) :             0.410ns  (arrival time - required time)
  Source:                 xillybus_ins/system_i/vivado_system_i/xillyvga_0/inst/xillyvga_core_ins/vga_fifo_wrapper_ins/vga_fifo/U0/inst_fifo_gen/gconvfifo.rf/grf.rf/rstblk/ngwrdrst.grst.g7serrst.gnsckt_wrst.gic_rst.sckt_rd_rst_ic_reg/C
                            (rising edge-triggered cell FDPE clocked by vga_clk_ins/clkout0  {rise@0.000ns fall@7.692ns period=15.385ns})
  Destination:            xillybus_ins/system_i/vivado_system_i/xillyvga_0/inst/xillyvga_core_ins/vga_fifo_wrapper_ins/vga_fifo/U0/inst_fifo_gen/gconvfifo.rf/grf.rf/gntv_or_sync_fifo.gl0.rd/rpntr/gc0.count_d1_reg[5]/CLR
                            (removal check against rising-edge clock vga_clk_ins/clkout0  {rise@0.000ns fall@7.692ns period=15.385ns})
  Path Group:             **async_default**
  Path Type:              Removal (Min at Fast Process Corner)
  Requirement:            0.000ns  (vga_clk_ins/clkout0 rise@0.000ns - vga_clk_ins/clkout0 rise@0.000ns)
  Data Path Delay:        0.602ns  (logic 0.164ns (27.262%)  route 0.438ns (72.738%))
  Logic Levels:           0  
  Clock Path Skew:        0.283ns (DCD - SCD - CPR)
    Destination Clock Delay (DCD):    3.593ns
    Source Clock Delay      (SCD):    2.741ns
    Clock Pessimism Removal (CPR):    0.568ns

    Location             Delay type                Incr(ns)  Path(ns)    Netlist Resource(s)
  -------------------------------------------------------------------    -------------------
                         (clock vga_clk_ins/clkout0 rise edge)
                                                      0.000     0.000 r  
    Y9                                                0.000     0.000 r  clk_100 (IN)
                         net (fo=0)                   0.000     0.000    clk_100
    Y9                   IBUF (Prop_ibuf_I_O)         0.258     0.258 r  clk_100_IBUF_inst/O
                         net (fo=1, routed)           0.663     0.921    clk_100_IBUF
    BUFGCTRL_X0Y1        BUFG (Prop_bufg_I_O)         0.026     0.947 r  clk_100_IBUF_BUFG_inst/O
                         net (fo=4, routed)           0.600     1.547    xillybus_ins/system_i/vivado_system_i/xillyvga_0/inst/xillyvga_core_ins/clk_in
    PLLE2_ADV_X1Y0       PLLE2_ADV (Prop_plle2_adv_CLKIN1_CLKOUT0)
                                                      0.050     1.597 r  xillybus_ins/system_i/vivado_system_i/xillyvga_0/inst/xillyvga_core_ins/vga_clk_ins/vga_pll/CLKOUT0
                         net (fo=1, routed)           0.544     2.141    xillybus_ins/system_i/vivado_system_i/xillyvga_0/inst/xillyvga_core_ins/vga_clk_ins/clkout0
    BUFGCTRL_X0Y0        BUFG (Prop_bufg_I_O)         0.026     2.167 r  xillybus_ins/system_i/vivado_system_i/xillyvga_0/inst/xillyvga_core_ins/vga_clk_ins/clkout1_buf/O
                         net (fo=195, routed)         0.575     2.741    xillybus_ins/system_i/vivado_system_i/xillyvga_0/inst/xillyvga_core_ins/vga_fifo_wrapper_ins/vga_fifo/U0/inst_fifo_gen/gconvfifo.rf/grf.rf/rstblk/rd_clk
    SLICE_X26Y55         FDPE                                         r  xillybus_ins/system_i/vivado_system_i/xillyvga_0/inst/xillyvga_core_ins/vga_fifo_wrapper_ins/vga_fifo/U0/inst_fifo_gen/gconvfifo.rf/grf.rf/rstblk/ngwrdrst.grst.g7serrst.gnsckt_wrst.gic_rst.sckt_rd_rst_ic_reg/C
  -------------------------------------------------------------------    -------------------
    SLICE_X26Y55         FDPE (Prop_fdpe_C_Q)         0.164     2.905 f  xillybus_ins/system_i/vivado_system_i/xillyvga_0/inst/xillyvga_core_ins/vga_fifo_wrapper_ins/vga_fifo/U0/inst_fifo_gen/gconvfifo.rf/grf.rf/rstblk/ngwrdrst.grst.g7serrst.gnsckt_wrst.gic_rst.sckt_rd_rst_ic_reg/Q
                         net (fo=24, routed)          0.438     3.343    xillybus_ins/system_i/vivado_system_i/xillyvga_0/inst/xillyvga_core_ins/vga_fifo_wrapper_ins/vga_fifo/U0/inst_fifo_gen/gconvfifo.rf/grf.rf/gntv_or_sync_fifo.gl0.rd/rpntr/AR[0]
    SLICE_X27Y48         FDCE                                         f  xillybus_ins/system_i/vivado_system_i/xillyvga_0/inst/xillyvga_core_ins/vga_fifo_wrapper_ins/vga_fifo/U0/inst_fifo_gen/gconvfifo.rf/grf.rf/gntv_or_sync_fifo.gl0.rd/rpntr/gc0.count_d1_reg[5]/CLR
  -------------------------------------------------------------------    -------------------

                         (clock vga_clk_ins/clkout0 rise edge)
                                                      0.000     0.000 r  
    Y9                                                0.000     0.000 r  clk_100 (IN)
                         net (fo=0)                   0.000     0.000    clk_100
    Y9                   IBUF (Prop_ibuf_I_O)         0.446     0.446 r  clk_100_IBUF_inst/O
                         net (fo=1, routed)           0.719     1.165    clk_100_IBUF
    BUFGCTRL_X0Y1        BUFG (Prop_bufg_I_O)         0.029     1.194 r  clk_100_IBUF_BUFG_inst/O
                         net (fo=4, routed)           0.867     2.061    xillybus_ins/system_i/vivado_system_i/xillyvga_0/inst/xillyvga_core_ins/clk_in
    PLLE2_ADV_X1Y0       PLLE2_ADV (Prop_plle2_adv_CLKIN1_CLKOUT0)
                                                      0.053     2.114 r  xillybus_ins/system_i/vivado_system_i/xillyvga_0/inst/xillyvga_core_ins/vga_clk_ins/vga_pll/CLKOUT0
                         net (fo=1, routed)           0.592     2.706    xillybus_ins/system_i/vivado_system_i/xillyvga_0/inst/xillyvga_core_ins/vga_clk_ins/clkout0
    BUFGCTRL_X0Y0        BUFG (Prop_bufg_I_O)         0.029     2.735 r  xillybus_ins/system_i/vivado_system_i/xillyvga_0/inst/xillyvga_core_ins/vga_clk_ins/clkout1_buf/O
                         net (fo=195, routed)         0.858     3.593    xillybus_ins/system_i/vivado_system_i/xillyvga_0/inst/xillyvga_core_ins/vga_fifo_wrapper_ins/vga_fifo/U0/inst_fifo_gen/gconvfifo.rf/grf.rf/gntv_or_sync_fifo.gl0.rd/rpntr/rd_clk
    SLICE_X27Y48         FDCE                                         r  xillybus_ins/system_i/vivado_system_i/xillyvga_0/inst/xillyvga_core_ins/vga_fifo_wrapper_ins/vga_fifo/U0/inst_fifo_gen/gconvfifo.rf/grf.rf/gntv_or_sync_fifo.gl0.rd/rpntr/gc0.count_d1_reg[5]/C
                         clock pessimism             -0.568     3.025    
    SLICE_X27Y48         FDCE (Remov_fdce_C_CLR)     -0.092     2.933    xillybus_ins/system_i/vivado_system_i/xillyvga_0/inst/xillyvga_core_ins/vga_fifo_wrapper_ins/vga_fifo/U0/inst_fifo_gen/gconvfifo.rf/grf.rf/gntv_or_sync_fifo.gl0.rd/rpntr/gc0.count_d1_reg[5]
  -------------------------------------------------------------------
                         required time                         -2.933    
                         arrival time                           3.343    
  -------------------------------------------------------------------
                         slack                                  0.410    

Slack (MET) :             0.410ns  (arrival time - required time)
  Source:                 xillybus_ins/system_i/vivado_system_i/xillyvga_0/inst/xillyvga_core_ins/vga_fifo_wrapper_ins/vga_fifo/U0/inst_fifo_gen/gconvfifo.rf/grf.rf/rstblk/ngwrdrst.grst.g7serrst.gnsckt_wrst.gic_rst.sckt_rd_rst_ic_reg/C
                            (rising edge-triggered cell FDPE clocked by vga_clk_ins/clkout0  {rise@0.000ns fall@7.692ns period=15.385ns})
  Destination:            xillybus_ins/system_i/vivado_system_i/xillyvga_0/inst/xillyvga_core_ins/vga_fifo_wrapper_ins/vga_fifo/U0/inst_fifo_gen/gconvfifo.rf/grf.rf/gntv_or_sync_fifo.gl0.rd/rpntr/gc0.count_reg[1]/CLR
                            (removal check against rising-edge clock vga_clk_ins/clkout0  {rise@0.000ns fall@7.692ns period=15.385ns})
  Path Group:             **async_default**
  Path Type:              Removal (Min at Fast Process Corner)
  Requirement:            0.000ns  (vga_clk_ins/clkout0 rise@0.000ns - vga_clk_ins/clkout0 rise@0.000ns)
  Data Path Delay:        0.602ns  (logic 0.164ns (27.262%)  route 0.438ns (72.738%))
  Logic Levels:           0  
  Clock Path Skew:        0.283ns (DCD - SCD - CPR)
    Destination Clock Delay (DCD):    3.593ns
    Source Clock Delay      (SCD):    2.741ns
    Clock Pessimism Removal (CPR):    0.568ns

    Location             Delay type                Incr(ns)  Path(ns)    Netlist Resource(s)
  -------------------------------------------------------------------    -------------------
                         (clock vga_clk_ins/clkout0 rise edge)
                                                      0.000     0.000 r  
    Y9                                                0.000     0.000 r  clk_100 (IN)
                         net (fo=0)                   0.000     0.000    clk_100
    Y9                   IBUF (Prop_ibuf_I_O)         0.258     0.258 r  clk_100_IBUF_inst/O
                         net (fo=1, routed)           0.663     0.921    clk_100_IBUF
    BUFGCTRL_X0Y1        BUFG (Prop_bufg_I_O)         0.026     0.947 r  clk_100_IBUF_BUFG_inst/O
                         net (fo=4, routed)           0.600     1.547    xillybus_ins/system_i/vivado_system_i/xillyvga_0/inst/xillyvga_core_ins/clk_in
    PLLE2_ADV_X1Y0       PLLE2_ADV (Prop_plle2_adv_CLKIN1_CLKOUT0)
                                                      0.050     1.597 r  xillybus_ins/system_i/vivado_system_i/xillyvga_0/inst/xillyvga_core_ins/vga_clk_ins/vga_pll/CLKOUT0
                         net (fo=1, routed)           0.544     2.141    xillybus_ins/system_i/vivado_system_i/xillyvga_0/inst/xillyvga_core_ins/vga_clk_ins/clkout0
    BUFGCTRL_X0Y0        BUFG (Prop_bufg_I_O)         0.026     2.167 r  xillybus_ins/system_i/vivado_system_i/xillyvga_0/inst/xillyvga_core_ins/vga_clk_ins/clkout1_buf/O
                         net (fo=195, routed)         0.575     2.741    xillybus_ins/system_i/vivado_system_i/xillyvga_0/inst/xillyvga_core_ins/vga_fifo_wrapper_ins/vga_fifo/U0/inst_fifo_gen/gconvfifo.rf/grf.rf/rstblk/rd_clk
    SLICE_X26Y55         FDPE                                         r  xillybus_ins/system_i/vivado_system_i/xillyvga_0/inst/xillyvga_core_ins/vga_fifo_wrapper_ins/vga_fifo/U0/inst_fifo_gen/gconvfifo.rf/grf.rf/rstblk/ngwrdrst.grst.g7serrst.gnsckt_wrst.gic_rst.sckt_rd_rst_ic_reg/C
  -------------------------------------------------------------------    -------------------
    SLICE_X26Y55         FDPE (Prop_fdpe_C_Q)         0.164     2.905 f  xillybus_ins/system_i/vivado_system_i/xillyvga_0/inst/xillyvga_core_ins/vga_fifo_wrapper_ins/vga_fifo/U0/inst_fifo_gen/gconvfifo.rf/grf.rf/rstblk/ngwrdrst.grst.g7serrst.gnsckt_wrst.gic_rst.sckt_rd_rst_ic_reg/Q
                         net (fo=24, routed)          0.438     3.343    xillybus_ins/system_i/vivado_system_i/xillyvga_0/inst/xillyvga_core_ins/vga_fifo_wrapper_ins/vga_fifo/U0/inst_fifo_gen/gconvfifo.rf/grf.rf/gntv_or_sync_fifo.gl0.rd/rpntr/AR[0]
    SLICE_X27Y48         FDCE                                         f  xillybus_ins/system_i/vivado_system_i/xillyvga_0/inst/xillyvga_core_ins/vga_fifo_wrapper_ins/vga_fifo/U0/inst_fifo_gen/gconvfifo.rf/grf.rf/gntv_or_sync_fifo.gl0.rd/rpntr/gc0.count_reg[1]/CLR
  -------------------------------------------------------------------    -------------------

                         (clock vga_clk_ins/clkout0 rise edge)
                                                      0.000     0.000 r  
    Y9                                                0.000     0.000 r  clk_100 (IN)
                         net (fo=0)                   0.000     0.000    clk_100
    Y9                   IBUF (Prop_ibuf_I_O)         0.446     0.446 r  clk_100_IBUF_inst/O
                         net (fo=1, routed)           0.719     1.165    clk_100_IBUF
    BUFGCTRL_X0Y1        BUFG (Prop_bufg_I_O)         0.029     1.194 r  clk_100_IBUF_BUFG_inst/O
                         net (fo=4, routed)           0.867     2.061    xillybus_ins/system_i/vivado_system_i/xillyvga_0/inst/xillyvga_core_ins/clk_in
    PLLE2_ADV_X1Y0       PLLE2_ADV (Prop_plle2_adv_CLKIN1_CLKOUT0)
                                                      0.053     2.114 r  xillybus_ins/system_i/vivado_system_i/xillyvga_0/inst/xillyvga_core_ins/vga_clk_ins/vga_pll/CLKOUT0
                         net (fo=1, routed)           0.592     2.706    xillybus_ins/system_i/vivado_system_i/xillyvga_0/inst/xillyvga_core_ins/vga_clk_ins/clkout0
    BUFGCTRL_X0Y0        BUFG (Prop_bufg_I_O)         0.029     2.735 r  xillybus_ins/system_i/vivado_system_i/xillyvga_0/inst/xillyvga_core_ins/vga_clk_ins/clkout1_buf/O
                         net (fo=195, routed)         0.858     3.593    xillybus_ins/system_i/vivado_system_i/xillyvga_0/inst/xillyvga_core_ins/vga_fifo_wrapper_ins/vga_fifo/U0/inst_fifo_gen/gconvfifo.rf/grf.rf/gntv_or_sync_fifo.gl0.rd/rpntr/rd_clk
    SLICE_X27Y48         FDCE                                         r  xillybus_ins/system_i/vivado_system_i/xillyvga_0/inst/xillyvga_core_ins/vga_fifo_wrapper_ins/vga_fifo/U0/inst_fifo_gen/gconvfifo.rf/grf.rf/gntv_or_sync_fifo.gl0.rd/rpntr/gc0.count_reg[1]/C
                         clock pessimism             -0.568     3.025    
    SLICE_X27Y48         FDCE (Remov_fdce_C_CLR)     -0.092     2.933    xillybus_ins/system_i/vivado_system_i/xillyvga_0/inst/xillyvga_core_ins/vga_fifo_wrapper_ins/vga_fifo/U0/inst_fifo_gen/gconvfifo.rf/grf.rf/gntv_or_sync_fifo.gl0.rd/rpntr/gc0.count_reg[1]
  -------------------------------------------------------------------
                         required time                         -2.933    
                         arrival time                           3.343    
  -------------------------------------------------------------------
                         slack                                  0.410    

Slack (MET) :             0.410ns  (arrival time - required time)
  Source:                 xillybus_ins/system_i/vivado_system_i/xillyvga_0/inst/xillyvga_core_ins/vga_fifo_wrapper_ins/vga_fifo/U0/inst_fifo_gen/gconvfifo.rf/grf.rf/rstblk/ngwrdrst.grst.g7serrst.gnsckt_wrst.gic_rst.sckt_rd_rst_ic_reg/C
                            (rising edge-triggered cell FDPE clocked by vga_clk_ins/clkout0  {rise@0.000ns fall@7.692ns period=15.385ns})
  Destination:            xillybus_ins/system_i/vivado_system_i/xillyvga_0/inst/xillyvga_core_ins/vga_fifo_wrapper_ins/vga_fifo/U0/inst_fifo_gen/gconvfifo.rf/grf.rf/gntv_or_sync_fifo.gl0.rd/rpntr/gc0.count_reg[2]/CLR
                            (removal check against rising-edge clock vga_clk_ins/clkout0  {rise@0.000ns fall@7.692ns period=15.385ns})
  Path Group:             **async_default**
  Path Type:              Removal (Min at Fast Process Corner)
  Requirement:            0.000ns  (vga_clk_ins/clkout0 rise@0.000ns - vga_clk_ins/clkout0 rise@0.000ns)
  Data Path Delay:        0.602ns  (logic 0.164ns (27.262%)  route 0.438ns (72.738%))
  Logic Levels:           0  
  Clock Path Skew:        0.283ns (DCD - SCD - CPR)
    Destination Clock Delay (DCD):    3.593ns
    Source Clock Delay      (SCD):    2.741ns
    Clock Pessimism Removal (CPR):    0.568ns

    Location             Delay type                Incr(ns)  Path(ns)    Netlist Resource(s)
  -------------------------------------------------------------------    -------------------
                         (clock vga_clk_ins/clkout0 rise edge)
                                                      0.000     0.000 r  
    Y9                                                0.000     0.000 r  clk_100 (IN)
                         net (fo=0)                   0.000     0.000    clk_100
    Y9                   IBUF (Prop_ibuf_I_O)         0.258     0.258 r  clk_100_IBUF_inst/O
                         net (fo=1, routed)           0.663     0.921    clk_100_IBUF
    BUFGCTRL_X0Y1        BUFG (Prop_bufg_I_O)         0.026     0.947 r  clk_100_IBUF_BUFG_inst/O
                         net (fo=4, routed)           0.600     1.547    xillybus_ins/system_i/vivado_system_i/xillyvga_0/inst/xillyvga_core_ins/clk_in
    PLLE2_ADV_X1Y0       PLLE2_ADV (Prop_plle2_adv_CLKIN1_CLKOUT0)
                                                      0.050     1.597 r  xillybus_ins/system_i/vivado_system_i/xillyvga_0/inst/xillyvga_core_ins/vga_clk_ins/vga_pll/CLKOUT0
                         net (fo=1, routed)           0.544     2.141    xillybus_ins/system_i/vivado_system_i/xillyvga_0/inst/xillyvga_core_ins/vga_clk_ins/clkout0
    BUFGCTRL_X0Y0        BUFG (Prop_bufg_I_O)         0.026     2.167 r  xillybus_ins/system_i/vivado_system_i/xillyvga_0/inst/xillyvga_core_ins/vga_clk_ins/clkout1_buf/O
                         net (fo=195, routed)         0.575     2.741    xillybus_ins/system_i/vivado_system_i/xillyvga_0/inst/xillyvga_core_ins/vga_fifo_wrapper_ins/vga_fifo/U0/inst_fifo_gen/gconvfifo.rf/grf.rf/rstblk/rd_clk
    SLICE_X26Y55         FDPE                                         r  xillybus_ins/system_i/vivado_system_i/xillyvga_0/inst/xillyvga_core_ins/vga_fifo_wrapper_ins/vga_fifo/U0/inst_fifo_gen/gconvfifo.rf/grf.rf/rstblk/ngwrdrst.grst.g7serrst.gnsckt_wrst.gic_rst.sckt_rd_rst_ic_reg/C
  -------------------------------------------------------------------    -------------------
    SLICE_X26Y55         FDPE (Prop_fdpe_C_Q)         0.164     2.905 f  xillybus_ins/system_i/vivado_system_i/xillyvga_0/inst/xillyvga_core_ins/vga_fifo_wrapper_ins/vga_fifo/U0/inst_fifo_gen/gconvfifo.rf/grf.rf/rstblk/ngwrdrst.grst.g7serrst.gnsckt_wrst.gic_rst.sckt_rd_rst_ic_reg/Q
                         net (fo=24, routed)          0.438     3.343    xillybus_ins/system_i/vivado_system_i/xillyvga_0/inst/xillyvga_core_ins/vga_fifo_wrapper_ins/vga_fifo/U0/inst_fifo_gen/gconvfifo.rf/grf.rf/gntv_or_sync_fifo.gl0.rd/rpntr/AR[0]
    SLICE_X27Y48         FDCE                                         f  xillybus_ins/system_i/vivado_system_i/xillyvga_0/inst/xillyvga_core_ins/vga_fifo_wrapper_ins/vga_fifo/U0/inst_fifo_gen/gconvfifo.rf/grf.rf/gntv_or_sync_fifo.gl0.rd/rpntr/gc0.count_reg[2]/CLR
  -------------------------------------------------------------------    -------------------

                         (clock vga_clk_ins/clkout0 rise edge)
                                                      0.000     0.000 r  
    Y9                                                0.000     0.000 r  clk_100 (IN)
                         net (fo=0)                   0.000     0.000    clk_100
    Y9                   IBUF (Prop_ibuf_I_O)         0.446     0.446 r  clk_100_IBUF_inst/O
                         net (fo=1, routed)           0.719     1.165    clk_100_IBUF
    BUFGCTRL_X0Y1        BUFG (Prop_bufg_I_O)         0.029     1.194 r  clk_100_IBUF_BUFG_inst/O
                         net (fo=4, routed)           0.867     2.061    xillybus_ins/system_i/vivado_system_i/xillyvga_0/inst/xillyvga_core_ins/clk_in
    PLLE2_ADV_X1Y0       PLLE2_ADV (Prop_plle2_adv_CLKIN1_CLKOUT0)
                                                      0.053     2.114 r  xillybus_ins/system_i/vivado_system_i/xillyvga_0/inst/xillyvga_core_ins/vga_clk_ins/vga_pll/CLKOUT0
                         net (fo=1, routed)           0.592     2.706    xillybus_ins/system_i/vivado_system_i/xillyvga_0/inst/xillyvga_core_ins/vga_clk_ins/clkout0
    BUFGCTRL_X0Y0        BUFG (Prop_bufg_I_O)         0.029     2.735 r  xillybus_ins/system_i/vivado_system_i/xillyvga_0/inst/xillyvga_core_ins/vga_clk_ins/clkout1_buf/O
                         net (fo=195, routed)         0.858     3.593    xillybus_ins/system_i/vivado_system_i/xillyvga_0/inst/xillyvga_core_ins/vga_fifo_wrapper_ins/vga_fifo/U0/inst_fifo_gen/gconvfifo.rf/grf.rf/gntv_or_sync_fifo.gl0.rd/rpntr/rd_clk
    SLICE_X27Y48         FDCE                                         r  xillybus_ins/system_i/vivado_system_i/xillyvga_0/inst/xillyvga_core_ins/vga_fifo_wrapper_ins/vga_fifo/U0/inst_fifo_gen/gconvfifo.rf/grf.rf/gntv_or_sync_fifo.gl0.rd/rpntr/gc0.count_reg[2]/C
                         clock pessimism             -0.568     3.025    
    SLICE_X27Y48         FDCE (Remov_fdce_C_CLR)     -0.092     2.933    xillybus_ins/system_i/vivado_system_i/xillyvga_0/inst/xillyvga_core_ins/vga_fifo_wrapper_ins/vga_fifo/U0/inst_fifo_gen/gconvfifo.rf/grf.rf/gntv_or_sync_fifo.gl0.rd/rpntr/gc0.count_reg[2]
  -------------------------------------------------------------------
                         required time                         -2.933    
                         arrival time                           3.343    
  -------------------------------------------------------------------
                         slack                                  0.410    

Slack (MET) :             0.410ns  (arrival time - required time)
  Source:                 xillybus_ins/system_i/vivado_system_i/xillyvga_0/inst/xillyvga_core_ins/vga_fifo_wrapper_ins/vga_fifo/U0/inst_fifo_gen/gconvfifo.rf/grf.rf/rstblk/ngwrdrst.grst.g7serrst.gnsckt_wrst.gic_rst.sckt_rd_rst_ic_reg/C
                            (rising edge-triggered cell FDPE clocked by vga_clk_ins/clkout0  {rise@0.000ns fall@7.692ns period=15.385ns})
  Destination:            xillybus_ins/system_i/vivado_system_i/xillyvga_0/inst/xillyvga_core_ins/vga_fifo_wrapper_ins/vga_fifo/U0/inst_fifo_gen/gconvfifo.rf/grf.rf/gntv_or_sync_fifo.gl0.rd/rpntr/gc0.count_reg[3]/CLR
                            (removal check against rising-edge clock vga_clk_ins/clkout0  {rise@0.000ns fall@7.692ns period=15.385ns})
  Path Group:             **async_default**
  Path Type:              Removal (Min at Fast Process Corner)
  Requirement:            0.000ns  (vga_clk_ins/clkout0 rise@0.000ns - vga_clk_ins/clkout0 rise@0.000ns)
  Data Path Delay:        0.602ns  (logic 0.164ns (27.262%)  route 0.438ns (72.738%))
  Logic Levels:           0  
  Clock Path Skew:        0.283ns (DCD - SCD - CPR)
    Destination Clock Delay (DCD):    3.593ns
    Source Clock Delay      (SCD):    2.741ns
    Clock Pessimism Removal (CPR):    0.568ns

    Location             Delay type                Incr(ns)  Path(ns)    Netlist Resource(s)
  -------------------------------------------------------------------    -------------------
                         (clock vga_clk_ins/clkout0 rise edge)
                                                      0.000     0.000 r  
    Y9                                                0.000     0.000 r  clk_100 (IN)
                         net (fo=0)                   0.000     0.000    clk_100
    Y9                   IBUF (Prop_ibuf_I_O)         0.258     0.258 r  clk_100_IBUF_inst/O
                         net (fo=1, routed)           0.663     0.921    clk_100_IBUF
    BUFGCTRL_X0Y1        BUFG (Prop_bufg_I_O)         0.026     0.947 r  clk_100_IBUF_BUFG_inst/O
                         net (fo=4, routed)           0.600     1.547    xillybus_ins/system_i/vivado_system_i/xillyvga_0/inst/xillyvga_core_ins/clk_in
    PLLE2_ADV_X1Y0       PLLE2_ADV (Prop_plle2_adv_CLKIN1_CLKOUT0)
                                                      0.050     1.597 r  xillybus_ins/system_i/vivado_system_i/xillyvga_0/inst/xillyvga_core_ins/vga_clk_ins/vga_pll/CLKOUT0
                         net (fo=1, routed)           0.544     2.141    xillybus_ins/system_i/vivado_system_i/xillyvga_0/inst/xillyvga_core_ins/vga_clk_ins/clkout0
    BUFGCTRL_X0Y0        BUFG (Prop_bufg_I_O)         0.026     2.167 r  xillybus_ins/system_i/vivado_system_i/xillyvga_0/inst/xillyvga_core_ins/vga_clk_ins/clkout1_buf/O
                         net (fo=195, routed)         0.575     2.741    xillybus_ins/system_i/vivado_system_i/xillyvga_0/inst/xillyvga_core_ins/vga_fifo_wrapper_ins/vga_fifo/U0/inst_fifo_gen/gconvfifo.rf/grf.rf/rstblk/rd_clk
    SLICE_X26Y55         FDPE                                         r  xillybus_ins/system_i/vivado_system_i/xillyvga_0/inst/xillyvga_core_ins/vga_fifo_wrapper_ins/vga_fifo/U0/inst_fifo_gen/gconvfifo.rf/grf.rf/rstblk/ngwrdrst.grst.g7serrst.gnsckt_wrst.gic_rst.sckt_rd_rst_ic_reg/C
  -------------------------------------------------------------------    -------------------
    SLICE_X26Y55         FDPE (Prop_fdpe_C_Q)         0.164     2.905 f  xillybus_ins/system_i/vivado_system_i/xillyvga_0/inst/xillyvga_core_ins/vga_fifo_wrapper_ins/vga_fifo/U0/inst_fifo_gen/gconvfifo.rf/grf.rf/rstblk/ngwrdrst.grst.g7serrst.gnsckt_wrst.gic_rst.sckt_rd_rst_ic_reg/Q
                         net (fo=24, routed)          0.438     3.343    xillybus_ins/system_i/vivado_system_i/xillyvga_0/inst/xillyvga_core_ins/vga_fifo_wrapper_ins/vga_fifo/U0/inst_fifo_gen/gconvfifo.rf/grf.rf/gntv_or_sync_fifo.gl0.rd/rpntr/AR[0]
    SLICE_X27Y48         FDCE                                         f  xillybus_ins/system_i/vivado_system_i/xillyvga_0/inst/xillyvga_core_ins/vga_fifo_wrapper_ins/vga_fifo/U0/inst_fifo_gen/gconvfifo.rf/grf.rf/gntv_or_sync_fifo.gl0.rd/rpntr/gc0.count_reg[3]/CLR
  -------------------------------------------------------------------    -------------------

                         (clock vga_clk_ins/clkout0 rise edge)
                                                      0.000     0.000 r  
    Y9                                                0.000     0.000 r  clk_100 (IN)
                         net (fo=0)                   0.000     0.000    clk_100
    Y9                   IBUF (Prop_ibuf_I_O)         0.446     0.446 r  clk_100_IBUF_inst/O
                         net (fo=1, routed)           0.719     1.165    clk_100_IBUF
    BUFGCTRL_X0Y1        BUFG (Prop_bufg_I_O)         0.029     1.194 r  clk_100_IBUF_BUFG_inst/O
                         net (fo=4, routed)           0.867     2.061    xillybus_ins/system_i/vivado_system_i/xillyvga_0/inst/xillyvga_core_ins/clk_in
    PLLE2_ADV_X1Y0       PLLE2_ADV (Prop_plle2_adv_CLKIN1_CLKOUT0)
                                                      0.053     2.114 r  xillybus_ins/system_i/vivado_system_i/xillyvga_0/inst/xillyvga_core_ins/vga_clk_ins/vga_pll/CLKOUT0
                         net (fo=1, routed)           0.592     2.706    xillybus_ins/system_i/vivado_system_i/xillyvga_0/inst/xillyvga_core_ins/vga_clk_ins/clkout0
    BUFGCTRL_X0Y0        BUFG (Prop_bufg_I_O)         0.029     2.735 r  xillybus_ins/system_i/vivado_system_i/xillyvga_0/inst/xillyvga_core_ins/vga_clk_ins/clkout1_buf/O
                         net (fo=195, routed)         0.858     3.593    xillybus_ins/system_i/vivado_system_i/xillyvga_0/inst/xillyvga_core_ins/vga_fifo_wrapper_ins/vga_fifo/U0/inst_fifo_gen/gconvfifo.rf/grf.rf/gntv_or_sync_fifo.gl0.rd/rpntr/rd_clk
    SLICE_X27Y48         FDCE                                         r  xillybus_ins/system_i/vivado_system_i/xillyvga_0/inst/xillyvga_core_ins/vga_fifo_wrapper_ins/vga_fifo/U0/inst_fifo_gen/gconvfifo.rf/grf.rf/gntv_or_sync_fifo.gl0.rd/rpntr/gc0.count_reg[3]/C
                         clock pessimism             -0.568     3.025    
    SLICE_X27Y48         FDCE (Remov_fdce_C_CLR)     -0.092     2.933    xillybus_ins/system_i/vivado_system_i/xillyvga_0/inst/xillyvga_core_ins/vga_fifo_wrapper_ins/vga_fifo/U0/inst_fifo_gen/gconvfifo.rf/grf.rf/gntv_or_sync_fifo.gl0.rd/rpntr/gc0.count_reg[3]
  -------------------------------------------------------------------
                         required time                         -2.933    
                         arrival time                           3.343    
  -------------------------------------------------------------------
                         slack                                  0.410    

Slack (MET) :             0.410ns  (arrival time - required time)
  Source:                 xillybus_ins/system_i/vivado_system_i/xillyvga_0/inst/xillyvga_core_ins/vga_fifo_wrapper_ins/vga_fifo/U0/inst_fifo_gen/gconvfifo.rf/grf.rf/rstblk/ngwrdrst.grst.g7serrst.gnsckt_wrst.gic_rst.sckt_rd_rst_ic_reg/C
                            (rising edge-triggered cell FDPE clocked by vga_clk_ins/clkout0  {rise@0.000ns fall@7.692ns period=15.385ns})
  Destination:            xillybus_ins/system_i/vivado_system_i/xillyvga_0/inst/xillyvga_core_ins/vga_fifo_wrapper_ins/vga_fifo/U0/inst_fifo_gen/gconvfifo.rf/grf.rf/gntv_or_sync_fifo.gl0.rd/rpntr/gc0.count_reg[4]/CLR
                            (removal check against rising-edge clock vga_clk_ins/clkout0  {rise@0.000ns fall@7.692ns period=15.385ns})
  Path Group:             **async_default**
  Path Type:              Removal (Min at Fast Process Corner)
  Requirement:            0.000ns  (vga_clk_ins/clkout0 rise@0.000ns - vga_clk_ins/clkout0 rise@0.000ns)
  Data Path Delay:        0.602ns  (logic 0.164ns (27.262%)  route 0.438ns (72.738%))
  Logic Levels:           0  
  Clock Path Skew:        0.283ns (DCD - SCD - CPR)
    Destination Clock Delay (DCD):    3.593ns
    Source Clock Delay      (SCD):    2.741ns
    Clock Pessimism Removal (CPR):    0.568ns

    Location             Delay type                Incr(ns)  Path(ns)    Netlist Resource(s)
  -------------------------------------------------------------------    -------------------
                         (clock vga_clk_ins/clkout0 rise edge)
                                                      0.000     0.000 r  
    Y9                                                0.000     0.000 r  clk_100 (IN)
                         net (fo=0)                   0.000     0.000    clk_100
    Y9                   IBUF (Prop_ibuf_I_O)         0.258     0.258 r  clk_100_IBUF_inst/O
                         net (fo=1, routed)           0.663     0.921    clk_100_IBUF
    BUFGCTRL_X0Y1        BUFG (Prop_bufg_I_O)         0.026     0.947 r  clk_100_IBUF_BUFG_inst/O
                         net (fo=4, routed)           0.600     1.547    xillybus_ins/system_i/vivado_system_i/xillyvga_0/inst/xillyvga_core_ins/clk_in
    PLLE2_ADV_X1Y0       PLLE2_ADV (Prop_plle2_adv_CLKIN1_CLKOUT0)
                                                      0.050     1.597 r  xillybus_ins/system_i/vivado_system_i/xillyvga_0/inst/xillyvga_core_ins/vga_clk_ins/vga_pll/CLKOUT0
                         net (fo=1, routed)           0.544     2.141    xillybus_ins/system_i/vivado_system_i/xillyvga_0/inst/xillyvga_core_ins/vga_clk_ins/clkout0
    BUFGCTRL_X0Y0        BUFG (Prop_bufg_I_O)         0.026     2.167 r  xillybus_ins/system_i/vivado_system_i/xillyvga_0/inst/xillyvga_core_ins/vga_clk_ins/clkout1_buf/O
                         net (fo=195, routed)         0.575     2.741    xillybus_ins/system_i/vivado_system_i/xillyvga_0/inst/xillyvga_core_ins/vga_fifo_wrapper_ins/vga_fifo/U0/inst_fifo_gen/gconvfifo.rf/grf.rf/rstblk/rd_clk
    SLICE_X26Y55         FDPE                                         r  xillybus_ins/system_i/vivado_system_i/xillyvga_0/inst/xillyvga_core_ins/vga_fifo_wrapper_ins/vga_fifo/U0/inst_fifo_gen/gconvfifo.rf/grf.rf/rstblk/ngwrdrst.grst.g7serrst.gnsckt_wrst.gic_rst.sckt_rd_rst_ic_reg/C
  -------------------------------------------------------------------    -------------------
    SLICE_X26Y55         FDPE (Prop_fdpe_C_Q)         0.164     2.905 f  xillybus_ins/system_i/vivado_system_i/xillyvga_0/inst/xillyvga_core_ins/vga_fifo_wrapper_ins/vga_fifo/U0/inst_fifo_gen/gconvfifo.rf/grf.rf/rstblk/ngwrdrst.grst.g7serrst.gnsckt_wrst.gic_rst.sckt_rd_rst_ic_reg/Q
                         net (fo=24, routed)          0.438     3.343    xillybus_ins/system_i/vivado_system_i/xillyvga_0/inst/xillyvga_core_ins/vga_fifo_wrapper_ins/vga_fifo/U0/inst_fifo_gen/gconvfifo.rf/grf.rf/gntv_or_sync_fifo.gl0.rd/rpntr/AR[0]
    SLICE_X27Y48         FDCE                                         f  xillybus_ins/system_i/vivado_system_i/xillyvga_0/inst/xillyvga_core_ins/vga_fifo_wrapper_ins/vga_fifo/U0/inst_fifo_gen/gconvfifo.rf/grf.rf/gntv_or_sync_fifo.gl0.rd/rpntr/gc0.count_reg[4]/CLR
  -------------------------------------------------------------------    -------------------

                         (clock vga_clk_ins/clkout0 rise edge)
                                                      0.000     0.000 r  
    Y9                                                0.000     0.000 r  clk_100 (IN)
                         net (fo=0)                   0.000     0.000    clk_100
    Y9                   IBUF (Prop_ibuf_I_O)         0.446     0.446 r  clk_100_IBUF_inst/O
                         net (fo=1, routed)           0.719     1.165    clk_100_IBUF
    BUFGCTRL_X0Y1        BUFG (Prop_bufg_I_O)         0.029     1.194 r  clk_100_IBUF_BUFG_inst/O
                         net (fo=4, routed)           0.867     2.061    xillybus_ins/system_i/vivado_system_i/xillyvga_0/inst/xillyvga_core_ins/clk_in
    PLLE2_ADV_X1Y0       PLLE2_ADV (Prop_plle2_adv_CLKIN1_CLKOUT0)
                                                      0.053     2.114 r  xillybus_ins/system_i/vivado_system_i/xillyvga_0/inst/xillyvga_core_ins/vga_clk_ins/vga_pll/CLKOUT0
                         net (fo=1, routed)           0.592     2.706    xillybus_ins/system_i/vivado_system_i/xillyvga_0/inst/xillyvga_core_ins/vga_clk_ins/clkout0
    BUFGCTRL_X0Y0        BUFG (Prop_bufg_I_O)         0.029     2.735 r  xillybus_ins/system_i/vivado_system_i/xillyvga_0/inst/xillyvga_core_ins/vga_clk_ins/clkout1_buf/O
                         net (fo=195, routed)         0.858     3.593    xillybus_ins/system_i/vivado_system_i/xillyvga_0/inst/xillyvga_core_ins/vga_fifo_wrapper_ins/vga_fifo/U0/inst_fifo_gen/gconvfifo.rf/grf.rf/gntv_or_sync_fifo.gl0.rd/rpntr/rd_clk
    SLICE_X27Y48         FDCE                                         r  xillybus_ins/system_i/vivado_system_i/xillyvga_0/inst/xillyvga_core_ins/vga_fifo_wrapper_ins/vga_fifo/U0/inst_fifo_gen/gconvfifo.rf/grf.rf/gntv_or_sync_fifo.gl0.rd/rpntr/gc0.count_reg[4]/C
                         clock pessimism             -0.568     3.025    
    SLICE_X27Y48         FDCE (Remov_fdce_C_CLR)     -0.092     2.933    xillybus_ins/system_i/vivado_system_i/xillyvga_0/inst/xillyvga_core_ins/vga_fifo_wrapper_ins/vga_fifo/U0/inst_fifo_gen/gconvfifo.rf/grf.rf/gntv_or_sync_fifo.gl0.rd/rpntr/gc0.count_reg[4]
  -------------------------------------------------------------------
                         required time                         -2.933    
                         arrival time                           3.343    
  -------------------------------------------------------------------
                         slack                                  0.410    

Slack (MET) :             0.410ns  (arrival time - required time)
  Source:                 xillybus_ins/system_i/vivado_system_i/xillyvga_0/inst/xillyvga_core_ins/vga_fifo_wrapper_ins/vga_fifo/U0/inst_fifo_gen/gconvfifo.rf/grf.rf/rstblk/ngwrdrst.grst.g7serrst.gnsckt_wrst.gic_rst.sckt_rd_rst_ic_reg/C
                            (rising edge-triggered cell FDPE clocked by vga_clk_ins/clkout0  {rise@0.000ns fall@7.692ns period=15.385ns})
  Destination:            xillybus_ins/system_i/vivado_system_i/xillyvga_0/inst/xillyvga_core_ins/vga_fifo_wrapper_ins/vga_fifo/U0/inst_fifo_gen/gconvfifo.rf/grf.rf/gntv_or_sync_fifo.gl0.rd/rpntr/gc0.count_reg[5]/CLR
                            (removal check against rising-edge clock vga_clk_ins/clkout0  {rise@0.000ns fall@7.692ns period=15.385ns})
  Path Group:             **async_default**
  Path Type:              Removal (Min at Fast Process Corner)
  Requirement:            0.000ns  (vga_clk_ins/clkout0 rise@0.000ns - vga_clk_ins/clkout0 rise@0.000ns)
  Data Path Delay:        0.602ns  (logic 0.164ns (27.262%)  route 0.438ns (72.738%))
  Logic Levels:           0  
  Clock Path Skew:        0.283ns (DCD - SCD - CPR)
    Destination Clock Delay (DCD):    3.593ns
    Source Clock Delay      (SCD):    2.741ns
    Clock Pessimism Removal (CPR):    0.568ns

    Location             Delay type                Incr(ns)  Path(ns)    Netlist Resource(s)
  -------------------------------------------------------------------    -------------------
                         (clock vga_clk_ins/clkout0 rise edge)
                                                      0.000     0.000 r  
    Y9                                                0.000     0.000 r  clk_100 (IN)
                         net (fo=0)                   0.000     0.000    clk_100
    Y9                   IBUF (Prop_ibuf_I_O)         0.258     0.258 r  clk_100_IBUF_inst/O
                         net (fo=1, routed)           0.663     0.921    clk_100_IBUF
    BUFGCTRL_X0Y1        BUFG (Prop_bufg_I_O)         0.026     0.947 r  clk_100_IBUF_BUFG_inst/O
                         net (fo=4, routed)           0.600     1.547    xillybus_ins/system_i/vivado_system_i/xillyvga_0/inst/xillyvga_core_ins/clk_in
    PLLE2_ADV_X1Y0       PLLE2_ADV (Prop_plle2_adv_CLKIN1_CLKOUT0)
                                                      0.050     1.597 r  xillybus_ins/system_i/vivado_system_i/xillyvga_0/inst/xillyvga_core_ins/vga_clk_ins/vga_pll/CLKOUT0
                         net (fo=1, routed)           0.544     2.141    xillybus_ins/system_i/vivado_system_i/xillyvga_0/inst/xillyvga_core_ins/vga_clk_ins/clkout0
    BUFGCTRL_X0Y0        BUFG (Prop_bufg_I_O)         0.026     2.167 r  xillybus_ins/system_i/vivado_system_i/xillyvga_0/inst/xillyvga_core_ins/vga_clk_ins/clkout1_buf/O
                         net (fo=195, routed)         0.575     2.741    xillybus_ins/system_i/vivado_system_i/xillyvga_0/inst/xillyvga_core_ins/vga_fifo_wrapper_ins/vga_fifo/U0/inst_fifo_gen/gconvfifo.rf/grf.rf/rstblk/rd_clk
    SLICE_X26Y55         FDPE                                         r  xillybus_ins/system_i/vivado_system_i/xillyvga_0/inst/xillyvga_core_ins/vga_fifo_wrapper_ins/vga_fifo/U0/inst_fifo_gen/gconvfifo.rf/grf.rf/rstblk/ngwrdrst.grst.g7serrst.gnsckt_wrst.gic_rst.sckt_rd_rst_ic_reg/C
  -------------------------------------------------------------------    -------------------
    SLICE_X26Y55         FDPE (Prop_fdpe_C_Q)         0.164     2.905 f  xillybus_ins/system_i/vivado_system_i/xillyvga_0/inst/xillyvga_core_ins/vga_fifo_wrapper_ins/vga_fifo/U0/inst_fifo_gen/gconvfifo.rf/grf.rf/rstblk/ngwrdrst.grst.g7serrst.gnsckt_wrst.gic_rst.sckt_rd_rst_ic_reg/Q
                         net (fo=24, routed)          0.438     3.343    xillybus_ins/system_i/vivado_system_i/xillyvga_0/inst/xillyvga_core_ins/vga_fifo_wrapper_ins/vga_fifo/U0/inst_fifo_gen/gconvfifo.rf/grf.rf/gntv_or_sync_fifo.gl0.rd/rpntr/AR[0]
    SLICE_X27Y48         FDCE                                         f  xillybus_ins/system_i/vivado_system_i/xillyvga_0/inst/xillyvga_core_ins/vga_fifo_wrapper_ins/vga_fifo/U0/inst_fifo_gen/gconvfifo.rf/grf.rf/gntv_or_sync_fifo.gl0.rd/rpntr/gc0.count_reg[5]/CLR
  -------------------------------------------------------------------    -------------------

                         (clock vga_clk_ins/clkout0 rise edge)
                                                      0.000     0.000 r  
    Y9                                                0.000     0.000 r  clk_100 (IN)
                         net (fo=0)                   0.000     0.000    clk_100
    Y9                   IBUF (Prop_ibuf_I_O)         0.446     0.446 r  clk_100_IBUF_inst/O
                         net (fo=1, routed)           0.719     1.165    clk_100_IBUF
    BUFGCTRL_X0Y1        BUFG (Prop_bufg_I_O)         0.029     1.194 r  clk_100_IBUF_BUFG_inst/O
                         net (fo=4, routed)           0.867     2.061    xillybus_ins/system_i/vivado_system_i/xillyvga_0/inst/xillyvga_core_ins/clk_in
    PLLE2_ADV_X1Y0       PLLE2_ADV (Prop_plle2_adv_CLKIN1_CLKOUT0)
                                                      0.053     2.114 r  xillybus_ins/system_i/vivado_system_i/xillyvga_0/inst/xillyvga_core_ins/vga_clk_ins/vga_pll/CLKOUT0
                         net (fo=1, routed)           0.592     2.706    xillybus_ins/system_i/vivado_system_i/xillyvga_0/inst/xillyvga_core_ins/vga_clk_ins/clkout0
    BUFGCTRL_X0Y0        BUFG (Prop_bufg_I_O)         0.029     2.735 r  xillybus_ins/system_i/vivado_system_i/xillyvga_0/inst/xillyvga_core_ins/vga_clk_ins/clkout1_buf/O
                         net (fo=195, routed)         0.858     3.593    xillybus_ins/system_i/vivado_system_i/xillyvga_0/inst/xillyvga_core_ins/vga_fifo_wrapper_ins/vga_fifo/U0/inst_fifo_gen/gconvfifo.rf/grf.rf/gntv_or_sync_fifo.gl0.rd/rpntr/rd_clk
    SLICE_X27Y48         FDCE                                         r  xillybus_ins/system_i/vivado_system_i/xillyvga_0/inst/xillyvga_core_ins/vga_fifo_wrapper_ins/vga_fifo/U0/inst_fifo_gen/gconvfifo.rf/grf.rf/gntv_or_sync_fifo.gl0.rd/rpntr/gc0.count_reg[5]/C
                         clock pessimism             -0.568     3.025    
    SLICE_X27Y48         FDCE (Remov_fdce_C_CLR)     -0.092     2.933    xillybus_ins/system_i/vivado_system_i/xillyvga_0/inst/xillyvga_core_ins/vga_fifo_wrapper_ins/vga_fifo/U0/inst_fifo_gen/gconvfifo.rf/grf.rf/gntv_or_sync_fifo.gl0.rd/rpntr/gc0.count_reg[5]
  -------------------------------------------------------------------
                         required time                         -2.933    
                         arrival time                           3.343    
  -------------------------------------------------------------------
                         slack                                  0.410    

Slack (MET) :             0.413ns  (arrival time - required time)
  Source:                 xillybus_ins/system_i/vivado_system_i/xillyvga_0/inst/xillyvga_core_ins/vga_fifo_wrapper_ins/vga_fifo/U0/inst_fifo_gen/gconvfifo.rf/grf.rf/rstblk/ngwrdrst.grst.g7serrst.gnsckt_wrst.gic_rst.sckt_rd_rst_ic_reg/C
                            (rising edge-triggered cell FDPE clocked by vga_clk_ins/clkout0  {rise@0.000ns fall@7.692ns period=15.385ns})
  Destination:            xillybus_ins/system_i/vivado_system_i/xillyvga_0/inst/xillyvga_core_ins/vga_fifo_wrapper_ins/vga_fifo/U0/inst_fifo_gen/gconvfifo.rf/grf.rf/gntv_or_sync_fifo.gl0.rd/rpntr/gc0.count_reg[0]/PRE
                            (removal check against rising-edge clock vga_clk_ins/clkout0  {rise@0.000ns fall@7.692ns period=15.385ns})
  Path Group:             **async_default**
  Path Type:              Removal (Min at Fast Process Corner)
  Requirement:            0.000ns  (vga_clk_ins/clkout0 rise@0.000ns - vga_clk_ins/clkout0 rise@0.000ns)
  Data Path Delay:        0.602ns  (logic 0.164ns (27.262%)  route 0.438ns (72.738%))
  Logic Levels:           0  
  Clock Path Skew:        0.283ns (DCD - SCD - CPR)
    Destination Clock Delay (DCD):    3.593ns
    Source Clock Delay      (SCD):    2.741ns
    Clock Pessimism Removal (CPR):    0.568ns

    Location             Delay type                Incr(ns)  Path(ns)    Netlist Resource(s)
  -------------------------------------------------------------------    -------------------
                         (clock vga_clk_ins/clkout0 rise edge)
                                                      0.000     0.000 r  
    Y9                                                0.000     0.000 r  clk_100 (IN)
                         net (fo=0)                   0.000     0.000    clk_100
    Y9                   IBUF (Prop_ibuf_I_O)         0.258     0.258 r  clk_100_IBUF_inst/O
                         net (fo=1, routed)           0.663     0.921    clk_100_IBUF
    BUFGCTRL_X0Y1        BUFG (Prop_bufg_I_O)         0.026     0.947 r  clk_100_IBUF_BUFG_inst/O
                         net (fo=4, routed)           0.600     1.547    xillybus_ins/system_i/vivado_system_i/xillyvga_0/inst/xillyvga_core_ins/clk_in
    PLLE2_ADV_X1Y0       PLLE2_ADV (Prop_plle2_adv_CLKIN1_CLKOUT0)
                                                      0.050     1.597 r  xillybus_ins/system_i/vivado_system_i/xillyvga_0/inst/xillyvga_core_ins/vga_clk_ins/vga_pll/CLKOUT0
                         net (fo=1, routed)           0.544     2.141    xillybus_ins/system_i/vivado_system_i/xillyvga_0/inst/xillyvga_core_ins/vga_clk_ins/clkout0
    BUFGCTRL_X0Y0        BUFG (Prop_bufg_I_O)         0.026     2.167 r  xillybus_ins/system_i/vivado_system_i/xillyvga_0/inst/xillyvga_core_ins/vga_clk_ins/clkout1_buf/O
                         net (fo=195, routed)         0.575     2.741    xillybus_ins/system_i/vivado_system_i/xillyvga_0/inst/xillyvga_core_ins/vga_fifo_wrapper_ins/vga_fifo/U0/inst_fifo_gen/gconvfifo.rf/grf.rf/rstblk/rd_clk
    SLICE_X26Y55         FDPE                                         r  xillybus_ins/system_i/vivado_system_i/xillyvga_0/inst/xillyvga_core_ins/vga_fifo_wrapper_ins/vga_fifo/U0/inst_fifo_gen/gconvfifo.rf/grf.rf/rstblk/ngwrdrst.grst.g7serrst.gnsckt_wrst.gic_rst.sckt_rd_rst_ic_reg/C
  -------------------------------------------------------------------    -------------------
    SLICE_X26Y55         FDPE (Prop_fdpe_C_Q)         0.164     2.905 f  xillybus_ins/system_i/vivado_system_i/xillyvga_0/inst/xillyvga_core_ins/vga_fifo_wrapper_ins/vga_fifo/U0/inst_fifo_gen/gconvfifo.rf/grf.rf/rstblk/ngwrdrst.grst.g7serrst.gnsckt_wrst.gic_rst.sckt_rd_rst_ic_reg/Q
                         net (fo=24, routed)          0.438     3.343    xillybus_ins/system_i/vivado_system_i/xillyvga_0/inst/xillyvga_core_ins/vga_fifo_wrapper_ins/vga_fifo/U0/inst_fifo_gen/gconvfifo.rf/grf.rf/gntv_or_sync_fifo.gl0.rd/rpntr/AR[0]
    SLICE_X27Y48         FDPE                                         f  xillybus_ins/system_i/vivado_system_i/xillyvga_0/inst/xillyvga_core_ins/vga_fifo_wrapper_ins/vga_fifo/U0/inst_fifo_gen/gconvfifo.rf/grf.rf/gntv_or_sync_fifo.gl0.rd/rpntr/gc0.count_reg[0]/PRE
  -------------------------------------------------------------------    -------------------

                         (clock vga_clk_ins/clkout0 rise edge)
                                                      0.000     0.000 r  
    Y9                                                0.000     0.000 r  clk_100 (IN)
                         net (fo=0)                   0.000     0.000    clk_100
    Y9                   IBUF (Prop_ibuf_I_O)         0.446     0.446 r  clk_100_IBUF_inst/O
                         net (fo=1, routed)           0.719     1.165    clk_100_IBUF
    BUFGCTRL_X0Y1        BUFG (Prop_bufg_I_O)         0.029     1.194 r  clk_100_IBUF_BUFG_inst/O
                         net (fo=4, routed)           0.867     2.061    xillybus_ins/system_i/vivado_system_i/xillyvga_0/inst/xillyvga_core_ins/clk_in
    PLLE2_ADV_X1Y0       PLLE2_ADV (Prop_plle2_adv_CLKIN1_CLKOUT0)
                                                      0.053     2.114 r  xillybus_ins/system_i/vivado_system_i/xillyvga_0/inst/xillyvga_core_ins/vga_clk_ins/vga_pll/CLKOUT0
                         net (fo=1, routed)           0.592     2.706    xillybus_ins/system_i/vivado_system_i/xillyvga_0/inst/xillyvga_core_ins/vga_clk_ins/clkout0
    BUFGCTRL_X0Y0        BUFG (Prop_bufg_I_O)         0.029     2.735 r  xillybus_ins/system_i/vivado_system_i/xillyvga_0/inst/xillyvga_core_ins/vga_clk_ins/clkout1_buf/O
                         net (fo=195, routed)         0.858     3.593    xillybus_ins/system_i/vivado_system_i/xillyvga_0/inst/xillyvga_core_ins/vga_fifo_wrapper_ins/vga_fifo/U0/inst_fifo_gen/gconvfifo.rf/grf.rf/gntv_or_sync_fifo.gl0.rd/rpntr/rd_clk
    SLICE_X27Y48         FDPE                                         r  xillybus_ins/system_i/vivado_system_i/xillyvga_0/inst/xillyvga_core_ins/vga_fifo_wrapper_ins/vga_fifo/U0/inst_fifo_gen/gconvfifo.rf/grf.rf/gntv_or_sync_fifo.gl0.rd/rpntr/gc0.count_reg[0]/C
                         clock pessimism             -0.568     3.025    
    SLICE_X27Y48         FDPE (Remov_fdpe_C_PRE)     -0.095     2.930    xillybus_ins/system_i/vivado_system_i/xillyvga_0/inst/xillyvga_core_ins/vga_fifo_wrapper_ins/vga_fifo/U0/inst_fifo_gen/gconvfifo.rf/grf.rf/gntv_or_sync_fifo.gl0.rd/rpntr/gc0.count_reg[0]
  -------------------------------------------------------------------
                         required time                         -2.930    
                         arrival time                           3.343    
  -------------------------------------------------------------------
                         slack                                  0.413    

Slack (MET) :             0.415ns  (arrival time - required time)
  Source:                 xillybus_ins/system_i/vivado_system_i/xillyvga_0/inst/xillyvga_core_ins/vga_fifo_wrapper_ins/vga_fifo/U0/inst_fifo_gen/gconvfifo.rf/grf.rf/rstblk/ngwrdrst.grst.g7serrst.gnsckt_wrst.gic_rst.rst_rd_reg2_inst/arststages_ff_reg[1]/C
                            (rising edge-triggered cell FDPE clocked by vga_clk_ins/clkout0  {rise@0.000ns fall@7.692ns period=15.385ns})
  Destination:            xillybus_ins/system_i/vivado_system_i/xillyvga_0/inst/xillyvga_core_ins/vga_fifo_wrapper_ins/vga_fifo/U0/inst_fifo_gen/gconvfifo.rf/grf.rf/rstblk/ngwrdrst.grst.g7serrst.gnsckt_wrst.gic_rst.sckt_rd_rst_ic_reg/PRE
                            (removal check against rising-edge clock vga_clk_ins/clkout0  {rise@0.000ns fall@7.692ns period=15.385ns})
  Path Group:             **async_default**
  Path Type:              Removal (Min at Fast Process Corner)
  Requirement:            0.000ns  (vga_clk_ins/clkout0 rise@0.000ns - vga_clk_ins/clkout0 rise@0.000ns)
  Data Path Delay:        0.323ns  (logic 0.128ns (39.584%)  route 0.195ns (60.416%))
  Logic Levels:           0  
  Clock Path Skew:        0.033ns (DCD - SCD - CPR)
    Destination Clock Delay (DCD):    3.580ns
    Source Clock Delay      (SCD):    2.744ns
    Clock Pessimism Removal (CPR):    0.803ns

    Location             Delay type                Incr(ns)  Path(ns)    Netlist Resource(s)
  -------------------------------------------------------------------    -------------------
                         (clock vga_clk_ins/clkout0 rise edge)
                                                      0.000     0.000 r  
    Y9                                                0.000     0.000 r  clk_100 (IN)
                         net (fo=0)                   0.000     0.000    clk_100
    Y9                   IBUF (Prop_ibuf_I_O)         0.258     0.258 r  clk_100_IBUF_inst/O
                         net (fo=1, routed)           0.663     0.921    clk_100_IBUF
    BUFGCTRL_X0Y1        BUFG (Prop_bufg_I_O)         0.026     0.947 r  clk_100_IBUF_BUFG_inst/O
                         net (fo=4, routed)           0.600     1.547    xillybus_ins/system_i/vivado_system_i/xillyvga_0/inst/xillyvga_core_ins/clk_in
    PLLE2_ADV_X1Y0       PLLE2_ADV (Prop_plle2_adv_CLKIN1_CLKOUT0)
                                                      0.050     1.597 r  xillybus_ins/system_i/vivado_system_i/xillyvga_0/inst/xillyvga_core_ins/vga_clk_ins/vga_pll/CLKOUT0
                         net (fo=1, routed)           0.544     2.141    xillybus_ins/system_i/vivado_system_i/xillyvga_0/inst/xillyvga_core_ins/vga_clk_ins/clkout0
    BUFGCTRL_X0Y0        BUFG (Prop_bufg_I_O)         0.026     2.167 r  xillybus_ins/system_i/vivado_system_i/xillyvga_0/inst/xillyvga_core_ins/vga_clk_ins/clkout1_buf/O
                         net (fo=195, routed)         0.578     2.744    xillybus_ins/system_i/vivado_system_i/xillyvga_0/inst/xillyvga_core_ins/vga_fifo_wrapper_ins/vga_fifo/U0/inst_fifo_gen/gconvfifo.rf/grf.rf/rstblk/ngwrdrst.grst.g7serrst.gnsckt_wrst.gic_rst.rst_rd_reg2_inst/dest_clk
    SLICE_X29Y56         FDPE                                         r  xillybus_ins/system_i/vivado_system_i/xillyvga_0/inst/xillyvga_core_ins/vga_fifo_wrapper_ins/vga_fifo/U0/inst_fifo_gen/gconvfifo.rf/grf.rf/rstblk/ngwrdrst.grst.g7serrst.gnsckt_wrst.gic_rst.rst_rd_reg2_inst/arststages_ff_reg[1]/C
  -------------------------------------------------------------------    -------------------
    SLICE_X29Y56         FDPE (Prop_fdpe_C_Q)         0.128     2.872 f  xillybus_ins/system_i/vivado_system_i/xillyvga_0/inst/xillyvga_core_ins/vga_fifo_wrapper_ins/vga_fifo/U0/inst_fifo_gen/gconvfifo.rf/grf.rf/rstblk/ngwrdrst.grst.g7serrst.gnsckt_wrst.gic_rst.rst_rd_reg2_inst/arststages_ff_reg[1]/Q
                         net (fo=3, routed)           0.195     3.068    xillybus_ins/system_i/vivado_system_i/xillyvga_0/inst/xillyvga_core_ins/vga_fifo_wrapper_ins/vga_fifo/U0/inst_fifo_gen/gconvfifo.rf/grf.rf/rstblk/rst_rd_reg2
    SLICE_X26Y55         FDPE                                         f  xillybus_ins/system_i/vivado_system_i/xillyvga_0/inst/xillyvga_core_ins/vga_fifo_wrapper_ins/vga_fifo/U0/inst_fifo_gen/gconvfifo.rf/grf.rf/rstblk/ngwrdrst.grst.g7serrst.gnsckt_wrst.gic_rst.sckt_rd_rst_ic_reg/PRE
  -------------------------------------------------------------------    -------------------

                         (clock vga_clk_ins/clkout0 rise edge)
                                                      0.000     0.000 r  
    Y9                                                0.000     0.000 r  clk_100 (IN)
                         net (fo=0)                   0.000     0.000    clk_100
    Y9                   IBUF (Prop_ibuf_I_O)         0.446     0.446 r  clk_100_IBUF_inst/O
                         net (fo=1, routed)           0.719     1.165    clk_100_IBUF
    BUFGCTRL_X0Y1        BUFG (Prop_bufg_I_O)         0.029     1.194 r  clk_100_IBUF_BUFG_inst/O
                         net (fo=4, routed)           0.867     2.061    xillybus_ins/system_i/vivado_system_i/xillyvga_0/inst/xillyvga_core_ins/clk_in
    PLLE2_ADV_X1Y0       PLLE2_ADV (Prop_plle2_adv_CLKIN1_CLKOUT0)
                                                      0.053     2.114 r  xillybus_ins/system_i/vivado_system_i/xillyvga_0/inst/xillyvga_core_ins/vga_clk_ins/vga_pll/CLKOUT0
                         net (fo=1, routed)           0.592     2.706    xillybus_ins/system_i/vivado_system_i/xillyvga_0/inst/xillyvga_core_ins/vga_clk_ins/clkout0
    BUFGCTRL_X0Y0        BUFG (Prop_bufg_I_O)         0.029     2.735 r  xillybus_ins/system_i/vivado_system_i/xillyvga_0/inst/xillyvga_core_ins/vga_clk_ins/clkout1_buf/O
                         net (fo=195, routed)         0.845     3.580    xillybus_ins/system_i/vivado_system_i/xillyvga_0/inst/xillyvga_core_ins/vga_fifo_wrapper_ins/vga_fifo/U0/inst_fifo_gen/gconvfifo.rf/grf.rf/rstblk/rd_clk
    SLICE_X26Y55         FDPE                                         r  xillybus_ins/system_i/vivado_system_i/xillyvga_0/inst/xillyvga_core_ins/vga_fifo_wrapper_ins/vga_fifo/U0/inst_fifo_gen/gconvfifo.rf/grf.rf/rstblk/ngwrdrst.grst.g7serrst.gnsckt_wrst.gic_rst.sckt_rd_rst_ic_reg/C
                         clock pessimism             -0.803     2.777    
    SLICE_X26Y55         FDPE (Remov_fdpe_C_PRE)     -0.125     2.652    xillybus_ins/system_i/vivado_system_i/xillyvga_0/inst/xillyvga_core_ins/vga_fifo_wrapper_ins/vga_fifo/U0/inst_fifo_gen/gconvfifo.rf/grf.rf/rstblk/ngwrdrst.grst.g7serrst.gnsckt_wrst.gic_rst.sckt_rd_rst_ic_reg
  -------------------------------------------------------------------
                         required time                         -2.652    
                         arrival time                           3.068    
  -------------------------------------------------------------------
                         slack                                  0.415    

Slack (MET) :             0.454ns  (arrival time - required time)
  Source:                 xillybus_ins/system_i/vivado_system_i/xillyvga_0/inst/xillyvga_core_ins/vga_fifo_wrapper_ins/vga_fifo/U0/inst_fifo_gen/gconvfifo.rf/grf.rf/rstblk/ngwrdrst.grst.g7serrst.gnsckt_wrst.gic_rst.rst_rd_reg2_inst/arststages_ff_reg[1]/C
                            (rising edge-triggered cell FDPE clocked by vga_clk_ins/clkout0  {rise@0.000ns fall@7.692ns period=15.385ns})
  Destination:            xillybus_ins/system_i/vivado_system_i/xillyvga_0/inst/xillyvga_core_ins/vga_fifo_wrapper_ins/vga_fifo/U0/inst_fifo_gen/gconvfifo.rf/grf.rf/rstblk/ngwrdrst.grst.g7serrst.gnsckt_wrst.gic_rst.wr_rst_rd_ext_reg[0]/CLR
                            (removal check against rising-edge clock vga_clk_ins/clkout0  {rise@0.000ns fall@7.692ns period=15.385ns})
  Path Group:             **async_default**
  Path Type:              Removal (Min at Fast Process Corner)
  Requirement:            0.000ns  (vga_clk_ins/clkout0 rise@0.000ns - vga_clk_ins/clkout0 rise@0.000ns)
  Data Path Delay:        0.323ns  (logic 0.128ns (39.621%)  route 0.195ns (60.379%))
  Logic Levels:           0  
  Clock Path Skew:        0.015ns (DCD - SCD - CPR)
    Destination Clock Delay (DCD):    3.580ns
    Source Clock Delay      (SCD):    2.744ns
    Clock Pessimism Removal (CPR):    0.821ns

    Location             Delay type                Incr(ns)  Path(ns)    Netlist Resource(s)
  -------------------------------------------------------------------    -------------------
                         (clock vga_clk_ins/clkout0 rise edge)
                                                      0.000     0.000 r  
    Y9                                                0.000     0.000 r  clk_100 (IN)
                         net (fo=0)                   0.000     0.000    clk_100
    Y9                   IBUF (Prop_ibuf_I_O)         0.258     0.258 r  clk_100_IBUF_inst/O
                         net (fo=1, routed)           0.663     0.921    clk_100_IBUF
    BUFGCTRL_X0Y1        BUFG (Prop_bufg_I_O)         0.026     0.947 r  clk_100_IBUF_BUFG_inst/O
                         net (fo=4, routed)           0.600     1.547    xillybus_ins/system_i/vivado_system_i/xillyvga_0/inst/xillyvga_core_ins/clk_in
    PLLE2_ADV_X1Y0       PLLE2_ADV (Prop_plle2_adv_CLKIN1_CLKOUT0)
                                                      0.050     1.597 r  xillybus_ins/system_i/vivado_system_i/xillyvga_0/inst/xillyvga_core_ins/vga_clk_ins/vga_pll/CLKOUT0
                         net (fo=1, routed)           0.544     2.141    xillybus_ins/system_i/vivado_system_i/xillyvga_0/inst/xillyvga_core_ins/vga_clk_ins/clkout0
    BUFGCTRL_X0Y0        BUFG (Prop_bufg_I_O)         0.026     2.167 r  xillybus_ins/system_i/vivado_system_i/xillyvga_0/inst/xillyvga_core_ins/vga_clk_ins/clkout1_buf/O
                         net (fo=195, routed)         0.578     2.744    xillybus_ins/system_i/vivado_system_i/xillyvga_0/inst/xillyvga_core_ins/vga_fifo_wrapper_ins/vga_fifo/U0/inst_fifo_gen/gconvfifo.rf/grf.rf/rstblk/ngwrdrst.grst.g7serrst.gnsckt_wrst.gic_rst.rst_rd_reg2_inst/dest_clk
    SLICE_X29Y56         FDPE                                         r  xillybus_ins/system_i/vivado_system_i/xillyvga_0/inst/xillyvga_core_ins/vga_fifo_wrapper_ins/vga_fifo/U0/inst_fifo_gen/gconvfifo.rf/grf.rf/rstblk/ngwrdrst.grst.g7serrst.gnsckt_wrst.gic_rst.rst_rd_reg2_inst/arststages_ff_reg[1]/C
  -------------------------------------------------------------------    -------------------
    SLICE_X29Y56         FDPE (Prop_fdpe_C_Q)         0.128     2.872 f  xillybus_ins/system_i/vivado_system_i/xillyvga_0/inst/xillyvga_core_ins/vga_fifo_wrapper_ins/vga_fifo/U0/inst_fifo_gen/gconvfifo.rf/grf.rf/rstblk/ngwrdrst.grst.g7serrst.gnsckt_wrst.gic_rst.rst_rd_reg2_inst/arststages_ff_reg[1]/Q
                         net (fo=3, routed)           0.195     3.067    xillybus_ins/system_i/vivado_system_i/xillyvga_0/inst/xillyvga_core_ins/vga_fifo_wrapper_ins/vga_fifo/U0/inst_fifo_gen/gconvfifo.rf/grf.rf/rstblk/rst_rd_reg2
    SLICE_X29Y59         FDCE                                         f  xillybus_ins/system_i/vivado_system_i/xillyvga_0/inst/xillyvga_core_ins/vga_fifo_wrapper_ins/vga_fifo/U0/inst_fifo_gen/gconvfifo.rf/grf.rf/rstblk/ngwrdrst.grst.g7serrst.gnsckt_wrst.gic_rst.wr_rst_rd_ext_reg[0]/CLR
  -------------------------------------------------------------------    -------------------

                         (clock vga_clk_ins/clkout0 rise edge)
                                                      0.000     0.000 r  
    Y9                                                0.000     0.000 r  clk_100 (IN)
                         net (fo=0)                   0.000     0.000    clk_100
    Y9                   IBUF (Prop_ibuf_I_O)         0.446     0.446 r  clk_100_IBUF_inst/O
                         net (fo=1, routed)           0.719     1.165    clk_100_IBUF
    BUFGCTRL_X0Y1        BUFG (Prop_bufg_I_O)         0.029     1.194 r  clk_100_IBUF_BUFG_inst/O
                         net (fo=4, routed)           0.867     2.061    xillybus_ins/system_i/vivado_system_i/xillyvga_0/inst/xillyvga_core_ins/clk_in
    PLLE2_ADV_X1Y0       PLLE2_ADV (Prop_plle2_adv_CLKIN1_CLKOUT0)
                                                      0.053     2.114 r  xillybus_ins/system_i/vivado_system_i/xillyvga_0/inst/xillyvga_core_ins/vga_clk_ins/vga_pll/CLKOUT0
                         net (fo=1, routed)           0.592     2.706    xillybus_ins/system_i/vivado_system_i/xillyvga_0/inst/xillyvga_core_ins/vga_clk_ins/clkout0
    BUFGCTRL_X0Y0        BUFG (Prop_bufg_I_O)         0.029     2.735 r  xillybus_ins/system_i/vivado_system_i/xillyvga_0/inst/xillyvga_core_ins/vga_clk_ins/clkout1_buf/O
                         net (fo=195, routed)         0.845     3.580    xillybus_ins/system_i/vivado_system_i/xillyvga_0/inst/xillyvga_core_ins/vga_fifo_wrapper_ins/vga_fifo/U0/inst_fifo_gen/gconvfifo.rf/grf.rf/rstblk/rd_clk
    SLICE_X29Y59         FDCE                                         r  xillybus_ins/system_i/vivado_system_i/xillyvga_0/inst/xillyvga_core_ins/vga_fifo_wrapper_ins/vga_fifo/U0/inst_fifo_gen/gconvfifo.rf/grf.rf/rstblk/ngwrdrst.grst.g7serrst.gnsckt_wrst.gic_rst.wr_rst_rd_ext_reg[0]/C
                         clock pessimism             -0.821     2.759    
    SLICE_X29Y59         FDCE (Remov_fdce_C_CLR)     -0.146     2.613    xillybus_ins/system_i/vivado_system_i/xillyvga_0/inst/xillyvga_core_ins/vga_fifo_wrapper_ins/vga_fifo/U0/inst_fifo_gen/gconvfifo.rf/grf.rf/rstblk/ngwrdrst.grst.g7serrst.gnsckt_wrst.gic_rst.wr_rst_rd_ext_reg[0]
  -------------------------------------------------------------------
                         required time                         -2.613    
                         arrival time                           3.067    
  -------------------------------------------------------------------
                         slack                                  0.454    





