

================================================================
== Vivado HLS Report for 'hash1'
================================================================
* Date:           Mon Nov 25 03:46:05 2024

* Version:        2019.2 (Build 2704478 on Wed Nov 06 22:10:23 MST 2019)
* Project:        sha.prj
* Solution:       solution1
* Product family: zynq
* Target device:  xc7z020-clg484-1


================================================================
== Performance Estimates
================================================================
+ Timing: 
    * Summary: 
    +--------+----------+----------+------------+
    |  Clock |  Target  | Estimated| Uncertainty|
    +--------+----------+----------+------------+
    |ap_clk  | 10.00 ns | 7.625 ns |   1.25 ns  |
    +--------+----------+----------+------------+

+ Latency: 
    * Summary: 
    +---------+---------+----------+----------+-----+-----+---------+
    |  Latency (cycles) |  Latency (absolute) |  Interval | Pipeline|
    |   min   |   max   |    min   |    max   | min | max |   Type  |
    +---------+---------+----------+----------+-----+-----+---------+
    |      544|      608| 5.440 us | 6.080 us |  544|  608|   none  |
    +---------+---------+----------+----------+-----+-----+---------+

    + Detail: 
        * Instance: 
        N/A

        * Loop: 
        +-------------+---------+---------+-----------+-----------+-----------+------+----------+
        |             |  Latency (cycles) | Iteration |  Initiation Interval  | Trip |          |
        |  Loop Name  |   min   |   max   |  Latency  |  achieved |   target  | Count| Pipelined|
        +-------------+---------+---------+-----------+-----------+-----------+------+----------+
        |- Loop 1     |       18|       18|          2|          -|          -|     9|    no    |
        |- Loop 2     |       96|       96|          6|          -|          -|    16|    no    |
        | + Loop 2.1  |        4|        4|          2|          -|          -|     2|    no    |
        |- Loop 3     |       16|       16|          2|          -|          -|     8|    no    |
        |- Loop 4     |      393|      457| 393 ~ 457 |          -|          -|     1|    no    |
        | + Loop 4.1  |      384|      448|   6 ~ 7   |          -|          -|    64|    no    |
        |- Loop 5     |       16|       16|          2|          -|          -|     8|    no    |
        +-------------+---------+---------+-----------+-----------+-----------+------+----------+

============================================================
+ Verbose Summary: Synthesis Manager
============================================================
InlineROM: 1
ExposeGlobal: 0
============================================================
+ Verbose Summary: CDFG Model
============================================================
IsTopModel: 0
ResetActiveHigh: 1
IsCombinational: 0
IsDatapathOnly: 0
HasWiredReturn: 1
HasMFsm: 0
HasVarLatency: 1
IsPipeline: 0
IsRtlPipelined: 0
IsInstanceOverlapped: 0
IsDontTouch: 0
HasImplIP: 0
IsGatedGlobalClock: 0


============================================================
+ Verbose Summary: Schedule
============================================================
* Number of FSM states : 26
* Pipeline : 0
* Dataflow Pipeline: 0

* FSM state transitions: 
1 --> 2 
2 --> 3 4 
3 --> 2 
4 --> 5 7 
5 --> 6 4 
6 --> 5 
7 --> 8 9 
8 --> 7 
9 --> 10 25 
10 --> 11 
11 --> 12 
12 --> 13 
13 --> 14 
14 --> 22 15 18 
15 --> 16 
16 --> 17 
17 --> 19 
18 --> 17 
19 --> 20 
20 --> 21 
21 --> 14 
22 --> 23 
23 --> 24 
24 --> 9 
25 --> 26 
26 --> 25 

* FSM state operations: 

State 1 <SV = 0> <Delay = 6.50>
ST_1 : Operation 27 [1/1] (3.25ns)   --->   "%message_V = alloca [10000 x i32], align 4" [sha256.cpp:77]   --->   Operation 27 'alloca' 'message_V' <Predicate = true> <Delay = 3.25> <Core = "RAM">   --->   Core 37 'RAM' <Latency = 1> <II = 1> <Delay = 3.25> <Storage> <Opcode : 'load' 'store'> <Ports = 2> <Width = 32> <Depth = 64> <RAM>
ST_1 : Operation 28 [1/1] (3.25ns)   --->   "%M_V = alloca [512 x i32], align 4" [sha256.cpp:102]   --->   Operation 28 'alloca' 'M_V' <Predicate = true> <Delay = 3.25> <Core = "RAM">   --->   Core 37 'RAM' <Latency = 1> <II = 1> <Delay = 3.25> <Storage> <Opcode : 'load' 'store'> <Ports = 2> <Width = 32> <Depth = 64> <RAM>
ST_1 : Operation 29 [1/1] (0.00ns)   --->   "%M_V_addr = getelementptr [512 x i32]* %M_V, i64 0, i64 0" [sha256.cpp:102]   --->   Operation 29 'getelementptr' 'M_V_addr' <Predicate = true> <Delay = 0.00>
ST_1 : Operation 30 [1/1] (3.25ns)   --->   "%H_V = alloca [256 x i32], align 4" [sha256.cpp:108]   --->   Operation 30 'alloca' 'H_V' <Predicate = true> <Delay = 3.25> <Core = "RAM">   --->   Core 37 'RAM' <Latency = 1> <II = 1> <Delay = 3.25> <Storage> <Opcode : 'load' 'store'> <Ports = 2> <Width = 32> <Depth = 64> <RAM>
ST_1 : Operation 31 [1/1] (0.00ns)   --->   "%H_V_addr = getelementptr [256 x i32]* %H_V, i64 0, i64 0" [sha256.cpp:108]   --->   Operation 31 'getelementptr' 'H_V_addr' <Predicate = true> <Delay = 0.00>
ST_1 : Operation 32 [1/1] (3.25ns)   --->   "%W_V = alloca [64 x i32], align 4" [sha256.cpp:125]   --->   Operation 32 'alloca' 'W_V' <Predicate = true> <Delay = 3.25> <Core = "RAM">   --->   Core 37 'RAM' <Latency = 1> <II = 1> <Delay = 3.25> <Storage> <Opcode : 'load' 'store'> <Ports = 2> <Width = 32> <Depth = 64> <RAM>
ST_1 : Operation 33 [1/1] (0.00ns)   --->   "%message_V_addr = getelementptr [10000 x i32]* %message_V, i64 0, i64 0" [sha256.cpp:77]   --->   Operation 33 'getelementptr' 'message_V_addr' <Predicate = true> <Delay = 0.00>
ST_1 : Operation 34 [1/1] (3.25ns)   --->   "store i32 0, i32* %message_V_addr, align 16" [sha256.cpp:77]   --->   Operation 34 'store' <Predicate = true> <Delay = 3.25> <Core = "RAM">   --->   Core 37 'RAM' <Latency = 1> <II = 1> <Delay = 3.25> <Storage> <Opcode : 'load' 'store'> <Ports = 2> <Width = 32> <Depth = 64> <RAM>
ST_1 : Operation 35 [1/1] (1.76ns)   --->   "br label %.preheader1349" [sha256.cpp:79]   --->   Operation 35 'br' <Predicate = true> <Delay = 1.76>

State 2 <SV = 1> <Delay = 3.25>
ST_2 : Operation 36 [1/1] (0.00ns)   --->   "%i_0 = phi i4 [ %i, %0 ], [ 0, %.preheader1349.preheader ]"   --->   Operation 36 'phi' 'i_0' <Predicate = true> <Delay = 0.00>
ST_2 : Operation 37 [1/1] (0.00ns)   --->   "%empty = call i32 (...)* @_ssdm_op_SpecLoopTripCount(i64 9, i64 9, i64 9)"   --->   Operation 37 'speclooptripcount' 'empty' <Predicate = true> <Delay = 0.00>
ST_2 : Operation 38 [1/1] (1.30ns)   --->   "%icmp_ln79 = icmp eq i4 %i_0, -7" [sha256.cpp:79]   --->   Operation 38 'icmp' 'icmp_ln79' <Predicate = true> <Delay = 1.30> <Core = "Cmp">   --->   Core 25 'Cmp' <Latency = 0> <II = 1> <Delay = 1.30> <FuncUnit> <Opcode : 'icmp'> <InPorts = 2> <OutPorts = 1>
ST_2 : Operation 39 [1/1] (1.73ns)   --->   "%i = add i4 %i_0, 1" [sha256.cpp:79]   --->   Operation 39 'add' 'i' <Predicate = true> <Delay = 1.73> <Core = "AddSub">   --->   Core 14 'AddSub' <Latency = 0> <II = 1> <Delay = 1.73> <FuncUnit> <Opcode : 'add' 'sub'> <InPorts = 2> <OutPorts = 1>
ST_2 : Operation 40 [1/1] (0.00ns)   --->   "br i1 %icmp_ln79, label %.preheader1348.preheader, label %0" [sha256.cpp:79]   --->   Operation 40 'br' <Predicate = true> <Delay = 0.00>
ST_2 : Operation 41 [1/1] (0.00ns)   --->   "%zext_ln80 = zext i4 %i_0 to i64" [sha256.cpp:80]   --->   Operation 41 'zext' 'zext_ln80' <Predicate = (!icmp_ln79)> <Delay = 0.00>
ST_2 : Operation 42 [1/1] (0.00ns)   --->   "%input_V_addr = getelementptr [8 x i32]* %input_V, i64 0, i64 %zext_ln80" [sha256.cpp:80]   --->   Operation 42 'getelementptr' 'input_V_addr' <Predicate = (!icmp_ln79)> <Delay = 0.00>
ST_2 : Operation 43 [2/2] (2.32ns)   --->   "%input_V_load = load i32* %input_V_addr, align 4" [sha256.cpp:80]   --->   Operation 43 'load' 'input_V_load' <Predicate = (!icmp_ln79)> <Delay = 2.32> <Core = "RAM">   --->   Core 37 'RAM' <Latency = 1> <II = 1> <Delay = 3.25> <Storage> <Opcode : 'load' 'store'> <Ports = 2> <Width = 32> <Depth = 64> <RAM>
ST_2 : Operation 44 [1/1] (0.00ns)   --->   "%message_V_addr_2 = getelementptr [10000 x i32]* %message_V, i64 0, i64 8" [sha256.cpp:85]   --->   Operation 44 'getelementptr' 'message_V_addr_2' <Predicate = (icmp_ln79)> <Delay = 0.00>
ST_2 : Operation 45 [1/1] (3.25ns)   --->   "store i32 -2147483648, i32* %message_V_addr_2, align 4" [sha256.cpp:85]   --->   Operation 45 'store' <Predicate = (icmp_ln79)> <Delay = 3.25> <Core = "RAM">   --->   Core 37 'RAM' <Latency = 1> <II = 1> <Delay = 3.25> <Storage> <Opcode : 'load' 'store'> <Ports = 2> <Width = 32> <Depth = 64> <RAM>
ST_2 : Operation 46 [1/1] (0.00ns)   --->   "%message_V_addr_5 = getelementptr [10000 x i32]* %message_V, i64 0, i64 15" [sha256.cpp:98]   --->   Operation 46 'getelementptr' 'message_V_addr_5' <Predicate = (icmp_ln79)> <Delay = 0.00>
ST_2 : Operation 47 [1/1] (3.25ns)   --->   "store i32 256, i32* %message_V_addr_5, align 4" [sha256.cpp:98]   --->   Operation 47 'store' <Predicate = (icmp_ln79)> <Delay = 3.25> <Core = "RAM">   --->   Core 37 'RAM' <Latency = 1> <II = 1> <Delay = 3.25> <Storage> <Opcode : 'load' 'store'> <Ports = 2> <Width = 32> <Depth = 64> <RAM>
ST_2 : Operation 48 [1/1] (3.25ns)   --->   "store i32 0, i32* %M_V_addr, align 16" [sha256.cpp:102]   --->   Operation 48 'store' <Predicate = (icmp_ln79)> <Delay = 3.25> <Core = "RAM">   --->   Core 37 'RAM' <Latency = 1> <II = 1> <Delay = 3.25> <Storage> <Opcode : 'load' 'store'> <Ports = 2> <Width = 32> <Depth = 64> <RAM>
ST_2 : Operation 49 [1/1] (1.76ns)   --->   "br label %.loopexit" [sha256.cpp:104]   --->   Operation 49 'br' <Predicate = (icmp_ln79)> <Delay = 1.76>

State 3 <SV = 2> <Delay = 5.57>
ST_3 : Operation 50 [1/2] (2.32ns)   --->   "%input_V_load = load i32* %input_V_addr, align 4" [sha256.cpp:80]   --->   Operation 50 'load' 'input_V_load' <Predicate = true> <Delay = 2.32> <Core = "RAM">   --->   Core 37 'RAM' <Latency = 1> <II = 1> <Delay = 3.25> <Storage> <Opcode : 'load' 'store'> <Ports = 2> <Width = 32> <Depth = 64> <RAM>
ST_3 : Operation 51 [1/1] (0.00ns)   --->   "%message_V_addr_1 = getelementptr [10000 x i32]* %message_V, i64 0, i64 %zext_ln80" [sha256.cpp:80]   --->   Operation 51 'getelementptr' 'message_V_addr_1' <Predicate = true> <Delay = 0.00>
ST_3 : Operation 52 [1/1] (3.25ns)   --->   "store i32 %input_V_load, i32* %message_V_addr_1, align 4" [sha256.cpp:80]   --->   Operation 52 'store' <Predicate = true> <Delay = 3.25> <Core = "RAM">   --->   Core 37 'RAM' <Latency = 1> <II = 1> <Delay = 3.25> <Storage> <Opcode : 'load' 'store'> <Ports = 2> <Width = 32> <Depth = 64> <RAM>
ST_3 : Operation 53 [1/1] (0.00ns)   --->   "br label %.preheader1349" [sha256.cpp:79]   --->   Operation 53 'br' <Predicate = true> <Delay = 0.00>

State 4 <SV = 2> <Delay = 3.25>
ST_4 : Operation 54 [1/1] (0.00ns)   --->   "%i1_0 = phi i5 [ 0, %.preheader1348.preheader ], [ %i_11, %.loopexit.loopexit ]"   --->   Operation 54 'phi' 'i1_0' <Predicate = true> <Delay = 0.00>
ST_4 : Operation 55 [1/1] (1.36ns)   --->   "%icmp_ln104 = icmp eq i5 %i1_0, -16" [sha256.cpp:104]   --->   Operation 55 'icmp' 'icmp_ln104' <Predicate = true> <Delay = 1.36> <Core = "Cmp">   --->   Core 25 'Cmp' <Latency = 0> <II = 1> <Delay = 1.30> <FuncUnit> <Opcode : 'icmp'> <InPorts = 2> <OutPorts = 1>
ST_4 : Operation 56 [1/1] (0.00ns)   --->   "%empty_17 = call i32 (...)* @_ssdm_op_SpecLoopTripCount(i64 16, i64 16, i64 16)"   --->   Operation 56 'speclooptripcount' 'empty_17' <Predicate = true> <Delay = 0.00>
ST_4 : Operation 57 [1/1] (1.78ns)   --->   "%i_11 = add i5 %i1_0, 1" [sha256.cpp:104]   --->   Operation 57 'add' 'i_11' <Predicate = true> <Delay = 1.78> <Core = "AddSub">   --->   Core 14 'AddSub' <Latency = 0> <II = 1> <Delay = 1.73> <FuncUnit> <Opcode : 'add' 'sub'> <InPorts = 2> <OutPorts = 1>
ST_4 : Operation 58 [1/1] (0.00ns)   --->   "br i1 %icmp_ln104, label %.preheader1346.preheader, label %.preheader1347.preheader" [sha256.cpp:104]   --->   Operation 58 'br' <Predicate = true> <Delay = 0.00>
ST_4 : Operation 59 [1/1] (0.00ns)   --->   "%zext_ln1598 = zext i5 %i1_0 to i7" [sha256.cpp:105]   --->   Operation 59 'zext' 'zext_ln1598' <Predicate = (!icmp_ln104)> <Delay = 0.00>
ST_4 : Operation 60 [1/1] (1.76ns)   --->   "br label %.preheader1347" [sha256.cpp:105]   --->   Operation 60 'br' <Predicate = (!icmp_ln104)> <Delay = 1.76>
ST_4 : Operation 61 [1/1] (3.25ns)   --->   "store i32 0, i32* %H_V_addr, align 16" [sha256.cpp:108]   --->   Operation 61 'store' <Predicate = (icmp_ln104)> <Delay = 3.25> <Core = "RAM">   --->   Core 37 'RAM' <Latency = 1> <II = 1> <Delay = 3.25> <Storage> <Opcode : 'load' 'store'> <Ports = 2> <Width = 32> <Depth = 64> <RAM>
ST_4 : Operation 62 [1/1] (1.76ns)   --->   "br label %.preheader1345" [sha256.cpp:110]   --->   Operation 62 'br' <Predicate = (icmp_ln104)> <Delay = 1.76>

State 5 <SV = 3> <Delay = 5.03>
ST_5 : Operation 63 [1/1] (0.00ns)   --->   "%i_op_assign = phi i2 [ %j, %1 ], [ 0, %.preheader1347.preheader ]"   --->   Operation 63 'phi' 'i_op_assign' <Predicate = true> <Delay = 0.00>
ST_5 : Operation 64 [1/1] (0.95ns)   --->   "%icmp_ln105 = icmp eq i2 %i_op_assign, -2" [sha256.cpp:105]   --->   Operation 64 'icmp' 'icmp_ln105' <Predicate = true> <Delay = 0.95> <Core = "Cmp">   --->   Core 25 'Cmp' <Latency = 0> <II = 1> <Delay = 1.30> <FuncUnit> <Opcode : 'icmp'> <InPorts = 2> <OutPorts = 1>
ST_5 : Operation 65 [1/1] (0.00ns)   --->   "%empty_18 = call i32 (...)* @_ssdm_op_SpecLoopTripCount(i64 2, i64 2, i64 2)"   --->   Operation 65 'speclooptripcount' 'empty_18' <Predicate = true> <Delay = 0.00>
ST_5 : Operation 66 [1/1] (1.56ns)   --->   "%j = add i2 %i_op_assign, 1" [sha256.cpp:105]   --->   Operation 66 'add' 'j' <Predicate = true> <Delay = 1.56> <Core = "AddSub">   --->   Core 14 'AddSub' <Latency = 0> <II = 1> <Delay = 1.73> <FuncUnit> <Opcode : 'add' 'sub'> <InPorts = 2> <OutPorts = 1>
ST_5 : Operation 67 [1/1] (0.00ns)   --->   "br i1 %icmp_ln105, label %.loopexit.loopexit, label %1" [sha256.cpp:105]   --->   Operation 67 'br' <Predicate = true> <Delay = 0.00>
ST_5 : Operation 68 [1/1] (0.00ns)   --->   "%tmp = call i6 @_ssdm_op_BitConcatenate.i6.i2.i4(i2 %i_op_assign, i4 0)" [sha256.cpp:106]   --->   Operation 68 'bitconcatenate' 'tmp' <Predicate = (!icmp_ln105)> <Delay = 0.00>
ST_5 : Operation 69 [1/1] (0.00ns)   --->   "%zext_ln321 = zext i6 %tmp to i7" [sha256.cpp:106]   --->   Operation 69 'zext' 'zext_ln321' <Predicate = (!icmp_ln105)> <Delay = 0.00>
ST_5 : Operation 70 [1/1] (1.82ns)   --->   "%add_ln321 = add i7 %zext_ln321, %zext_ln1598" [sha256.cpp:106]   --->   Operation 70 'add' 'add_ln321' <Predicate = (!icmp_ln105)> <Delay = 1.82> <Core = "AddSub">   --->   Core 14 'AddSub' <Latency = 0> <II = 1> <Delay = 1.73> <FuncUnit> <Opcode : 'add' 'sub'> <InPorts = 2> <OutPorts = 1>
ST_5 : Operation 71 [1/1] (0.00ns)   --->   "%trunc_ln106 = trunc i2 %i_op_assign to i1" [sha256.cpp:106]   --->   Operation 71 'trunc' 'trunc_ln106' <Predicate = (!icmp_ln105)> <Delay = 0.00>
ST_5 : Operation 72 [1/1] (0.00ns)   --->   "%shl_ln = call i5 @_ssdm_op_BitConcatenate.i5.i1.i4(i1 %trunc_ln106, i4 0)" [sha256.cpp:106]   --->   Operation 72 'bitconcatenate' 'shl_ln' <Predicate = (!icmp_ln105)> <Delay = 0.00>
ST_5 : Operation 73 [1/1] (1.78ns)   --->   "%add_ln106 = add i5 %shl_ln, %i1_0" [sha256.cpp:106]   --->   Operation 73 'add' 'add_ln106' <Predicate = (!icmp_ln105)> <Delay = 1.78> <Core = "AddSub">   --->   Core 14 'AddSub' <Latency = 0> <II = 1> <Delay = 1.73> <FuncUnit> <Opcode : 'add' 'sub'> <InPorts = 2> <OutPorts = 1>
ST_5 : Operation 74 [1/1] (0.00ns)   --->   "%zext_ln106 = zext i5 %add_ln106 to i64" [sha256.cpp:106]   --->   Operation 74 'zext' 'zext_ln106' <Predicate = (!icmp_ln105)> <Delay = 0.00>
ST_5 : Operation 75 [1/1] (0.00ns)   --->   "%message_V_addr_6 = getelementptr [10000 x i32]* %message_V, i64 0, i64 %zext_ln106" [sha256.cpp:106]   --->   Operation 75 'getelementptr' 'message_V_addr_6' <Predicate = (!icmp_ln105)> <Delay = 0.00>
ST_5 : Operation 76 [2/2] (3.25ns)   --->   "%message_V_load = load i32* %message_V_addr_6, align 4" [sha256.cpp:106]   --->   Operation 76 'load' 'message_V_load' <Predicate = (!icmp_ln105)> <Delay = 3.25> <Core = "RAM">   --->   Core 37 'RAM' <Latency = 1> <II = 1> <Delay = 3.25> <Storage> <Opcode : 'load' 'store'> <Ports = 2> <Width = 32> <Depth = 64> <RAM>
ST_5 : Operation 77 [1/1] (0.00ns)   --->   "br label %.loopexit"   --->   Operation 77 'br' <Predicate = (icmp_ln105)> <Delay = 0.00>

State 6 <SV = 4> <Delay = 6.50>
ST_6 : Operation 78 [1/1] (0.00ns)   --->   "%zext_ln321_5 = zext i7 %add_ln321 to i64" [sha256.cpp:106]   --->   Operation 78 'zext' 'zext_ln321_5' <Predicate = true> <Delay = 0.00>
ST_6 : Operation 79 [1/1] (0.00ns)   --->   "%M_V_addr_1 = getelementptr [512 x i32]* %M_V, i64 0, i64 %zext_ln321_5" [sha256.cpp:106]   --->   Operation 79 'getelementptr' 'M_V_addr_1' <Predicate = true> <Delay = 0.00>
ST_6 : Operation 80 [1/2] (3.25ns)   --->   "%message_V_load = load i32* %message_V_addr_6, align 4" [sha256.cpp:106]   --->   Operation 80 'load' 'message_V_load' <Predicate = true> <Delay = 3.25> <Core = "RAM">   --->   Core 37 'RAM' <Latency = 1> <II = 1> <Delay = 3.25> <Storage> <Opcode : 'load' 'store'> <Ports = 2> <Width = 32> <Depth = 64> <RAM>
ST_6 : Operation 81 [1/1] (3.25ns)   --->   "store i32 %message_V_load, i32* %M_V_addr_1, align 4" [sha256.cpp:106]   --->   Operation 81 'store' <Predicate = true> <Delay = 3.25> <Core = "RAM">   --->   Core 37 'RAM' <Latency = 1> <II = 1> <Delay = 3.25> <Storage> <Opcode : 'load' 'store'> <Ports = 2> <Width = 32> <Depth = 64> <RAM>
ST_6 : Operation 82 [1/1] (0.00ns)   --->   "br label %.preheader1347" [sha256.cpp:105]   --->   Operation 82 'br' <Predicate = true> <Delay = 0.00>

State 7 <SV = 3> <Delay = 3.25>
ST_7 : Operation 83 [1/1] (0.00ns)   --->   "%i3_0 = phi i4 [ %i_12, %2 ], [ 0, %.preheader1346.preheader ]"   --->   Operation 83 'phi' 'i3_0' <Predicate = true> <Delay = 0.00>
ST_7 : Operation 84 [1/1] (1.30ns)   --->   "%icmp_ln110 = icmp eq i4 %i3_0, -8" [sha256.cpp:110]   --->   Operation 84 'icmp' 'icmp_ln110' <Predicate = true> <Delay = 1.30> <Core = "Cmp">   --->   Core 25 'Cmp' <Latency = 0> <II = 1> <Delay = 1.30> <FuncUnit> <Opcode : 'icmp'> <InPorts = 2> <OutPorts = 1>
ST_7 : Operation 85 [1/1] (0.00ns)   --->   "%empty_19 = call i32 (...)* @_ssdm_op_SpecLoopTripCount(i64 8, i64 8, i64 8)"   --->   Operation 85 'speclooptripcount' 'empty_19' <Predicate = true> <Delay = 0.00>
ST_7 : Operation 86 [1/1] (1.73ns)   --->   "%i_12 = add i4 %i3_0, 1" [sha256.cpp:110]   --->   Operation 86 'add' 'i_12' <Predicate = true> <Delay = 1.73> <Core = "AddSub">   --->   Core 14 'AddSub' <Latency = 0> <II = 1> <Delay = 1.73> <FuncUnit> <Opcode : 'add' 'sub'> <InPorts = 2> <OutPorts = 1>
ST_7 : Operation 87 [1/1] (0.00ns)   --->   "br i1 %icmp_ln110, label %.preheader9.preheader, label %2" [sha256.cpp:110]   --->   Operation 87 'br' <Predicate = true> <Delay = 0.00>
ST_7 : Operation 88 [1/1] (0.00ns)   --->   "%zext_ln111 = zext i4 %i3_0 to i64" [sha256.cpp:111]   --->   Operation 88 'zext' 'zext_ln111' <Predicate = (!icmp_ln110)> <Delay = 0.00>
ST_7 : Operation 89 [1/1] (0.00ns)   --->   "%H_0_V_addr = getelementptr [8 x i32]* @H_0_V, i64 0, i64 %zext_ln111" [sha256.cpp:111]   --->   Operation 89 'getelementptr' 'H_0_V_addr' <Predicate = (!icmp_ln110)> <Delay = 0.00>
ST_7 : Operation 90 [2/2] (3.25ns)   --->   "%H_0_V_load = load i32* %H_0_V_addr, align 4" [sha256.cpp:111]   --->   Operation 90 'load' 'H_0_V_load' <Predicate = (!icmp_ln110)> <Delay = 3.25> <Core = "ROM_nP">   --->   Core 52 'ROM_nP' <Latency = 1> <II = 1> <Delay = 3.25> <Storage> <Opcode : 'load'> <Ports = 0> <Width = 32> <Depth = 64> <ROM>
ST_7 : Operation 91 [1/1] (1.76ns)   --->   "br label %.preheader9" [sha256.cpp:114]   --->   Operation 91 'br' <Predicate = (icmp_ln110)> <Delay = 1.76>

State 8 <SV = 4> <Delay = 6.50>
ST_8 : Operation 92 [1/1] (0.00ns)   --->   "%H_V_addr_1 = getelementptr [256 x i32]* %H_V, i64 0, i64 %zext_ln111" [sha256.cpp:111]   --->   Operation 92 'getelementptr' 'H_V_addr_1' <Predicate = true> <Delay = 0.00>
ST_8 : Operation 93 [1/2] (3.25ns)   --->   "%H_0_V_load = load i32* %H_0_V_addr, align 4" [sha256.cpp:111]   --->   Operation 93 'load' 'H_0_V_load' <Predicate = true> <Delay = 3.25> <Core = "ROM_nP">   --->   Core 52 'ROM_nP' <Latency = 1> <II = 1> <Delay = 3.25> <Storage> <Opcode : 'load'> <Ports = 0> <Width = 32> <Depth = 64> <ROM>
ST_8 : Operation 94 [1/1] (3.25ns)   --->   "store i32 %H_0_V_load, i32* %H_V_addr_1, align 4" [sha256.cpp:111]   --->   Operation 94 'store' <Predicate = true> <Delay = 3.25> <Core = "RAM">   --->   Core 37 'RAM' <Latency = 1> <II = 1> <Delay = 3.25> <Storage> <Opcode : 'load' 'store'> <Ports = 2> <Width = 32> <Depth = 64> <RAM>
ST_8 : Operation 95 [1/1] (0.00ns)   --->   "br label %.preheader1345" [sha256.cpp:110]   --->   Operation 95 'br' <Predicate = true> <Delay = 0.00>

State 9 <SV = 4> <Delay = 4.81>
ST_9 : Operation 96 [1/1] (0.00ns)   --->   "%i_op_assign_2 = phi i2 [ %i_14, %7 ], [ 1, %.preheader9.preheader ]"   --->   Operation 96 'phi' 'i_op_assign_2' <Predicate = true> <Delay = 0.00>
ST_9 : Operation 97 [1/1] (0.95ns)   --->   "%icmp_ln114 = icmp eq i2 %i_op_assign_2, -2" [sha256.cpp:114]   --->   Operation 97 'icmp' 'icmp_ln114' <Predicate = true> <Delay = 0.95> <Core = "Cmp">   --->   Core 25 'Cmp' <Latency = 0> <II = 1> <Delay = 1.30> <FuncUnit> <Opcode : 'icmp'> <InPorts = 2> <OutPorts = 1>
ST_9 : Operation 98 [1/1] (0.00ns)   --->   "%empty_20 = call i32 (...)* @_ssdm_op_SpecLoopTripCount(i64 1, i64 1, i64 1)"   --->   Operation 98 'speclooptripcount' 'empty_20' <Predicate = true> <Delay = 0.00>
ST_9 : Operation 99 [1/1] (0.00ns)   --->   "br i1 %icmp_ln114, label %.preheader.preheader, label %.preheader1344.preheader" [sha256.cpp:114]   --->   Operation 99 'br' <Predicate = true> <Delay = 0.00>
ST_9 : Operation 100 [1/1] (1.56ns)   --->   "%add_ln116 = add i2 %i_op_assign_2, -1" [sha256.cpp:116]   --->   Operation 100 'add' 'add_ln116' <Predicate = (!icmp_ln114)> <Delay = 1.56> <Core = "AddSub">   --->   Core 14 'AddSub' <Latency = 0> <II = 1> <Delay = 1.73> <FuncUnit> <Opcode : 'add' 'sub'> <InPorts = 2> <OutPorts = 1>
ST_9 : Operation 101 [1/1] (0.00ns)   --->   "%tmp_18 = call i5 @_ssdm_op_BitConcatenate.i5.i2.i3(i2 %add_ln116, i3 0)" [sha256.cpp:116]   --->   Operation 101 'bitconcatenate' 'tmp_18' <Predicate = (!icmp_ln114)> <Delay = 0.00>
ST_9 : Operation 102 [1/1] (0.00ns)   --->   "%zext_ln116 = zext i5 %tmp_18 to i64" [sha256.cpp:116]   --->   Operation 102 'zext' 'zext_ln116' <Predicate = (!icmp_ln114)> <Delay = 0.00>
ST_9 : Operation 103 [1/1] (0.00ns)   --->   "%H_V_addr_2 = getelementptr [256 x i32]* %H_V, i64 0, i64 %zext_ln116" [sha256.cpp:116]   --->   Operation 103 'getelementptr' 'H_V_addr_2' <Predicate = (!icmp_ln114)> <Delay = 0.00>
ST_9 : Operation 104 [1/1] (0.00ns)   --->   "%or_ln117 = or i5 %tmp_18, 1" [sha256.cpp:117]   --->   Operation 104 'or' 'or_ln117' <Predicate = (!icmp_ln114)> <Delay = 0.00>
ST_9 : Operation 105 [1/1] (0.00ns)   --->   "%tmp_19 = call i64 @_ssdm_op_BitConcatenate.i64.i59.i5(i59 0, i5 %or_ln117)" [sha256.cpp:117]   --->   Operation 105 'bitconcatenate' 'tmp_19' <Predicate = (!icmp_ln114)> <Delay = 0.00>
ST_9 : Operation 106 [1/1] (0.00ns)   --->   "%H_V_addr_3 = getelementptr [256 x i32]* %H_V, i64 0, i64 %tmp_19" [sha256.cpp:117]   --->   Operation 106 'getelementptr' 'H_V_addr_3' <Predicate = (!icmp_ln114)> <Delay = 0.00>
ST_9 : Operation 107 [2/2] (3.25ns)   --->   "%a_V = load i32* %H_V_addr_2, align 16" [sha256.cpp:116]   --->   Operation 107 'load' 'a_V' <Predicate = (!icmp_ln114)> <Delay = 3.25> <Core = "RAM">   --->   Core 37 'RAM' <Latency = 1> <II = 1> <Delay = 3.25> <Storage> <Opcode : 'load' 'store'> <Ports = 2> <Width = 32> <Depth = 64> <RAM>
ST_9 : Operation 108 [2/2] (3.25ns)   --->   "%b_V = load i32* %H_V_addr_3, align 4" [sha256.cpp:117]   --->   Operation 108 'load' 'b_V' <Predicate = (!icmp_ln114)> <Delay = 3.25> <Core = "RAM">   --->   Core 37 'RAM' <Latency = 1> <II = 1> <Delay = 3.25> <Storage> <Opcode : 'load' 'store'> <Ports = 2> <Width = 32> <Depth = 64> <RAM>
ST_9 : Operation 109 [1/1] (1.76ns)   --->   "br label %.preheader" [sha256.cpp:161]   --->   Operation 109 'br' <Predicate = (icmp_ln114)> <Delay = 1.76>

State 10 <SV = 5> <Delay = 3.25>
ST_10 : Operation 110 [1/1] (0.00ns)   --->   "%or_ln118 = or i5 %tmp_18, 2" [sha256.cpp:118]   --->   Operation 110 'or' 'or_ln118' <Predicate = true> <Delay = 0.00>
ST_10 : Operation 111 [1/1] (0.00ns)   --->   "%tmp_20 = call i64 @_ssdm_op_BitConcatenate.i64.i59.i5(i59 0, i5 %or_ln118)" [sha256.cpp:118]   --->   Operation 111 'bitconcatenate' 'tmp_20' <Predicate = true> <Delay = 0.00>
ST_10 : Operation 112 [1/1] (0.00ns)   --->   "%H_V_addr_4 = getelementptr [256 x i32]* %H_V, i64 0, i64 %tmp_20" [sha256.cpp:118]   --->   Operation 112 'getelementptr' 'H_V_addr_4' <Predicate = true> <Delay = 0.00>
ST_10 : Operation 113 [1/1] (0.00ns)   --->   "%or_ln119 = or i5 %tmp_18, 3" [sha256.cpp:119]   --->   Operation 113 'or' 'or_ln119' <Predicate = true> <Delay = 0.00>
ST_10 : Operation 114 [1/1] (0.00ns)   --->   "%tmp_21 = call i64 @_ssdm_op_BitConcatenate.i64.i59.i5(i59 0, i5 %or_ln119)" [sha256.cpp:119]   --->   Operation 114 'bitconcatenate' 'tmp_21' <Predicate = true> <Delay = 0.00>
ST_10 : Operation 115 [1/1] (0.00ns)   --->   "%H_V_addr_5 = getelementptr [256 x i32]* %H_V, i64 0, i64 %tmp_21" [sha256.cpp:119]   --->   Operation 115 'getelementptr' 'H_V_addr_5' <Predicate = true> <Delay = 0.00>
ST_10 : Operation 116 [1/2] (3.25ns)   --->   "%a_V = load i32* %H_V_addr_2, align 16" [sha256.cpp:116]   --->   Operation 116 'load' 'a_V' <Predicate = true> <Delay = 3.25> <Core = "RAM">   --->   Core 37 'RAM' <Latency = 1> <II = 1> <Delay = 3.25> <Storage> <Opcode : 'load' 'store'> <Ports = 2> <Width = 32> <Depth = 64> <RAM>
ST_10 : Operation 117 [1/2] (3.25ns)   --->   "%b_V = load i32* %H_V_addr_3, align 4" [sha256.cpp:117]   --->   Operation 117 'load' 'b_V' <Predicate = true> <Delay = 3.25> <Core = "RAM">   --->   Core 37 'RAM' <Latency = 1> <II = 1> <Delay = 3.25> <Storage> <Opcode : 'load' 'store'> <Ports = 2> <Width = 32> <Depth = 64> <RAM>
ST_10 : Operation 118 [2/2] (3.25ns)   --->   "%c_V = load i32* %H_V_addr_4, align 8" [sha256.cpp:118]   --->   Operation 118 'load' 'c_V' <Predicate = true> <Delay = 3.25> <Core = "RAM">   --->   Core 37 'RAM' <Latency = 1> <II = 1> <Delay = 3.25> <Storage> <Opcode : 'load' 'store'> <Ports = 2> <Width = 32> <Depth = 64> <RAM>
ST_10 : Operation 119 [2/2] (3.25ns)   --->   "%d_V = load i32* %H_V_addr_5, align 4" [sha256.cpp:119]   --->   Operation 119 'load' 'd_V' <Predicate = true> <Delay = 3.25> <Core = "RAM">   --->   Core 37 'RAM' <Latency = 1> <II = 1> <Delay = 3.25> <Storage> <Opcode : 'load' 'store'> <Ports = 2> <Width = 32> <Depth = 64> <RAM>

State 11 <SV = 6> <Delay = 3.25>
ST_11 : Operation 120 [1/1] (0.00ns)   --->   "%or_ln120 = or i5 %tmp_18, 4" [sha256.cpp:120]   --->   Operation 120 'or' 'or_ln120' <Predicate = true> <Delay = 0.00>
ST_11 : Operation 121 [1/1] (0.00ns)   --->   "%tmp_22 = call i64 @_ssdm_op_BitConcatenate.i64.i59.i5(i59 0, i5 %or_ln120)" [sha256.cpp:120]   --->   Operation 121 'bitconcatenate' 'tmp_22' <Predicate = true> <Delay = 0.00>
ST_11 : Operation 122 [1/1] (0.00ns)   --->   "%H_V_addr_6 = getelementptr [256 x i32]* %H_V, i64 0, i64 %tmp_22" [sha256.cpp:120]   --->   Operation 122 'getelementptr' 'H_V_addr_6' <Predicate = true> <Delay = 0.00>
ST_11 : Operation 123 [1/1] (0.00ns)   --->   "%or_ln121 = or i5 %tmp_18, 5" [sha256.cpp:121]   --->   Operation 123 'or' 'or_ln121' <Predicate = true> <Delay = 0.00>
ST_11 : Operation 124 [1/1] (0.00ns)   --->   "%tmp_23 = call i64 @_ssdm_op_BitConcatenate.i64.i59.i5(i59 0, i5 %or_ln121)" [sha256.cpp:121]   --->   Operation 124 'bitconcatenate' 'tmp_23' <Predicate = true> <Delay = 0.00>
ST_11 : Operation 125 [1/1] (0.00ns)   --->   "%H_V_addr_7 = getelementptr [256 x i32]* %H_V, i64 0, i64 %tmp_23" [sha256.cpp:121]   --->   Operation 125 'getelementptr' 'H_V_addr_7' <Predicate = true> <Delay = 0.00>
ST_11 : Operation 126 [1/2] (3.25ns)   --->   "%c_V = load i32* %H_V_addr_4, align 8" [sha256.cpp:118]   --->   Operation 126 'load' 'c_V' <Predicate = true> <Delay = 3.25> <Core = "RAM">   --->   Core 37 'RAM' <Latency = 1> <II = 1> <Delay = 3.25> <Storage> <Opcode : 'load' 'store'> <Ports = 2> <Width = 32> <Depth = 64> <RAM>
ST_11 : Operation 127 [1/2] (3.25ns)   --->   "%d_V = load i32* %H_V_addr_5, align 4" [sha256.cpp:119]   --->   Operation 127 'load' 'd_V' <Predicate = true> <Delay = 3.25> <Core = "RAM">   --->   Core 37 'RAM' <Latency = 1> <II = 1> <Delay = 3.25> <Storage> <Opcode : 'load' 'store'> <Ports = 2> <Width = 32> <Depth = 64> <RAM>
ST_11 : Operation 128 [2/2] (3.25ns)   --->   "%e_V = load i32* %H_V_addr_6, align 16" [sha256.cpp:120]   --->   Operation 128 'load' 'e_V' <Predicate = true> <Delay = 3.25> <Core = "RAM">   --->   Core 37 'RAM' <Latency = 1> <II = 1> <Delay = 3.25> <Storage> <Opcode : 'load' 'store'> <Ports = 2> <Width = 32> <Depth = 64> <RAM>
ST_11 : Operation 129 [2/2] (3.25ns)   --->   "%f_V = load i32* %H_V_addr_7, align 4" [sha256.cpp:121]   --->   Operation 129 'load' 'f_V' <Predicate = true> <Delay = 3.25> <Core = "RAM">   --->   Core 37 'RAM' <Latency = 1> <II = 1> <Delay = 3.25> <Storage> <Opcode : 'load' 'store'> <Ports = 2> <Width = 32> <Depth = 64> <RAM>

State 12 <SV = 7> <Delay = 3.25>
ST_12 : Operation 130 [1/1] (0.00ns)   --->   "%or_ln122 = or i5 %tmp_18, 6" [sha256.cpp:122]   --->   Operation 130 'or' 'or_ln122' <Predicate = true> <Delay = 0.00>
ST_12 : Operation 131 [1/1] (0.00ns)   --->   "%tmp_24 = call i64 @_ssdm_op_BitConcatenate.i64.i59.i5(i59 0, i5 %or_ln122)" [sha256.cpp:122]   --->   Operation 131 'bitconcatenate' 'tmp_24' <Predicate = true> <Delay = 0.00>
ST_12 : Operation 132 [1/1] (0.00ns)   --->   "%H_V_addr_8 = getelementptr [256 x i32]* %H_V, i64 0, i64 %tmp_24" [sha256.cpp:122]   --->   Operation 132 'getelementptr' 'H_V_addr_8' <Predicate = true> <Delay = 0.00>
ST_12 : Operation 133 [1/1] (0.00ns)   --->   "%or_ln123 = or i5 %tmp_18, 7" [sha256.cpp:123]   --->   Operation 133 'or' 'or_ln123' <Predicate = true> <Delay = 0.00>
ST_12 : Operation 134 [1/1] (0.00ns)   --->   "%tmp_25 = call i64 @_ssdm_op_BitConcatenate.i64.i59.i5(i59 0, i5 %or_ln123)" [sha256.cpp:123]   --->   Operation 134 'bitconcatenate' 'tmp_25' <Predicate = true> <Delay = 0.00>
ST_12 : Operation 135 [1/1] (0.00ns)   --->   "%H_V_addr_9 = getelementptr [256 x i32]* %H_V, i64 0, i64 %tmp_25" [sha256.cpp:123]   --->   Operation 135 'getelementptr' 'H_V_addr_9' <Predicate = true> <Delay = 0.00>
ST_12 : Operation 136 [1/2] (3.25ns)   --->   "%e_V = load i32* %H_V_addr_6, align 16" [sha256.cpp:120]   --->   Operation 136 'load' 'e_V' <Predicate = true> <Delay = 3.25> <Core = "RAM">   --->   Core 37 'RAM' <Latency = 1> <II = 1> <Delay = 3.25> <Storage> <Opcode : 'load' 'store'> <Ports = 2> <Width = 32> <Depth = 64> <RAM>
ST_12 : Operation 137 [1/2] (3.25ns)   --->   "%f_V = load i32* %H_V_addr_7, align 4" [sha256.cpp:121]   --->   Operation 137 'load' 'f_V' <Predicate = true> <Delay = 3.25> <Core = "RAM">   --->   Core 37 'RAM' <Latency = 1> <II = 1> <Delay = 3.25> <Storage> <Opcode : 'load' 'store'> <Ports = 2> <Width = 32> <Depth = 64> <RAM>
ST_12 : Operation 138 [2/2] (3.25ns)   --->   "%g_V = load i32* %H_V_addr_8, align 8" [sha256.cpp:122]   --->   Operation 138 'load' 'g_V' <Predicate = true> <Delay = 3.25> <Core = "RAM">   --->   Core 37 'RAM' <Latency = 1> <II = 1> <Delay = 3.25> <Storage> <Opcode : 'load' 'store'> <Ports = 2> <Width = 32> <Depth = 64> <RAM>
ST_12 : Operation 139 [2/2] (3.25ns)   --->   "%h_V = load i32* %H_V_addr_9, align 4" [sha256.cpp:123]   --->   Operation 139 'load' 'h_V' <Predicate = true> <Delay = 3.25> <Core = "RAM">   --->   Core 37 'RAM' <Latency = 1> <II = 1> <Delay = 3.25> <Storage> <Opcode : 'load' 'store'> <Ports = 2> <Width = 32> <Depth = 64> <RAM>

State 13 <SV = 8> <Delay = 3.25>
ST_13 : Operation 140 [1/1] (0.00ns)   --->   "%tmp_s = call i6 @_ssdm_op_BitConcatenate.i6.i2.i4(i2 %add_ln116, i4 0)" [sha256.cpp:135]   --->   Operation 140 'bitconcatenate' 'tmp_s' <Predicate = true> <Delay = 0.00>
ST_13 : Operation 141 [1/1] (0.00ns)   --->   "%zext_ln116_2 = zext i6 %tmp_s to i7" [sha256.cpp:116]   --->   Operation 141 'zext' 'zext_ln116_2' <Predicate = true> <Delay = 0.00>
ST_13 : Operation 142 [1/2] (3.25ns)   --->   "%g_V = load i32* %H_V_addr_8, align 8" [sha256.cpp:122]   --->   Operation 142 'load' 'g_V' <Predicate = true> <Delay = 3.25> <Core = "RAM">   --->   Core 37 'RAM' <Latency = 1> <II = 1> <Delay = 3.25> <Storage> <Opcode : 'load' 'store'> <Ports = 2> <Width = 32> <Depth = 64> <RAM>
ST_13 : Operation 143 [1/2] (3.25ns)   --->   "%h_V = load i32* %H_V_addr_9, align 4" [sha256.cpp:123]   --->   Operation 143 'load' 'h_V' <Predicate = true> <Delay = 3.25> <Core = "RAM">   --->   Core 37 'RAM' <Latency = 1> <II = 1> <Delay = 3.25> <Storage> <Opcode : 'load' 'store'> <Ports = 2> <Width = 32> <Depth = 64> <RAM>
ST_13 : Operation 144 [1/1] (1.76ns)   --->   "br label %.preheader1344" [sha256.cpp:127]   --->   Operation 144 'br' <Predicate = true> <Delay = 1.76>

State 14 <SV = 9> <Delay = 5.80>
ST_14 : Operation 145 [1/1] (0.00ns)   --->   "%b_V_2 = phi i32 [ %a_V_2, %6 ], [ %a_V, %.preheader1344.preheader ]"   --->   Operation 145 'phi' 'b_V_2' <Predicate = true> <Delay = 0.00>
ST_14 : Operation 146 [1/1] (0.00ns)   --->   "%c_V_2 = phi i32 [ %b_V_2, %6 ], [ %b_V, %.preheader1344.preheader ]"   --->   Operation 146 'phi' 'c_V_2' <Predicate = true> <Delay = 0.00>
ST_14 : Operation 147 [1/1] (0.00ns)   --->   "%d_V_2 = phi i32 [ %c_V_2, %6 ], [ %c_V, %.preheader1344.preheader ]"   --->   Operation 147 'phi' 'd_V_2' <Predicate = true> <Delay = 0.00>
ST_14 : Operation 148 [1/1] (0.00ns)   --->   "%p_0792_0 = phi i32 [ %d_V_2, %6 ], [ %d_V, %.preheader1344.preheader ]"   --->   Operation 148 'phi' 'p_0792_0' <Predicate = true> <Delay = 0.00>
ST_14 : Operation 149 [1/1] (0.00ns)   --->   "%f_V_2 = phi i32 [ %e_V_2, %6 ], [ %e_V, %.preheader1344.preheader ]"   --->   Operation 149 'phi' 'f_V_2' <Predicate = true> <Delay = 0.00>
ST_14 : Operation 150 [1/1] (0.00ns)   --->   "%g_V_2 = phi i32 [ %f_V_2, %6 ], [ %f_V, %.preheader1344.preheader ]"   --->   Operation 150 'phi' 'g_V_2' <Predicate = true> <Delay = 0.00>
ST_14 : Operation 151 [1/1] (0.00ns)   --->   "%h_V_2 = phi i32 [ %g_V_2, %6 ], [ %g_V, %.preheader1344.preheader ]"   --->   Operation 151 'phi' 'h_V_2' <Predicate = true> <Delay = 0.00>
ST_14 : Operation 152 [1/1] (0.00ns)   --->   "%p_0625_0 = phi i32 [ %h_V_2, %6 ], [ %h_V, %.preheader1344.preheader ]"   --->   Operation 152 'phi' 'p_0625_0' <Predicate = true> <Delay = 0.00>
ST_14 : Operation 153 [1/1] (0.00ns)   --->   "%j6_0 = phi i7 [ %j_2, %6 ], [ 0, %.preheader1344.preheader ]"   --->   Operation 153 'phi' 'j6_0' <Predicate = true> <Delay = 0.00>
ST_14 : Operation 154 [1/1] (1.48ns)   --->   "%icmp_ln127 = icmp eq i7 %j6_0, -64" [sha256.cpp:127]   --->   Operation 154 'icmp' 'icmp_ln127' <Predicate = true> <Delay = 1.48> <Core = "Cmp">   --->   Core 25 'Cmp' <Latency = 0> <II = 1> <Delay = 1.30> <FuncUnit> <Opcode : 'icmp'> <InPorts = 2> <OutPorts = 1>
ST_14 : Operation 155 [1/1] (0.00ns)   --->   "%empty_21 = call i32 (...)* @_ssdm_op_SpecLoopTripCount(i64 64, i64 64, i64 64)"   --->   Operation 155 'speclooptripcount' 'empty_21' <Predicate = true> <Delay = 0.00>
ST_14 : Operation 156 [1/1] (1.87ns)   --->   "%j_2 = add i7 %j6_0, 1" [sha256.cpp:127]   --->   Operation 156 'add' 'j_2' <Predicate = true> <Delay = 1.87> <Core = "AddSub">   --->   Core 14 'AddSub' <Latency = 0> <II = 1> <Delay = 1.73> <FuncUnit> <Opcode : 'add' 'sub'> <InPorts = 2> <OutPorts = 1>
ST_14 : Operation 157 [1/1] (0.00ns)   --->   "br i1 %icmp_ln127, label %7, label %3" [sha256.cpp:127]   --->   Operation 157 'br' <Predicate = true> <Delay = 0.00>
ST_14 : Operation 158 [1/1] (0.00ns) (grouped into LUT with out node ch_V)   --->   "%and_ln26 = and i32 %g_V_2, %f_V_2" [sha256.cpp:26->sha256.cpp:129]   --->   Operation 158 'and' 'and_ln26' <Predicate = (!icmp_ln127)> <Delay = 0.00> <Core = "LogicGate">   --->   Core 27 'LogicGate' <Latency = 0> <II = 1> <Delay = 0.97> <FuncUnit> <Opcode : 'and' 'or' 'xor'> <InPorts = 2> <OutPorts = 1>
ST_14 : Operation 159 [1/1] (0.00ns) (grouped into LUT with out node ch_V)   --->   "%xor_ln26 = xor i32 %f_V_2, -1" [sha256.cpp:26->sha256.cpp:129]   --->   Operation 159 'xor' 'xor_ln26' <Predicate = (!icmp_ln127)> <Delay = 0.00> <Core = "LogicGate">   --->   Core 27 'LogicGate' <Latency = 0> <II = 1> <Delay = 0.97> <FuncUnit> <Opcode : 'and' 'or' 'xor'> <InPorts = 2> <OutPorts = 1>
ST_14 : Operation 160 [1/1] (0.00ns) (grouped into LUT with out node ch_V)   --->   "%and_ln26_2 = and i32 %h_V_2, %xor_ln26" [sha256.cpp:26->sha256.cpp:129]   --->   Operation 160 'and' 'and_ln26_2' <Predicate = (!icmp_ln127)> <Delay = 0.00> <Core = "LogicGate">   --->   Core 27 'LogicGate' <Latency = 0> <II = 1> <Delay = 0.97> <FuncUnit> <Opcode : 'and' 'or' 'xor'> <InPorts = 2> <OutPorts = 1>
ST_14 : Operation 161 [1/1] (0.99ns) (out node of the LUT)   --->   "%ch_V = xor i32 %and_ln26_2, %and_ln26" [sha256.cpp:26->sha256.cpp:129]   --->   Operation 161 'xor' 'ch_V' <Predicate = (!icmp_ln127)> <Delay = 0.99> <Core = "LogicGate">   --->   Core 27 'LogicGate' <Latency = 0> <II = 1> <Delay = 0.97> <FuncUnit> <Opcode : 'and' 'or' 'xor'> <InPorts = 2> <OutPorts = 1>
ST_14 : Operation 162 [1/1] (0.00ns) (grouped into LUT with out node maj_V)   --->   "%xor_ln31 = xor i32 %d_V_2, %c_V_2" [sha256.cpp:31->sha256.cpp:130]   --->   Operation 162 'xor' 'xor_ln31' <Predicate = (!icmp_ln127)> <Delay = 0.00> <Core = "LogicGate">   --->   Core 27 'LogicGate' <Latency = 0> <II = 1> <Delay = 0.97> <FuncUnit> <Opcode : 'and' 'or' 'xor'> <InPorts = 2> <OutPorts = 1>
ST_14 : Operation 163 [1/1] (0.00ns) (grouped into LUT with out node maj_V)   --->   "%and_ln31 = and i32 %xor_ln31, %b_V_2" [sha256.cpp:31->sha256.cpp:130]   --->   Operation 163 'and' 'and_ln31' <Predicate = (!icmp_ln127)> <Delay = 0.00> <Core = "LogicGate">   --->   Core 27 'LogicGate' <Latency = 0> <II = 1> <Delay = 0.97> <FuncUnit> <Opcode : 'and' 'or' 'xor'> <InPorts = 2> <OutPorts = 1>
ST_14 : Operation 164 [1/1] (0.00ns) (grouped into LUT with out node maj_V)   --->   "%and_ln31_2 = and i32 %d_V_2, %c_V_2" [sha256.cpp:31->sha256.cpp:130]   --->   Operation 164 'and' 'and_ln31_2' <Predicate = (!icmp_ln127)> <Delay = 0.00> <Core = "LogicGate">   --->   Core 27 'LogicGate' <Latency = 0> <II = 1> <Delay = 0.97> <FuncUnit> <Opcode : 'and' 'or' 'xor'> <InPorts = 2> <OutPorts = 1>
ST_14 : Operation 165 [1/1] (0.99ns) (out node of the LUT)   --->   "%maj_V = xor i32 %and_ln31, %and_ln31_2" [sha256.cpp:31->sha256.cpp:130]   --->   Operation 165 'xor' 'maj_V' <Predicate = (!icmp_ln127)> <Delay = 0.99> <Core = "LogicGate">   --->   Core 27 'LogicGate' <Latency = 0> <II = 1> <Delay = 0.97> <FuncUnit> <Opcode : 'and' 'or' 'xor'> <InPorts = 2> <OutPorts = 1>
ST_14 : Operation 166 [1/1] (0.00ns) (grouped into LUT with out node ret_V_42)   --->   "%r_V = call i30 @_ssdm_op_PartSelect.i30.i32.i32.i32(i32 %b_V_2, i32 2, i32 31)" [sha256.cpp:16->sha256.cpp:36->sha256.cpp:131]   --->   Operation 166 'partselect' 'r_V' <Predicate = (!icmp_ln127)> <Delay = 0.00>
ST_14 : Operation 167 [1/1] (0.00ns) (grouped into LUT with out node ret_V_42)   --->   "%trunc_ln1503 = trunc i32 %b_V_2 to i2" [sha256.cpp:19->sha256.cpp:36->sha256.cpp:131]   --->   Operation 167 'trunc' 'trunc_ln1503' <Predicate = (!icmp_ln127)> <Delay = 0.00>
ST_14 : Operation 168 [1/1] (0.00ns) (grouped into LUT with out node ret_V_42)   --->   "%ret_V_39 = call i32 @_ssdm_op_BitConcatenate.i32.i2.i30(i2 %trunc_ln1503, i30 %r_V)" [sha256.cpp:21->sha256.cpp:36->sha256.cpp:131]   --->   Operation 168 'bitconcatenate' 'ret_V_39' <Predicate = (!icmp_ln127)> <Delay = 0.00>
ST_14 : Operation 169 [1/1] (0.00ns) (grouped into LUT with out node ret_V_42)   --->   "%r_V_s = call i19 @_ssdm_op_PartSelect.i19.i32.i32.i32(i32 %b_V_2, i32 13, i32 31)" [sha256.cpp:16->sha256.cpp:36->sha256.cpp:131]   --->   Operation 169 'partselect' 'r_V_s' <Predicate = (!icmp_ln127)> <Delay = 0.00>
ST_14 : Operation 170 [1/1] (0.00ns) (grouped into LUT with out node ret_V_42)   --->   "%trunc_ln1503_10 = trunc i32 %b_V_2 to i13" [sha256.cpp:19->sha256.cpp:36->sha256.cpp:131]   --->   Operation 170 'trunc' 'trunc_ln1503_10' <Predicate = (!icmp_ln127)> <Delay = 0.00>
ST_14 : Operation 171 [1/1] (0.00ns) (grouped into LUT with out node ret_V_42)   --->   "%ret_V_40 = call i32 @_ssdm_op_BitConcatenate.i32.i13.i19(i13 %trunc_ln1503_10, i19 %r_V_s)" [sha256.cpp:21->sha256.cpp:36->sha256.cpp:131]   --->   Operation 171 'bitconcatenate' 'ret_V_40' <Predicate = (!icmp_ln127)> <Delay = 0.00>
ST_14 : Operation 172 [1/1] (0.00ns) (grouped into LUT with out node ret_V_42)   --->   "%r_V_11 = call i10 @_ssdm_op_PartSelect.i10.i32.i32.i32(i32 %b_V_2, i32 22, i32 31)" [sha256.cpp:16->sha256.cpp:36->sha256.cpp:131]   --->   Operation 172 'partselect' 'r_V_11' <Predicate = (!icmp_ln127)> <Delay = 0.00>
ST_14 : Operation 173 [1/1] (0.00ns) (grouped into LUT with out node ret_V_42)   --->   "%trunc_ln1503_11 = trunc i32 %b_V_2 to i22" [sha256.cpp:19->sha256.cpp:36->sha256.cpp:131]   --->   Operation 173 'trunc' 'trunc_ln1503_11' <Predicate = (!icmp_ln127)> <Delay = 0.00>
ST_14 : Operation 174 [1/1] (0.00ns) (grouped into LUT with out node ret_V_42)   --->   "%ret_V_41 = call i32 @_ssdm_op_BitConcatenate.i32.i22.i10(i22 %trunc_ln1503_11, i10 %r_V_11)" [sha256.cpp:21->sha256.cpp:36->sha256.cpp:131]   --->   Operation 174 'bitconcatenate' 'ret_V_41' <Predicate = (!icmp_ln127)> <Delay = 0.00>
ST_14 : Operation 175 [1/1] (0.00ns) (grouped into LUT with out node ret_V_42)   --->   "%xor_ln1357 = xor i32 %ret_V_39, %ret_V_41" [sha256.cpp:36->sha256.cpp:131]   --->   Operation 175 'xor' 'xor_ln1357' <Predicate = (!icmp_ln127)> <Delay = 0.00> <Core = "LogicGate">   --->   Core 27 'LogicGate' <Latency = 0> <II = 1> <Delay = 0.97> <FuncUnit> <Opcode : 'and' 'or' 'xor'> <InPorts = 2> <OutPorts = 1>
ST_14 : Operation 176 [1/1] (0.99ns) (out node of the LUT)   --->   "%ret_V_42 = xor i32 %xor_ln1357, %ret_V_40" [sha256.cpp:36->sha256.cpp:131]   --->   Operation 176 'xor' 'ret_V_42' <Predicate = (!icmp_ln127)> <Delay = 0.99> <Core = "LogicGate">   --->   Core 27 'LogicGate' <Latency = 0> <II = 1> <Delay = 0.97> <FuncUnit> <Opcode : 'and' 'or' 'xor'> <InPorts = 2> <OutPorts = 1>
ST_14 : Operation 177 [1/1] (0.00ns) (grouped into LUT with out node ret_V_46)   --->   "%r_V_12 = call i26 @_ssdm_op_PartSelect.i26.i32.i32.i32(i32 %f_V_2, i32 6, i32 31)" [sha256.cpp:16->sha256.cpp:41->sha256.cpp:132]   --->   Operation 177 'partselect' 'r_V_12' <Predicate = (!icmp_ln127)> <Delay = 0.00>
ST_14 : Operation 178 [1/1] (0.00ns) (grouped into LUT with out node ret_V_46)   --->   "%trunc_ln1503_12 = trunc i32 %f_V_2 to i6" [sha256.cpp:19->sha256.cpp:41->sha256.cpp:132]   --->   Operation 178 'trunc' 'trunc_ln1503_12' <Predicate = (!icmp_ln127)> <Delay = 0.00>
ST_14 : Operation 179 [1/1] (0.00ns) (grouped into LUT with out node ret_V_46)   --->   "%ret_V_43 = call i32 @_ssdm_op_BitConcatenate.i32.i6.i26(i6 %trunc_ln1503_12, i26 %r_V_12)" [sha256.cpp:21->sha256.cpp:41->sha256.cpp:132]   --->   Operation 179 'bitconcatenate' 'ret_V_43' <Predicate = (!icmp_ln127)> <Delay = 0.00>
ST_14 : Operation 180 [1/1] (0.00ns) (grouped into LUT with out node ret_V_46)   --->   "%r_V_13 = call i21 @_ssdm_op_PartSelect.i21.i32.i32.i32(i32 %f_V_2, i32 11, i32 31)" [sha256.cpp:16->sha256.cpp:41->sha256.cpp:132]   --->   Operation 180 'partselect' 'r_V_13' <Predicate = (!icmp_ln127)> <Delay = 0.00>
ST_14 : Operation 181 [1/1] (0.00ns) (grouped into LUT with out node ret_V_46)   --->   "%trunc_ln1503_13 = trunc i32 %f_V_2 to i11" [sha256.cpp:19->sha256.cpp:41->sha256.cpp:132]   --->   Operation 181 'trunc' 'trunc_ln1503_13' <Predicate = (!icmp_ln127)> <Delay = 0.00>
ST_14 : Operation 182 [1/1] (0.00ns) (grouped into LUT with out node ret_V_46)   --->   "%ret_V_44 = call i32 @_ssdm_op_BitConcatenate.i32.i11.i21(i11 %trunc_ln1503_13, i21 %r_V_13)" [sha256.cpp:21->sha256.cpp:41->sha256.cpp:132]   --->   Operation 182 'bitconcatenate' 'ret_V_44' <Predicate = (!icmp_ln127)> <Delay = 0.00>
ST_14 : Operation 183 [1/1] (0.00ns) (grouped into LUT with out node ret_V_46)   --->   "%r_V_14 = call i7 @_ssdm_op_PartSelect.i7.i32.i32.i32(i32 %f_V_2, i32 25, i32 31)" [sha256.cpp:16->sha256.cpp:41->sha256.cpp:132]   --->   Operation 183 'partselect' 'r_V_14' <Predicate = (!icmp_ln127)> <Delay = 0.00>
ST_14 : Operation 184 [1/1] (0.00ns) (grouped into LUT with out node ret_V_46)   --->   "%trunc_ln1503_14 = trunc i32 %f_V_2 to i25" [sha256.cpp:19->sha256.cpp:41->sha256.cpp:132]   --->   Operation 184 'trunc' 'trunc_ln1503_14' <Predicate = (!icmp_ln127)> <Delay = 0.00>
ST_14 : Operation 185 [1/1] (0.00ns) (grouped into LUT with out node ret_V_46)   --->   "%ret_V_45 = call i32 @_ssdm_op_BitConcatenate.i32.i25.i7(i25 %trunc_ln1503_14, i7 %r_V_14)" [sha256.cpp:21->sha256.cpp:41->sha256.cpp:132]   --->   Operation 185 'bitconcatenate' 'ret_V_45' <Predicate = (!icmp_ln127)> <Delay = 0.00>
ST_14 : Operation 186 [1/1] (0.00ns) (grouped into LUT with out node ret_V_46)   --->   "%xor_ln1357_9 = xor i32 %ret_V_43, %ret_V_45" [sha256.cpp:41->sha256.cpp:132]   --->   Operation 186 'xor' 'xor_ln1357_9' <Predicate = (!icmp_ln127)> <Delay = 0.00> <Core = "LogicGate">   --->   Core 27 'LogicGate' <Latency = 0> <II = 1> <Delay = 0.97> <FuncUnit> <Opcode : 'and' 'or' 'xor'> <InPorts = 2> <OutPorts = 1>
ST_14 : Operation 187 [1/1] (0.99ns) (out node of the LUT)   --->   "%ret_V_46 = xor i32 %xor_ln1357_9, %ret_V_44" [sha256.cpp:41->sha256.cpp:132]   --->   Operation 187 'xor' 'ret_V_46' <Predicate = (!icmp_ln127)> <Delay = 0.99> <Core = "LogicGate">   --->   Core 27 'LogicGate' <Latency = 0> <II = 1> <Delay = 0.97> <FuncUnit> <Opcode : 'and' 'or' 'xor'> <InPorts = 2> <OutPorts = 1>
ST_14 : Operation 188 [1/1] (0.00ns)   --->   "%tmp_34 = call i3 @_ssdm_op_PartSelect.i3.i7.i32.i32(i7 %j6_0, i32 4, i32 6)" [sha256.cpp:134]   --->   Operation 188 'partselect' 'tmp_34' <Predicate = (!icmp_ln127)> <Delay = 0.00>
ST_14 : Operation 189 [1/1] (1.13ns)   --->   "%icmp_ln134 = icmp eq i3 %tmp_34, 0" [sha256.cpp:134]   --->   Operation 189 'icmp' 'icmp_ln134' <Predicate = (!icmp_ln127)> <Delay = 1.13> <Core = "Cmp">   --->   Core 25 'Cmp' <Latency = 0> <II = 1> <Delay = 1.30> <FuncUnit> <Opcode : 'icmp'> <InPorts = 2> <OutPorts = 1>
ST_14 : Operation 190 [1/1] (0.00ns)   --->   "%zext_ln135 = zext i7 %j6_0 to i64" [sha256.cpp:135]   --->   Operation 190 'zext' 'zext_ln135' <Predicate = (!icmp_ln127)> <Delay = 0.00>
ST_14 : Operation 191 [1/1] (1.87ns)   --->   "%add_ln321_2 = add i7 %zext_ln116_2, %j6_0" [sha256.cpp:135]   --->   Operation 191 'add' 'add_ln321_2' <Predicate = (!icmp_ln127)> <Delay = 1.87> <Core = "AddSub">   --->   Core 14 'AddSub' <Latency = 0> <II = 1> <Delay = 1.73> <FuncUnit> <Opcode : 'add' 'sub'> <InPorts = 2> <OutPorts = 1>
ST_14 : Operation 192 [1/1] (0.00ns)   --->   "%zext_ln321_7 = zext i7 %add_ln321_2 to i64" [sha256.cpp:135]   --->   Operation 192 'zext' 'zext_ln321_7' <Predicate = (!icmp_ln127)> <Delay = 0.00>
ST_14 : Operation 193 [1/1] (0.00ns)   --->   "%M_V_addr_2 = getelementptr [512 x i32]* %M_V, i64 0, i64 %zext_ln321_7" [sha256.cpp:135]   --->   Operation 193 'getelementptr' 'M_V_addr_2' <Predicate = (!icmp_ln127)> <Delay = 0.00>
ST_14 : Operation 194 [1/1] (0.00ns)   --->   "br i1 %icmp_ln134, label %4, label %5" [sha256.cpp:134]   --->   Operation 194 'br' <Predicate = (!icmp_ln127)> <Delay = 0.00>
ST_14 : Operation 195 [1/1] (1.87ns)   --->   "%add_ln137 = add i7 -2, %j6_0" [sha256.cpp:137]   --->   Operation 195 'add' 'add_ln137' <Predicate = (!icmp_ln127 & !icmp_ln134)> <Delay = 1.87> <Core = "AddSub">   --->   Core 14 'AddSub' <Latency = 0> <II = 1> <Delay = 1.73> <FuncUnit> <Opcode : 'add' 'sub'> <InPorts = 2> <OutPorts = 1>
ST_14 : Operation 196 [1/1] (0.00ns)   --->   "%zext_ln137 = zext i7 %add_ln137 to i64" [sha256.cpp:137]   --->   Operation 196 'zext' 'zext_ln137' <Predicate = (!icmp_ln127 & !icmp_ln134)> <Delay = 0.00>
ST_14 : Operation 197 [1/1] (0.00ns)   --->   "%W_V_addr_1 = getelementptr [64 x i32]* %W_V, i64 0, i64 %zext_ln137" [sha256.cpp:137]   --->   Operation 197 'getelementptr' 'W_V_addr_1' <Predicate = (!icmp_ln127 & !icmp_ln134)> <Delay = 0.00>
ST_14 : Operation 198 [2/2] (3.25ns)   --->   "%tempWord_V = load i32* %W_V_addr_1, align 4" [sha256.cpp:137]   --->   Operation 198 'load' 'tempWord_V' <Predicate = (!icmp_ln127 & !icmp_ln134)> <Delay = 3.25> <Core = "RAM">   --->   Core 37 'RAM' <Latency = 1> <II = 1> <Delay = 3.25> <Storage> <Opcode : 'load' 'store'> <Ports = 2> <Width = 32> <Depth = 64> <RAM>
ST_14 : Operation 199 [1/1] (1.87ns)   --->   "%add_ln137_1 = add i7 -7, %j6_0" [sha256.cpp:137]   --->   Operation 199 'add' 'add_ln137_1' <Predicate = (!icmp_ln127 & !icmp_ln134)> <Delay = 1.87> <Core = "AddSub">   --->   Core 14 'AddSub' <Latency = 0> <II = 1> <Delay = 1.73> <FuncUnit> <Opcode : 'add' 'sub'> <InPorts = 2> <OutPorts = 1>
ST_14 : Operation 200 [1/1] (0.00ns)   --->   "%zext_ln137_4 = zext i7 %add_ln137_1 to i64" [sha256.cpp:137]   --->   Operation 200 'zext' 'zext_ln137_4' <Predicate = (!icmp_ln127 & !icmp_ln134)> <Delay = 0.00>
ST_14 : Operation 201 [1/1] (0.00ns)   --->   "%W_V_addr_2 = getelementptr [64 x i32]* %W_V, i64 0, i64 %zext_ln137_4" [sha256.cpp:137]   --->   Operation 201 'getelementptr' 'W_V_addr_2' <Predicate = (!icmp_ln127 & !icmp_ln134)> <Delay = 0.00>
ST_14 : Operation 202 [2/2] (3.25ns)   --->   "%W_V_load_1 = load i32* %W_V_addr_2, align 4" [sha256.cpp:137]   --->   Operation 202 'load' 'W_V_load_1' <Predicate = (!icmp_ln127 & !icmp_ln134)> <Delay = 3.25> <Core = "RAM">   --->   Core 37 'RAM' <Latency = 1> <II = 1> <Delay = 3.25> <Storage> <Opcode : 'load' 'store'> <Ports = 2> <Width = 32> <Depth = 64> <RAM>
ST_14 : Operation 203 [2/2] (3.25ns)   --->   "%M_V_load = load i32* %M_V_addr_2, align 4" [sha256.cpp:135]   --->   Operation 203 'load' 'M_V_load' <Predicate = (!icmp_ln127 & icmp_ln134)> <Delay = 3.25> <Core = "RAM">   --->   Core 37 'RAM' <Latency = 1> <II = 1> <Delay = 3.25> <Storage> <Opcode : 'load' 'store'> <Ports = 2> <Width = 32> <Depth = 64> <RAM>
ST_14 : Operation 204 [1/1] (0.00ns)   --->   "%tmp_26 = call i5 @_ssdm_op_BitConcatenate.i5.i2.i3(i2 %i_op_assign_2, i3 0)" [sha256.cpp:151]   --->   Operation 204 'bitconcatenate' 'tmp_26' <Predicate = (icmp_ln127)> <Delay = 0.00>
ST_14 : Operation 205 [1/1] (0.00ns)   --->   "%zext_ln321_4 = zext i5 %tmp_26 to i64" [sha256.cpp:151]   --->   Operation 205 'zext' 'zext_ln321_4' <Predicate = (icmp_ln127)> <Delay = 0.00>
ST_14 : Operation 206 [1/1] (0.00ns)   --->   "%H_V_addr_11 = getelementptr [256 x i32]* %H_V, i64 0, i64 %zext_ln321_4" [sha256.cpp:151]   --->   Operation 206 'getelementptr' 'H_V_addr_11' <Predicate = (icmp_ln127)> <Delay = 0.00>
ST_14 : Operation 207 [1/1] (0.00ns)   --->   "%or_ln321 = or i5 %tmp_26, 1" [sha256.cpp:152]   --->   Operation 207 'or' 'or_ln321' <Predicate = (icmp_ln127)> <Delay = 0.00>
ST_14 : Operation 208 [1/1] (0.00ns)   --->   "%tmp_27 = call i64 @_ssdm_op_BitConcatenate.i64.i59.i5(i59 0, i5 %or_ln321)" [sha256.cpp:152]   --->   Operation 208 'bitconcatenate' 'tmp_27' <Predicate = (icmp_ln127)> <Delay = 0.00>
ST_14 : Operation 209 [1/1] (0.00ns)   --->   "%H_V_addr_12 = getelementptr [256 x i32]* %H_V, i64 0, i64 %tmp_27" [sha256.cpp:152]   --->   Operation 209 'getelementptr' 'H_V_addr_12' <Predicate = (icmp_ln127)> <Delay = 0.00>
ST_14 : Operation 210 [1/1] (2.55ns)   --->   "%add_ln209 = add i32 %b_V_2, %a_V" [sha256.cpp:151]   --->   Operation 210 'add' 'add_ln209' <Predicate = (icmp_ln127)> <Delay = 2.55> <Core = "AddSub">   --->   Core 14 'AddSub' <Latency = 0> <II = 1> <Delay = 1.73> <FuncUnit> <Opcode : 'add' 'sub'> <InPorts = 2> <OutPorts = 1>
ST_14 : Operation 211 [1/1] (3.25ns)   --->   "store i32 %add_ln209, i32* %H_V_addr_11, align 16" [sha256.cpp:151]   --->   Operation 211 'store' <Predicate = (icmp_ln127)> <Delay = 3.25> <Core = "RAM">   --->   Core 37 'RAM' <Latency = 1> <II = 1> <Delay = 3.25> <Storage> <Opcode : 'load' 'store'> <Ports = 2> <Width = 32> <Depth = 64> <RAM>
ST_14 : Operation 212 [1/1] (2.55ns)   --->   "%add_ln209_1 = add i32 %c_V_2, %b_V" [sha256.cpp:152]   --->   Operation 212 'add' 'add_ln209_1' <Predicate = (icmp_ln127)> <Delay = 2.55> <Core = "AddSub">   --->   Core 14 'AddSub' <Latency = 0> <II = 1> <Delay = 1.73> <FuncUnit> <Opcode : 'add' 'sub'> <InPorts = 2> <OutPorts = 1>
ST_14 : Operation 213 [1/1] (3.25ns)   --->   "store i32 %add_ln209_1, i32* %H_V_addr_12, align 4" [sha256.cpp:152]   --->   Operation 213 'store' <Predicate = (icmp_ln127)> <Delay = 3.25> <Core = "RAM">   --->   Core 37 'RAM' <Latency = 1> <II = 1> <Delay = 3.25> <Storage> <Opcode : 'load' 'store'> <Ports = 2> <Width = 32> <Depth = 64> <RAM>
ST_14 : Operation 214 [1/1] (2.55ns)   --->   "%add_ln209_2 = add i32 %d_V_2, %c_V" [sha256.cpp:153]   --->   Operation 214 'add' 'add_ln209_2' <Predicate = (icmp_ln127)> <Delay = 2.55> <Core = "AddSub">   --->   Core 14 'AddSub' <Latency = 0> <II = 1> <Delay = 1.73> <FuncUnit> <Opcode : 'add' 'sub'> <InPorts = 2> <OutPorts = 1>
ST_14 : Operation 215 [1/1] (2.55ns)   --->   "%add_ln209_4 = add i32 %f_V_2, %e_V" [sha256.cpp:155]   --->   Operation 215 'add' 'add_ln209_4' <Predicate = (icmp_ln127)> <Delay = 2.55> <Core = "AddSub">   --->   Core 14 'AddSub' <Latency = 0> <II = 1> <Delay = 1.73> <FuncUnit> <Opcode : 'add' 'sub'> <InPorts = 2> <OutPorts = 1>
ST_14 : Operation 216 [1/1] (2.55ns)   --->   "%add_ln209_5 = add i32 %g_V_2, %f_V" [sha256.cpp:156]   --->   Operation 216 'add' 'add_ln209_5' <Predicate = (icmp_ln127)> <Delay = 2.55> <Core = "AddSub">   --->   Core 14 'AddSub' <Latency = 0> <II = 1> <Delay = 1.73> <FuncUnit> <Opcode : 'add' 'sub'> <InPorts = 2> <OutPorts = 1>
ST_14 : Operation 217 [1/1] (2.55ns)   --->   "%add_ln209_6 = add i32 %h_V_2, %g_V" [sha256.cpp:157]   --->   Operation 217 'add' 'add_ln209_6' <Predicate = (icmp_ln127)> <Delay = 2.55> <Core = "AddSub">   --->   Core 14 'AddSub' <Latency = 0> <II = 1> <Delay = 1.73> <FuncUnit> <Opcode : 'add' 'sub'> <InPorts = 2> <OutPorts = 1>
ST_14 : Operation 218 [1/1] (1.56ns)   --->   "%i_14 = add i2 %i_op_assign_2, 1" [sha256.cpp:114]   --->   Operation 218 'add' 'i_14' <Predicate = (icmp_ln127)> <Delay = 1.56> <Core = "AddSub">   --->   Core 14 'AddSub' <Latency = 0> <II = 1> <Delay = 1.73> <FuncUnit> <Opcode : 'add' 'sub'> <InPorts = 2> <OutPorts = 1>

State 15 <SV = 10> <Delay = 5.12>
ST_15 : Operation 219 [1/2] (3.25ns)   --->   "%tempWord_V = load i32* %W_V_addr_1, align 4" [sha256.cpp:137]   --->   Operation 219 'load' 'tempWord_V' <Predicate = true> <Delay = 3.25> <Core = "RAM">   --->   Core 37 'RAM' <Latency = 1> <II = 1> <Delay = 3.25> <Storage> <Opcode : 'load' 'store'> <Ports = 2> <Width = 32> <Depth = 64> <RAM>
ST_15 : Operation 220 [1/2] (3.25ns)   --->   "%W_V_load_1 = load i32* %W_V_addr_2, align 4" [sha256.cpp:137]   --->   Operation 220 'load' 'W_V_load_1' <Predicate = true> <Delay = 3.25> <Core = "RAM">   --->   Core 37 'RAM' <Latency = 1> <II = 1> <Delay = 3.25> <Storage> <Opcode : 'load' 'store'> <Ports = 2> <Width = 32> <Depth = 64> <RAM>
ST_15 : Operation 221 [1/1] (1.87ns)   --->   "%add_ln137_2 = add i7 -15, %j6_0" [sha256.cpp:137]   --->   Operation 221 'add' 'add_ln137_2' <Predicate = true> <Delay = 1.87> <Core = "AddSub">   --->   Core 14 'AddSub' <Latency = 0> <II = 1> <Delay = 1.73> <FuncUnit> <Opcode : 'add' 'sub'> <InPorts = 2> <OutPorts = 1>
ST_15 : Operation 222 [1/1] (0.00ns)   --->   "%zext_ln137_5 = zext i7 %add_ln137_2 to i64" [sha256.cpp:137]   --->   Operation 222 'zext' 'zext_ln137_5' <Predicate = true> <Delay = 0.00>
ST_15 : Operation 223 [1/1] (0.00ns)   --->   "%W_V_addr_3 = getelementptr [64 x i32]* %W_V, i64 0, i64 %zext_ln137_5" [sha256.cpp:137]   --->   Operation 223 'getelementptr' 'W_V_addr_3' <Predicate = true> <Delay = 0.00>
ST_15 : Operation 224 [2/2] (3.25ns)   --->   "%tempWord_V_6 = load i32* %W_V_addr_3, align 4" [sha256.cpp:137]   --->   Operation 224 'load' 'tempWord_V_6' <Predicate = true> <Delay = 3.25> <Core = "RAM">   --->   Core 37 'RAM' <Latency = 1> <II = 1> <Delay = 3.25> <Storage> <Opcode : 'load' 'store'> <Ports = 2> <Width = 32> <Depth = 64> <RAM>
ST_15 : Operation 225 [1/1] (1.87ns)   --->   "%add_ln137_3 = add i7 -16, %j6_0" [sha256.cpp:137]   --->   Operation 225 'add' 'add_ln137_3' <Predicate = true> <Delay = 1.87> <Core = "AddSub">   --->   Core 14 'AddSub' <Latency = 0> <II = 1> <Delay = 1.73> <FuncUnit> <Opcode : 'add' 'sub'> <InPorts = 2> <OutPorts = 1>
ST_15 : Operation 226 [1/1] (0.00ns)   --->   "%zext_ln137_6 = zext i7 %add_ln137_3 to i64" [sha256.cpp:137]   --->   Operation 226 'zext' 'zext_ln137_6' <Predicate = true> <Delay = 0.00>
ST_15 : Operation 227 [1/1] (0.00ns)   --->   "%W_V_addr_4 = getelementptr [64 x i32]* %W_V, i64 0, i64 %zext_ln137_6" [sha256.cpp:137]   --->   Operation 227 'getelementptr' 'W_V_addr_4' <Predicate = true> <Delay = 0.00>
ST_15 : Operation 228 [2/2] (3.25ns)   --->   "%W_V_load_3 = load i32* %W_V_addr_4, align 4" [sha256.cpp:137]   --->   Operation 228 'load' 'W_V_load_3' <Predicate = true> <Delay = 3.25> <Core = "RAM">   --->   Core 37 'RAM' <Latency = 1> <II = 1> <Delay = 3.25> <Storage> <Opcode : 'load' 'store'> <Ports = 2> <Width = 32> <Depth = 64> <RAM>

State 16 <SV = 11> <Delay = 5.80>
ST_16 : Operation 229 [1/1] (0.00ns) (grouped into LUT with out node add_ln209_19)   --->   "%r_V_15 = call i15 @_ssdm_op_PartSelect.i15.i32.i32.i32(i32 %tempWord_V, i32 17, i32 31)" [sha256.cpp:16->sha256.cpp:51->sha256.cpp:137]   --->   Operation 229 'partselect' 'r_V_15' <Predicate = true> <Delay = 0.00>
ST_16 : Operation 230 [1/1] (0.00ns) (grouped into LUT with out node add_ln209_19)   --->   "%trunc_ln1503_15 = trunc i32 %tempWord_V to i17" [sha256.cpp:19->sha256.cpp:51->sha256.cpp:137]   --->   Operation 230 'trunc' 'trunc_ln1503_15' <Predicate = true> <Delay = 0.00>
ST_16 : Operation 231 [1/1] (0.00ns) (grouped into LUT with out node add_ln209_19)   --->   "%ret_V_47 = call i32 @_ssdm_op_BitConcatenate.i32.i17.i15(i17 %trunc_ln1503_15, i15 %r_V_15)" [sha256.cpp:21->sha256.cpp:51->sha256.cpp:137]   --->   Operation 231 'bitconcatenate' 'ret_V_47' <Predicate = true> <Delay = 0.00>
ST_16 : Operation 232 [1/1] (0.00ns) (grouped into LUT with out node add_ln209_19)   --->   "%r_V_16 = call i13 @_ssdm_op_PartSelect.i13.i32.i32.i32(i32 %tempWord_V, i32 19, i32 31)" [sha256.cpp:16->sha256.cpp:51->sha256.cpp:137]   --->   Operation 232 'partselect' 'r_V_16' <Predicate = true> <Delay = 0.00>
ST_16 : Operation 233 [1/1] (0.00ns) (grouped into LUT with out node add_ln209_19)   --->   "%trunc_ln1503_16 = trunc i32 %tempWord_V to i19" [sha256.cpp:19->sha256.cpp:51->sha256.cpp:137]   --->   Operation 233 'trunc' 'trunc_ln1503_16' <Predicate = true> <Delay = 0.00>
ST_16 : Operation 234 [1/1] (0.00ns) (grouped into LUT with out node add_ln209_19)   --->   "%ret_V_48 = call i32 @_ssdm_op_BitConcatenate.i32.i19.i13(i19 %trunc_ln1503_16, i13 %r_V_16)" [sha256.cpp:21->sha256.cpp:51->sha256.cpp:137]   --->   Operation 234 'bitconcatenate' 'ret_V_48' <Predicate = true> <Delay = 0.00>
ST_16 : Operation 235 [1/1] (0.00ns) (grouped into LUT with out node add_ln209_19)   --->   "%r_V_17 = call i22 @_ssdm_op_PartSelect.i22.i32.i32.i32(i32 %tempWord_V, i32 10, i32 31)" [sha256.cpp:51->sha256.cpp:137]   --->   Operation 235 'partselect' 'r_V_17' <Predicate = true> <Delay = 0.00>
ST_16 : Operation 236 [1/1] (0.00ns) (grouped into LUT with out node add_ln209_19)   --->   "%r_V_23 = zext i22 %r_V_17 to i32" [sha256.cpp:51->sha256.cpp:137]   --->   Operation 236 'zext' 'r_V_23' <Predicate = true> <Delay = 0.00>
ST_16 : Operation 237 [1/1] (0.00ns) (grouped into LUT with out node add_ln209_19)   --->   "%xor_ln1357_11 = xor i32 %r_V_23, %ret_V_48" [sha256.cpp:51->sha256.cpp:137]   --->   Operation 237 'xor' 'xor_ln1357_11' <Predicate = true> <Delay = 0.00> <Core = "LogicGate">   --->   Core 27 'LogicGate' <Latency = 0> <II = 1> <Delay = 0.97> <FuncUnit> <Opcode : 'and' 'or' 'xor'> <InPorts = 2> <OutPorts = 1>
ST_16 : Operation 238 [1/1] (0.00ns) (grouped into LUT with out node add_ln209_19)   --->   "%ret_V = xor i32 %xor_ln1357_11, %ret_V_47" [sha256.cpp:51->sha256.cpp:137]   --->   Operation 238 'xor' 'ret_V' <Predicate = true> <Delay = 0.00> <Core = "LogicGate">   --->   Core 27 'LogicGate' <Latency = 0> <II = 1> <Delay = 0.97> <FuncUnit> <Opcode : 'and' 'or' 'xor'> <InPorts = 2> <OutPorts = 1>
ST_16 : Operation 239 [1/2] (3.25ns)   --->   "%tempWord_V_6 = load i32* %W_V_addr_3, align 4" [sha256.cpp:137]   --->   Operation 239 'load' 'tempWord_V_6' <Predicate = true> <Delay = 3.25> <Core = "RAM">   --->   Core 37 'RAM' <Latency = 1> <II = 1> <Delay = 3.25> <Storage> <Opcode : 'load' 'store'> <Ports = 2> <Width = 32> <Depth = 64> <RAM>
ST_16 : Operation 240 [1/1] (0.00ns) (grouped into LUT with out node add_ln209_19)   --->   "%r_V_18 = call i25 @_ssdm_op_PartSelect.i25.i32.i32.i32(i32 %tempWord_V_6, i32 7, i32 31)" [sha256.cpp:16->sha256.cpp:46->sha256.cpp:137]   --->   Operation 240 'partselect' 'r_V_18' <Predicate = true> <Delay = 0.00>
ST_16 : Operation 241 [1/1] (0.00ns) (grouped into LUT with out node add_ln209_19)   --->   "%trunc_ln1503_17 = trunc i32 %tempWord_V_6 to i7" [sha256.cpp:19->sha256.cpp:46->sha256.cpp:137]   --->   Operation 241 'trunc' 'trunc_ln1503_17' <Predicate = true> <Delay = 0.00>
ST_16 : Operation 242 [1/1] (0.00ns) (grouped into LUT with out node add_ln209_19)   --->   "%ret_V_49 = call i32 @_ssdm_op_BitConcatenate.i32.i7.i25(i7 %trunc_ln1503_17, i25 %r_V_18)" [sha256.cpp:21->sha256.cpp:46->sha256.cpp:137]   --->   Operation 242 'bitconcatenate' 'ret_V_49' <Predicate = true> <Delay = 0.00>
ST_16 : Operation 243 [1/1] (0.00ns) (grouped into LUT with out node add_ln209_19)   --->   "%r_V_19 = call i14 @_ssdm_op_PartSelect.i14.i32.i32.i32(i32 %tempWord_V_6, i32 18, i32 31)" [sha256.cpp:16->sha256.cpp:46->sha256.cpp:137]   --->   Operation 243 'partselect' 'r_V_19' <Predicate = true> <Delay = 0.00>
ST_16 : Operation 244 [1/1] (0.00ns) (grouped into LUT with out node add_ln209_19)   --->   "%trunc_ln1503_18 = trunc i32 %tempWord_V_6 to i18" [sha256.cpp:19->sha256.cpp:46->sha256.cpp:137]   --->   Operation 244 'trunc' 'trunc_ln1503_18' <Predicate = true> <Delay = 0.00>
ST_16 : Operation 245 [1/1] (0.00ns) (grouped into LUT with out node add_ln209_19)   --->   "%ret_V_50 = call i32 @_ssdm_op_BitConcatenate.i32.i18.i14(i18 %trunc_ln1503_18, i14 %r_V_19)" [sha256.cpp:21->sha256.cpp:46->sha256.cpp:137]   --->   Operation 245 'bitconcatenate' 'ret_V_50' <Predicate = true> <Delay = 0.00>
ST_16 : Operation 246 [1/1] (0.00ns) (grouped into LUT with out node add_ln209_19)   --->   "%r_V_20 = call i29 @_ssdm_op_PartSelect.i29.i32.i32.i32(i32 %tempWord_V_6, i32 3, i32 31)" [sha256.cpp:46->sha256.cpp:137]   --->   Operation 246 'partselect' 'r_V_20' <Predicate = true> <Delay = 0.00>
ST_16 : Operation 247 [1/1] (0.00ns) (grouped into LUT with out node add_ln209_19)   --->   "%r_V_24 = zext i29 %r_V_20 to i32" [sha256.cpp:46->sha256.cpp:137]   --->   Operation 247 'zext' 'r_V_24' <Predicate = true> <Delay = 0.00>
ST_16 : Operation 248 [1/1] (0.00ns) (grouped into LUT with out node add_ln209_19)   --->   "%xor_ln1357_13 = xor i32 %r_V_24, %ret_V_50" [sha256.cpp:46->sha256.cpp:137]   --->   Operation 248 'xor' 'xor_ln1357_13' <Predicate = true> <Delay = 0.00> <Core = "LogicGate">   --->   Core 27 'LogicGate' <Latency = 0> <II = 1> <Delay = 0.97> <FuncUnit> <Opcode : 'and' 'or' 'xor'> <InPorts = 2> <OutPorts = 1>
ST_16 : Operation 249 [1/1] (0.00ns) (grouped into LUT with out node add_ln209_19)   --->   "%ret_V_38 = xor i32 %xor_ln1357_13, %ret_V_49" [sha256.cpp:46->sha256.cpp:137]   --->   Operation 249 'xor' 'ret_V_38' <Predicate = true> <Delay = 0.00> <Core = "LogicGate">   --->   Core 27 'LogicGate' <Latency = 0> <II = 1> <Delay = 0.97> <FuncUnit> <Opcode : 'and' 'or' 'xor'> <InPorts = 2> <OutPorts = 1>
ST_16 : Operation 250 [1/2] (3.25ns)   --->   "%W_V_load_3 = load i32* %W_V_addr_4, align 4" [sha256.cpp:137]   --->   Operation 250 'load' 'W_V_load_3' <Predicate = true> <Delay = 3.25> <Core = "RAM">   --->   Core 37 'RAM' <Latency = 1> <II = 1> <Delay = 3.25> <Storage> <Opcode : 'load' 'store'> <Ports = 2> <Width = 32> <Depth = 64> <RAM>
ST_16 : Operation 251 [1/1] (2.55ns) (out node of the LUT)   --->   "%add_ln209_19 = add i32 %ret_V, %ret_V_38" [sha256.cpp:137]   --->   Operation 251 'add' 'add_ln209_19' <Predicate = true> <Delay = 2.55> <Core = "AddSub">   --->   Core 14 'AddSub' <Latency = 0> <II = 1> <Delay = 1.73> <FuncUnit> <Opcode : 'add' 'sub'> <InPorts = 2> <OutPorts = 1>

State 17 <SV = 12> <Delay = 7.62>
ST_17 : Operation 252 [1/1] (0.00ns) (grouped into TernaryAdder)   --->   "%add_ln209_18 = add i32 %W_V_load_1, %W_V_load_3" [sha256.cpp:137]   --->   Operation 252 'add' 'add_ln209_18' <Predicate = (!icmp_ln134)> <Delay = 0.00> <Core = "TAddSub">   --->   Core 83 'TAddSub' <Latency = 0> <II = 1> <Delay = 2.18> <IPBlock> <Opcode : 'add' 'sub'> <InPorts = 3> <OutPorts = 1> <Sync> <CReg>
ST_17 : Operation 253 [1/1] (4.37ns) (root node of TernaryAdder)   --->   "%add_ln209_10 = add i32 %add_ln209_19, %add_ln209_18" [sha256.cpp:137]   --->   Operation 253 'add' 'add_ln209_10' <Predicate = (!icmp_ln134)> <Delay = 4.37> <Core = "TAddSub">   --->   Core 83 'TAddSub' <Latency = 0> <II = 1> <Delay = 2.18> <IPBlock> <Opcode : 'add' 'sub'> <InPorts = 3> <OutPorts = 1> <Sync> <CReg>
ST_17 : Operation 254 [1/1] (0.00ns)   --->   "%W_V_addr_5 = getelementptr [64 x i32]* %W_V, i64 0, i64 %zext_ln135" [sha256.cpp:137]   --->   Operation 254 'getelementptr' 'W_V_addr_5' <Predicate = (!icmp_ln134)> <Delay = 0.00>
ST_17 : Operation 255 [1/1] (3.25ns)   --->   "store i32 %add_ln209_10, i32* %W_V_addr_5, align 4" [sha256.cpp:137]   --->   Operation 255 'store' <Predicate = (!icmp_ln134)> <Delay = 3.25> <Core = "RAM">   --->   Core 37 'RAM' <Latency = 1> <II = 1> <Delay = 3.25> <Storage> <Opcode : 'load' 'store'> <Ports = 2> <Width = 32> <Depth = 64> <RAM>
ST_17 : Operation 256 [1/1] (0.00ns)   --->   "br label %6"   --->   Operation 256 'br' <Predicate = (!icmp_ln134)> <Delay = 0.00>
ST_17 : Operation 257 [1/1] (0.00ns) (grouped into TernaryAdder)   --->   "%add_ln209_21 = add i32 %ret_V_46, %p_0625_0" [sha256.cpp:139]   --->   Operation 257 'add' 'add_ln209_21' <Predicate = true> <Delay = 0.00> <Core = "TAddSub">   --->   Core 83 'TAddSub' <Latency = 0> <II = 1> <Delay = 2.18> <IPBlock> <Opcode : 'add' 'sub'> <InPorts = 3> <OutPorts = 1> <Sync> <CReg>
ST_17 : Operation 258 [1/1] (4.37ns) (root node of TernaryAdder)   --->   "%add_ln209_22 = add i32 %add_ln209_21, %ch_V" [sha256.cpp:139]   --->   Operation 258 'add' 'add_ln209_22' <Predicate = true> <Delay = 4.37> <Core = "TAddSub">   --->   Core 83 'TAddSub' <Latency = 0> <II = 1> <Delay = 2.18> <IPBlock> <Opcode : 'add' 'sub'> <InPorts = 3> <OutPorts = 1> <Sync> <CReg>

State 18 <SV = 10> <Delay = 6.50>
ST_18 : Operation 259 [1/2] (3.25ns)   --->   "%M_V_load = load i32* %M_V_addr_2, align 4" [sha256.cpp:135]   --->   Operation 259 'load' 'M_V_load' <Predicate = true> <Delay = 3.25> <Core = "RAM">   --->   Core 37 'RAM' <Latency = 1> <II = 1> <Delay = 3.25> <Storage> <Opcode : 'load' 'store'> <Ports = 2> <Width = 32> <Depth = 64> <RAM>
ST_18 : Operation 260 [1/1] (0.00ns)   --->   "%W_V_addr = getelementptr [64 x i32]* %W_V, i64 0, i64 %zext_ln135" [sha256.cpp:135]   --->   Operation 260 'getelementptr' 'W_V_addr' <Predicate = true> <Delay = 0.00>
ST_18 : Operation 261 [1/1] (3.25ns)   --->   "store i32 %M_V_load, i32* %W_V_addr, align 4" [sha256.cpp:135]   --->   Operation 261 'store' <Predicate = true> <Delay = 3.25> <Core = "RAM">   --->   Core 37 'RAM' <Latency = 1> <II = 1> <Delay = 3.25> <Storage> <Opcode : 'load' 'store'> <Ports = 2> <Width = 32> <Depth = 64> <RAM>
ST_18 : Operation 262 [1/1] (0.00ns)   --->   "br label %6" [sha256.cpp:135]   --->   Operation 262 'br' <Predicate = true> <Delay = 0.00>

State 19 <SV = 13> <Delay = 3.25>
ST_19 : Operation 263 [1/1] (0.00ns)   --->   "%K_addr = getelementptr [64 x i32]* @K, i64 0, i64 %zext_ln135" [sha256.cpp:139]   --->   Operation 263 'getelementptr' 'K_addr' <Predicate = true> <Delay = 0.00>
ST_19 : Operation 264 [2/2] (3.25ns)   --->   "%K_load = load i32* %K_addr, align 4" [sha256.cpp:139]   --->   Operation 264 'load' 'K_load' <Predicate = true> <Delay = 3.25> <Core = "ROM_nP">   --->   Core 52 'ROM_nP' <Latency = 1> <II = 1> <Delay = 3.25> <Storage> <Opcode : 'load'> <Ports = 0> <Width = 32> <Depth = 64> <ROM>
ST_19 : Operation 265 [1/1] (0.00ns)   --->   "%W_V_addr_6 = getelementptr [64 x i32]* %W_V, i64 0, i64 %zext_ln135" [sha256.cpp:139]   --->   Operation 265 'getelementptr' 'W_V_addr_6' <Predicate = true> <Delay = 0.00>
ST_19 : Operation 266 [2/2] (3.25ns)   --->   "%W_V_load = load i32* %W_V_addr_6, align 4" [sha256.cpp:139]   --->   Operation 266 'load' 'W_V_load' <Predicate = true> <Delay = 3.25> <Core = "RAM">   --->   Core 37 'RAM' <Latency = 1> <II = 1> <Delay = 3.25> <Storage> <Opcode : 'load' 'store'> <Ports = 2> <Width = 32> <Depth = 64> <RAM>

State 20 <SV = 14> <Delay = 7.62>
ST_20 : Operation 267 [1/2] (3.25ns)   --->   "%K_load = load i32* %K_addr, align 4" [sha256.cpp:139]   --->   Operation 267 'load' 'K_load' <Predicate = true> <Delay = 3.25> <Core = "ROM_nP">   --->   Core 52 'ROM_nP' <Latency = 1> <II = 1> <Delay = 3.25> <Storage> <Opcode : 'load'> <Ports = 0> <Width = 32> <Depth = 64> <ROM>
ST_20 : Operation 268 [1/2] (3.25ns)   --->   "%W_V_load = load i32* %W_V_addr_6, align 4" [sha256.cpp:139]   --->   Operation 268 'load' 'W_V_load' <Predicate = true> <Delay = 3.25> <Core = "RAM">   --->   Core 37 'RAM' <Latency = 1> <II = 1> <Delay = 3.25> <Storage> <Opcode : 'load' 'store'> <Ports = 2> <Width = 32> <Depth = 64> <RAM>
ST_20 : Operation 269 [1/1] (0.00ns) (grouped into TernaryAdder)   --->   "%add_ln209_20 = add i32 %K_load, %W_V_load" [sha256.cpp:139]   --->   Operation 269 'add' 'add_ln209_20' <Predicate = true> <Delay = 0.00> <Core = "TAddSub">   --->   Core 83 'TAddSub' <Latency = 0> <II = 1> <Delay = 2.18> <IPBlock> <Opcode : 'add' 'sub'> <InPorts = 3> <OutPorts = 1> <Sync> <CReg>
ST_20 : Operation 270 [1/1] (4.37ns) (root node of TernaryAdder)   --->   "%T1_V = add i32 %add_ln209_22, %add_ln209_20" [sha256.cpp:139]   --->   Operation 270 'add' 'T1_V' <Predicate = true> <Delay = 4.37> <Core = "TAddSub">   --->   Core 83 'TAddSub' <Latency = 0> <II = 1> <Delay = 2.18> <IPBlock> <Opcode : 'add' 'sub'> <InPorts = 3> <OutPorts = 1> <Sync> <CReg>

State 21 <SV = 15> <Delay = 4.37>
ST_21 : Operation 271 [1/1] (2.55ns)   --->   "%e_V_2 = add i32 %p_0792_0, %T1_V" [sha256.cpp:144]   --->   Operation 271 'add' 'e_V_2' <Predicate = true> <Delay = 2.55> <Core = "AddSub">   --->   Core 14 'AddSub' <Latency = 0> <II = 1> <Delay = 1.73> <FuncUnit> <Opcode : 'add' 'sub'> <InPorts = 2> <OutPorts = 1>
ST_21 : Operation 272 [1/1] (0.00ns) (grouped into TernaryAdder)   --->   "%add_ln209_25 = add i32 %ret_V_42, %T1_V" [sha256.cpp:148]   --->   Operation 272 'add' 'add_ln209_25' <Predicate = true> <Delay = 0.00> <Core = "TAddSub">   --->   Core 83 'TAddSub' <Latency = 0> <II = 1> <Delay = 2.18> <IPBlock> <Opcode : 'add' 'sub'> <InPorts = 3> <OutPorts = 1> <Sync> <CReg>
ST_21 : Operation 273 [1/1] (4.37ns) (root node of TernaryAdder)   --->   "%a_V_2 = add i32 %add_ln209_25, %maj_V" [sha256.cpp:148]   --->   Operation 273 'add' 'a_V_2' <Predicate = true> <Delay = 4.37> <Core = "TAddSub">   --->   Core 83 'TAddSub' <Latency = 0> <II = 1> <Delay = 2.18> <IPBlock> <Opcode : 'add' 'sub'> <InPorts = 3> <OutPorts = 1> <Sync> <CReg>
ST_21 : Operation 274 [1/1] (0.00ns)   --->   "br label %.preheader1344" [sha256.cpp:127]   --->   Operation 274 'br' <Predicate = true> <Delay = 0.00>

State 22 <SV = 10> <Delay = 5.80>
ST_22 : Operation 275 [1/1] (0.00ns)   --->   "%or_ln321_7 = or i5 %tmp_26, 2" [sha256.cpp:153]   --->   Operation 275 'or' 'or_ln321_7' <Predicate = true> <Delay = 0.00>
ST_22 : Operation 276 [1/1] (0.00ns)   --->   "%tmp_28 = call i64 @_ssdm_op_BitConcatenate.i64.i59.i5(i59 0, i5 %or_ln321_7)" [sha256.cpp:153]   --->   Operation 276 'bitconcatenate' 'tmp_28' <Predicate = true> <Delay = 0.00>
ST_22 : Operation 277 [1/1] (0.00ns)   --->   "%H_V_addr_13 = getelementptr [256 x i32]* %H_V, i64 0, i64 %tmp_28" [sha256.cpp:153]   --->   Operation 277 'getelementptr' 'H_V_addr_13' <Predicate = true> <Delay = 0.00>
ST_22 : Operation 278 [1/1] (0.00ns)   --->   "%or_ln321_8 = or i5 %tmp_26, 3" [sha256.cpp:154]   --->   Operation 278 'or' 'or_ln321_8' <Predicate = true> <Delay = 0.00>
ST_22 : Operation 279 [1/1] (0.00ns)   --->   "%tmp_29 = call i64 @_ssdm_op_BitConcatenate.i64.i59.i5(i59 0, i5 %or_ln321_8)" [sha256.cpp:154]   --->   Operation 279 'bitconcatenate' 'tmp_29' <Predicate = true> <Delay = 0.00>
ST_22 : Operation 280 [1/1] (0.00ns)   --->   "%H_V_addr_14 = getelementptr [256 x i32]* %H_V, i64 0, i64 %tmp_29" [sha256.cpp:154]   --->   Operation 280 'getelementptr' 'H_V_addr_14' <Predicate = true> <Delay = 0.00>
ST_22 : Operation 281 [1/1] (3.25ns)   --->   "store i32 %add_ln209_2, i32* %H_V_addr_13, align 8" [sha256.cpp:153]   --->   Operation 281 'store' <Predicate = true> <Delay = 3.25> <Core = "RAM">   --->   Core 37 'RAM' <Latency = 1> <II = 1> <Delay = 3.25> <Storage> <Opcode : 'load' 'store'> <Ports = 2> <Width = 32> <Depth = 64> <RAM>
ST_22 : Operation 282 [1/1] (2.55ns)   --->   "%add_ln209_3 = add i32 %p_0792_0, %d_V" [sha256.cpp:154]   --->   Operation 282 'add' 'add_ln209_3' <Predicate = true> <Delay = 2.55> <Core = "AddSub">   --->   Core 14 'AddSub' <Latency = 0> <II = 1> <Delay = 1.73> <FuncUnit> <Opcode : 'add' 'sub'> <InPorts = 2> <OutPorts = 1>
ST_22 : Operation 283 [1/1] (3.25ns)   --->   "store i32 %add_ln209_3, i32* %H_V_addr_14, align 4" [sha256.cpp:154]   --->   Operation 283 'store' <Predicate = true> <Delay = 3.25> <Core = "RAM">   --->   Core 37 'RAM' <Latency = 1> <II = 1> <Delay = 3.25> <Storage> <Opcode : 'load' 'store'> <Ports = 2> <Width = 32> <Depth = 64> <RAM>

State 23 <SV = 11> <Delay = 3.25>
ST_23 : Operation 284 [1/1] (0.00ns)   --->   "%or_ln321_9 = or i5 %tmp_26, 4" [sha256.cpp:155]   --->   Operation 284 'or' 'or_ln321_9' <Predicate = true> <Delay = 0.00>
ST_23 : Operation 285 [1/1] (0.00ns)   --->   "%tmp_30 = call i64 @_ssdm_op_BitConcatenate.i64.i59.i5(i59 0, i5 %or_ln321_9)" [sha256.cpp:155]   --->   Operation 285 'bitconcatenate' 'tmp_30' <Predicate = true> <Delay = 0.00>
ST_23 : Operation 286 [1/1] (0.00ns)   --->   "%H_V_addr_15 = getelementptr [256 x i32]* %H_V, i64 0, i64 %tmp_30" [sha256.cpp:155]   --->   Operation 286 'getelementptr' 'H_V_addr_15' <Predicate = true> <Delay = 0.00>
ST_23 : Operation 287 [1/1] (0.00ns)   --->   "%or_ln321_10 = or i5 %tmp_26, 5" [sha256.cpp:156]   --->   Operation 287 'or' 'or_ln321_10' <Predicate = true> <Delay = 0.00>
ST_23 : Operation 288 [1/1] (0.00ns)   --->   "%tmp_31 = call i64 @_ssdm_op_BitConcatenate.i64.i59.i5(i59 0, i5 %or_ln321_10)" [sha256.cpp:156]   --->   Operation 288 'bitconcatenate' 'tmp_31' <Predicate = true> <Delay = 0.00>
ST_23 : Operation 289 [1/1] (0.00ns)   --->   "%H_V_addr_16 = getelementptr [256 x i32]* %H_V, i64 0, i64 %tmp_31" [sha256.cpp:156]   --->   Operation 289 'getelementptr' 'H_V_addr_16' <Predicate = true> <Delay = 0.00>
ST_23 : Operation 290 [1/1] (3.25ns)   --->   "store i32 %add_ln209_4, i32* %H_V_addr_15, align 16" [sha256.cpp:155]   --->   Operation 290 'store' <Predicate = true> <Delay = 3.25> <Core = "RAM">   --->   Core 37 'RAM' <Latency = 1> <II = 1> <Delay = 3.25> <Storage> <Opcode : 'load' 'store'> <Ports = 2> <Width = 32> <Depth = 64> <RAM>
ST_23 : Operation 291 [1/1] (3.25ns)   --->   "store i32 %add_ln209_5, i32* %H_V_addr_16, align 4" [sha256.cpp:156]   --->   Operation 291 'store' <Predicate = true> <Delay = 3.25> <Core = "RAM">   --->   Core 37 'RAM' <Latency = 1> <II = 1> <Delay = 3.25> <Storage> <Opcode : 'load' 'store'> <Ports = 2> <Width = 32> <Depth = 64> <RAM>

State 24 <SV = 12> <Delay = 5.80>
ST_24 : Operation 292 [1/1] (0.00ns)   --->   "%or_ln321_11 = or i5 %tmp_26, 6" [sha256.cpp:157]   --->   Operation 292 'or' 'or_ln321_11' <Predicate = true> <Delay = 0.00>
ST_24 : Operation 293 [1/1] (0.00ns)   --->   "%tmp_32 = call i64 @_ssdm_op_BitConcatenate.i64.i59.i5(i59 0, i5 %or_ln321_11)" [sha256.cpp:157]   --->   Operation 293 'bitconcatenate' 'tmp_32' <Predicate = true> <Delay = 0.00>
ST_24 : Operation 294 [1/1] (0.00ns)   --->   "%H_V_addr_17 = getelementptr [256 x i32]* %H_V, i64 0, i64 %tmp_32" [sha256.cpp:157]   --->   Operation 294 'getelementptr' 'H_V_addr_17' <Predicate = true> <Delay = 0.00>
ST_24 : Operation 295 [1/1] (0.00ns)   --->   "%or_ln321_12 = or i5 %tmp_26, 7" [sha256.cpp:158]   --->   Operation 295 'or' 'or_ln321_12' <Predicate = true> <Delay = 0.00>
ST_24 : Operation 296 [1/1] (0.00ns)   --->   "%tmp_33 = call i64 @_ssdm_op_BitConcatenate.i64.i59.i5(i59 0, i5 %or_ln321_12)" [sha256.cpp:158]   --->   Operation 296 'bitconcatenate' 'tmp_33' <Predicate = true> <Delay = 0.00>
ST_24 : Operation 297 [1/1] (0.00ns)   --->   "%H_V_addr_18 = getelementptr [256 x i32]* %H_V, i64 0, i64 %tmp_33" [sha256.cpp:158]   --->   Operation 297 'getelementptr' 'H_V_addr_18' <Predicate = true> <Delay = 0.00>
ST_24 : Operation 298 [1/1] (3.25ns)   --->   "store i32 %add_ln209_6, i32* %H_V_addr_17, align 8" [sha256.cpp:157]   --->   Operation 298 'store' <Predicate = true> <Delay = 3.25> <Core = "RAM">   --->   Core 37 'RAM' <Latency = 1> <II = 1> <Delay = 3.25> <Storage> <Opcode : 'load' 'store'> <Ports = 2> <Width = 32> <Depth = 64> <RAM>
ST_24 : Operation 299 [1/1] (2.55ns)   --->   "%add_ln209_7 = add i32 %p_0625_0, %h_V" [sha256.cpp:158]   --->   Operation 299 'add' 'add_ln209_7' <Predicate = true> <Delay = 2.55> <Core = "AddSub">   --->   Core 14 'AddSub' <Latency = 0> <II = 1> <Delay = 1.73> <FuncUnit> <Opcode : 'add' 'sub'> <InPorts = 2> <OutPorts = 1>
ST_24 : Operation 300 [1/1] (3.25ns)   --->   "store i32 %add_ln209_7, i32* %H_V_addr_18, align 4" [sha256.cpp:158]   --->   Operation 300 'store' <Predicate = true> <Delay = 3.25> <Core = "RAM">   --->   Core 37 'RAM' <Latency = 1> <II = 1> <Delay = 3.25> <Storage> <Opcode : 'load' 'store'> <Ports = 2> <Width = 32> <Depth = 64> <RAM>
ST_24 : Operation 301 [1/1] (0.00ns)   --->   "br label %.preheader9" [sha256.cpp:114]   --->   Operation 301 'br' <Predicate = true> <Delay = 0.00>

State 25 <SV = 5> <Delay = 4.22>
ST_25 : Operation 302 [1/1] (0.00ns)   --->   "%i7_0 = phi i4 [ %i_13, %8 ], [ 0, %.preheader.preheader ]"   --->   Operation 302 'phi' 'i7_0' <Predicate = true> <Delay = 0.00>
ST_25 : Operation 303 [1/1] (1.30ns)   --->   "%icmp_ln161 = icmp eq i4 %i7_0, -8" [sha256.cpp:161]   --->   Operation 303 'icmp' 'icmp_ln161' <Predicate = true> <Delay = 1.30> <Core = "Cmp">   --->   Core 25 'Cmp' <Latency = 0> <II = 1> <Delay = 1.30> <FuncUnit> <Opcode : 'icmp'> <InPorts = 2> <OutPorts = 1>
ST_25 : Operation 304 [1/1] (0.00ns)   --->   "%empty_22 = call i32 (...)* @_ssdm_op_SpecLoopTripCount(i64 8, i64 8, i64 8)"   --->   Operation 304 'speclooptripcount' 'empty_22' <Predicate = true> <Delay = 0.00>
ST_25 : Operation 305 [1/1] (1.73ns)   --->   "%i_13 = add i4 %i7_0, 1" [sha256.cpp:161]   --->   Operation 305 'add' 'i_13' <Predicate = true> <Delay = 1.73> <Core = "AddSub">   --->   Core 14 'AddSub' <Latency = 0> <II = 1> <Delay = 1.73> <FuncUnit> <Opcode : 'add' 'sub'> <InPorts = 2> <OutPorts = 1>
ST_25 : Operation 306 [1/1] (0.00ns)   --->   "br i1 %icmp_ln161, label %9, label %8" [sha256.cpp:161]   --->   Operation 306 'br' <Predicate = true> <Delay = 0.00>
ST_25 : Operation 307 [1/1] (0.97ns)   --->   "%xor_ln321 = xor i4 %i7_0, -8" [sha256.cpp:162]   --->   Operation 307 'xor' 'xor_ln321' <Predicate = (!icmp_ln161)> <Delay = 0.97> <Core = "LogicGate">   --->   Core 27 'LogicGate' <Latency = 0> <II = 1> <Delay = 0.97> <FuncUnit> <Opcode : 'and' 'or' 'xor'> <InPorts = 2> <OutPorts = 1>
ST_25 : Operation 308 [1/1] (0.00ns)   --->   "%zext_ln321_6 = zext i4 %xor_ln321 to i64" [sha256.cpp:162]   --->   Operation 308 'zext' 'zext_ln321_6' <Predicate = (!icmp_ln161)> <Delay = 0.00>
ST_25 : Operation 309 [1/1] (0.00ns)   --->   "%H_V_addr_10 = getelementptr [256 x i32]* %H_V, i64 0, i64 %zext_ln321_6" [sha256.cpp:162]   --->   Operation 309 'getelementptr' 'H_V_addr_10' <Predicate = (!icmp_ln161)> <Delay = 0.00>
ST_25 : Operation 310 [2/2] (3.25ns)   --->   "%H_V_load = load i32* %H_V_addr_10, align 4" [sha256.cpp:162]   --->   Operation 310 'load' 'H_V_load' <Predicate = (!icmp_ln161)> <Delay = 3.25> <Core = "RAM">   --->   Core 37 'RAM' <Latency = 1> <II = 1> <Delay = 3.25> <Storage> <Opcode : 'load' 'store'> <Ports = 2> <Width = 32> <Depth = 64> <RAM>
ST_25 : Operation 311 [1/1] (0.00ns)   --->   "ret void" [sha256.cpp:169]   --->   Operation 311 'ret' <Predicate = (icmp_ln161)> <Delay = 0.00>

State 26 <SV = 6> <Delay = 5.57>
ST_26 : Operation 312 [1/1] (0.00ns)   --->   "%zext_ln162 = zext i4 %i7_0 to i64" [sha256.cpp:162]   --->   Operation 312 'zext' 'zext_ln162' <Predicate = true> <Delay = 0.00>
ST_26 : Operation 313 [1/2] (3.25ns)   --->   "%H_V_load = load i32* %H_V_addr_10, align 4" [sha256.cpp:162]   --->   Operation 313 'load' 'H_V_load' <Predicate = true> <Delay = 3.25> <Core = "RAM">   --->   Core 37 'RAM' <Latency = 1> <II = 1> <Delay = 3.25> <Storage> <Opcode : 'load' 'store'> <Ports = 2> <Width = 32> <Depth = 64> <RAM>
ST_26 : Operation 314 [1/1] (0.00ns)   --->   "%outputlocation_V_add = getelementptr [8 x i32]* %outputlocation_V, i64 0, i64 %zext_ln162" [sha256.cpp:162]   --->   Operation 314 'getelementptr' 'outputlocation_V_add' <Predicate = true> <Delay = 0.00>
ST_26 : Operation 315 [1/1] (2.32ns)   --->   "store i32 %H_V_load, i32* %outputlocation_V_add, align 4" [sha256.cpp:162]   --->   Operation 315 'store' <Predicate = true> <Delay = 2.32> <Core = "RAM">   --->   Core 37 'RAM' <Latency = 1> <II = 1> <Delay = 3.25> <Storage> <Opcode : 'load' 'store'> <Ports = 2> <Width = 32> <Depth = 64> <RAM>
ST_26 : Operation 316 [1/1] (0.00ns)   --->   "br label %.preheader" [sha256.cpp:161]   --->   Operation 316 'br' <Predicate = true> <Delay = 0.00>


============================================================
+ Verbose Summary: Binding
============================================================
STG Binding: 
---------------- STG Properties BEGIN ----------------
- Is combinational: 0
- Is one-state seq: 0
- Is datapath-only: 0
- Is pipelined: 0
- Is top level: 0
Port [ Return ] is wired: 1; IO mode=ap_ctrl_hs:ce=0
Port [ input_V]:  wired=1; compound=1; hidden=0; nouse=0; global=0; static=0; extern=0; dir=0; type=1; pingpong=0; private_global=0; MemPort=[13]; IO mode=ap_memory:ce=0
Port [ outputlocation_V]:  wired=1; compound=1; hidden=0; nouse=0; global=0; static=0; extern=0; dir=1; type=1; pingpong=0; private_global=0; MemPort=[03]; IO mode=ap_memory:ce=0
Port [ H_0_V]:  wired=0; compound=1; hidden=1; nouse=0; global=1; static=1; extern=0; dir=0; type=1; pingpong=0; private_global=0; linkage=7; visibility=0; MemPort=[1]; IO mode=ap_memory:ce=0
Port [ K]:  wired=0; compound=1; hidden=1; nouse=0; global=1; static=1; extern=0; dir=0; type=1; pingpong=0; private_global=0; linkage=7; visibility=0; MemPort=[1]; IO mode=ap_memory:ce=0
---------------- STG Properties END ------------------

---------------- Datapath Model BEGIN ----------------

<LifeTime>
<method=bitvector/>
message_V            (alloca           ) [ 001111100000000000000000000]
M_V                  (alloca           ) [ 001111111111111111111111100]
M_V_addr             (getelementptr    ) [ 001100000000000000000000000]
H_V                  (alloca           ) [ 001111111111111111111111111]
H_V_addr             (getelementptr    ) [ 001111100000000000000000000]
W_V                  (alloca           ) [ 001111111111111111111111100]
message_V_addr       (getelementptr    ) [ 000000000000000000000000000]
store_ln77           (store            ) [ 000000000000000000000000000]
br_ln79              (br               ) [ 011100000000000000000000000]
i_0                  (phi              ) [ 001000000000000000000000000]
empty                (speclooptripcount) [ 000000000000000000000000000]
icmp_ln79            (icmp             ) [ 001100000000000000000000000]
i                    (add              ) [ 011100000000000000000000000]
br_ln79              (br               ) [ 000000000000000000000000000]
zext_ln80            (zext             ) [ 000100000000000000000000000]
input_V_addr         (getelementptr    ) [ 000100000000000000000000000]
message_V_addr_2     (getelementptr    ) [ 000000000000000000000000000]
store_ln85           (store            ) [ 000000000000000000000000000]
message_V_addr_5     (getelementptr    ) [ 000000000000000000000000000]
store_ln98           (store            ) [ 000000000000000000000000000]
store_ln102          (store            ) [ 000000000000000000000000000]
br_ln104             (br               ) [ 001111100000000000000000000]
input_V_load         (load             ) [ 000000000000000000000000000]
message_V_addr_1     (getelementptr    ) [ 000000000000000000000000000]
store_ln80           (store            ) [ 000000000000000000000000000]
br_ln79              (br               ) [ 011100000000000000000000000]
i1_0                 (phi              ) [ 000011100000000000000000000]
icmp_ln104           (icmp             ) [ 000011100000000000000000000]
empty_17             (speclooptripcount) [ 000000000000000000000000000]
i_11                 (add              ) [ 001011100000000000000000000]
br_ln104             (br               ) [ 000000000000000000000000000]
zext_ln1598          (zext             ) [ 000001100000000000000000000]
br_ln105             (br               ) [ 000011100000000000000000000]
store_ln108          (store            ) [ 000000000000000000000000000]
br_ln110             (br               ) [ 000011111000000000000000000]
i_op_assign          (phi              ) [ 000001000000000000000000000]
icmp_ln105           (icmp             ) [ 000011100000000000000000000]
empty_18             (speclooptripcount) [ 000000000000000000000000000]
j                    (add              ) [ 000011100000000000000000000]
br_ln105             (br               ) [ 000000000000000000000000000]
tmp                  (bitconcatenate   ) [ 000000000000000000000000000]
zext_ln321           (zext             ) [ 000000000000000000000000000]
add_ln321            (add              ) [ 000000100000000000000000000]
trunc_ln106          (trunc            ) [ 000000000000000000000000000]
shl_ln               (bitconcatenate   ) [ 000000000000000000000000000]
add_ln106            (add              ) [ 000000000000000000000000000]
zext_ln106           (zext             ) [ 000000000000000000000000000]
message_V_addr_6     (getelementptr    ) [ 000000100000000000000000000]
br_ln0               (br               ) [ 001011100000000000000000000]
zext_ln321_5         (zext             ) [ 000000000000000000000000000]
M_V_addr_1           (getelementptr    ) [ 000000000000000000000000000]
message_V_load       (load             ) [ 000000000000000000000000000]
store_ln106          (store            ) [ 000000000000000000000000000]
br_ln105             (br               ) [ 000011100000000000000000000]
i3_0                 (phi              ) [ 000000010000000000000000000]
icmp_ln110           (icmp             ) [ 000000011000000000000000000]
empty_19             (speclooptripcount) [ 000000000000000000000000000]
i_12                 (add              ) [ 000010011000000000000000000]
br_ln110             (br               ) [ 000000000000000000000000000]
zext_ln111           (zext             ) [ 000000001000000000000000000]
H_0_V_addr           (getelementptr    ) [ 000000001000000000000000000]
br_ln114             (br               ) [ 000000011111111111111111100]
H_V_addr_1           (getelementptr    ) [ 000000000000000000000000000]
H_0_V_load           (load             ) [ 000000000000000000000000000]
store_ln111          (store            ) [ 000000000000000000000000000]
br_ln110             (br               ) [ 000010011000000000000000000]
i_op_assign_2        (phi              ) [ 000000000111111111111100000]
icmp_ln114           (icmp             ) [ 000000000111111111111111100]
empty_20             (speclooptripcount) [ 000000000000000000000000000]
br_ln114             (br               ) [ 000000000000000000000000000]
add_ln116            (add              ) [ 000000000011110000000000000]
tmp_18               (bitconcatenate   ) [ 000000000011100000000000000]
zext_ln116           (zext             ) [ 000000000000000000000000000]
H_V_addr_2           (getelementptr    ) [ 000000000010000000000000000]
or_ln117             (or               ) [ 000000000000000000000000000]
tmp_19               (bitconcatenate   ) [ 000000000000000000000000000]
H_V_addr_3           (getelementptr    ) [ 000000000010000000000000000]
br_ln161             (br               ) [ 000000000111111111111111111]
or_ln118             (or               ) [ 000000000000000000000000000]
tmp_20               (bitconcatenate   ) [ 000000000000000000000000000]
H_V_addr_4           (getelementptr    ) [ 000000000001000000000000000]
or_ln119             (or               ) [ 000000000000000000000000000]
tmp_21               (bitconcatenate   ) [ 000000000000000000000000000]
H_V_addr_5           (getelementptr    ) [ 000000000001000000000000000]
a_V                  (load             ) [ 000000000001111111111100000]
b_V                  (load             ) [ 000000000001111111111100000]
or_ln120             (or               ) [ 000000000000000000000000000]
tmp_22               (bitconcatenate   ) [ 000000000000000000000000000]
H_V_addr_6           (getelementptr    ) [ 000000000000100000000000000]
or_ln121             (or               ) [ 000000000000000000000000000]
tmp_23               (bitconcatenate   ) [ 000000000000000000000000000]
H_V_addr_7           (getelementptr    ) [ 000000000000100000000000000]
c_V                  (load             ) [ 000000000000111111111100000]
d_V                  (load             ) [ 000000000000111111111110000]
or_ln122             (or               ) [ 000000000000000000000000000]
tmp_24               (bitconcatenate   ) [ 000000000000000000000000000]
H_V_addr_8           (getelementptr    ) [ 000000000000010000000000000]
or_ln123             (or               ) [ 000000000000000000000000000]
tmp_25               (bitconcatenate   ) [ 000000000000000000000000000]
H_V_addr_9           (getelementptr    ) [ 000000000000010000000000000]
e_V                  (load             ) [ 000000000000011111111100000]
f_V                  (load             ) [ 000000000000011111111100000]
tmp_s                (bitconcatenate   ) [ 000000000000000000000000000]
zext_ln116_2         (zext             ) [ 000000000000001111111100000]
g_V                  (load             ) [ 000000000111111111111111100]
h_V                  (load             ) [ 000000000111111111111111100]
br_ln127             (br               ) [ 000000000111111111111111100]
b_V_2                (phi              ) [ 000000000111111111111111100]
c_V_2                (phi              ) [ 000000000111111111111111100]
d_V_2                (phi              ) [ 000000000111111111111111100]
p_0792_0             (phi              ) [ 000000000000001111111110000]
f_V_2                (phi              ) [ 000000000111111111111111100]
g_V_2                (phi              ) [ 000000000111111111111111100]
h_V_2                (phi              ) [ 000000000111111111111111100]
p_0625_0             (phi              ) [ 000000000000001111100011100]
j6_0                 (phi              ) [ 000000000000001100000000000]
icmp_ln127           (icmp             ) [ 000000000111111111111111100]
empty_21             (speclooptripcount) [ 000000000000000000000000000]
j_2                  (add              ) [ 000000000111111111111111100]
br_ln127             (br               ) [ 000000000000000000000000000]
and_ln26             (and              ) [ 000000000000000000000000000]
xor_ln26             (xor              ) [ 000000000000000000000000000]
and_ln26_2           (and              ) [ 000000000000000000000000000]
ch_V                 (xor              ) [ 000000000000000111100000000]
xor_ln31             (xor              ) [ 000000000000000000000000000]
and_ln31             (and              ) [ 000000000000000000000000000]
and_ln31_2           (and              ) [ 000000000000000000000000000]
maj_V                (xor              ) [ 000000000000000111111100000]
r_V                  (partselect       ) [ 000000000000000000000000000]
trunc_ln1503         (trunc            ) [ 000000000000000000000000000]
ret_V_39             (bitconcatenate   ) [ 000000000000000000000000000]
r_V_s                (partselect       ) [ 000000000000000000000000000]
trunc_ln1503_10      (trunc            ) [ 000000000000000000000000000]
ret_V_40             (bitconcatenate   ) [ 000000000000000000000000000]
r_V_11               (partselect       ) [ 000000000000000000000000000]
trunc_ln1503_11      (trunc            ) [ 000000000000000000000000000]
ret_V_41             (bitconcatenate   ) [ 000000000000000000000000000]
xor_ln1357           (xor              ) [ 000000000000000000000000000]
ret_V_42             (xor              ) [ 000000000000000111111100000]
r_V_12               (partselect       ) [ 000000000000000000000000000]
trunc_ln1503_12      (trunc            ) [ 000000000000000000000000000]
ret_V_43             (bitconcatenate   ) [ 000000000000000000000000000]
r_V_13               (partselect       ) [ 000000000000000000000000000]
trunc_ln1503_13      (trunc            ) [ 000000000000000000000000000]
ret_V_44             (bitconcatenate   ) [ 000000000000000000000000000]
r_V_14               (partselect       ) [ 000000000000000000000000000]
trunc_ln1503_14      (trunc            ) [ 000000000000000000000000000]
ret_V_45             (bitconcatenate   ) [ 000000000000000000000000000]
xor_ln1357_9         (xor              ) [ 000000000000000000000000000]
ret_V_46             (xor              ) [ 000000000000000111100000000]
tmp_34               (partselect       ) [ 000000000000000000000000000]
icmp_ln134           (icmp             ) [ 000000000111111111111111100]
zext_ln135           (zext             ) [ 000000000000000111110000000]
add_ln321_2          (add              ) [ 000000000000000000000000000]
zext_ln321_7         (zext             ) [ 000000000000000000000000000]
M_V_addr_2           (getelementptr    ) [ 000000000000000000100000000]
br_ln134             (br               ) [ 000000000000000000000000000]
add_ln137            (add              ) [ 000000000000000000000000000]
zext_ln137           (zext             ) [ 000000000000000000000000000]
W_V_addr_1           (getelementptr    ) [ 000000000000000100000000000]
add_ln137_1          (add              ) [ 000000000000000000000000000]
zext_ln137_4         (zext             ) [ 000000000000000000000000000]
W_V_addr_2           (getelementptr    ) [ 000000000000000100000000000]
tmp_26               (bitconcatenate   ) [ 000000000000000000000011100]
zext_ln321_4         (zext             ) [ 000000000000000000000000000]
H_V_addr_11          (getelementptr    ) [ 000000000000000000000000000]
or_ln321             (or               ) [ 000000000000000000000000000]
tmp_27               (bitconcatenate   ) [ 000000000000000000000000000]
H_V_addr_12          (getelementptr    ) [ 000000000000000000000000000]
add_ln209            (add              ) [ 000000000000000000000000000]
store_ln151          (store            ) [ 000000000000000000000000000]
add_ln209_1          (add              ) [ 000000000000000000000000000]
store_ln152          (store            ) [ 000000000000000000000000000]
add_ln209_2          (add              ) [ 000000000000000000000010000]
add_ln209_4          (add              ) [ 000000000000000000000011000]
add_ln209_5          (add              ) [ 000000000000000000000011000]
add_ln209_6          (add              ) [ 000000000000000000000011100]
i_14                 (add              ) [ 000000010100000000000011100]
tempWord_V           (load             ) [ 000000000000000010000000000]
W_V_load_1           (load             ) [ 000000000111111011111111100]
add_ln137_2          (add              ) [ 000000000000000000000000000]
zext_ln137_5         (zext             ) [ 000000000000000000000000000]
W_V_addr_3           (getelementptr    ) [ 000000000000000010000000000]
add_ln137_3          (add              ) [ 000000000000000000000000000]
zext_ln137_6         (zext             ) [ 000000000000000000000000000]
W_V_addr_4           (getelementptr    ) [ 000000000000000010000000000]
r_V_15               (partselect       ) [ 000000000000000000000000000]
trunc_ln1503_15      (trunc            ) [ 000000000000000000000000000]
ret_V_47             (bitconcatenate   ) [ 000000000000000000000000000]
r_V_16               (partselect       ) [ 000000000000000000000000000]
trunc_ln1503_16      (trunc            ) [ 000000000000000000000000000]
ret_V_48             (bitconcatenate   ) [ 000000000000000000000000000]
r_V_17               (partselect       ) [ 000000000000000000000000000]
r_V_23               (zext             ) [ 000000000000000000000000000]
xor_ln1357_11        (xor              ) [ 000000000000000000000000000]
ret_V                (xor              ) [ 000000000000000000000000000]
tempWord_V_6         (load             ) [ 000000000000000000000000000]
r_V_18               (partselect       ) [ 000000000000000000000000000]
trunc_ln1503_17      (trunc            ) [ 000000000000000000000000000]
ret_V_49             (bitconcatenate   ) [ 000000000000000000000000000]
r_V_19               (partselect       ) [ 000000000000000000000000000]
trunc_ln1503_18      (trunc            ) [ 000000000000000000000000000]
ret_V_50             (bitconcatenate   ) [ 000000000000000000000000000]
r_V_20               (partselect       ) [ 000000000000000000000000000]
r_V_24               (zext             ) [ 000000000000000000000000000]
xor_ln1357_13        (xor              ) [ 000000000000000000000000000]
ret_V_38             (xor              ) [ 000000000000000000000000000]
W_V_load_3           (load             ) [ 000000000111111001111111100]
add_ln209_19         (add              ) [ 000000000111111001111111100]
add_ln209_18         (add              ) [ 000000000000000000000000000]
add_ln209_10         (add              ) [ 000000000000000000000000000]
W_V_addr_5           (getelementptr    ) [ 000000000000000000000000000]
store_ln137          (store            ) [ 000000000000000000000000000]
br_ln0               (br               ) [ 000000000000000000000000000]
add_ln209_21         (add              ) [ 000000000000000000000000000]
add_ln209_22         (add              ) [ 000000000000000000011000000]
M_V_load             (load             ) [ 000000000000000000000000000]
W_V_addr             (getelementptr    ) [ 000000000000000000000000000]
store_ln135          (store            ) [ 000000000000000000000000000]
br_ln135             (br               ) [ 000000000000000000000000000]
K_addr               (getelementptr    ) [ 000000000000000000001000000]
W_V_addr_6           (getelementptr    ) [ 000000000000000000001000000]
K_load               (load             ) [ 000000000000000000000000000]
W_V_load             (load             ) [ 000000000000000000000000000]
add_ln209_20         (add              ) [ 000000000000000000000000000]
T1_V                 (add              ) [ 000000000000000000000100000]
e_V_2                (add              ) [ 000000000111111111111111100]
add_ln209_25         (add              ) [ 000000000000000000000000000]
a_V_2                (add              ) [ 000000000111111111111111100]
br_ln127             (br               ) [ 000000000111111111111111100]
or_ln321_7           (or               ) [ 000000000000000000000000000]
tmp_28               (bitconcatenate   ) [ 000000000000000000000000000]
H_V_addr_13          (getelementptr    ) [ 000000000000000000000000000]
or_ln321_8           (or               ) [ 000000000000000000000000000]
tmp_29               (bitconcatenate   ) [ 000000000000000000000000000]
H_V_addr_14          (getelementptr    ) [ 000000000000000000000000000]
store_ln153          (store            ) [ 000000000000000000000000000]
add_ln209_3          (add              ) [ 000000000000000000000000000]
store_ln154          (store            ) [ 000000000000000000000000000]
or_ln321_9           (or               ) [ 000000000000000000000000000]
tmp_30               (bitconcatenate   ) [ 000000000000000000000000000]
H_V_addr_15          (getelementptr    ) [ 000000000000000000000000000]
or_ln321_10          (or               ) [ 000000000000000000000000000]
tmp_31               (bitconcatenate   ) [ 000000000000000000000000000]
H_V_addr_16          (getelementptr    ) [ 000000000000000000000000000]
store_ln155          (store            ) [ 000000000000000000000000000]
store_ln156          (store            ) [ 000000000000000000000000000]
or_ln321_11          (or               ) [ 000000000000000000000000000]
tmp_32               (bitconcatenate   ) [ 000000000000000000000000000]
H_V_addr_17          (getelementptr    ) [ 000000000000000000000000000]
or_ln321_12          (or               ) [ 000000000000000000000000000]
tmp_33               (bitconcatenate   ) [ 000000000000000000000000000]
H_V_addr_18          (getelementptr    ) [ 000000000000000000000000000]
store_ln157          (store            ) [ 000000000000000000000000000]
add_ln209_7          (add              ) [ 000000000000000000000000000]
store_ln158          (store            ) [ 000000000000000000000000000]
br_ln114             (br               ) [ 000000010111111111111111100]
i7_0                 (phi              ) [ 000000000000000000000000011]
icmp_ln161           (icmp             ) [ 000000000000000000000000011]
empty_22             (speclooptripcount) [ 000000000000000000000000000]
i_13                 (add              ) [ 000000000100000000000000011]
br_ln161             (br               ) [ 000000000000000000000000000]
xor_ln321            (xor              ) [ 000000000000000000000000000]
zext_ln321_6         (zext             ) [ 000000000000000000000000000]
H_V_addr_10          (getelementptr    ) [ 000000000000000000000000001]
ret_ln169            (ret              ) [ 000000000000000000000000000]
zext_ln162           (zext             ) [ 000000000000000000000000000]
H_V_load             (load             ) [ 000000000000000000000000000]
outputlocation_V_add (getelementptr    ) [ 000000000000000000000000000]
store_ln162          (store            ) [ 000000000000000000000000000]
br_ln161             (br               ) [ 000000000100000000000000011]
</LifeTime>

<model>

<comp_list>
<comp id="0" class="1000" name="input_V">
<pin_list>
<pin id="1" dir="1" index="0" bw="1" slack="0"/>
</pin_list>
<bind>
<StgValue><ssdm name="input_V"/><MemPortTyVec>1 3 </MemPortTyVec>
</StgValue>
</bind>
</comp>

<comp id="2" class="1000" name="outputlocation_V">
<pin_list>
<pin id="3" dir="1" index="0" bw="1" slack="0"/>
</pin_list>
<bind>
<StgValue><ssdm name="outputlocation_V"/><MemPortTyVec>0 3 </MemPortTyVec>
</StgValue>
</bind>
</comp>

<comp id="4" class="1000" name="H_0_V">
<pin_list>
<pin id="5" dir="1" index="0" bw="1" slack="0"/>
</pin_list>
<bind>
<StgValue><ssdm name="H_0_V"/><MemPortTyVec>1 </MemPortTyVec>
</StgValue>
</bind>
</comp>

<comp id="6" class="1000" name="K">
<pin_list>
<pin id="7" dir="1" index="0" bw="1" slack="0"/>
</pin_list>
<bind>
<StgValue><ssdm name="K"/><MemPortTyVec>1 </MemPortTyVec>
</StgValue>
</bind>
</comp>

<comp id="8" class="1001" name="const_8">
<pin_list>
<pin id="9" dir="1" index="0" bw="1" slack="0"/>
</pin_list>
<bind>
<StgValue><ssdm name=""/></StgValue>
</bind>
</comp>

<comp id="10" class="1001" name="const_10">
<pin_list>
<pin id="11" dir="1" index="0" bw="1" slack="0"/>
</pin_list>
<bind>
<StgValue><ssdm name=""/></StgValue>
</bind>
</comp>

<comp id="12" class="1001" name="const_12">
<pin_list>
<pin id="13" dir="1" index="0" bw="1" slack="0"/>
</pin_list>
<bind>
<StgValue><ssdm name=""/></StgValue>
</bind>
</comp>

<comp id="14" class="1001" name="const_14">
<pin_list>
<pin id="15" dir="1" index="0" bw="1" slack="0"/>
</pin_list>
<bind>
<StgValue><ssdm name=""/></StgValue>
</bind>
</comp>

<comp id="16" class="1001" name="const_16">
<pin_list>
<pin id="17" dir="1" index="0" bw="1" slack="2147483647"/>
</pin_list>
<bind>
<StgValue><ssdm name="_ssdm_op_SpecLoopTripCount"/></StgValue>
</bind>
</comp>

<comp id="18" class="1001" name="const_18">
<pin_list>
<pin id="19" dir="1" index="0" bw="1" slack="2147483647"/>
</pin_list>
<bind>
<StgValue><ssdm name=""/></StgValue>
</bind>
</comp>

<comp id="20" class="1001" name="const_20">
<pin_list>
<pin id="21" dir="1" index="0" bw="1" slack="0"/>
</pin_list>
<bind>
<StgValue><ssdm name=""/></StgValue>
</bind>
</comp>

<comp id="22" class="1001" name="const_22">
<pin_list>
<pin id="23" dir="1" index="0" bw="1" slack="0"/>
</pin_list>
<bind>
<StgValue><ssdm name=""/></StgValue>
</bind>
</comp>

<comp id="24" class="1001" name="const_24">
<pin_list>
<pin id="25" dir="1" index="0" bw="1" slack="0"/>
</pin_list>
<bind>
<StgValue><ssdm name=""/></StgValue>
</bind>
</comp>

<comp id="26" class="1001" name="const_26">
<pin_list>
<pin id="27" dir="1" index="0" bw="1" slack="0"/>
</pin_list>
<bind>
<StgValue><ssdm name=""/></StgValue>
</bind>
</comp>

<comp id="28" class="1001" name="const_28">
<pin_list>
<pin id="29" dir="1" index="0" bw="1" slack="0"/>
</pin_list>
<bind>
<StgValue><ssdm name=""/></StgValue>
</bind>
</comp>

<comp id="30" class="1001" name="const_30">
<pin_list>
<pin id="31" dir="1" index="0" bw="1" slack="0"/>
</pin_list>
<bind>
<StgValue><ssdm name=""/></StgValue>
</bind>
</comp>

<comp id="32" class="1001" name="const_32">
<pin_list>
<pin id="33" dir="1" index="0" bw="1" slack="1"/>
</pin_list>
<bind>
<StgValue><ssdm name=""/></StgValue>
</bind>
</comp>

<comp id="34" class="1001" name="const_34">
<pin_list>
<pin id="35" dir="1" index="0" bw="1" slack="0"/>
</pin_list>
<bind>
<StgValue><ssdm name=""/></StgValue>
</bind>
</comp>

<comp id="36" class="1001" name="const_36">
<pin_list>
<pin id="37" dir="1" index="0" bw="1" slack="2147483647"/>
</pin_list>
<bind>
<StgValue><ssdm name=""/></StgValue>
</bind>
</comp>

<comp id="38" class="1001" name="const_38">
<pin_list>
<pin id="39" dir="1" index="0" bw="1" slack="0"/>
</pin_list>
<bind>
<StgValue><ssdm name=""/></StgValue>
</bind>
</comp>

<comp id="40" class="1001" name="const_40">
<pin_list>
<pin id="41" dir="1" index="0" bw="1" slack="1"/>
</pin_list>
<bind>
<StgValue><ssdm name=""/></StgValue>
</bind>
</comp>

<comp id="42" class="1001" name="const_42">
<pin_list>
<pin id="43" dir="1" index="0" bw="1" slack="0"/>
</pin_list>
<bind>
<StgValue><ssdm name=""/></StgValue>
</bind>
</comp>

<comp id="44" class="1001" name="const_44">
<pin_list>
<pin id="45" dir="1" index="0" bw="1" slack="2147483647"/>
</pin_list>
<bind>
<StgValue><ssdm name=""/></StgValue>
</bind>
</comp>

<comp id="46" class="1001" name="const_46">
<pin_list>
<pin id="47" dir="1" index="0" bw="1" slack="0"/>
</pin_list>
<bind>
<StgValue><ssdm name=""/></StgValue>
</bind>
</comp>

<comp id="48" class="1001" name="const_48">
<pin_list>
<pin id="49" dir="1" index="0" bw="1" slack="0"/>
</pin_list>
<bind>
<StgValue><ssdm name="_ssdm_op_BitConcatenate.i6.i2.i4"/></StgValue>
</bind>
</comp>

<comp id="50" class="1001" name="const_50">
<pin_list>
<pin id="51" dir="1" index="0" bw="1" slack="0"/>
</pin_list>
<bind>
<StgValue><ssdm name="_ssdm_op_BitConcatenate.i5.i1.i4"/></StgValue>
</bind>
</comp>

<comp id="52" class="1001" name="const_52">
<pin_list>
<pin id="53" dir="1" index="0" bw="1" slack="0"/>
</pin_list>
<bind>
<StgValue><ssdm name=""/></StgValue>
</bind>
</comp>

<comp id="54" class="1001" name="const_54">
<pin_list>
<pin id="55" dir="1" index="0" bw="1" slack="0"/>
</pin_list>
<bind>
<StgValue><ssdm name=""/></StgValue>
</bind>
</comp>

<comp id="56" class="1001" name="const_56">
<pin_list>
<pin id="57" dir="1" index="0" bw="1" slack="0"/>
</pin_list>
<bind>
<StgValue><ssdm name="_ssdm_op_BitConcatenate.i5.i2.i3"/></StgValue>
</bind>
</comp>

<comp id="58" class="1001" name="const_58">
<pin_list>
<pin id="59" dir="1" index="0" bw="1" slack="0"/>
</pin_list>
<bind>
<StgValue><ssdm name=""/></StgValue>
</bind>
</comp>

<comp id="60" class="1001" name="const_60">
<pin_list>
<pin id="61" dir="1" index="0" bw="1" slack="0"/>
</pin_list>
<bind>
<StgValue><ssdm name="_ssdm_op_BitConcatenate.i64.i59.i5"/></StgValue>
</bind>
</comp>

<comp id="62" class="1001" name="const_62">
<pin_list>
<pin id="63" dir="1" index="0" bw="1" slack="0"/>
</pin_list>
<bind>
<StgValue><ssdm name=""/></StgValue>
</bind>
</comp>

<comp id="64" class="1001" name="const_64">
<pin_list>
<pin id="65" dir="1" index="0" bw="1" slack="0"/>
</pin_list>
<bind>
<StgValue><ssdm name=""/></StgValue>
</bind>
</comp>

<comp id="66" class="1001" name="const_66">
<pin_list>
<pin id="67" dir="1" index="0" bw="1" slack="0"/>
</pin_list>
<bind>
<StgValue><ssdm name=""/></StgValue>
</bind>
</comp>

<comp id="68" class="1001" name="const_68">
<pin_list>
<pin id="69" dir="1" index="0" bw="1" slack="0"/>
</pin_list>
<bind>
<StgValue><ssdm name=""/></StgValue>
</bind>
</comp>

<comp id="70" class="1001" name="const_70">
<pin_list>
<pin id="71" dir="1" index="0" bw="1" slack="0"/>
</pin_list>
<bind>
<StgValue><ssdm name=""/></StgValue>
</bind>
</comp>

<comp id="72" class="1001" name="const_72">
<pin_list>
<pin id="73" dir="1" index="0" bw="1" slack="0"/>
</pin_list>
<bind>
<StgValue><ssdm name=""/></StgValue>
</bind>
</comp>

<comp id="74" class="1001" name="const_74">
<pin_list>
<pin id="75" dir="1" index="0" bw="1" slack="0"/>
</pin_list>
<bind>
<StgValue><ssdm name=""/></StgValue>
</bind>
</comp>

<comp id="76" class="1001" name="const_76">
<pin_list>
<pin id="77" dir="1" index="0" bw="1" slack="1"/>
</pin_list>
<bind>
<StgValue><ssdm name=""/></StgValue>
</bind>
</comp>

<comp id="78" class="1001" name="const_78">
<pin_list>
<pin id="79" dir="1" index="0" bw="1" slack="0"/>
</pin_list>
<bind>
<StgValue><ssdm name=""/></StgValue>
</bind>
</comp>

<comp id="80" class="1001" name="const_80">
<pin_list>
<pin id="81" dir="1" index="0" bw="1" slack="2147483647"/>
</pin_list>
<bind>
<StgValue><ssdm name=""/></StgValue>
</bind>
</comp>

<comp id="82" class="1001" name="const_82">
<pin_list>
<pin id="83" dir="1" index="0" bw="1" slack="0"/>
</pin_list>
<bind>
<StgValue><ssdm name=""/></StgValue>
</bind>
</comp>

<comp id="84" class="1001" name="const_84">
<pin_list>
<pin id="85" dir="1" index="0" bw="1" slack="0"/>
</pin_list>
<bind>
<StgValue><ssdm name=""/></StgValue>
</bind>
</comp>

<comp id="86" class="1001" name="const_86">
<pin_list>
<pin id="87" dir="1" index="0" bw="1" slack="0"/>
</pin_list>
<bind>
<StgValue><ssdm name="_ssdm_op_PartSelect.i30.i32.i32.i32"/></StgValue>
</bind>
</comp>

<comp id="88" class="1001" name="const_88">
<pin_list>
<pin id="89" dir="1" index="0" bw="1" slack="0"/>
</pin_list>
<bind>
<StgValue><ssdm name=""/></StgValue>
</bind>
</comp>

<comp id="90" class="1001" name="const_90">
<pin_list>
<pin id="91" dir="1" index="0" bw="1" slack="0"/>
</pin_list>
<bind>
<StgValue><ssdm name=""/></StgValue>
</bind>
</comp>

<comp id="92" class="1001" name="const_92">
<pin_list>
<pin id="93" dir="1" index="0" bw="1" slack="0"/>
</pin_list>
<bind>
<StgValue><ssdm name="_ssdm_op_BitConcatenate.i32.i2.i30"/></StgValue>
</bind>
</comp>

<comp id="94" class="1001" name="const_94">
<pin_list>
<pin id="95" dir="1" index="0" bw="1" slack="0"/>
</pin_list>
<bind>
<StgValue><ssdm name="_ssdm_op_PartSelect.i19.i32.i32.i32"/></StgValue>
</bind>
</comp>

<comp id="96" class="1001" name="const_96">
<pin_list>
<pin id="97" dir="1" index="0" bw="1" slack="0"/>
</pin_list>
<bind>
<StgValue><ssdm name=""/></StgValue>
</bind>
</comp>

<comp id="98" class="1001" name="const_98">
<pin_list>
<pin id="99" dir="1" index="0" bw="1" slack="0"/>
</pin_list>
<bind>
<StgValue><ssdm name="_ssdm_op_BitConcatenate.i32.i13.i19"/></StgValue>
</bind>
</comp>

<comp id="100" class="1001" name="const_100">
<pin_list>
<pin id="101" dir="1" index="0" bw="1" slack="0"/>
</pin_list>
<bind>
<StgValue><ssdm name="_ssdm_op_PartSelect.i10.i32.i32.i32"/></StgValue>
</bind>
</comp>

<comp id="102" class="1001" name="const_102">
<pin_list>
<pin id="103" dir="1" index="0" bw="1" slack="0"/>
</pin_list>
<bind>
<StgValue><ssdm name=""/></StgValue>
</bind>
</comp>

<comp id="104" class="1001" name="const_104">
<pin_list>
<pin id="105" dir="1" index="0" bw="1" slack="0"/>
</pin_list>
<bind>
<StgValue><ssdm name="_ssdm_op_BitConcatenate.i32.i22.i10"/></StgValue>
</bind>
</comp>

<comp id="106" class="1001" name="const_106">
<pin_list>
<pin id="107" dir="1" index="0" bw="1" slack="0"/>
</pin_list>
<bind>
<StgValue><ssdm name="_ssdm_op_PartSelect.i26.i32.i32.i32"/></StgValue>
</bind>
</comp>

<comp id="108" class="1001" name="const_108">
<pin_list>
<pin id="109" dir="1" index="0" bw="1" slack="0"/>
</pin_list>
<bind>
<StgValue><ssdm name=""/></StgValue>
</bind>
</comp>

<comp id="110" class="1001" name="const_110">
<pin_list>
<pin id="111" dir="1" index="0" bw="1" slack="0"/>
</pin_list>
<bind>
<StgValue><ssdm name="_ssdm_op_BitConcatenate.i32.i6.i26"/></StgValue>
</bind>
</comp>

<comp id="112" class="1001" name="const_112">
<pin_list>
<pin id="113" dir="1" index="0" bw="1" slack="0"/>
</pin_list>
<bind>
<StgValue><ssdm name="_ssdm_op_PartSelect.i21.i32.i32.i32"/></StgValue>
</bind>
</comp>

<comp id="114" class="1001" name="const_114">
<pin_list>
<pin id="115" dir="1" index="0" bw="1" slack="0"/>
</pin_list>
<bind>
<StgValue><ssdm name=""/></StgValue>
</bind>
</comp>

<comp id="116" class="1001" name="const_116">
<pin_list>
<pin id="117" dir="1" index="0" bw="1" slack="0"/>
</pin_list>
<bind>
<StgValue><ssdm name="_ssdm_op_BitConcatenate.i32.i11.i21"/></StgValue>
</bind>
</comp>

<comp id="118" class="1001" name="const_118">
<pin_list>
<pin id="119" dir="1" index="0" bw="1" slack="0"/>
</pin_list>
<bind>
<StgValue><ssdm name="_ssdm_op_PartSelect.i7.i32.i32.i32"/></StgValue>
</bind>
</comp>

<comp id="120" class="1001" name="const_120">
<pin_list>
<pin id="121" dir="1" index="0" bw="1" slack="0"/>
</pin_list>
<bind>
<StgValue><ssdm name=""/></StgValue>
</bind>
</comp>

<comp id="122" class="1001" name="const_122">
<pin_list>
<pin id="123" dir="1" index="0" bw="1" slack="0"/>
</pin_list>
<bind>
<StgValue><ssdm name="_ssdm_op_BitConcatenate.i32.i25.i7"/></StgValue>
</bind>
</comp>

<comp id="124" class="1001" name="const_124">
<pin_list>
<pin id="125" dir="1" index="0" bw="1" slack="0"/>
</pin_list>
<bind>
<StgValue><ssdm name="_ssdm_op_PartSelect.i3.i7.i32.i32"/></StgValue>
</bind>
</comp>

<comp id="126" class="1001" name="const_126">
<pin_list>
<pin id="127" dir="1" index="0" bw="1" slack="0"/>
</pin_list>
<bind>
<StgValue><ssdm name=""/></StgValue>
</bind>
</comp>

<comp id="128" class="1001" name="const_128">
<pin_list>
<pin id="129" dir="1" index="0" bw="1" slack="0"/>
</pin_list>
<bind>
<StgValue><ssdm name=""/></StgValue>
</bind>
</comp>

<comp id="130" class="1001" name="const_130">
<pin_list>
<pin id="131" dir="1" index="0" bw="1" slack="0"/>
</pin_list>
<bind>
<StgValue><ssdm name=""/></StgValue>
</bind>
</comp>

<comp id="132" class="1001" name="const_132">
<pin_list>
<pin id="133" dir="1" index="0" bw="1" slack="0"/>
</pin_list>
<bind>
<StgValue><ssdm name=""/></StgValue>
</bind>
</comp>

<comp id="134" class="1001" name="const_134">
<pin_list>
<pin id="135" dir="1" index="0" bw="1" slack="0"/>
</pin_list>
<bind>
<StgValue><ssdm name=""/></StgValue>
</bind>
</comp>

<comp id="136" class="1001" name="const_136">
<pin_list>
<pin id="137" dir="1" index="0" bw="1" slack="0"/>
</pin_list>
<bind>
<StgValue><ssdm name="_ssdm_op_PartSelect.i15.i32.i32.i32"/></StgValue>
</bind>
</comp>

<comp id="138" class="1001" name="const_138">
<pin_list>
<pin id="139" dir="1" index="0" bw="1" slack="0"/>
</pin_list>
<bind>
<StgValue><ssdm name=""/></StgValue>
</bind>
</comp>

<comp id="140" class="1001" name="const_140">
<pin_list>
<pin id="141" dir="1" index="0" bw="1" slack="0"/>
</pin_list>
<bind>
<StgValue><ssdm name="_ssdm_op_BitConcatenate.i32.i17.i15"/></StgValue>
</bind>
</comp>

<comp id="142" class="1001" name="const_142">
<pin_list>
<pin id="143" dir="1" index="0" bw="1" slack="0"/>
</pin_list>
<bind>
<StgValue><ssdm name="_ssdm_op_PartSelect.i13.i32.i32.i32"/></StgValue>
</bind>
</comp>

<comp id="144" class="1001" name="const_144">
<pin_list>
<pin id="145" dir="1" index="0" bw="1" slack="0"/>
</pin_list>
<bind>
<StgValue><ssdm name=""/></StgValue>
</bind>
</comp>

<comp id="146" class="1001" name="const_146">
<pin_list>
<pin id="147" dir="1" index="0" bw="1" slack="0"/>
</pin_list>
<bind>
<StgValue><ssdm name="_ssdm_op_BitConcatenate.i32.i19.i13"/></StgValue>
</bind>
</comp>

<comp id="148" class="1001" name="const_148">
<pin_list>
<pin id="149" dir="1" index="0" bw="1" slack="0"/>
</pin_list>
<bind>
<StgValue><ssdm name="_ssdm_op_PartSelect.i22.i32.i32.i32"/></StgValue>
</bind>
</comp>

<comp id="150" class="1001" name="const_150">
<pin_list>
<pin id="151" dir="1" index="0" bw="1" slack="0"/>
</pin_list>
<bind>
<StgValue><ssdm name=""/></StgValue>
</bind>
</comp>

<comp id="152" class="1001" name="const_152">
<pin_list>
<pin id="153" dir="1" index="0" bw="1" slack="0"/>
</pin_list>
<bind>
<StgValue><ssdm name="_ssdm_op_PartSelect.i25.i32.i32.i32"/></StgValue>
</bind>
</comp>

<comp id="154" class="1001" name="const_154">
<pin_list>
<pin id="155" dir="1" index="0" bw="1" slack="0"/>
</pin_list>
<bind>
<StgValue><ssdm name=""/></StgValue>
</bind>
</comp>

<comp id="156" class="1001" name="const_156">
<pin_list>
<pin id="157" dir="1" index="0" bw="1" slack="0"/>
</pin_list>
<bind>
<StgValue><ssdm name="_ssdm_op_BitConcatenate.i32.i7.i25"/></StgValue>
</bind>
</comp>

<comp id="158" class="1001" name="const_158">
<pin_list>
<pin id="159" dir="1" index="0" bw="1" slack="0"/>
</pin_list>
<bind>
<StgValue><ssdm name="_ssdm_op_PartSelect.i14.i32.i32.i32"/></StgValue>
</bind>
</comp>

<comp id="160" class="1001" name="const_160">
<pin_list>
<pin id="161" dir="1" index="0" bw="1" slack="0"/>
</pin_list>
<bind>
<StgValue><ssdm name=""/></StgValue>
</bind>
</comp>

<comp id="162" class="1001" name="const_162">
<pin_list>
<pin id="163" dir="1" index="0" bw="1" slack="0"/>
</pin_list>
<bind>
<StgValue><ssdm name="_ssdm_op_BitConcatenate.i32.i18.i14"/></StgValue>
</bind>
</comp>

<comp id="164" class="1001" name="const_164">
<pin_list>
<pin id="165" dir="1" index="0" bw="1" slack="0"/>
</pin_list>
<bind>
<StgValue><ssdm name="_ssdm_op_PartSelect.i29.i32.i32.i32"/></StgValue>
</bind>
</comp>

<comp id="166" class="1001" name="const_166">
<pin_list>
<pin id="167" dir="1" index="0" bw="1" slack="0"/>
</pin_list>
<bind>
<StgValue><ssdm name=""/></StgValue>
</bind>
</comp>

<comp id="168" class="1004" name="message_V_alloca_fu_168">
<pin_list>
<pin id="169" dir="0" index="0" bw="1" slack="0"/>
<pin id="170" dir="1" index="1" bw="32" slack="0"/>
</pin_list>
<bind>
<opcode="alloca(26) " fcode="alloca"/>
<opset="message_V/1 "/>
</bind>
</comp>

<comp id="172" class="1004" name="M_V_alloca_fu_172">
<pin_list>
<pin id="173" dir="0" index="0" bw="1" slack="0"/>
<pin id="174" dir="1" index="1" bw="32" slack="0"/>
</pin_list>
<bind>
<opcode="alloca(26) " fcode="alloca"/>
<opset="M_V/1 "/>
</bind>
</comp>

<comp id="176" class="1004" name="H_V_alloca_fu_176">
<pin_list>
<pin id="177" dir="0" index="0" bw="1" slack="0"/>
<pin id="178" dir="1" index="1" bw="32" slack="0"/>
</pin_list>
<bind>
<opcode="alloca(26) " fcode="alloca"/>
<opset="H_V/1 "/>
</bind>
</comp>

<comp id="180" class="1004" name="W_V_alloca_fu_180">
<pin_list>
<pin id="181" dir="0" index="0" bw="1" slack="0"/>
<pin id="182" dir="1" index="1" bw="32" slack="2147483647"/>
</pin_list>
<bind>
<opcode="alloca(26) " fcode="alloca"/>
<opset="W_V/1 "/>
</bind>
</comp>

<comp id="184" class="1004" name="M_V_addr_gep_fu_184">
<pin_list>
<pin id="185" dir="0" index="0" bw="32" slack="0"/>
<pin id="186" dir="0" index="1" bw="1" slack="0"/>
<pin id="187" dir="0" index="2" bw="1" slack="0"/>
<pin id="188" dir="1" index="3" bw="9" slack="1"/>
</pin_list>
<bind>
<opcode="getelementptr(29) " fcode="getelementptr"/>
<opset="M_V_addr/1 "/>
</bind>
</comp>

<comp id="192" class="1004" name="H_V_addr_gep_fu_192">
<pin_list>
<pin id="193" dir="0" index="0" bw="32" slack="0"/>
<pin id="194" dir="0" index="1" bw="1" slack="0"/>
<pin id="195" dir="0" index="2" bw="1" slack="0"/>
<pin id="196" dir="1" index="3" bw="8" slack="2"/>
</pin_list>
<bind>
<opcode="getelementptr(29) " fcode="getelementptr"/>
<opset="H_V_addr/1 "/>
</bind>
</comp>

<comp id="200" class="1004" name="message_V_addr_gep_fu_200">
<pin_list>
<pin id="201" dir="0" index="0" bw="32" slack="0"/>
<pin id="202" dir="0" index="1" bw="1" slack="0"/>
<pin id="203" dir="0" index="2" bw="1" slack="0"/>
<pin id="204" dir="1" index="3" bw="14" slack="0"/>
</pin_list>
<bind>
<opcode="getelementptr(29) " fcode="getelementptr"/>
<opset="message_V_addr/1 "/>
</bind>
</comp>

<comp id="208" class="1004" name="grp_access_fu_208">
<pin_list>
<pin id="209" dir="0" index="0" bw="14" slack="0"/>
<pin id="210" dir="0" index="1" bw="32" slack="0"/>
<pin id="211" dir="0" index="2" bw="0" slack="0"/>
<pin id="244" dir="0" index="4" bw="14" slack="0"/>
<pin id="245" dir="0" index="5" bw="32" slack="2147483647"/>
<pin id="246" dir="0" index="6" bw="0" slack="2147483647"/>
<pin id="212" dir="1" index="3" bw="32" slack="0"/>
<pin id="247" dir="1" index="7" bw="32" slack="2147483647"/>
</pin_list>
<bind>
<opcode="load(27) store(28) " fcode="load"/>
<opset="store_ln77/1 store_ln85/2 store_ln98/2 store_ln80/3 message_V_load/5 "/>
</bind>
</comp>

<comp id="215" class="1004" name="input_V_addr_gep_fu_215">
<pin_list>
<pin id="216" dir="0" index="0" bw="32" slack="0"/>
<pin id="217" dir="0" index="1" bw="1" slack="0"/>
<pin id="218" dir="0" index="2" bw="4" slack="0"/>
<pin id="219" dir="1" index="3" bw="3" slack="0"/>
</pin_list>
<bind>
<opcode="getelementptr(29) " fcode="getelementptr"/>
<opset="input_V_addr/2 "/>
</bind>
</comp>

<comp id="222" class="1004" name="grp_access_fu_222">
<pin_list>
<pin id="223" dir="0" index="0" bw="3" slack="0"/>
<pin id="224" dir="0" index="1" bw="32" slack="2147483647"/>
<pin id="225" dir="0" index="2" bw="0" slack="2147483647"/>
<pin id="226" dir="1" index="3" bw="32" slack="0"/>
</pin_list>
<bind>
<opcode="load(27) " fcode="load"/>
<opset="input_V_load/2 "/>
</bind>
</comp>

<comp id="228" class="1004" name="message_V_addr_2_gep_fu_228">
<pin_list>
<pin id="229" dir="0" index="0" bw="32" slack="2147483647"/>
<pin id="230" dir="0" index="1" bw="1" slack="0"/>
<pin id="231" dir="0" index="2" bw="5" slack="0"/>
<pin id="232" dir="1" index="3" bw="14" slack="0"/>
</pin_list>
<bind>
<opcode="getelementptr(29) " fcode="getelementptr"/>
<opset="message_V_addr_2/2 "/>
</bind>
</comp>

<comp id="237" class="1004" name="message_V_addr_5_gep_fu_237">
<pin_list>
<pin id="238" dir="0" index="0" bw="32" slack="2147483647"/>
<pin id="239" dir="0" index="1" bw="1" slack="0"/>
<pin id="240" dir="0" index="2" bw="5" slack="0"/>
<pin id="241" dir="1" index="3" bw="14" slack="0"/>
</pin_list>
<bind>
<opcode="getelementptr(29) " fcode="getelementptr"/>
<opset="message_V_addr_5/2 "/>
</bind>
</comp>

<comp id="250" class="1004" name="grp_access_fu_250">
<pin_list>
<pin id="251" dir="0" index="0" bw="9" slack="0"/>
<pin id="252" dir="0" index="1" bw="32" slack="0"/>
<pin id="253" dir="0" index="2" bw="0" slack="2147483647"/>
<pin id="254" dir="1" index="3" bw="32" slack="0"/>
</pin_list>
<bind>
<opcode="load(27) store(28) " fcode="load"/>
<opset="store_ln102/2 store_ln106/6 M_V_load/14 "/>
</bind>
</comp>

<comp id="256" class="1004" name="message_V_addr_1_gep_fu_256">
<pin_list>
<pin id="257" dir="0" index="0" bw="32" slack="2147483647"/>
<pin id="258" dir="0" index="1" bw="1" slack="0"/>
<pin id="259" dir="0" index="2" bw="4" slack="1"/>
<pin id="260" dir="1" index="3" bw="14" slack="0"/>
</pin_list>
<bind>
<opcode="getelementptr(29) " fcode="getelementptr"/>
<opset="message_V_addr_1/3 "/>
</bind>
</comp>

<comp id="264" class="1004" name="grp_access_fu_264">
<pin_list>
<pin id="265" dir="0" index="0" bw="8" slack="0"/>
<pin id="266" dir="0" index="1" bw="32" slack="0"/>
<pin id="267" dir="0" index="2" bw="0" slack="0"/>
<pin id="319" dir="0" index="4" bw="8" slack="0"/>
<pin id="320" dir="0" index="5" bw="32" slack="2147483647"/>
<pin id="321" dir="0" index="6" bw="0" slack="2147483647"/>
<pin id="268" dir="1" index="3" bw="32" slack="1"/>
<pin id="322" dir="1" index="7" bw="32" slack="0"/>
</pin_list>
<bind>
<opcode="load(27) store(28) " fcode="load"/>
<opset="store_ln108/4 store_ln111/8 a_V/9 b_V/9 c_V/10 d_V/10 e_V/11 f_V/11 g_V/12 h_V/12 store_ln151/14 store_ln152/14 store_ln153/22 store_ln154/22 store_ln155/23 store_ln156/23 store_ln157/24 store_ln158/24 H_V_load/25 "/>
</bind>
</comp>

<comp id="270" class="1004" name="message_V_addr_6_gep_fu_270">
<pin_list>
<pin id="271" dir="0" index="0" bw="32" slack="2147483647"/>
<pin id="272" dir="0" index="1" bw="1" slack="0"/>
<pin id="273" dir="0" index="2" bw="5" slack="0"/>
<pin id="274" dir="1" index="3" bw="14" slack="0"/>
</pin_list>
<bind>
<opcode="getelementptr(29) " fcode="getelementptr"/>
<opset="message_V_addr_6/5 "/>
</bind>
</comp>

<comp id="277" class="1004" name="M_V_addr_1_gep_fu_277">
<pin_list>
<pin id="278" dir="0" index="0" bw="32" slack="2147483647"/>
<pin id="279" dir="0" index="1" bw="1" slack="0"/>
<pin id="280" dir="0" index="2" bw="7" slack="0"/>
<pin id="281" dir="1" index="3" bw="9" slack="0"/>
</pin_list>
<bind>
<opcode="getelementptr(29) " fcode="getelementptr"/>
<opset="M_V_addr_1/6 "/>
</bind>
</comp>

<comp id="285" class="1004" name="H_0_V_addr_gep_fu_285">
<pin_list>
<pin id="286" dir="0" index="0" bw="32" slack="0"/>
<pin id="287" dir="0" index="1" bw="1" slack="0"/>
<pin id="288" dir="0" index="2" bw="4" slack="0"/>
<pin id="289" dir="1" index="3" bw="3" slack="0"/>
</pin_list>
<bind>
<opcode="getelementptr(29) " fcode="getelementptr"/>
<opset="H_0_V_addr/7 "/>
</bind>
</comp>

<comp id="292" class="1004" name="grp_access_fu_292">
<pin_list>
<pin id="293" dir="0" index="0" bw="3" slack="0"/>
<pin id="294" dir="0" index="1" bw="32" slack="2147483647"/>
<pin id="295" dir="0" index="2" bw="0" slack="2147483647"/>
<pin id="296" dir="1" index="3" bw="32" slack="0"/>
</pin_list>
<bind>
<opcode="load(27) " fcode="load"/>
<opset="H_0_V_load/7 "/>
</bind>
</comp>

<comp id="298" class="1004" name="H_V_addr_1_gep_fu_298">
<pin_list>
<pin id="299" dir="0" index="0" bw="32" slack="2147483647"/>
<pin id="300" dir="0" index="1" bw="1" slack="0"/>
<pin id="301" dir="0" index="2" bw="4" slack="1"/>
<pin id="302" dir="1" index="3" bw="8" slack="0"/>
</pin_list>
<bind>
<opcode="getelementptr(29) " fcode="getelementptr"/>
<opset="H_V_addr_1/8 "/>
</bind>
</comp>

<comp id="306" class="1004" name="H_V_addr_2_gep_fu_306">
<pin_list>
<pin id="307" dir="0" index="0" bw="32" slack="2147483647"/>
<pin id="308" dir="0" index="1" bw="1" slack="0"/>
<pin id="309" dir="0" index="2" bw="5" slack="0"/>
<pin id="310" dir="1" index="3" bw="8" slack="0"/>
</pin_list>
<bind>
<opcode="getelementptr(29) " fcode="getelementptr"/>
<opset="H_V_addr_2/9 "/>
</bind>
</comp>

<comp id="312" class="1004" name="H_V_addr_3_gep_fu_312">
<pin_list>
<pin id="313" dir="0" index="0" bw="32" slack="2147483647"/>
<pin id="314" dir="0" index="1" bw="1" slack="0"/>
<pin id="315" dir="0" index="2" bw="64" slack="0"/>
<pin id="316" dir="1" index="3" bw="8" slack="0"/>
</pin_list>
<bind>
<opcode="getelementptr(29) " fcode="getelementptr"/>
<opset="H_V_addr_3/9 "/>
</bind>
</comp>

<comp id="324" class="1004" name="H_V_addr_4_gep_fu_324">
<pin_list>
<pin id="325" dir="0" index="0" bw="32" slack="2147483647"/>
<pin id="326" dir="0" index="1" bw="1" slack="0"/>
<pin id="327" dir="0" index="2" bw="64" slack="0"/>
<pin id="328" dir="1" index="3" bw="8" slack="0"/>
</pin_list>
<bind>
<opcode="getelementptr(29) " fcode="getelementptr"/>
<opset="H_V_addr_4/10 "/>
</bind>
</comp>

<comp id="330" class="1004" name="H_V_addr_5_gep_fu_330">
<pin_list>
<pin id="331" dir="0" index="0" bw="32" slack="2147483647"/>
<pin id="332" dir="0" index="1" bw="1" slack="0"/>
<pin id="333" dir="0" index="2" bw="64" slack="0"/>
<pin id="334" dir="1" index="3" bw="8" slack="0"/>
</pin_list>
<bind>
<opcode="getelementptr(29) " fcode="getelementptr"/>
<opset="H_V_addr_5/10 "/>
</bind>
</comp>

<comp id="338" class="1004" name="H_V_addr_6_gep_fu_338">
<pin_list>
<pin id="339" dir="0" index="0" bw="32" slack="2147483647"/>
<pin id="340" dir="0" index="1" bw="1" slack="0"/>
<pin id="341" dir="0" index="2" bw="64" slack="0"/>
<pin id="342" dir="1" index="3" bw="8" slack="0"/>
</pin_list>
<bind>
<opcode="getelementptr(29) " fcode="getelementptr"/>
<opset="H_V_addr_6/11 "/>
</bind>
</comp>

<comp id="344" class="1004" name="H_V_addr_7_gep_fu_344">
<pin_list>
<pin id="345" dir="0" index="0" bw="32" slack="2147483647"/>
<pin id="346" dir="0" index="1" bw="1" slack="0"/>
<pin id="347" dir="0" index="2" bw="64" slack="0"/>
<pin id="348" dir="1" index="3" bw="8" slack="0"/>
</pin_list>
<bind>
<opcode="getelementptr(29) " fcode="getelementptr"/>
<opset="H_V_addr_7/11 "/>
</bind>
</comp>

<comp id="352" class="1004" name="H_V_addr_8_gep_fu_352">
<pin_list>
<pin id="353" dir="0" index="0" bw="32" slack="2147483647"/>
<pin id="354" dir="0" index="1" bw="1" slack="0"/>
<pin id="355" dir="0" index="2" bw="64" slack="0"/>
<pin id="356" dir="1" index="3" bw="8" slack="0"/>
</pin_list>
<bind>
<opcode="getelementptr(29) " fcode="getelementptr"/>
<opset="H_V_addr_8/12 "/>
</bind>
</comp>

<comp id="358" class="1004" name="H_V_addr_9_gep_fu_358">
<pin_list>
<pin id="359" dir="0" index="0" bw="32" slack="2147483647"/>
<pin id="360" dir="0" index="1" bw="1" slack="0"/>
<pin id="361" dir="0" index="2" bw="64" slack="0"/>
<pin id="362" dir="1" index="3" bw="8" slack="0"/>
</pin_list>
<bind>
<opcode="getelementptr(29) " fcode="getelementptr"/>
<opset="H_V_addr_9/12 "/>
</bind>
</comp>

<comp id="366" class="1004" name="M_V_addr_2_gep_fu_366">
<pin_list>
<pin id="367" dir="0" index="0" bw="32" slack="2147483647"/>
<pin id="368" dir="0" index="1" bw="1" slack="0"/>
<pin id="369" dir="0" index="2" bw="7" slack="0"/>
<pin id="370" dir="1" index="3" bw="9" slack="0"/>
</pin_list>
<bind>
<opcode="getelementptr(29) " fcode="getelementptr"/>
<opset="M_V_addr_2/14 "/>
</bind>
</comp>

<comp id="372" class="1004" name="W_V_addr_1_gep_fu_372">
<pin_list>
<pin id="373" dir="0" index="0" bw="32" slack="2147483647"/>
<pin id="374" dir="0" index="1" bw="1" slack="0"/>
<pin id="375" dir="0" index="2" bw="7" slack="0"/>
<pin id="376" dir="1" index="3" bw="6" slack="0"/>
</pin_list>
<bind>
<opcode="getelementptr(29) " fcode="getelementptr"/>
<opset="W_V_addr_1/14 "/>
</bind>
</comp>

<comp id="378" class="1004" name="grp_access_fu_378">
<pin_list>
<pin id="379" dir="0" index="0" bw="6" slack="0"/>
<pin id="380" dir="0" index="1" bw="32" slack="0"/>
<pin id="381" dir="0" index="2" bw="0" slack="0"/>
<pin id="390" dir="0" index="4" bw="6" slack="0"/>
<pin id="391" dir="0" index="5" bw="32" slack="2147483647"/>
<pin id="392" dir="0" index="6" bw="0" slack="2147483647"/>
<pin id="382" dir="1" index="3" bw="32" slack="0"/>
<pin id="393" dir="1" index="7" bw="32" slack="1"/>
</pin_list>
<bind>
<opcode="load(27) store(28) " fcode="load"/>
<opset="tempWord_V/14 W_V_load_1/14 tempWord_V_6/15 W_V_load_3/15 store_ln137/17 store_ln135/18 W_V_load/19 "/>
</bind>
</comp>

<comp id="384" class="1004" name="W_V_addr_2_gep_fu_384">
<pin_list>
<pin id="385" dir="0" index="0" bw="32" slack="2147483647"/>
<pin id="386" dir="0" index="1" bw="1" slack="0"/>
<pin id="387" dir="0" index="2" bw="7" slack="0"/>
<pin id="388" dir="1" index="3" bw="6" slack="0"/>
</pin_list>
<bind>
<opcode="getelementptr(29) " fcode="getelementptr"/>
<opset="W_V_addr_2/14 "/>
</bind>
</comp>

<comp id="396" class="1004" name="H_V_addr_11_gep_fu_396">
<pin_list>
<pin id="397" dir="0" index="0" bw="32" slack="2147483647"/>
<pin id="398" dir="0" index="1" bw="1" slack="0"/>
<pin id="399" dir="0" index="2" bw="5" slack="0"/>
<pin id="400" dir="1" index="3" bw="8" slack="0"/>
</pin_list>
<bind>
<opcode="getelementptr(29) " fcode="getelementptr"/>
<opset="H_V_addr_11/14 "/>
</bind>
</comp>

<comp id="402" class="1004" name="H_V_addr_12_gep_fu_402">
<pin_list>
<pin id="403" dir="0" index="0" bw="32" slack="2147483647"/>
<pin id="404" dir="0" index="1" bw="1" slack="0"/>
<pin id="405" dir="0" index="2" bw="64" slack="0"/>
<pin id="406" dir="1" index="3" bw="8" slack="0"/>
</pin_list>
<bind>
<opcode="getelementptr(29) " fcode="getelementptr"/>
<opset="H_V_addr_12/14 "/>
</bind>
</comp>

<comp id="410" class="1004" name="W_V_addr_3_gep_fu_410">
<pin_list>
<pin id="411" dir="0" index="0" bw="32" slack="2147483647"/>
<pin id="412" dir="0" index="1" bw="1" slack="0"/>
<pin id="413" dir="0" index="2" bw="7" slack="0"/>
<pin id="414" dir="1" index="3" bw="6" slack="0"/>
</pin_list>
<bind>
<opcode="getelementptr(29) " fcode="getelementptr"/>
<opset="W_V_addr_3/15 "/>
</bind>
</comp>

<comp id="417" class="1004" name="W_V_addr_4_gep_fu_417">
<pin_list>
<pin id="418" dir="0" index="0" bw="32" slack="2147483647"/>
<pin id="419" dir="0" index="1" bw="1" slack="0"/>
<pin id="420" dir="0" index="2" bw="7" slack="0"/>
<pin id="421" dir="1" index="3" bw="6" slack="0"/>
</pin_list>
<bind>
<opcode="getelementptr(29) " fcode="getelementptr"/>
<opset="W_V_addr_4/15 "/>
</bind>
</comp>

<comp id="424" class="1004" name="W_V_addr_5_gep_fu_424">
<pin_list>
<pin id="425" dir="0" index="0" bw="32" slack="2147483647"/>
<pin id="426" dir="0" index="1" bw="1" slack="0"/>
<pin id="427" dir="0" index="2" bw="7" slack="3"/>
<pin id="428" dir="1" index="3" bw="6" slack="0"/>
</pin_list>
<bind>
<opcode="getelementptr(29) " fcode="getelementptr"/>
<opset="W_V_addr_5/17 "/>
</bind>
</comp>

<comp id="431" class="1004" name="W_V_addr_gep_fu_431">
<pin_list>
<pin id="432" dir="0" index="0" bw="32" slack="2147483647"/>
<pin id="433" dir="0" index="1" bw="1" slack="0"/>
<pin id="434" dir="0" index="2" bw="7" slack="1"/>
<pin id="435" dir="1" index="3" bw="6" slack="0"/>
</pin_list>
<bind>
<opcode="getelementptr(29) " fcode="getelementptr"/>
<opset="W_V_addr/18 "/>
</bind>
</comp>

<comp id="439" class="1004" name="K_addr_gep_fu_439">
<pin_list>
<pin id="440" dir="0" index="0" bw="32" slack="0"/>
<pin id="441" dir="0" index="1" bw="1" slack="0"/>
<pin id="442" dir="0" index="2" bw="7" slack="4"/>
<pin id="443" dir="1" index="3" bw="6" slack="0"/>
</pin_list>
<bind>
<opcode="getelementptr(29) " fcode="getelementptr"/>
<opset="K_addr/19 "/>
</bind>
</comp>

<comp id="446" class="1004" name="grp_access_fu_446">
<pin_list>
<pin id="447" dir="0" index="0" bw="6" slack="0"/>
<pin id="448" dir="0" index="1" bw="32" slack="2147483647"/>
<pin id="449" dir="0" index="2" bw="0" slack="2147483647"/>
<pin id="450" dir="1" index="3" bw="32" slack="0"/>
</pin_list>
<bind>
<opcode="load(27) " fcode="load"/>
<opset="K_load/19 "/>
</bind>
</comp>

<comp id="452" class="1004" name="W_V_addr_6_gep_fu_452">
<pin_list>
<pin id="453" dir="0" index="0" bw="32" slack="2147483647"/>
<pin id="454" dir="0" index="1" bw="1" slack="0"/>
<pin id="455" dir="0" index="2" bw="7" slack="4"/>
<pin id="456" dir="1" index="3" bw="6" slack="0"/>
</pin_list>
<bind>
<opcode="getelementptr(29) " fcode="getelementptr"/>
<opset="W_V_addr_6/19 "/>
</bind>
</comp>

<comp id="459" class="1004" name="H_V_addr_13_gep_fu_459">
<pin_list>
<pin id="460" dir="0" index="0" bw="32" slack="2147483647"/>
<pin id="461" dir="0" index="1" bw="1" slack="0"/>
<pin id="462" dir="0" index="2" bw="64" slack="0"/>
<pin id="463" dir="1" index="3" bw="8" slack="0"/>
</pin_list>
<bind>
<opcode="getelementptr(29) " fcode="getelementptr"/>
<opset="H_V_addr_13/22 "/>
</bind>
</comp>

<comp id="465" class="1004" name="H_V_addr_14_gep_fu_465">
<pin_list>
<pin id="466" dir="0" index="0" bw="32" slack="2147483647"/>
<pin id="467" dir="0" index="1" bw="1" slack="0"/>
<pin id="468" dir="0" index="2" bw="64" slack="0"/>
<pin id="469" dir="1" index="3" bw="8" slack="0"/>
</pin_list>
<bind>
<opcode="getelementptr(29) " fcode="getelementptr"/>
<opset="H_V_addr_14/22 "/>
</bind>
</comp>

<comp id="473" class="1004" name="H_V_addr_15_gep_fu_473">
<pin_list>
<pin id="474" dir="0" index="0" bw="32" slack="2147483647"/>
<pin id="475" dir="0" index="1" bw="1" slack="0"/>
<pin id="476" dir="0" index="2" bw="64" slack="0"/>
<pin id="477" dir="1" index="3" bw="8" slack="0"/>
</pin_list>
<bind>
<opcode="getelementptr(29) " fcode="getelementptr"/>
<opset="H_V_addr_15/23 "/>
</bind>
</comp>

<comp id="479" class="1004" name="H_V_addr_16_gep_fu_479">
<pin_list>
<pin id="480" dir="0" index="0" bw="32" slack="2147483647"/>
<pin id="481" dir="0" index="1" bw="1" slack="0"/>
<pin id="482" dir="0" index="2" bw="64" slack="0"/>
<pin id="483" dir="1" index="3" bw="8" slack="0"/>
</pin_list>
<bind>
<opcode="getelementptr(29) " fcode="getelementptr"/>
<opset="H_V_addr_16/23 "/>
</bind>
</comp>

<comp id="487" class="1004" name="H_V_addr_17_gep_fu_487">
<pin_list>
<pin id="488" dir="0" index="0" bw="32" slack="2147483647"/>
<pin id="489" dir="0" index="1" bw="1" slack="0"/>
<pin id="490" dir="0" index="2" bw="64" slack="0"/>
<pin id="491" dir="1" index="3" bw="8" slack="0"/>
</pin_list>
<bind>
<opcode="getelementptr(29) " fcode="getelementptr"/>
<opset="H_V_addr_17/24 "/>
</bind>
</comp>

<comp id="493" class="1004" name="H_V_addr_18_gep_fu_493">
<pin_list>
<pin id="494" dir="0" index="0" bw="32" slack="2147483647"/>
<pin id="495" dir="0" index="1" bw="1" slack="0"/>
<pin id="496" dir="0" index="2" bw="64" slack="0"/>
<pin id="497" dir="1" index="3" bw="8" slack="0"/>
</pin_list>
<bind>
<opcode="getelementptr(29) " fcode="getelementptr"/>
<opset="H_V_addr_18/24 "/>
</bind>
</comp>

<comp id="501" class="1004" name="H_V_addr_10_gep_fu_501">
<pin_list>
<pin id="502" dir="0" index="0" bw="32" slack="2147483647"/>
<pin id="503" dir="0" index="1" bw="1" slack="0"/>
<pin id="504" dir="0" index="2" bw="4" slack="0"/>
<pin id="505" dir="1" index="3" bw="8" slack="0"/>
</pin_list>
<bind>
<opcode="getelementptr(29) " fcode="getelementptr"/>
<opset="H_V_addr_10/25 "/>
</bind>
</comp>

<comp id="508" class="1004" name="outputlocation_V_add_gep_fu_508">
<pin_list>
<pin id="509" dir="0" index="0" bw="32" slack="0"/>
<pin id="510" dir="0" index="1" bw="1" slack="0"/>
<pin id="511" dir="0" index="2" bw="4" slack="0"/>
<pin id="512" dir="1" index="3" bw="3" slack="0"/>
</pin_list>
<bind>
<opcode="getelementptr(29) " fcode="getelementptr"/>
<opset="outputlocation_V_add/26 "/>
</bind>
</comp>

<comp id="515" class="1004" name="store_ln162_access_fu_515">
<pin_list>
<pin id="516" dir="0" index="0" bw="3" slack="0"/>
<pin id="517" dir="0" index="1" bw="32" slack="0"/>
<pin id="518" dir="0" index="2" bw="0" slack="2147483647"/>
<pin id="519" dir="1" index="3" bw="32" slack="2147483647"/>
</pin_list>
<bind>
<opcode="store(28) " fcode="store"/>
<opset="store_ln162/26 "/>
</bind>
</comp>

<comp id="522" class="1005" name="i_0_reg_522">
<pin_list>
<pin id="523" dir="0" index="0" bw="4" slack="1"/>
<pin id="524" dir="1" index="1" bw="4" slack="1"/>
</pin_list>
<bind>
<opset="i_0 (phireg) "/>
</bind>
</comp>

<comp id="526" class="1004" name="i_0_phi_fu_526">
<pin_list>
<pin id="527" dir="0" index="0" bw="4" slack="0"/>
<pin id="528" dir="0" index="1" bw="0" slack="2147483647"/>
<pin id="529" dir="0" index="2" bw="1" slack="1"/>
<pin id="530" dir="0" index="3" bw="0" slack="2147483647"/>
<pin id="531" dir="1" index="4" bw="4" slack="0"/>
</pin_list>
<bind>
<opcode="phi(47) " fcode="phi"/>
<opset="i_0/2 "/>
</bind>
</comp>

<comp id="533" class="1005" name="i1_0_reg_533">
<pin_list>
<pin id="534" dir="0" index="0" bw="5" slack="1"/>
<pin id="535" dir="1" index="1" bw="5" slack="1"/>
</pin_list>
<bind>
<opset="i1_0 (phireg) "/>
</bind>
</comp>

<comp id="537" class="1004" name="i1_0_phi_fu_537">
<pin_list>
<pin id="538" dir="0" index="0" bw="1" slack="1"/>
<pin id="539" dir="0" index="1" bw="0" slack="2147483647"/>
<pin id="540" dir="0" index="2" bw="5" slack="0"/>
<pin id="541" dir="0" index="3" bw="0" slack="2147483647"/>
<pin id="542" dir="1" index="4" bw="5" slack="0"/>
</pin_list>
<bind>
<opcode="phi(47) " fcode="phi"/>
<opset="i1_0/4 "/>
</bind>
</comp>

<comp id="545" class="1005" name="i_op_assign_reg_545">
<pin_list>
<pin id="546" dir="0" index="0" bw="2" slack="1"/>
<pin id="547" dir="1" index="1" bw="2" slack="1"/>
</pin_list>
<bind>
<opset="i_op_assign (phireg) "/>
</bind>
</comp>

<comp id="549" class="1004" name="i_op_assign_phi_fu_549">
<pin_list>
<pin id="550" dir="0" index="0" bw="2" slack="0"/>
<pin id="551" dir="0" index="1" bw="0" slack="2147483647"/>
<pin id="552" dir="0" index="2" bw="1" slack="1"/>
<pin id="553" dir="0" index="3" bw="0" slack="2147483647"/>
<pin id="554" dir="1" index="4" bw="2" slack="0"/>
</pin_list>
<bind>
<opcode="phi(47) " fcode="phi"/>
<opset="i_op_assign/5 "/>
</bind>
</comp>

<comp id="556" class="1005" name="i3_0_reg_556">
<pin_list>
<pin id="557" dir="0" index="0" bw="4" slack="1"/>
<pin id="558" dir="1" index="1" bw="4" slack="1"/>
</pin_list>
<bind>
<opset="i3_0 (phireg) "/>
</bind>
</comp>

<comp id="560" class="1004" name="i3_0_phi_fu_560">
<pin_list>
<pin id="561" dir="0" index="0" bw="4" slack="0"/>
<pin id="562" dir="0" index="1" bw="0" slack="2147483647"/>
<pin id="563" dir="0" index="2" bw="1" slack="1"/>
<pin id="564" dir="0" index="3" bw="0" slack="2147483647"/>
<pin id="565" dir="1" index="4" bw="4" slack="0"/>
</pin_list>
<bind>
<opcode="phi(47) " fcode="phi"/>
<opset="i3_0/7 "/>
</bind>
</comp>

<comp id="567" class="1005" name="i_op_assign_2_reg_567">
<pin_list>
<pin id="568" dir="0" index="0" bw="2" slack="1"/>
<pin id="569" dir="1" index="1" bw="2" slack="1"/>
</pin_list>
<bind>
<opset="i_op_assign_2 (phireg) "/>
</bind>
</comp>

<comp id="571" class="1004" name="i_op_assign_2_phi_fu_571">
<pin_list>
<pin id="572" dir="0" index="0" bw="2" slack="1"/>
<pin id="573" dir="0" index="1" bw="0" slack="2147483647"/>
<pin id="574" dir="0" index="2" bw="1" slack="1"/>
<pin id="575" dir="0" index="3" bw="0" slack="2147483647"/>
<pin id="576" dir="1" index="4" bw="2" slack="0"/>
</pin_list>
<bind>
<opcode="phi(47) " fcode="phi"/>
<opset="i_op_assign_2/9 "/>
</bind>
</comp>

<comp id="579" class="1005" name="b_V_2_reg_579">
<pin_list>
<pin id="580" dir="0" index="0" bw="32" slack="0"/>
<pin id="581" dir="1" index="1" bw="32" slack="0"/>
</pin_list>
<bind>
<opset="b_V_2 (phireg) "/>
</bind>
</comp>

<comp id="582" class="1004" name="b_V_2_phi_fu_582">
<pin_list>
<pin id="583" dir="0" index="0" bw="32" slack="1"/>
<pin id="584" dir="0" index="1" bw="0" slack="2147483647"/>
<pin id="585" dir="0" index="2" bw="32" slack="4"/>
<pin id="586" dir="0" index="3" bw="0" slack="2147483647"/>
<pin id="587" dir="1" index="4" bw="32" slack="0"/>
</pin_list>
<bind>
<opcode="phi(47) " fcode="phi"/>
<opset="b_V_2/14 "/>
</bind>
</comp>

<comp id="589" class="1005" name="c_V_2_reg_589">
<pin_list>
<pin id="590" dir="0" index="0" bw="32" slack="0"/>
<pin id="591" dir="1" index="1" bw="32" slack="0"/>
</pin_list>
<bind>
<opset="c_V_2 (phireg) "/>
</bind>
</comp>

<comp id="592" class="1004" name="c_V_2_phi_fu_592">
<pin_list>
<pin id="593" dir="0" index="0" bw="32" slack="0"/>
<pin id="594" dir="0" index="1" bw="0" slack="2147483647"/>
<pin id="595" dir="0" index="2" bw="32" slack="4"/>
<pin id="596" dir="0" index="3" bw="0" slack="2147483647"/>
<pin id="597" dir="1" index="4" bw="32" slack="0"/>
</pin_list>
<bind>
<opcode="phi(47) " fcode="phi"/>
<opset="c_V_2/14 "/>
</bind>
</comp>

<comp id="600" class="1005" name="d_V_2_reg_600">
<pin_list>
<pin id="601" dir="0" index="0" bw="32" slack="0"/>
<pin id="602" dir="1" index="1" bw="32" slack="0"/>
</pin_list>
<bind>
<opset="d_V_2 (phireg) "/>
</bind>
</comp>

<comp id="603" class="1004" name="d_V_2_phi_fu_603">
<pin_list>
<pin id="604" dir="0" index="0" bw="32" slack="0"/>
<pin id="605" dir="0" index="1" bw="0" slack="2147483647"/>
<pin id="606" dir="0" index="2" bw="32" slack="3"/>
<pin id="607" dir="0" index="3" bw="0" slack="2147483647"/>
<pin id="608" dir="1" index="4" bw="32" slack="0"/>
</pin_list>
<bind>
<opcode="phi(47) " fcode="phi"/>
<opset="d_V_2/14 "/>
</bind>
</comp>

<comp id="611" class="1005" name="p_0792_0_reg_611">
<pin_list>
<pin id="612" dir="0" index="0" bw="32" slack="1"/>
<pin id="613" dir="1" index="1" bw="32" slack="1"/>
</pin_list>
<bind>
<opset="p_0792_0 (phireg) "/>
</bind>
</comp>

<comp id="614" class="1004" name="p_0792_0_phi_fu_614">
<pin_list>
<pin id="615" dir="0" index="0" bw="32" slack="0"/>
<pin id="616" dir="0" index="1" bw="0" slack="2147483647"/>
<pin id="617" dir="0" index="2" bw="32" slack="3"/>
<pin id="618" dir="0" index="3" bw="0" slack="2147483647"/>
<pin id="619" dir="1" index="4" bw="32" slack="1"/>
</pin_list>
<bind>
<opcode="phi(47) " fcode="phi"/>
<opset="p_0792_0/14 "/>
</bind>
</comp>

<comp id="622" class="1005" name="f_V_2_reg_622">
<pin_list>
<pin id="623" dir="0" index="0" bw="32" slack="0"/>
<pin id="624" dir="1" index="1" bw="32" slack="0"/>
</pin_list>
<bind>
<opset="f_V_2 (phireg) "/>
</bind>
</comp>

<comp id="625" class="1004" name="f_V_2_phi_fu_625">
<pin_list>
<pin id="626" dir="0" index="0" bw="32" slack="1"/>
<pin id="627" dir="0" index="1" bw="0" slack="2147483647"/>
<pin id="628" dir="0" index="2" bw="32" slack="2"/>
<pin id="629" dir="0" index="3" bw="0" slack="2147483647"/>
<pin id="630" dir="1" index="4" bw="32" slack="0"/>
</pin_list>
<bind>
<opcode="phi(47) " fcode="phi"/>
<opset="f_V_2/14 "/>
</bind>
</comp>

<comp id="632" class="1005" name="g_V_2_reg_632">
<pin_list>
<pin id="633" dir="0" index="0" bw="32" slack="0"/>
<pin id="634" dir="1" index="1" bw="32" slack="0"/>
</pin_list>
<bind>
<opset="g_V_2 (phireg) "/>
</bind>
</comp>

<comp id="635" class="1004" name="g_V_2_phi_fu_635">
<pin_list>
<pin id="636" dir="0" index="0" bw="32" slack="0"/>
<pin id="637" dir="0" index="1" bw="0" slack="2147483647"/>
<pin id="638" dir="0" index="2" bw="32" slack="2"/>
<pin id="639" dir="0" index="3" bw="0" slack="2147483647"/>
<pin id="640" dir="1" index="4" bw="32" slack="0"/>
</pin_list>
<bind>
<opcode="phi(47) " fcode="phi"/>
<opset="g_V_2/14 "/>
</bind>
</comp>

<comp id="643" class="1005" name="h_V_2_reg_643">
<pin_list>
<pin id="644" dir="0" index="0" bw="32" slack="0"/>
<pin id="645" dir="1" index="1" bw="32" slack="0"/>
</pin_list>
<bind>
<opset="h_V_2 (phireg) "/>
</bind>
</comp>

<comp id="646" class="1004" name="h_V_2_phi_fu_646">
<pin_list>
<pin id="647" dir="0" index="0" bw="32" slack="0"/>
<pin id="648" dir="0" index="1" bw="0" slack="2147483647"/>
<pin id="649" dir="0" index="2" bw="32" slack="1"/>
<pin id="650" dir="0" index="3" bw="0" slack="2147483647"/>
<pin id="651" dir="1" index="4" bw="32" slack="0"/>
</pin_list>
<bind>
<opcode="phi(47) " fcode="phi"/>
<opset="h_V_2/14 "/>
</bind>
</comp>

<comp id="654" class="1005" name="p_0625_0_reg_654">
<pin_list>
<pin id="655" dir="0" index="0" bw="32" slack="3"/>
<pin id="656" dir="1" index="1" bw="32" slack="3"/>
</pin_list>
<bind>
<opset="p_0625_0 (phireg) "/>
</bind>
</comp>

<comp id="657" class="1004" name="p_0625_0_phi_fu_657">
<pin_list>
<pin id="658" dir="0" index="0" bw="32" slack="0"/>
<pin id="659" dir="0" index="1" bw="0" slack="2147483647"/>
<pin id="660" dir="0" index="2" bw="32" slack="1"/>
<pin id="661" dir="0" index="3" bw="0" slack="2147483647"/>
<pin id="662" dir="1" index="4" bw="32" slack="3"/>
</pin_list>
<bind>
<opcode="phi(47) " fcode="phi"/>
<opset="p_0625_0/14 "/>
</bind>
</comp>

<comp id="665" class="1005" name="j6_0_reg_665">
<pin_list>
<pin id="666" dir="0" index="0" bw="7" slack="1"/>
<pin id="667" dir="1" index="1" bw="7" slack="1"/>
</pin_list>
<bind>
<opset="j6_0 (phireg) "/>
</bind>
</comp>

<comp id="669" class="1004" name="j6_0_phi_fu_669">
<pin_list>
<pin id="670" dir="0" index="0" bw="7" slack="0"/>
<pin id="671" dir="0" index="1" bw="0" slack="2147483647"/>
<pin id="672" dir="0" index="2" bw="1" slack="1"/>
<pin id="673" dir="0" index="3" bw="0" slack="2147483647"/>
<pin id="674" dir="1" index="4" bw="7" slack="0"/>
</pin_list>
<bind>
<opcode="phi(47) " fcode="phi"/>
<opset="j6_0/14 "/>
</bind>
</comp>

<comp id="677" class="1005" name="i7_0_reg_677">
<pin_list>
<pin id="678" dir="0" index="0" bw="4" slack="1"/>
<pin id="679" dir="1" index="1" bw="4" slack="1"/>
</pin_list>
<bind>
<opset="i7_0 (phireg) "/>
</bind>
</comp>

<comp id="681" class="1004" name="i7_0_phi_fu_681">
<pin_list>
<pin id="682" dir="0" index="0" bw="4" slack="0"/>
<pin id="683" dir="0" index="1" bw="0" slack="2147483647"/>
<pin id="684" dir="0" index="2" bw="1" slack="1"/>
<pin id="685" dir="0" index="3" bw="0" slack="2147483647"/>
<pin id="686" dir="1" index="4" bw="4" slack="0"/>
</pin_list>
<bind>
<opcode="phi(47) " fcode="phi"/>
<opset="i7_0/25 "/>
</bind>
</comp>

<comp id="689" class="1005" name="reg_689">
<pin_list>
<pin id="690" dir="0" index="0" bw="32" slack="1"/>
<pin id="691" dir="1" index="1" bw="32" slack="1"/>
</pin_list>
<bind>
<opset="tempWord_V W_V_load_3 "/>
</bind>
</comp>

<comp id="694" class="1004" name="icmp_ln79_fu_694">
<pin_list>
<pin id="695" dir="0" index="0" bw="4" slack="0"/>
<pin id="696" dir="0" index="1" bw="4" slack="0"/>
<pin id="697" dir="1" index="2" bw="1" slack="2147483647"/>
</pin_list>
<bind>
<opcode="icmp(45) " fcode="icmp"/>
<opset="icmp_ln79/2 "/>
</bind>
</comp>

<comp id="700" class="1004" name="i_fu_700">
<pin_list>
<pin id="701" dir="0" index="0" bw="4" slack="0"/>
<pin id="702" dir="0" index="1" bw="1" slack="0"/>
<pin id="703" dir="1" index="2" bw="4" slack="0"/>
</pin_list>
<bind>
<opcode="add(8) " fcode="add"/>
<opset="i/2 "/>
</bind>
</comp>

<comp id="706" class="1004" name="zext_ln80_fu_706">
<pin_list>
<pin id="707" dir="0" index="0" bw="4" slack="0"/>
<pin id="708" dir="1" index="1" bw="64" slack="0"/>
</pin_list>
<bind>
<opcode="zext(34) " fcode="zext"/>
<opset="zext_ln80/2 "/>
</bind>
</comp>

<comp id="711" class="1004" name="icmp_ln104_fu_711">
<pin_list>
<pin id="712" dir="0" index="0" bw="5" slack="0"/>
<pin id="713" dir="0" index="1" bw="5" slack="0"/>
<pin id="714" dir="1" index="2" bw="1" slack="2147483647"/>
</pin_list>
<bind>
<opcode="icmp(45) " fcode="icmp"/>
<opset="icmp_ln104/4 "/>
</bind>
</comp>

<comp id="717" class="1004" name="i_11_fu_717">
<pin_list>
<pin id="718" dir="0" index="0" bw="5" slack="0"/>
<pin id="719" dir="0" index="1" bw="1" slack="0"/>
<pin id="720" dir="1" index="2" bw="5" slack="0"/>
</pin_list>
<bind>
<opcode="add(8) " fcode="add"/>
<opset="i_11/4 "/>
</bind>
</comp>

<comp id="723" class="1004" name="zext_ln1598_fu_723">
<pin_list>
<pin id="724" dir="0" index="0" bw="5" slack="0"/>
<pin id="725" dir="1" index="1" bw="7" slack="1"/>
</pin_list>
<bind>
<opcode="zext(34) " fcode="zext"/>
<opset="zext_ln1598/4 "/>
</bind>
</comp>

<comp id="727" class="1004" name="icmp_ln105_fu_727">
<pin_list>
<pin id="728" dir="0" index="0" bw="2" slack="0"/>
<pin id="729" dir="0" index="1" bw="2" slack="0"/>
<pin id="730" dir="1" index="2" bw="1" slack="2147483647"/>
</pin_list>
<bind>
<opcode="icmp(45) " fcode="icmp"/>
<opset="icmp_ln105/5 "/>
</bind>
</comp>

<comp id="733" class="1004" name="j_fu_733">
<pin_list>
<pin id="734" dir="0" index="0" bw="2" slack="0"/>
<pin id="735" dir="0" index="1" bw="1" slack="0"/>
<pin id="736" dir="1" index="2" bw="2" slack="0"/>
</pin_list>
<bind>
<opcode="add(8) " fcode="add"/>
<opset="j/5 "/>
</bind>
</comp>

<comp id="739" class="1004" name="tmp_fu_739">
<pin_list>
<pin id="740" dir="0" index="0" bw="6" slack="0"/>
<pin id="741" dir="0" index="1" bw="2" slack="0"/>
<pin id="742" dir="0" index="2" bw="1" slack="0"/>
<pin id="743" dir="1" index="3" bw="6" slack="0"/>
</pin_list>
<bind>
<opcode="bitconcatenate(1004) " fcode="bitconcatenate"/>
<opset="tmp/5 "/>
</bind>
</comp>

<comp id="747" class="1004" name="zext_ln321_fu_747">
<pin_list>
<pin id="748" dir="0" index="0" bw="6" slack="0"/>
<pin id="749" dir="1" index="1" bw="7" slack="0"/>
</pin_list>
<bind>
<opcode="zext(34) " fcode="zext"/>
<opset="zext_ln321/5 "/>
</bind>
</comp>

<comp id="751" class="1004" name="add_ln321_fu_751">
<pin_list>
<pin id="752" dir="0" index="0" bw="6" slack="0"/>
<pin id="753" dir="0" index="1" bw="5" slack="1"/>
<pin id="754" dir="1" index="2" bw="7" slack="1"/>
</pin_list>
<bind>
<opcode="add(8) " fcode="add"/>
<opset="add_ln321/5 "/>
</bind>
</comp>

<comp id="756" class="1004" name="trunc_ln106_fu_756">
<pin_list>
<pin id="757" dir="0" index="0" bw="2" slack="0"/>
<pin id="758" dir="1" index="1" bw="1" slack="0"/>
</pin_list>
<bind>
<opcode="trunc(33) " fcode="trunc"/>
<opset="trunc_ln106/5 "/>
</bind>
</comp>

<comp id="760" class="1004" name="shl_ln_fu_760">
<pin_list>
<pin id="761" dir="0" index="0" bw="5" slack="0"/>
<pin id="762" dir="0" index="1" bw="1" slack="0"/>
<pin id="763" dir="0" index="2" bw="1" slack="0"/>
<pin id="764" dir="1" index="3" bw="5" slack="0"/>
</pin_list>
<bind>
<opcode="bitconcatenate(1004) " fcode="bitconcatenate"/>
<opset="shl_ln/5 "/>
</bind>
</comp>

<comp id="768" class="1004" name="add_ln106_fu_768">
<pin_list>
<pin id="769" dir="0" index="0" bw="5" slack="0"/>
<pin id="770" dir="0" index="1" bw="5" slack="1"/>
<pin id="771" dir="1" index="2" bw="5" slack="0"/>
</pin_list>
<bind>
<opcode="add(8) " fcode="add"/>
<opset="add_ln106/5 "/>
</bind>
</comp>

<comp id="774" class="1004" name="zext_ln106_fu_774">
<pin_list>
<pin id="775" dir="0" index="0" bw="5" slack="0"/>
<pin id="776" dir="1" index="1" bw="64" slack="0"/>
</pin_list>
<bind>
<opcode="zext(34) " fcode="zext"/>
<opset="zext_ln106/5 "/>
</bind>
</comp>

<comp id="779" class="1004" name="zext_ln321_5_fu_779">
<pin_list>
<pin id="780" dir="0" index="0" bw="7" slack="1"/>
<pin id="781" dir="1" index="1" bw="64" slack="0"/>
</pin_list>
<bind>
<opcode="zext(34) " fcode="zext"/>
<opset="zext_ln321_5/6 "/>
</bind>
</comp>

<comp id="783" class="1004" name="icmp_ln110_fu_783">
<pin_list>
<pin id="784" dir="0" index="0" bw="4" slack="0"/>
<pin id="785" dir="0" index="1" bw="4" slack="0"/>
<pin id="786" dir="1" index="2" bw="1" slack="2147483647"/>
</pin_list>
<bind>
<opcode="icmp(45) " fcode="icmp"/>
<opset="icmp_ln110/7 "/>
</bind>
</comp>

<comp id="789" class="1004" name="i_12_fu_789">
<pin_list>
<pin id="790" dir="0" index="0" bw="4" slack="0"/>
<pin id="791" dir="0" index="1" bw="1" slack="0"/>
<pin id="792" dir="1" index="2" bw="4" slack="0"/>
</pin_list>
<bind>
<opcode="add(8) " fcode="add"/>
<opset="i_12/7 "/>
</bind>
</comp>

<comp id="795" class="1004" name="zext_ln111_fu_795">
<pin_list>
<pin id="796" dir="0" index="0" bw="4" slack="0"/>
<pin id="797" dir="1" index="1" bw="64" slack="0"/>
</pin_list>
<bind>
<opcode="zext(34) " fcode="zext"/>
<opset="zext_ln111/7 "/>
</bind>
</comp>

<comp id="800" class="1004" name="icmp_ln114_fu_800">
<pin_list>
<pin id="801" dir="0" index="0" bw="2" slack="0"/>
<pin id="802" dir="0" index="1" bw="2" slack="0"/>
<pin id="803" dir="1" index="2" bw="1" slack="2147483647"/>
</pin_list>
<bind>
<opcode="icmp(45) " fcode="icmp"/>
<opset="icmp_ln114/9 "/>
</bind>
</comp>

<comp id="806" class="1004" name="add_ln116_fu_806">
<pin_list>
<pin id="807" dir="0" index="0" bw="2" slack="0"/>
<pin id="808" dir="0" index="1" bw="1" slack="0"/>
<pin id="809" dir="1" index="2" bw="2" slack="0"/>
</pin_list>
<bind>
<opcode="add(8) " fcode="add"/>
<opset="add_ln116/9 "/>
</bind>
</comp>

<comp id="812" class="1004" name="tmp_18_fu_812">
<pin_list>
<pin id="813" dir="0" index="0" bw="5" slack="0"/>
<pin id="814" dir="0" index="1" bw="2" slack="0"/>
<pin id="815" dir="0" index="2" bw="1" slack="0"/>
<pin id="816" dir="1" index="3" bw="5" slack="0"/>
</pin_list>
<bind>
<opcode="bitconcatenate(1004) " fcode="bitconcatenate"/>
<opset="tmp_18/9 "/>
</bind>
</comp>

<comp id="820" class="1004" name="zext_ln116_fu_820">
<pin_list>
<pin id="821" dir="0" index="0" bw="5" slack="0"/>
<pin id="822" dir="1" index="1" bw="64" slack="0"/>
</pin_list>
<bind>
<opcode="zext(34) " fcode="zext"/>
<opset="zext_ln116/9 "/>
</bind>
</comp>

<comp id="825" class="1004" name="or_ln117_fu_825">
<pin_list>
<pin id="826" dir="0" index="0" bw="5" slack="0"/>
<pin id="827" dir="0" index="1" bw="1" slack="0"/>
<pin id="828" dir="1" index="2" bw="5" slack="0"/>
</pin_list>
<bind>
<opcode="or(24) " fcode="or"/>
<opset="or_ln117/9 "/>
</bind>
</comp>

<comp id="831" class="1004" name="tmp_19_fu_831">
<pin_list>
<pin id="832" dir="0" index="0" bw="64" slack="0"/>
<pin id="833" dir="0" index="1" bw="1" slack="0"/>
<pin id="834" dir="0" index="2" bw="5" slack="0"/>
<pin id="835" dir="1" index="3" bw="64" slack="0"/>
</pin_list>
<bind>
<opcode="bitconcatenate(1004) " fcode="bitconcatenate"/>
<opset="tmp_19/9 "/>
</bind>
</comp>

<comp id="840" class="1004" name="or_ln118_fu_840">
<pin_list>
<pin id="841" dir="0" index="0" bw="5" slack="1"/>
<pin id="842" dir="0" index="1" bw="3" slack="0"/>
<pin id="843" dir="1" index="2" bw="5" slack="0"/>
</pin_list>
<bind>
<opcode="or(24) " fcode="or"/>
<opset="or_ln118/10 "/>
</bind>
</comp>

<comp id="845" class="1004" name="tmp_20_fu_845">
<pin_list>
<pin id="846" dir="0" index="0" bw="64" slack="0"/>
<pin id="847" dir="0" index="1" bw="1" slack="0"/>
<pin id="848" dir="0" index="2" bw="5" slack="0"/>
<pin id="849" dir="1" index="3" bw="64" slack="0"/>
</pin_list>
<bind>
<opcode="bitconcatenate(1004) " fcode="bitconcatenate"/>
<opset="tmp_20/10 "/>
</bind>
</comp>

<comp id="854" class="1004" name="or_ln119_fu_854">
<pin_list>
<pin id="855" dir="0" index="0" bw="5" slack="1"/>
<pin id="856" dir="0" index="1" bw="3" slack="0"/>
<pin id="857" dir="1" index="2" bw="5" slack="0"/>
</pin_list>
<bind>
<opcode="or(24) " fcode="or"/>
<opset="or_ln119/10 "/>
</bind>
</comp>

<comp id="859" class="1004" name="tmp_21_fu_859">
<pin_list>
<pin id="860" dir="0" index="0" bw="64" slack="0"/>
<pin id="861" dir="0" index="1" bw="1" slack="0"/>
<pin id="862" dir="0" index="2" bw="5" slack="0"/>
<pin id="863" dir="1" index="3" bw="64" slack="0"/>
</pin_list>
<bind>
<opcode="bitconcatenate(1004) " fcode="bitconcatenate"/>
<opset="tmp_21/10 "/>
</bind>
</comp>

<comp id="868" class="1004" name="or_ln120_fu_868">
<pin_list>
<pin id="869" dir="0" index="0" bw="5" slack="2"/>
<pin id="870" dir="0" index="1" bw="4" slack="0"/>
<pin id="871" dir="1" index="2" bw="5" slack="0"/>
</pin_list>
<bind>
<opcode="or(24) " fcode="or"/>
<opset="or_ln120/11 "/>
</bind>
</comp>

<comp id="873" class="1004" name="tmp_22_fu_873">
<pin_list>
<pin id="874" dir="0" index="0" bw="64" slack="0"/>
<pin id="875" dir="0" index="1" bw="1" slack="0"/>
<pin id="876" dir="0" index="2" bw="5" slack="0"/>
<pin id="877" dir="1" index="3" bw="64" slack="0"/>
</pin_list>
<bind>
<opcode="bitconcatenate(1004) " fcode="bitconcatenate"/>
<opset="tmp_22/11 "/>
</bind>
</comp>

<comp id="882" class="1004" name="or_ln121_fu_882">
<pin_list>
<pin id="883" dir="0" index="0" bw="5" slack="2"/>
<pin id="884" dir="0" index="1" bw="4" slack="0"/>
<pin id="885" dir="1" index="2" bw="5" slack="0"/>
</pin_list>
<bind>
<opcode="or(24) " fcode="or"/>
<opset="or_ln121/11 "/>
</bind>
</comp>

<comp id="887" class="1004" name="tmp_23_fu_887">
<pin_list>
<pin id="888" dir="0" index="0" bw="64" slack="0"/>
<pin id="889" dir="0" index="1" bw="1" slack="0"/>
<pin id="890" dir="0" index="2" bw="5" slack="0"/>
<pin id="891" dir="1" index="3" bw="64" slack="0"/>
</pin_list>
<bind>
<opcode="bitconcatenate(1004) " fcode="bitconcatenate"/>
<opset="tmp_23/11 "/>
</bind>
</comp>

<comp id="896" class="1004" name="or_ln122_fu_896">
<pin_list>
<pin id="897" dir="0" index="0" bw="5" slack="3"/>
<pin id="898" dir="0" index="1" bw="4" slack="0"/>
<pin id="899" dir="1" index="2" bw="5" slack="0"/>
</pin_list>
<bind>
<opcode="or(24) " fcode="or"/>
<opset="or_ln122/12 "/>
</bind>
</comp>

<comp id="901" class="1004" name="tmp_24_fu_901">
<pin_list>
<pin id="902" dir="0" index="0" bw="64" slack="0"/>
<pin id="903" dir="0" index="1" bw="1" slack="0"/>
<pin id="904" dir="0" index="2" bw="5" slack="0"/>
<pin id="905" dir="1" index="3" bw="64" slack="0"/>
</pin_list>
<bind>
<opcode="bitconcatenate(1004) " fcode="bitconcatenate"/>
<opset="tmp_24/12 "/>
</bind>
</comp>

<comp id="910" class="1004" name="or_ln123_fu_910">
<pin_list>
<pin id="911" dir="0" index="0" bw="5" slack="3"/>
<pin id="912" dir="0" index="1" bw="4" slack="0"/>
<pin id="913" dir="1" index="2" bw="5" slack="0"/>
</pin_list>
<bind>
<opcode="or(24) " fcode="or"/>
<opset="or_ln123/12 "/>
</bind>
</comp>

<comp id="915" class="1004" name="tmp_25_fu_915">
<pin_list>
<pin id="916" dir="0" index="0" bw="64" slack="0"/>
<pin id="917" dir="0" index="1" bw="1" slack="0"/>
<pin id="918" dir="0" index="2" bw="5" slack="0"/>
<pin id="919" dir="1" index="3" bw="64" slack="0"/>
</pin_list>
<bind>
<opcode="bitconcatenate(1004) " fcode="bitconcatenate"/>
<opset="tmp_25/12 "/>
</bind>
</comp>

<comp id="924" class="1004" name="tmp_s_fu_924">
<pin_list>
<pin id="925" dir="0" index="0" bw="6" slack="0"/>
<pin id="926" dir="0" index="1" bw="2" slack="4"/>
<pin id="927" dir="0" index="2" bw="1" slack="0"/>
<pin id="928" dir="1" index="3" bw="6" slack="0"/>
</pin_list>
<bind>
<opcode="bitconcatenate(1004) " fcode="bitconcatenate"/>
<opset="tmp_s/13 "/>
</bind>
</comp>

<comp id="931" class="1004" name="zext_ln116_2_fu_931">
<pin_list>
<pin id="932" dir="0" index="0" bw="6" slack="0"/>
<pin id="933" dir="1" index="1" bw="7" slack="1"/>
</pin_list>
<bind>
<opcode="zext(34) " fcode="zext"/>
<opset="zext_ln116_2/13 "/>
</bind>
</comp>

<comp id="935" class="1004" name="icmp_ln127_fu_935">
<pin_list>
<pin id="936" dir="0" index="0" bw="7" slack="0"/>
<pin id="937" dir="0" index="1" bw="7" slack="0"/>
<pin id="938" dir="1" index="2" bw="1" slack="2147483647"/>
</pin_list>
<bind>
<opcode="icmp(45) " fcode="icmp"/>
<opset="icmp_ln127/14 "/>
</bind>
</comp>

<comp id="941" class="1004" name="j_2_fu_941">
<pin_list>
<pin id="942" dir="0" index="0" bw="7" slack="0"/>
<pin id="943" dir="0" index="1" bw="1" slack="0"/>
<pin id="944" dir="1" index="2" bw="7" slack="0"/>
</pin_list>
<bind>
<opcode="add(8) " fcode="add"/>
<opset="j_2/14 "/>
</bind>
</comp>

<comp id="947" class="1004" name="and_ln26_fu_947">
<pin_list>
<pin id="948" dir="0" index="0" bw="32" slack="0"/>
<pin id="949" dir="0" index="1" bw="32" slack="0"/>
<pin id="950" dir="1" index="2" bw="32" slack="0"/>
</pin_list>
<bind>
<opcode="and(23) " fcode="and"/>
<opset="and_ln26/14 "/>
</bind>
</comp>

<comp id="953" class="1004" name="xor_ln26_fu_953">
<pin_list>
<pin id="954" dir="0" index="0" bw="32" slack="0"/>
<pin id="955" dir="0" index="1" bw="1" slack="0"/>
<pin id="956" dir="1" index="2" bw="32" slack="0"/>
</pin_list>
<bind>
<opcode="xor(25) " fcode="xor"/>
<opset="xor_ln26/14 "/>
</bind>
</comp>

<comp id="959" class="1004" name="and_ln26_2_fu_959">
<pin_list>
<pin id="960" dir="0" index="0" bw="32" slack="0"/>
<pin id="961" dir="0" index="1" bw="32" slack="0"/>
<pin id="962" dir="1" index="2" bw="32" slack="0"/>
</pin_list>
<bind>
<opcode="and(23) " fcode="and"/>
<opset="and_ln26_2/14 "/>
</bind>
</comp>

<comp id="965" class="1004" name="ch_V_fu_965">
<pin_list>
<pin id="966" dir="0" index="0" bw="32" slack="0"/>
<pin id="967" dir="0" index="1" bw="32" slack="0"/>
<pin id="968" dir="1" index="2" bw="32" slack="3"/>
</pin_list>
<bind>
<opcode="xor(25) " fcode="xor"/>
<opset="ch_V/14 "/>
</bind>
</comp>

<comp id="971" class="1004" name="xor_ln31_fu_971">
<pin_list>
<pin id="972" dir="0" index="0" bw="32" slack="0"/>
<pin id="973" dir="0" index="1" bw="32" slack="0"/>
<pin id="974" dir="1" index="2" bw="32" slack="0"/>
</pin_list>
<bind>
<opcode="xor(25) " fcode="xor"/>
<opset="xor_ln31/14 "/>
</bind>
</comp>

<comp id="977" class="1004" name="and_ln31_fu_977">
<pin_list>
<pin id="978" dir="0" index="0" bw="32" slack="0"/>
<pin id="979" dir="0" index="1" bw="32" slack="0"/>
<pin id="980" dir="1" index="2" bw="32" slack="0"/>
</pin_list>
<bind>
<opcode="and(23) " fcode="and"/>
<opset="and_ln31/14 "/>
</bind>
</comp>

<comp id="983" class="1004" name="and_ln31_2_fu_983">
<pin_list>
<pin id="984" dir="0" index="0" bw="32" slack="0"/>
<pin id="985" dir="0" index="1" bw="32" slack="0"/>
<pin id="986" dir="1" index="2" bw="32" slack="0"/>
</pin_list>
<bind>
<opcode="and(23) " fcode="and"/>
<opset="and_ln31_2/14 "/>
</bind>
</comp>

<comp id="989" class="1004" name="maj_V_fu_989">
<pin_list>
<pin id="990" dir="0" index="0" bw="32" slack="0"/>
<pin id="991" dir="0" index="1" bw="32" slack="0"/>
<pin id="992" dir="1" index="2" bw="32" slack="6"/>
</pin_list>
<bind>
<opcode="xor(25) " fcode="xor"/>
<opset="maj_V/14 "/>
</bind>
</comp>

<comp id="995" class="1004" name="r_V_fu_995">
<pin_list>
<pin id="996" dir="0" index="0" bw="30" slack="0"/>
<pin id="997" dir="0" index="1" bw="32" slack="0"/>
<pin id="998" dir="0" index="2" bw="3" slack="0"/>
<pin id="999" dir="0" index="3" bw="6" slack="0"/>
<pin id="1000" dir="1" index="4" bw="30" slack="0"/>
</pin_list>
<bind>
<opcode="partselect(1002) " fcode="partselect"/>
<opset="r_V/14 "/>
</bind>
</comp>

<comp id="1005" class="1004" name="trunc_ln1503_fu_1005">
<pin_list>
<pin id="1006" dir="0" index="0" bw="32" slack="0"/>
<pin id="1007" dir="1" index="1" bw="2" slack="0"/>
</pin_list>
<bind>
<opcode="trunc(33) " fcode="trunc"/>
<opset="trunc_ln1503/14 "/>
</bind>
</comp>

<comp id="1009" class="1004" name="ret_V_39_fu_1009">
<pin_list>
<pin id="1010" dir="0" index="0" bw="32" slack="0"/>
<pin id="1011" dir="0" index="1" bw="2" slack="0"/>
<pin id="1012" dir="0" index="2" bw="30" slack="0"/>
<pin id="1013" dir="1" index="3" bw="32" slack="0"/>
</pin_list>
<bind>
<opcode="bitconcatenate(1004) " fcode="bitconcatenate"/>
<opset="ret_V_39/14 "/>
</bind>
</comp>

<comp id="1017" class="1004" name="r_V_s_fu_1017">
<pin_list>
<pin id="1018" dir="0" index="0" bw="19" slack="0"/>
<pin id="1019" dir="0" index="1" bw="32" slack="0"/>
<pin id="1020" dir="0" index="2" bw="5" slack="0"/>
<pin id="1021" dir="0" index="3" bw="6" slack="0"/>
<pin id="1022" dir="1" index="4" bw="19" slack="0"/>
</pin_list>
<bind>
<opcode="partselect(1002) " fcode="partselect"/>
<opset="r_V_s/14 "/>
</bind>
</comp>

<comp id="1027" class="1004" name="trunc_ln1503_10_fu_1027">
<pin_list>
<pin id="1028" dir="0" index="0" bw="32" slack="0"/>
<pin id="1029" dir="1" index="1" bw="13" slack="0"/>
</pin_list>
<bind>
<opcode="trunc(33) " fcode="trunc"/>
<opset="trunc_ln1503_10/14 "/>
</bind>
</comp>

<comp id="1031" class="1004" name="ret_V_40_fu_1031">
<pin_list>
<pin id="1032" dir="0" index="0" bw="32" slack="0"/>
<pin id="1033" dir="0" index="1" bw="13" slack="0"/>
<pin id="1034" dir="0" index="2" bw="19" slack="0"/>
<pin id="1035" dir="1" index="3" bw="32" slack="0"/>
</pin_list>
<bind>
<opcode="bitconcatenate(1004) " fcode="bitconcatenate"/>
<opset="ret_V_40/14 "/>
</bind>
</comp>

<comp id="1039" class="1004" name="r_V_11_fu_1039">
<pin_list>
<pin id="1040" dir="0" index="0" bw="10" slack="0"/>
<pin id="1041" dir="0" index="1" bw="32" slack="0"/>
<pin id="1042" dir="0" index="2" bw="6" slack="0"/>
<pin id="1043" dir="0" index="3" bw="6" slack="0"/>
<pin id="1044" dir="1" index="4" bw="10" slack="0"/>
</pin_list>
<bind>
<opcode="partselect(1002) " fcode="partselect"/>
<opset="r_V_11/14 "/>
</bind>
</comp>

<comp id="1049" class="1004" name="trunc_ln1503_11_fu_1049">
<pin_list>
<pin id="1050" dir="0" index="0" bw="32" slack="0"/>
<pin id="1051" dir="1" index="1" bw="22" slack="0"/>
</pin_list>
<bind>
<opcode="trunc(33) " fcode="trunc"/>
<opset="trunc_ln1503_11/14 "/>
</bind>
</comp>

<comp id="1053" class="1004" name="ret_V_41_fu_1053">
<pin_list>
<pin id="1054" dir="0" index="0" bw="32" slack="0"/>
<pin id="1055" dir="0" index="1" bw="22" slack="0"/>
<pin id="1056" dir="0" index="2" bw="10" slack="0"/>
<pin id="1057" dir="1" index="3" bw="32" slack="0"/>
</pin_list>
<bind>
<opcode="bitconcatenate(1004) " fcode="bitconcatenate"/>
<opset="ret_V_41/14 "/>
</bind>
</comp>

<comp id="1061" class="1004" name="xor_ln1357_fu_1061">
<pin_list>
<pin id="1062" dir="0" index="0" bw="32" slack="0"/>
<pin id="1063" dir="0" index="1" bw="32" slack="0"/>
<pin id="1064" dir="1" index="2" bw="32" slack="0"/>
</pin_list>
<bind>
<opcode="xor(25) " fcode="xor"/>
<opset="xor_ln1357/14 "/>
</bind>
</comp>

<comp id="1067" class="1004" name="ret_V_42_fu_1067">
<pin_list>
<pin id="1068" dir="0" index="0" bw="32" slack="0"/>
<pin id="1069" dir="0" index="1" bw="32" slack="0"/>
<pin id="1070" dir="1" index="2" bw="32" slack="6"/>
</pin_list>
<bind>
<opcode="xor(25) " fcode="xor"/>
<opset="ret_V_42/14 "/>
</bind>
</comp>

<comp id="1073" class="1004" name="r_V_12_fu_1073">
<pin_list>
<pin id="1074" dir="0" index="0" bw="26" slack="0"/>
<pin id="1075" dir="0" index="1" bw="32" slack="0"/>
<pin id="1076" dir="0" index="2" bw="4" slack="0"/>
<pin id="1077" dir="0" index="3" bw="6" slack="0"/>
<pin id="1078" dir="1" index="4" bw="26" slack="0"/>
</pin_list>
<bind>
<opcode="partselect(1002) " fcode="partselect"/>
<opset="r_V_12/14 "/>
</bind>
</comp>

<comp id="1083" class="1004" name="trunc_ln1503_12_fu_1083">
<pin_list>
<pin id="1084" dir="0" index="0" bw="32" slack="0"/>
<pin id="1085" dir="1" index="1" bw="6" slack="0"/>
</pin_list>
<bind>
<opcode="trunc(33) " fcode="trunc"/>
<opset="trunc_ln1503_12/14 "/>
</bind>
</comp>

<comp id="1087" class="1004" name="ret_V_43_fu_1087">
<pin_list>
<pin id="1088" dir="0" index="0" bw="32" slack="0"/>
<pin id="1089" dir="0" index="1" bw="6" slack="0"/>
<pin id="1090" dir="0" index="2" bw="26" slack="0"/>
<pin id="1091" dir="1" index="3" bw="32" slack="0"/>
</pin_list>
<bind>
<opcode="bitconcatenate(1004) " fcode="bitconcatenate"/>
<opset="ret_V_43/14 "/>
</bind>
</comp>

<comp id="1095" class="1004" name="r_V_13_fu_1095">
<pin_list>
<pin id="1096" dir="0" index="0" bw="21" slack="0"/>
<pin id="1097" dir="0" index="1" bw="32" slack="0"/>
<pin id="1098" dir="0" index="2" bw="5" slack="0"/>
<pin id="1099" dir="0" index="3" bw="6" slack="0"/>
<pin id="1100" dir="1" index="4" bw="21" slack="0"/>
</pin_list>
<bind>
<opcode="partselect(1002) " fcode="partselect"/>
<opset="r_V_13/14 "/>
</bind>
</comp>

<comp id="1105" class="1004" name="trunc_ln1503_13_fu_1105">
<pin_list>
<pin id="1106" dir="0" index="0" bw="32" slack="0"/>
<pin id="1107" dir="1" index="1" bw="11" slack="0"/>
</pin_list>
<bind>
<opcode="trunc(33) " fcode="trunc"/>
<opset="trunc_ln1503_13/14 "/>
</bind>
</comp>

<comp id="1109" class="1004" name="ret_V_44_fu_1109">
<pin_list>
<pin id="1110" dir="0" index="0" bw="32" slack="0"/>
<pin id="1111" dir="0" index="1" bw="11" slack="0"/>
<pin id="1112" dir="0" index="2" bw="21" slack="0"/>
<pin id="1113" dir="1" index="3" bw="32" slack="0"/>
</pin_list>
<bind>
<opcode="bitconcatenate(1004) " fcode="bitconcatenate"/>
<opset="ret_V_44/14 "/>
</bind>
</comp>

<comp id="1117" class="1004" name="r_V_14_fu_1117">
<pin_list>
<pin id="1118" dir="0" index="0" bw="7" slack="0"/>
<pin id="1119" dir="0" index="1" bw="32" slack="0"/>
<pin id="1120" dir="0" index="2" bw="6" slack="0"/>
<pin id="1121" dir="0" index="3" bw="6" slack="0"/>
<pin id="1122" dir="1" index="4" bw="7" slack="0"/>
</pin_list>
<bind>
<opcode="partselect(1002) " fcode="partselect"/>
<opset="r_V_14/14 "/>
</bind>
</comp>

<comp id="1127" class="1004" name="trunc_ln1503_14_fu_1127">
<pin_list>
<pin id="1128" dir="0" index="0" bw="32" slack="0"/>
<pin id="1129" dir="1" index="1" bw="25" slack="0"/>
</pin_list>
<bind>
<opcode="trunc(33) " fcode="trunc"/>
<opset="trunc_ln1503_14/14 "/>
</bind>
</comp>

<comp id="1131" class="1004" name="ret_V_45_fu_1131">
<pin_list>
<pin id="1132" dir="0" index="0" bw="32" slack="0"/>
<pin id="1133" dir="0" index="1" bw="25" slack="0"/>
<pin id="1134" dir="0" index="2" bw="7" slack="0"/>
<pin id="1135" dir="1" index="3" bw="32" slack="0"/>
</pin_list>
<bind>
<opcode="bitconcatenate(1004) " fcode="bitconcatenate"/>
<opset="ret_V_45/14 "/>
</bind>
</comp>

<comp id="1139" class="1004" name="xor_ln1357_9_fu_1139">
<pin_list>
<pin id="1140" dir="0" index="0" bw="32" slack="0"/>
<pin id="1141" dir="0" index="1" bw="32" slack="0"/>
<pin id="1142" dir="1" index="2" bw="32" slack="0"/>
</pin_list>
<bind>
<opcode="xor(25) " fcode="xor"/>
<opset="xor_ln1357_9/14 "/>
</bind>
</comp>

<comp id="1145" class="1004" name="ret_V_46_fu_1145">
<pin_list>
<pin id="1146" dir="0" index="0" bw="32" slack="0"/>
<pin id="1147" dir="0" index="1" bw="32" slack="0"/>
<pin id="1148" dir="1" index="2" bw="32" slack="3"/>
</pin_list>
<bind>
<opcode="xor(25) " fcode="xor"/>
<opset="ret_V_46/14 "/>
</bind>
</comp>

<comp id="1151" class="1004" name="tmp_34_fu_1151">
<pin_list>
<pin id="1152" dir="0" index="0" bw="3" slack="0"/>
<pin id="1153" dir="0" index="1" bw="7" slack="0"/>
<pin id="1154" dir="0" index="2" bw="4" slack="0"/>
<pin id="1155" dir="0" index="3" bw="4" slack="0"/>
<pin id="1156" dir="1" index="4" bw="3" slack="0"/>
</pin_list>
<bind>
<opcode="partselect(1002) " fcode="partselect"/>
<opset="tmp_34/14 "/>
</bind>
</comp>

<comp id="1161" class="1004" name="icmp_ln134_fu_1161">
<pin_list>
<pin id="1162" dir="0" index="0" bw="3" slack="0"/>
<pin id="1163" dir="0" index="1" bw="1" slack="0"/>
<pin id="1164" dir="1" index="2" bw="1" slack="3"/>
</pin_list>
<bind>
<opcode="icmp(45) " fcode="icmp"/>
<opset="icmp_ln134/14 "/>
</bind>
</comp>

<comp id="1167" class="1004" name="zext_ln135_fu_1167">
<pin_list>
<pin id="1168" dir="0" index="0" bw="7" slack="0"/>
<pin id="1169" dir="1" index="1" bw="64" slack="1"/>
</pin_list>
<bind>
<opcode="zext(34) " fcode="zext"/>
<opset="zext_ln135/14 "/>
</bind>
</comp>

<comp id="1171" class="1004" name="add_ln321_2_fu_1171">
<pin_list>
<pin id="1172" dir="0" index="0" bw="6" slack="1"/>
<pin id="1173" dir="0" index="1" bw="7" slack="0"/>
<pin id="1174" dir="1" index="2" bw="7" slack="0"/>
</pin_list>
<bind>
<opcode="add(8) " fcode="add"/>
<opset="add_ln321_2/14 "/>
</bind>
</comp>

<comp id="1176" class="1004" name="zext_ln321_7_fu_1176">
<pin_list>
<pin id="1177" dir="0" index="0" bw="7" slack="0"/>
<pin id="1178" dir="1" index="1" bw="64" slack="0"/>
</pin_list>
<bind>
<opcode="zext(34) " fcode="zext"/>
<opset="zext_ln321_7/14 "/>
</bind>
</comp>

<comp id="1181" class="1004" name="add_ln137_fu_1181">
<pin_list>
<pin id="1182" dir="0" index="0" bw="2" slack="0"/>
<pin id="1183" dir="0" index="1" bw="7" slack="0"/>
<pin id="1184" dir="1" index="2" bw="7" slack="0"/>
</pin_list>
<bind>
<opcode="add(8) " fcode="add"/>
<opset="add_ln137/14 "/>
</bind>
</comp>

<comp id="1187" class="1004" name="zext_ln137_fu_1187">
<pin_list>
<pin id="1188" dir="0" index="0" bw="7" slack="0"/>
<pin id="1189" dir="1" index="1" bw="64" slack="0"/>
</pin_list>
<bind>
<opcode="zext(34) " fcode="zext"/>
<opset="zext_ln137/14 "/>
</bind>
</comp>

<comp id="1192" class="1004" name="add_ln137_1_fu_1192">
<pin_list>
<pin id="1193" dir="0" index="0" bw="4" slack="0"/>
<pin id="1194" dir="0" index="1" bw="7" slack="0"/>
<pin id="1195" dir="1" index="2" bw="7" slack="0"/>
</pin_list>
<bind>
<opcode="add(8) " fcode="add"/>
<opset="add_ln137_1/14 "/>
</bind>
</comp>

<comp id="1198" class="1004" name="zext_ln137_4_fu_1198">
<pin_list>
<pin id="1199" dir="0" index="0" bw="7" slack="0"/>
<pin id="1200" dir="1" index="1" bw="64" slack="0"/>
</pin_list>
<bind>
<opcode="zext(34) " fcode="zext"/>
<opset="zext_ln137_4/14 "/>
</bind>
</comp>

<comp id="1203" class="1004" name="tmp_26_fu_1203">
<pin_list>
<pin id="1204" dir="0" index="0" bw="5" slack="0"/>
<pin id="1205" dir="0" index="1" bw="2" slack="5"/>
<pin id="1206" dir="0" index="2" bw="1" slack="0"/>
<pin id="1207" dir="1" index="3" bw="5" slack="0"/>
</pin_list>
<bind>
<opcode="bitconcatenate(1004) " fcode="bitconcatenate"/>
<opset="tmp_26/14 "/>
</bind>
</comp>

<comp id="1211" class="1004" name="zext_ln321_4_fu_1211">
<pin_list>
<pin id="1212" dir="0" index="0" bw="5" slack="0"/>
<pin id="1213" dir="1" index="1" bw="64" slack="0"/>
</pin_list>
<bind>
<opcode="zext(34) " fcode="zext"/>
<opset="zext_ln321_4/14 "/>
</bind>
</comp>

<comp id="1216" class="1004" name="or_ln321_fu_1216">
<pin_list>
<pin id="1217" dir="0" index="0" bw="5" slack="0"/>
<pin id="1218" dir="0" index="1" bw="1" slack="0"/>
<pin id="1219" dir="1" index="2" bw="5" slack="0"/>
</pin_list>
<bind>
<opcode="or(24) " fcode="or"/>
<opset="or_ln321/14 "/>
</bind>
</comp>

<comp id="1222" class="1004" name="tmp_27_fu_1222">
<pin_list>
<pin id="1223" dir="0" index="0" bw="64" slack="0"/>
<pin id="1224" dir="0" index="1" bw="1" slack="0"/>
<pin id="1225" dir="0" index="2" bw="5" slack="0"/>
<pin id="1226" dir="1" index="3" bw="64" slack="0"/>
</pin_list>
<bind>
<opcode="bitconcatenate(1004) " fcode="bitconcatenate"/>
<opset="tmp_27/14 "/>
</bind>
</comp>

<comp id="1231" class="1004" name="add_ln209_fu_1231">
<pin_list>
<pin id="1232" dir="0" index="0" bw="32" slack="0"/>
<pin id="1233" dir="0" index="1" bw="32" slack="4"/>
<pin id="1234" dir="1" index="2" bw="32" slack="0"/>
</pin_list>
<bind>
<opcode="add(8) " fcode="add"/>
<opset="add_ln209/14 "/>
</bind>
</comp>

<comp id="1237" class="1004" name="add_ln209_1_fu_1237">
<pin_list>
<pin id="1238" dir="0" index="0" bw="32" slack="0"/>
<pin id="1239" dir="0" index="1" bw="32" slack="4"/>
<pin id="1240" dir="1" index="2" bw="32" slack="0"/>
</pin_list>
<bind>
<opcode="add(8) " fcode="add"/>
<opset="add_ln209_1/14 "/>
</bind>
</comp>

<comp id="1243" class="1004" name="add_ln209_2_fu_1243">
<pin_list>
<pin id="1244" dir="0" index="0" bw="32" slack="0"/>
<pin id="1245" dir="0" index="1" bw="32" slack="3"/>
<pin id="1246" dir="1" index="2" bw="32" slack="1"/>
</pin_list>
<bind>
<opcode="add(8) " fcode="add"/>
<opset="add_ln209_2/14 "/>
</bind>
</comp>

<comp id="1248" class="1004" name="add_ln209_4_fu_1248">
<pin_list>
<pin id="1249" dir="0" index="0" bw="32" slack="0"/>
<pin id="1250" dir="0" index="1" bw="32" slack="2"/>
<pin id="1251" dir="1" index="2" bw="32" slack="2"/>
</pin_list>
<bind>
<opcode="add(8) " fcode="add"/>
<opset="add_ln209_4/14 "/>
</bind>
</comp>

<comp id="1253" class="1004" name="add_ln209_5_fu_1253">
<pin_list>
<pin id="1254" dir="0" index="0" bw="32" slack="0"/>
<pin id="1255" dir="0" index="1" bw="32" slack="2"/>
<pin id="1256" dir="1" index="2" bw="32" slack="2"/>
</pin_list>
<bind>
<opcode="add(8) " fcode="add"/>
<opset="add_ln209_5/14 "/>
</bind>
</comp>

<comp id="1258" class="1004" name="add_ln209_6_fu_1258">
<pin_list>
<pin id="1259" dir="0" index="0" bw="32" slack="0"/>
<pin id="1260" dir="0" index="1" bw="32" slack="1"/>
<pin id="1261" dir="1" index="2" bw="32" slack="3"/>
</pin_list>
<bind>
<opcode="add(8) " fcode="add"/>
<opset="add_ln209_6/14 "/>
</bind>
</comp>

<comp id="1263" class="1004" name="i_14_fu_1263">
<pin_list>
<pin id="1264" dir="0" index="0" bw="2" slack="5"/>
<pin id="1265" dir="0" index="1" bw="1" slack="0"/>
<pin id="1266" dir="1" index="2" bw="2" slack="1"/>
</pin_list>
<bind>
<opcode="add(8) " fcode="add"/>
<opset="i_14/14 "/>
</bind>
</comp>

<comp id="1269" class="1004" name="add_ln137_2_fu_1269">
<pin_list>
<pin id="1270" dir="0" index="0" bw="5" slack="0"/>
<pin id="1271" dir="0" index="1" bw="7" slack="1"/>
<pin id="1272" dir="1" index="2" bw="7" slack="0"/>
</pin_list>
<bind>
<opcode="add(8) " fcode="add"/>
<opset="add_ln137_2/15 "/>
</bind>
</comp>

<comp id="1275" class="1004" name="zext_ln137_5_fu_1275">
<pin_list>
<pin id="1276" dir="0" index="0" bw="7" slack="0"/>
<pin id="1277" dir="1" index="1" bw="64" slack="0"/>
</pin_list>
<bind>
<opcode="zext(34) " fcode="zext"/>
<opset="zext_ln137_5/15 "/>
</bind>
</comp>

<comp id="1280" class="1004" name="add_ln137_3_fu_1280">
<pin_list>
<pin id="1281" dir="0" index="0" bw="5" slack="0"/>
<pin id="1282" dir="0" index="1" bw="7" slack="1"/>
<pin id="1283" dir="1" index="2" bw="7" slack="0"/>
</pin_list>
<bind>
<opcode="add(8) " fcode="add"/>
<opset="add_ln137_3/15 "/>
</bind>
</comp>

<comp id="1286" class="1004" name="zext_ln137_6_fu_1286">
<pin_list>
<pin id="1287" dir="0" index="0" bw="7" slack="0"/>
<pin id="1288" dir="1" index="1" bw="64" slack="0"/>
</pin_list>
<bind>
<opcode="zext(34) " fcode="zext"/>
<opset="zext_ln137_6/15 "/>
</bind>
</comp>

<comp id="1291" class="1004" name="r_V_15_fu_1291">
<pin_list>
<pin id="1292" dir="0" index="0" bw="15" slack="0"/>
<pin id="1293" dir="0" index="1" bw="32" slack="1"/>
<pin id="1294" dir="0" index="2" bw="6" slack="0"/>
<pin id="1295" dir="0" index="3" bw="6" slack="0"/>
<pin id="1296" dir="1" index="4" bw="15" slack="0"/>
</pin_list>
<bind>
<opcode="partselect(1002) " fcode="partselect"/>
<opset="r_V_15/16 "/>
</bind>
</comp>

<comp id="1301" class="1004" name="trunc_ln1503_15_fu_1301">
<pin_list>
<pin id="1302" dir="0" index="0" bw="32" slack="1"/>
<pin id="1303" dir="1" index="1" bw="17" slack="0"/>
</pin_list>
<bind>
<opcode="trunc(33) " fcode="trunc"/>
<opset="trunc_ln1503_15/16 "/>
</bind>
</comp>

<comp id="1305" class="1004" name="ret_V_47_fu_1305">
<pin_list>
<pin id="1306" dir="0" index="0" bw="32" slack="0"/>
<pin id="1307" dir="0" index="1" bw="17" slack="0"/>
<pin id="1308" dir="0" index="2" bw="15" slack="0"/>
<pin id="1309" dir="1" index="3" bw="32" slack="0"/>
</pin_list>
<bind>
<opcode="bitconcatenate(1004) " fcode="bitconcatenate"/>
<opset="ret_V_47/16 "/>
</bind>
</comp>

<comp id="1313" class="1004" name="r_V_16_fu_1313">
<pin_list>
<pin id="1314" dir="0" index="0" bw="13" slack="0"/>
<pin id="1315" dir="0" index="1" bw="32" slack="1"/>
<pin id="1316" dir="0" index="2" bw="6" slack="0"/>
<pin id="1317" dir="0" index="3" bw="6" slack="0"/>
<pin id="1318" dir="1" index="4" bw="13" slack="0"/>
</pin_list>
<bind>
<opcode="partselect(1002) " fcode="partselect"/>
<opset="r_V_16/16 "/>
</bind>
</comp>

<comp id="1323" class="1004" name="trunc_ln1503_16_fu_1323">
<pin_list>
<pin id="1324" dir="0" index="0" bw="32" slack="1"/>
<pin id="1325" dir="1" index="1" bw="19" slack="0"/>
</pin_list>
<bind>
<opcode="trunc(33) " fcode="trunc"/>
<opset="trunc_ln1503_16/16 "/>
</bind>
</comp>

<comp id="1327" class="1004" name="ret_V_48_fu_1327">
<pin_list>
<pin id="1328" dir="0" index="0" bw="32" slack="0"/>
<pin id="1329" dir="0" index="1" bw="19" slack="0"/>
<pin id="1330" dir="0" index="2" bw="13" slack="0"/>
<pin id="1331" dir="1" index="3" bw="32" slack="0"/>
</pin_list>
<bind>
<opcode="bitconcatenate(1004) " fcode="bitconcatenate"/>
<opset="ret_V_48/16 "/>
</bind>
</comp>

<comp id="1335" class="1004" name="r_V_17_fu_1335">
<pin_list>
<pin id="1336" dir="0" index="0" bw="22" slack="0"/>
<pin id="1337" dir="0" index="1" bw="32" slack="1"/>
<pin id="1338" dir="0" index="2" bw="5" slack="0"/>
<pin id="1339" dir="0" index="3" bw="6" slack="0"/>
<pin id="1340" dir="1" index="4" bw="22" slack="0"/>
</pin_list>
<bind>
<opcode="partselect(1002) " fcode="partselect"/>
<opset="r_V_17/16 "/>
</bind>
</comp>

<comp id="1345" class="1004" name="r_V_23_fu_1345">
<pin_list>
<pin id="1346" dir="0" index="0" bw="22" slack="0"/>
<pin id="1347" dir="1" index="1" bw="32" slack="0"/>
</pin_list>
<bind>
<opcode="zext(34) " fcode="zext"/>
<opset="r_V_23/16 "/>
</bind>
</comp>

<comp id="1349" class="1004" name="xor_ln1357_11_fu_1349">
<pin_list>
<pin id="1350" dir="0" index="0" bw="22" slack="0"/>
<pin id="1351" dir="0" index="1" bw="32" slack="0"/>
<pin id="1352" dir="1" index="2" bw="32" slack="0"/>
</pin_list>
<bind>
<opcode="xor(25) " fcode="xor"/>
<opset="xor_ln1357_11/16 "/>
</bind>
</comp>

<comp id="1355" class="1004" name="ret_V_fu_1355">
<pin_list>
<pin id="1356" dir="0" index="0" bw="32" slack="0"/>
<pin id="1357" dir="0" index="1" bw="32" slack="0"/>
<pin id="1358" dir="1" index="2" bw="32" slack="0"/>
</pin_list>
<bind>
<opcode="xor(25) " fcode="xor"/>
<opset="ret_V/16 "/>
</bind>
</comp>

<comp id="1361" class="1004" name="r_V_18_fu_1361">
<pin_list>
<pin id="1362" dir="0" index="0" bw="25" slack="0"/>
<pin id="1363" dir="0" index="1" bw="32" slack="0"/>
<pin id="1364" dir="0" index="2" bw="4" slack="0"/>
<pin id="1365" dir="0" index="3" bw="6" slack="0"/>
<pin id="1366" dir="1" index="4" bw="25" slack="0"/>
</pin_list>
<bind>
<opcode="partselect(1002) " fcode="partselect"/>
<opset="r_V_18/16 "/>
</bind>
</comp>

<comp id="1371" class="1004" name="trunc_ln1503_17_fu_1371">
<pin_list>
<pin id="1372" dir="0" index="0" bw="32" slack="0"/>
<pin id="1373" dir="1" index="1" bw="7" slack="0"/>
</pin_list>
<bind>
<opcode="trunc(33) " fcode="trunc"/>
<opset="trunc_ln1503_17/16 "/>
</bind>
</comp>

<comp id="1375" class="1004" name="ret_V_49_fu_1375">
<pin_list>
<pin id="1376" dir="0" index="0" bw="32" slack="0"/>
<pin id="1377" dir="0" index="1" bw="7" slack="0"/>
<pin id="1378" dir="0" index="2" bw="25" slack="0"/>
<pin id="1379" dir="1" index="3" bw="32" slack="0"/>
</pin_list>
<bind>
<opcode="bitconcatenate(1004) " fcode="bitconcatenate"/>
<opset="ret_V_49/16 "/>
</bind>
</comp>

<comp id="1383" class="1004" name="r_V_19_fu_1383">
<pin_list>
<pin id="1384" dir="0" index="0" bw="14" slack="0"/>
<pin id="1385" dir="0" index="1" bw="32" slack="0"/>
<pin id="1386" dir="0" index="2" bw="6" slack="0"/>
<pin id="1387" dir="0" index="3" bw="6" slack="0"/>
<pin id="1388" dir="1" index="4" bw="14" slack="0"/>
</pin_list>
<bind>
<opcode="partselect(1002) " fcode="partselect"/>
<opset="r_V_19/16 "/>
</bind>
</comp>

<comp id="1393" class="1004" name="trunc_ln1503_18_fu_1393">
<pin_list>
<pin id="1394" dir="0" index="0" bw="32" slack="0"/>
<pin id="1395" dir="1" index="1" bw="18" slack="0"/>
</pin_list>
<bind>
<opcode="trunc(33) " fcode="trunc"/>
<opset="trunc_ln1503_18/16 "/>
</bind>
</comp>

<comp id="1397" class="1004" name="ret_V_50_fu_1397">
<pin_list>
<pin id="1398" dir="0" index="0" bw="32" slack="0"/>
<pin id="1399" dir="0" index="1" bw="18" slack="0"/>
<pin id="1400" dir="0" index="2" bw="14" slack="0"/>
<pin id="1401" dir="1" index="3" bw="32" slack="0"/>
</pin_list>
<bind>
<opcode="bitconcatenate(1004) " fcode="bitconcatenate"/>
<opset="ret_V_50/16 "/>
</bind>
</comp>

<comp id="1405" class="1004" name="r_V_20_fu_1405">
<pin_list>
<pin id="1406" dir="0" index="0" bw="29" slack="0"/>
<pin id="1407" dir="0" index="1" bw="32" slack="0"/>
<pin id="1408" dir="0" index="2" bw="3" slack="0"/>
<pin id="1409" dir="0" index="3" bw="6" slack="0"/>
<pin id="1410" dir="1" index="4" bw="29" slack="0"/>
</pin_list>
<bind>
<opcode="partselect(1002) " fcode="partselect"/>
<opset="r_V_20/16 "/>
</bind>
</comp>

<comp id="1415" class="1004" name="r_V_24_fu_1415">
<pin_list>
<pin id="1416" dir="0" index="0" bw="29" slack="0"/>
<pin id="1417" dir="1" index="1" bw="32" slack="0"/>
</pin_list>
<bind>
<opcode="zext(34) " fcode="zext"/>
<opset="r_V_24/16 "/>
</bind>
</comp>

<comp id="1419" class="1004" name="xor_ln1357_13_fu_1419">
<pin_list>
<pin id="1420" dir="0" index="0" bw="29" slack="0"/>
<pin id="1421" dir="0" index="1" bw="32" slack="0"/>
<pin id="1422" dir="1" index="2" bw="32" slack="0"/>
</pin_list>
<bind>
<opcode="xor(25) " fcode="xor"/>
<opset="xor_ln1357_13/16 "/>
</bind>
</comp>

<comp id="1425" class="1004" name="ret_V_38_fu_1425">
<pin_list>
<pin id="1426" dir="0" index="0" bw="32" slack="0"/>
<pin id="1427" dir="0" index="1" bw="32" slack="0"/>
<pin id="1428" dir="1" index="2" bw="32" slack="0"/>
</pin_list>
<bind>
<opcode="xor(25) " fcode="xor"/>
<opset="ret_V_38/16 "/>
</bind>
</comp>

<comp id="1431" class="1004" name="add_ln209_19_fu_1431">
<pin_list>
<pin id="1432" dir="0" index="0" bw="32" slack="0"/>
<pin id="1433" dir="0" index="1" bw="32" slack="0"/>
<pin id="1434" dir="1" index="2" bw="32" slack="1"/>
</pin_list>
<bind>
<opcode="add(8) " fcode="add"/>
<opset="add_ln209_19/16 "/>
</bind>
</comp>

<comp id="1437" class="1004" name="add_ln209_18_fu_1437">
<pin_list>
<pin id="1438" dir="0" index="0" bw="32" slack="2"/>
<pin id="1439" dir="0" index="1" bw="32" slack="1"/>
<pin id="1440" dir="1" index="2" bw="32" slack="0"/>
</pin_list>
<bind>
<opcode="add(8) " fcode="add"/>
<opset="add_ln209_18/17 "/>
</bind>
</comp>

<comp id="1442" class="1004" name="add_ln209_10_fu_1442">
<pin_list>
<pin id="1443" dir="0" index="0" bw="32" slack="1"/>
<pin id="1444" dir="0" index="1" bw="32" slack="0"/>
<pin id="1445" dir="1" index="2" bw="32" slack="0"/>
</pin_list>
<bind>
<opcode="add(8) " fcode="add"/>
<opset="add_ln209_10/17 "/>
</bind>
</comp>

<comp id="1448" class="1004" name="add_ln209_21_fu_1448">
<pin_list>
<pin id="1449" dir="0" index="0" bw="32" slack="3"/>
<pin id="1450" dir="0" index="1" bw="32" slack="3"/>
<pin id="1451" dir="1" index="2" bw="32" slack="0"/>
</pin_list>
<bind>
<opcode="add(8) " fcode="add"/>
<opset="add_ln209_21/17 "/>
</bind>
</comp>

<comp id="1453" class="1004" name="add_ln209_22_fu_1453">
<pin_list>
<pin id="1454" dir="0" index="0" bw="32" slack="0"/>
<pin id="1455" dir="0" index="1" bw="32" slack="3"/>
<pin id="1456" dir="1" index="2" bw="32" slack="2"/>
</pin_list>
<bind>
<opcode="add(8) " fcode="add"/>
<opset="add_ln209_22/17 "/>
</bind>
</comp>

<comp id="1458" class="1004" name="add_ln209_20_fu_1458">
<pin_list>
<pin id="1459" dir="0" index="0" bw="32" slack="0"/>
<pin id="1460" dir="0" index="1" bw="32" slack="0"/>
<pin id="1461" dir="1" index="2" bw="32" slack="0"/>
</pin_list>
<bind>
<opcode="add(8) " fcode="add"/>
<opset="add_ln209_20/20 "/>
</bind>
</comp>

<comp id="1464" class="1004" name="T1_V_fu_1464">
<pin_list>
<pin id="1465" dir="0" index="0" bw="32" slack="2"/>
<pin id="1466" dir="0" index="1" bw="32" slack="0"/>
<pin id="1467" dir="1" index="2" bw="32" slack="1"/>
</pin_list>
<bind>
<opcode="add(8) " fcode="add"/>
<opset="T1_V/20 "/>
</bind>
</comp>

<comp id="1469" class="1004" name="e_V_2_fu_1469">
<pin_list>
<pin id="1470" dir="0" index="0" bw="32" slack="6"/>
<pin id="1471" dir="0" index="1" bw="32" slack="1"/>
<pin id="1472" dir="1" index="2" bw="32" slack="1"/>
</pin_list>
<bind>
<opcode="add(8) " fcode="add"/>
<opset="e_V_2/21 "/>
</bind>
</comp>

<comp id="1474" class="1004" name="add_ln209_25_fu_1474">
<pin_list>
<pin id="1475" dir="0" index="0" bw="32" slack="6"/>
<pin id="1476" dir="0" index="1" bw="32" slack="1"/>
<pin id="1477" dir="1" index="2" bw="32" slack="0"/>
</pin_list>
<bind>
<opcode="add(8) " fcode="add"/>
<opset="add_ln209_25/21 "/>
</bind>
</comp>

<comp id="1478" class="1004" name="a_V_2_fu_1478">
<pin_list>
<pin id="1479" dir="0" index="0" bw="32" slack="0"/>
<pin id="1480" dir="0" index="1" bw="32" slack="6"/>
<pin id="1481" dir="1" index="2" bw="32" slack="1"/>
</pin_list>
<bind>
<opcode="add(8) " fcode="add"/>
<opset="a_V_2/21 "/>
</bind>
</comp>

<comp id="1483" class="1004" name="or_ln321_7_fu_1483">
<pin_list>
<pin id="1484" dir="0" index="0" bw="5" slack="1"/>
<pin id="1485" dir="0" index="1" bw="3" slack="0"/>
<pin id="1486" dir="1" index="2" bw="5" slack="0"/>
</pin_list>
<bind>
<opcode="or(24) " fcode="or"/>
<opset="or_ln321_7/22 "/>
</bind>
</comp>

<comp id="1488" class="1004" name="tmp_28_fu_1488">
<pin_list>
<pin id="1489" dir="0" index="0" bw="64" slack="0"/>
<pin id="1490" dir="0" index="1" bw="1" slack="0"/>
<pin id="1491" dir="0" index="2" bw="5" slack="0"/>
<pin id="1492" dir="1" index="3" bw="64" slack="0"/>
</pin_list>
<bind>
<opcode="bitconcatenate(1004) " fcode="bitconcatenate"/>
<opset="tmp_28/22 "/>
</bind>
</comp>

<comp id="1497" class="1004" name="or_ln321_8_fu_1497">
<pin_list>
<pin id="1498" dir="0" index="0" bw="5" slack="1"/>
<pin id="1499" dir="0" index="1" bw="3" slack="0"/>
<pin id="1500" dir="1" index="2" bw="5" slack="0"/>
</pin_list>
<bind>
<opcode="or(24) " fcode="or"/>
<opset="or_ln321_8/22 "/>
</bind>
</comp>

<comp id="1502" class="1004" name="tmp_29_fu_1502">
<pin_list>
<pin id="1503" dir="0" index="0" bw="64" slack="0"/>
<pin id="1504" dir="0" index="1" bw="1" slack="0"/>
<pin id="1505" dir="0" index="2" bw="5" slack="0"/>
<pin id="1506" dir="1" index="3" bw="64" slack="0"/>
</pin_list>
<bind>
<opcode="bitconcatenate(1004) " fcode="bitconcatenate"/>
<opset="tmp_29/22 "/>
</bind>
</comp>

<comp id="1511" class="1004" name="add_ln209_3_fu_1511">
<pin_list>
<pin id="1512" dir="0" index="0" bw="32" slack="1"/>
<pin id="1513" dir="0" index="1" bw="32" slack="4"/>
<pin id="1514" dir="1" index="2" bw="32" slack="0"/>
</pin_list>
<bind>
<opcode="add(8) " fcode="add"/>
<opset="add_ln209_3/22 "/>
</bind>
</comp>

<comp id="1517" class="1004" name="or_ln321_9_fu_1517">
<pin_list>
<pin id="1518" dir="0" index="0" bw="5" slack="2"/>
<pin id="1519" dir="0" index="1" bw="4" slack="0"/>
<pin id="1520" dir="1" index="2" bw="5" slack="0"/>
</pin_list>
<bind>
<opcode="or(24) " fcode="or"/>
<opset="or_ln321_9/23 "/>
</bind>
</comp>

<comp id="1522" class="1004" name="tmp_30_fu_1522">
<pin_list>
<pin id="1523" dir="0" index="0" bw="64" slack="0"/>
<pin id="1524" dir="0" index="1" bw="1" slack="0"/>
<pin id="1525" dir="0" index="2" bw="5" slack="0"/>
<pin id="1526" dir="1" index="3" bw="64" slack="0"/>
</pin_list>
<bind>
<opcode="bitconcatenate(1004) " fcode="bitconcatenate"/>
<opset="tmp_30/23 "/>
</bind>
</comp>

<comp id="1531" class="1004" name="or_ln321_10_fu_1531">
<pin_list>
<pin id="1532" dir="0" index="0" bw="5" slack="2"/>
<pin id="1533" dir="0" index="1" bw="4" slack="0"/>
<pin id="1534" dir="1" index="2" bw="5" slack="0"/>
</pin_list>
<bind>
<opcode="or(24) " fcode="or"/>
<opset="or_ln321_10/23 "/>
</bind>
</comp>

<comp id="1536" class="1004" name="tmp_31_fu_1536">
<pin_list>
<pin id="1537" dir="0" index="0" bw="64" slack="0"/>
<pin id="1538" dir="0" index="1" bw="1" slack="0"/>
<pin id="1539" dir="0" index="2" bw="5" slack="0"/>
<pin id="1540" dir="1" index="3" bw="64" slack="0"/>
</pin_list>
<bind>
<opcode="bitconcatenate(1004) " fcode="bitconcatenate"/>
<opset="tmp_31/23 "/>
</bind>
</comp>

<comp id="1545" class="1004" name="or_ln321_11_fu_1545">
<pin_list>
<pin id="1546" dir="0" index="0" bw="5" slack="3"/>
<pin id="1547" dir="0" index="1" bw="4" slack="0"/>
<pin id="1548" dir="1" index="2" bw="5" slack="0"/>
</pin_list>
<bind>
<opcode="or(24) " fcode="or"/>
<opset="or_ln321_11/24 "/>
</bind>
</comp>

<comp id="1550" class="1004" name="tmp_32_fu_1550">
<pin_list>
<pin id="1551" dir="0" index="0" bw="64" slack="0"/>
<pin id="1552" dir="0" index="1" bw="1" slack="0"/>
<pin id="1553" dir="0" index="2" bw="5" slack="0"/>
<pin id="1554" dir="1" index="3" bw="64" slack="0"/>
</pin_list>
<bind>
<opcode="bitconcatenate(1004) " fcode="bitconcatenate"/>
<opset="tmp_32/24 "/>
</bind>
</comp>

<comp id="1559" class="1004" name="or_ln321_12_fu_1559">
<pin_list>
<pin id="1560" dir="0" index="0" bw="5" slack="3"/>
<pin id="1561" dir="0" index="1" bw="4" slack="0"/>
<pin id="1562" dir="1" index="2" bw="5" slack="0"/>
</pin_list>
<bind>
<opcode="or(24) " fcode="or"/>
<opset="or_ln321_12/24 "/>
</bind>
</comp>

<comp id="1564" class="1004" name="tmp_33_fu_1564">
<pin_list>
<pin id="1565" dir="0" index="0" bw="64" slack="0"/>
<pin id="1566" dir="0" index="1" bw="1" slack="0"/>
<pin id="1567" dir="0" index="2" bw="5" slack="0"/>
<pin id="1568" dir="1" index="3" bw="64" slack="0"/>
</pin_list>
<bind>
<opcode="bitconcatenate(1004) " fcode="bitconcatenate"/>
<opset="tmp_33/24 "/>
</bind>
</comp>

<comp id="1573" class="1004" name="add_ln209_7_fu_1573">
<pin_list>
<pin id="1574" dir="0" index="0" bw="32" slack="3"/>
<pin id="1575" dir="0" index="1" bw="32" slack="4"/>
<pin id="1576" dir="1" index="2" bw="32" slack="0"/>
</pin_list>
<bind>
<opcode="add(8) " fcode="add"/>
<opset="add_ln209_7/24 "/>
</bind>
</comp>

<comp id="1579" class="1004" name="icmp_ln161_fu_1579">
<pin_list>
<pin id="1580" dir="0" index="0" bw="4" slack="0"/>
<pin id="1581" dir="0" index="1" bw="4" slack="0"/>
<pin id="1582" dir="1" index="2" bw="1" slack="2147483647"/>
</pin_list>
<bind>
<opcode="icmp(45) " fcode="icmp"/>
<opset="icmp_ln161/25 "/>
</bind>
</comp>

<comp id="1585" class="1004" name="i_13_fu_1585">
<pin_list>
<pin id="1586" dir="0" index="0" bw="4" slack="0"/>
<pin id="1587" dir="0" index="1" bw="1" slack="0"/>
<pin id="1588" dir="1" index="2" bw="4" slack="0"/>
</pin_list>
<bind>
<opcode="add(8) " fcode="add"/>
<opset="i_13/25 "/>
</bind>
</comp>

<comp id="1591" class="1004" name="xor_ln321_fu_1591">
<pin_list>
<pin id="1592" dir="0" index="0" bw="4" slack="0"/>
<pin id="1593" dir="0" index="1" bw="4" slack="0"/>
<pin id="1594" dir="1" index="2" bw="4" slack="0"/>
</pin_list>
<bind>
<opcode="xor(25) " fcode="xor"/>
<opset="xor_ln321/25 "/>
</bind>
</comp>

<comp id="1597" class="1004" name="zext_ln321_6_fu_1597">
<pin_list>
<pin id="1598" dir="0" index="0" bw="4" slack="0"/>
<pin id="1599" dir="1" index="1" bw="64" slack="0"/>
</pin_list>
<bind>
<opcode="zext(34) " fcode="zext"/>
<opset="zext_ln321_6/25 "/>
</bind>
</comp>

<comp id="1602" class="1004" name="zext_ln162_fu_1602">
<pin_list>
<pin id="1603" dir="0" index="0" bw="4" slack="1"/>
<pin id="1604" dir="1" index="1" bw="64" slack="0"/>
</pin_list>
<bind>
<opcode="zext(34) " fcode="zext"/>
<opset="zext_ln162/26 "/>
</bind>
</comp>

<comp id="1607" class="1005" name="M_V_addr_reg_1607">
<pin_list>
<pin id="1608" dir="0" index="0" bw="9" slack="1"/>
<pin id="1609" dir="1" index="1" bw="9" slack="1"/>
</pin_list>
<bind>
<opset="M_V_addr "/>
</bind>
</comp>

<comp id="1612" class="1005" name="H_V_addr_reg_1612">
<pin_list>
<pin id="1613" dir="0" index="0" bw="8" slack="2"/>
<pin id="1614" dir="1" index="1" bw="8" slack="2"/>
</pin_list>
<bind>
<opset="H_V_addr "/>
</bind>
</comp>

<comp id="1620" class="1005" name="i_reg_1620">
<pin_list>
<pin id="1621" dir="0" index="0" bw="4" slack="0"/>
<pin id="1622" dir="1" index="1" bw="4" slack="0"/>
</pin_list>
<bind>
<opset="i "/>
</bind>
</comp>

<comp id="1625" class="1005" name="zext_ln80_reg_1625">
<pin_list>
<pin id="1626" dir="0" index="0" bw="64" slack="1"/>
<pin id="1627" dir="1" index="1" bw="64" slack="1"/>
</pin_list>
<bind>
<opset="zext_ln80 "/>
</bind>
</comp>

<comp id="1630" class="1005" name="input_V_addr_reg_1630">
<pin_list>
<pin id="1631" dir="0" index="0" bw="3" slack="1"/>
<pin id="1632" dir="1" index="1" bw="3" slack="1"/>
</pin_list>
<bind>
<opset="input_V_addr "/>
</bind>
</comp>

<comp id="1638" class="1005" name="i_11_reg_1638">
<pin_list>
<pin id="1639" dir="0" index="0" bw="5" slack="0"/>
<pin id="1640" dir="1" index="1" bw="5" slack="0"/>
</pin_list>
<bind>
<opset="i_11 "/>
</bind>
</comp>

<comp id="1643" class="1005" name="zext_ln1598_reg_1643">
<pin_list>
<pin id="1644" dir="0" index="0" bw="7" slack="1"/>
<pin id="1645" dir="1" index="1" bw="7" slack="1"/>
</pin_list>
<bind>
<opset="zext_ln1598 "/>
</bind>
</comp>

<comp id="1651" class="1005" name="j_reg_1651">
<pin_list>
<pin id="1652" dir="0" index="0" bw="2" slack="0"/>
<pin id="1653" dir="1" index="1" bw="2" slack="0"/>
</pin_list>
<bind>
<opset="j "/>
</bind>
</comp>

<comp id="1656" class="1005" name="add_ln321_reg_1656">
<pin_list>
<pin id="1657" dir="0" index="0" bw="7" slack="1"/>
<pin id="1658" dir="1" index="1" bw="7" slack="1"/>
</pin_list>
<bind>
<opset="add_ln321 "/>
</bind>
</comp>

<comp id="1661" class="1005" name="message_V_addr_6_reg_1661">
<pin_list>
<pin id="1662" dir="0" index="0" bw="14" slack="1"/>
<pin id="1663" dir="1" index="1" bw="14" slack="1"/>
</pin_list>
<bind>
<opset="message_V_addr_6 "/>
</bind>
</comp>

<comp id="1669" class="1005" name="i_12_reg_1669">
<pin_list>
<pin id="1670" dir="0" index="0" bw="4" slack="0"/>
<pin id="1671" dir="1" index="1" bw="4" slack="0"/>
</pin_list>
<bind>
<opset="i_12 "/>
</bind>
</comp>

<comp id="1674" class="1005" name="zext_ln111_reg_1674">
<pin_list>
<pin id="1675" dir="0" index="0" bw="64" slack="1"/>
<pin id="1676" dir="1" index="1" bw="64" slack="1"/>
</pin_list>
<bind>
<opset="zext_ln111 "/>
</bind>
</comp>

<comp id="1679" class="1005" name="H_0_V_addr_reg_1679">
<pin_list>
<pin id="1680" dir="0" index="0" bw="3" slack="1"/>
<pin id="1681" dir="1" index="1" bw="3" slack="1"/>
</pin_list>
<bind>
<opset="H_0_V_addr "/>
</bind>
</comp>

<comp id="1687" class="1005" name="add_ln116_reg_1687">
<pin_list>
<pin id="1688" dir="0" index="0" bw="2" slack="4"/>
<pin id="1689" dir="1" index="1" bw="2" slack="4"/>
</pin_list>
<bind>
<opset="add_ln116 "/>
</bind>
</comp>

<comp id="1692" class="1005" name="tmp_18_reg_1692">
<pin_list>
<pin id="1693" dir="0" index="0" bw="5" slack="1"/>
<pin id="1694" dir="1" index="1" bw="5" slack="1"/>
</pin_list>
<bind>
<opset="tmp_18 "/>
</bind>
</comp>

<comp id="1702" class="1005" name="H_V_addr_2_reg_1702">
<pin_list>
<pin id="1703" dir="0" index="0" bw="8" slack="1"/>
<pin id="1704" dir="1" index="1" bw="8" slack="1"/>
</pin_list>
<bind>
<opset="H_V_addr_2 "/>
</bind>
</comp>

<comp id="1707" class="1005" name="H_V_addr_3_reg_1707">
<pin_list>
<pin id="1708" dir="0" index="0" bw="8" slack="1"/>
<pin id="1709" dir="1" index="1" bw="8" slack="1"/>
</pin_list>
<bind>
<opset="H_V_addr_3 "/>
</bind>
</comp>

<comp id="1712" class="1005" name="H_V_addr_4_reg_1712">
<pin_list>
<pin id="1713" dir="0" index="0" bw="8" slack="1"/>
<pin id="1714" dir="1" index="1" bw="8" slack="1"/>
</pin_list>
<bind>
<opset="H_V_addr_4 "/>
</bind>
</comp>

<comp id="1717" class="1005" name="H_V_addr_5_reg_1717">
<pin_list>
<pin id="1718" dir="0" index="0" bw="8" slack="1"/>
<pin id="1719" dir="1" index="1" bw="8" slack="1"/>
</pin_list>
<bind>
<opset="H_V_addr_5 "/>
</bind>
</comp>

<comp id="1722" class="1005" name="a_V_reg_1722">
<pin_list>
<pin id="1723" dir="0" index="0" bw="32" slack="4"/>
<pin id="1724" dir="1" index="1" bw="32" slack="4"/>
</pin_list>
<bind>
<opset="a_V "/>
</bind>
</comp>

<comp id="1728" class="1005" name="b_V_reg_1728">
<pin_list>
<pin id="1729" dir="0" index="0" bw="32" slack="4"/>
<pin id="1730" dir="1" index="1" bw="32" slack="4"/>
</pin_list>
<bind>
<opset="b_V "/>
</bind>
</comp>

<comp id="1734" class="1005" name="H_V_addr_6_reg_1734">
<pin_list>
<pin id="1735" dir="0" index="0" bw="8" slack="1"/>
<pin id="1736" dir="1" index="1" bw="8" slack="1"/>
</pin_list>
<bind>
<opset="H_V_addr_6 "/>
</bind>
</comp>

<comp id="1739" class="1005" name="H_V_addr_7_reg_1739">
<pin_list>
<pin id="1740" dir="0" index="0" bw="8" slack="1"/>
<pin id="1741" dir="1" index="1" bw="8" slack="1"/>
</pin_list>
<bind>
<opset="H_V_addr_7 "/>
</bind>
</comp>

<comp id="1744" class="1005" name="c_V_reg_1744">
<pin_list>
<pin id="1745" dir="0" index="0" bw="32" slack="3"/>
<pin id="1746" dir="1" index="1" bw="32" slack="3"/>
</pin_list>
<bind>
<opset="c_V "/>
</bind>
</comp>

<comp id="1750" class="1005" name="d_V_reg_1750">
<pin_list>
<pin id="1751" dir="0" index="0" bw="32" slack="3"/>
<pin id="1752" dir="1" index="1" bw="32" slack="3"/>
</pin_list>
<bind>
<opset="d_V "/>
</bind>
</comp>

<comp id="1756" class="1005" name="H_V_addr_8_reg_1756">
<pin_list>
<pin id="1757" dir="0" index="0" bw="8" slack="1"/>
<pin id="1758" dir="1" index="1" bw="8" slack="1"/>
</pin_list>
<bind>
<opset="H_V_addr_8 "/>
</bind>
</comp>

<comp id="1761" class="1005" name="H_V_addr_9_reg_1761">
<pin_list>
<pin id="1762" dir="0" index="0" bw="8" slack="1"/>
<pin id="1763" dir="1" index="1" bw="8" slack="1"/>
</pin_list>
<bind>
<opset="H_V_addr_9 "/>
</bind>
</comp>

<comp id="1766" class="1005" name="e_V_reg_1766">
<pin_list>
<pin id="1767" dir="0" index="0" bw="32" slack="2"/>
<pin id="1768" dir="1" index="1" bw="32" slack="2"/>
</pin_list>
<bind>
<opset="e_V "/>
</bind>
</comp>

<comp id="1772" class="1005" name="f_V_reg_1772">
<pin_list>
<pin id="1773" dir="0" index="0" bw="32" slack="2"/>
<pin id="1774" dir="1" index="1" bw="32" slack="2"/>
</pin_list>
<bind>
<opset="f_V "/>
</bind>
</comp>

<comp id="1778" class="1005" name="zext_ln116_2_reg_1778">
<pin_list>
<pin id="1779" dir="0" index="0" bw="7" slack="1"/>
<pin id="1780" dir="1" index="1" bw="7" slack="1"/>
</pin_list>
<bind>
<opset="zext_ln116_2 "/>
</bind>
</comp>

<comp id="1783" class="1005" name="g_V_reg_1783">
<pin_list>
<pin id="1784" dir="0" index="0" bw="32" slack="1"/>
<pin id="1785" dir="1" index="1" bw="32" slack="1"/>
</pin_list>
<bind>
<opset="g_V "/>
</bind>
</comp>

<comp id="1789" class="1005" name="h_V_reg_1789">
<pin_list>
<pin id="1790" dir="0" index="0" bw="32" slack="1"/>
<pin id="1791" dir="1" index="1" bw="32" slack="1"/>
</pin_list>
<bind>
<opset="h_V "/>
</bind>
</comp>

<comp id="1798" class="1005" name="j_2_reg_1798">
<pin_list>
<pin id="1799" dir="0" index="0" bw="7" slack="0"/>
<pin id="1800" dir="1" index="1" bw="7" slack="0"/>
</pin_list>
<bind>
<opset="j_2 "/>
</bind>
</comp>

<comp id="1803" class="1005" name="ch_V_reg_1803">
<pin_list>
<pin id="1804" dir="0" index="0" bw="32" slack="3"/>
<pin id="1805" dir="1" index="1" bw="32" slack="3"/>
</pin_list>
<bind>
<opset="ch_V "/>
</bind>
</comp>

<comp id="1808" class="1005" name="maj_V_reg_1808">
<pin_list>
<pin id="1809" dir="0" index="0" bw="32" slack="6"/>
<pin id="1810" dir="1" index="1" bw="32" slack="6"/>
</pin_list>
<bind>
<opset="maj_V "/>
</bind>
</comp>

<comp id="1813" class="1005" name="ret_V_42_reg_1813">
<pin_list>
<pin id="1814" dir="0" index="0" bw="32" slack="6"/>
<pin id="1815" dir="1" index="1" bw="32" slack="6"/>
</pin_list>
<bind>
<opset="ret_V_42 "/>
</bind>
</comp>

<comp id="1818" class="1005" name="ret_V_46_reg_1818">
<pin_list>
<pin id="1819" dir="0" index="0" bw="32" slack="3"/>
<pin id="1820" dir="1" index="1" bw="32" slack="3"/>
</pin_list>
<bind>
<opset="ret_V_46 "/>
</bind>
</comp>

<comp id="1823" class="1005" name="icmp_ln134_reg_1823">
<pin_list>
<pin id="1824" dir="0" index="0" bw="1" slack="3"/>
<pin id="1825" dir="1" index="1" bw="1" slack="2147483647"/>
</pin_list>
<bind>
<opset="icmp_ln134 "/>
</bind>
</comp>

<comp id="1827" class="1005" name="zext_ln135_reg_1827">
<pin_list>
<pin id="1828" dir="0" index="0" bw="64" slack="1"/>
<pin id="1829" dir="1" index="1" bw="64" slack="1"/>
</pin_list>
<bind>
<opset="zext_ln135 "/>
</bind>
</comp>

<comp id="1835" class="1005" name="M_V_addr_2_reg_1835">
<pin_list>
<pin id="1836" dir="0" index="0" bw="9" slack="1"/>
<pin id="1837" dir="1" index="1" bw="9" slack="1"/>
</pin_list>
<bind>
<opset="M_V_addr_2 "/>
</bind>
</comp>

<comp id="1840" class="1005" name="W_V_addr_1_reg_1840">
<pin_list>
<pin id="1841" dir="0" index="0" bw="6" slack="1"/>
<pin id="1842" dir="1" index="1" bw="6" slack="1"/>
</pin_list>
<bind>
<opset="W_V_addr_1 "/>
</bind>
</comp>

<comp id="1845" class="1005" name="W_V_addr_2_reg_1845">
<pin_list>
<pin id="1846" dir="0" index="0" bw="6" slack="1"/>
<pin id="1847" dir="1" index="1" bw="6" slack="1"/>
</pin_list>
<bind>
<opset="W_V_addr_2 "/>
</bind>
</comp>

<comp id="1850" class="1005" name="tmp_26_reg_1850">
<pin_list>
<pin id="1851" dir="0" index="0" bw="5" slack="1"/>
<pin id="1852" dir="1" index="1" bw="5" slack="1"/>
</pin_list>
<bind>
<opset="tmp_26 "/>
</bind>
</comp>

<comp id="1860" class="1005" name="add_ln209_2_reg_1860">
<pin_list>
<pin id="1861" dir="0" index="0" bw="32" slack="1"/>
<pin id="1862" dir="1" index="1" bw="32" slack="1"/>
</pin_list>
<bind>
<opset="add_ln209_2 "/>
</bind>
</comp>

<comp id="1865" class="1005" name="add_ln209_4_reg_1865">
<pin_list>
<pin id="1866" dir="0" index="0" bw="32" slack="2"/>
<pin id="1867" dir="1" index="1" bw="32" slack="2"/>
</pin_list>
<bind>
<opset="add_ln209_4 "/>
</bind>
</comp>

<comp id="1870" class="1005" name="add_ln209_5_reg_1870">
<pin_list>
<pin id="1871" dir="0" index="0" bw="32" slack="2"/>
<pin id="1872" dir="1" index="1" bw="32" slack="2"/>
</pin_list>
<bind>
<opset="add_ln209_5 "/>
</bind>
</comp>

<comp id="1875" class="1005" name="add_ln209_6_reg_1875">
<pin_list>
<pin id="1876" dir="0" index="0" bw="32" slack="3"/>
<pin id="1877" dir="1" index="1" bw="32" slack="3"/>
</pin_list>
<bind>
<opset="add_ln209_6 "/>
</bind>
</comp>

<comp id="1880" class="1005" name="i_14_reg_1880">
<pin_list>
<pin id="1881" dir="0" index="0" bw="2" slack="1"/>
<pin id="1882" dir="1" index="1" bw="2" slack="1"/>
</pin_list>
<bind>
<opset="i_14 "/>
</bind>
</comp>

<comp id="1885" class="1005" name="W_V_load_1_reg_1885">
<pin_list>
<pin id="1886" dir="0" index="0" bw="32" slack="2"/>
<pin id="1887" dir="1" index="1" bw="32" slack="2"/>
</pin_list>
<bind>
<opset="W_V_load_1 "/>
</bind>
</comp>

<comp id="1890" class="1005" name="W_V_addr_3_reg_1890">
<pin_list>
<pin id="1891" dir="0" index="0" bw="6" slack="1"/>
<pin id="1892" dir="1" index="1" bw="6" slack="1"/>
</pin_list>
<bind>
<opset="W_V_addr_3 "/>
</bind>
</comp>

<comp id="1895" class="1005" name="W_V_addr_4_reg_1895">
<pin_list>
<pin id="1896" dir="0" index="0" bw="6" slack="1"/>
<pin id="1897" dir="1" index="1" bw="6" slack="1"/>
</pin_list>
<bind>
<opset="W_V_addr_4 "/>
</bind>
</comp>

<comp id="1900" class="1005" name="add_ln209_19_reg_1900">
<pin_list>
<pin id="1901" dir="0" index="0" bw="32" slack="1"/>
<pin id="1902" dir="1" index="1" bw="32" slack="1"/>
</pin_list>
<bind>
<opset="add_ln209_19 "/>
</bind>
</comp>

<comp id="1905" class="1005" name="add_ln209_22_reg_1905">
<pin_list>
<pin id="1906" dir="0" index="0" bw="32" slack="2"/>
<pin id="1907" dir="1" index="1" bw="32" slack="2"/>
</pin_list>
<bind>
<opset="add_ln209_22 "/>
</bind>
</comp>

<comp id="1910" class="1005" name="K_addr_reg_1910">
<pin_list>
<pin id="1911" dir="0" index="0" bw="6" slack="1"/>
<pin id="1912" dir="1" index="1" bw="6" slack="1"/>
</pin_list>
<bind>
<opset="K_addr "/>
</bind>
</comp>

<comp id="1915" class="1005" name="W_V_addr_6_reg_1915">
<pin_list>
<pin id="1916" dir="0" index="0" bw="6" slack="1"/>
<pin id="1917" dir="1" index="1" bw="6" slack="1"/>
</pin_list>
<bind>
<opset="W_V_addr_6 "/>
</bind>
</comp>

<comp id="1920" class="1005" name="T1_V_reg_1920">
<pin_list>
<pin id="1921" dir="0" index="0" bw="32" slack="1"/>
<pin id="1922" dir="1" index="1" bw="32" slack="1"/>
</pin_list>
<bind>
<opset="T1_V "/>
</bind>
</comp>

<comp id="1926" class="1005" name="e_V_2_reg_1926">
<pin_list>
<pin id="1927" dir="0" index="0" bw="32" slack="1"/>
<pin id="1928" dir="1" index="1" bw="32" slack="1"/>
</pin_list>
<bind>
<opset="e_V_2 "/>
</bind>
</comp>

<comp id="1931" class="1005" name="a_V_2_reg_1931">
<pin_list>
<pin id="1932" dir="0" index="0" bw="32" slack="1"/>
<pin id="1933" dir="1" index="1" bw="32" slack="1"/>
</pin_list>
<bind>
<opset="a_V_2 "/>
</bind>
</comp>

<comp id="1939" class="1005" name="i_13_reg_1939">
<pin_list>
<pin id="1940" dir="0" index="0" bw="4" slack="0"/>
<pin id="1941" dir="1" index="1" bw="4" slack="0"/>
</pin_list>
<bind>
<opset="i_13 "/>
</bind>
</comp>

<comp id="1944" class="1005" name="H_V_addr_10_reg_1944">
<pin_list>
<pin id="1945" dir="0" index="0" bw="8" slack="1"/>
<pin id="1946" dir="1" index="1" bw="8" slack="1"/>
</pin_list>
<bind>
<opset="H_V_addr_10 "/>
</bind>
</comp>

</comp_list>

<net_list>
<net id="171"><net_src comp="8" pin="0"/><net_sink comp="168" pin=0"/></net>

<net id="175"><net_src comp="8" pin="0"/><net_sink comp="172" pin=0"/></net>

<net id="179"><net_src comp="8" pin="0"/><net_sink comp="176" pin=0"/></net>

<net id="183"><net_src comp="8" pin="0"/><net_sink comp="180" pin=0"/></net>

<net id="189"><net_src comp="172" pin="1"/><net_sink comp="184" pin=0"/></net>

<net id="190"><net_src comp="10" pin="0"/><net_sink comp="184" pin=1"/></net>

<net id="191"><net_src comp="10" pin="0"/><net_sink comp="184" pin=2"/></net>

<net id="197"><net_src comp="176" pin="1"/><net_sink comp="192" pin=0"/></net>

<net id="198"><net_src comp="10" pin="0"/><net_sink comp="192" pin=1"/></net>

<net id="199"><net_src comp="10" pin="0"/><net_sink comp="192" pin=2"/></net>

<net id="205"><net_src comp="168" pin="1"/><net_sink comp="200" pin=0"/></net>

<net id="206"><net_src comp="10" pin="0"/><net_sink comp="200" pin=1"/></net>

<net id="207"><net_src comp="10" pin="0"/><net_sink comp="200" pin=2"/></net>

<net id="213"><net_src comp="12" pin="0"/><net_sink comp="208" pin=1"/></net>

<net id="214"><net_src comp="200" pin="3"/><net_sink comp="208" pin=0"/></net>

<net id="220"><net_src comp="0" pin="0"/><net_sink comp="215" pin=0"/></net>

<net id="221"><net_src comp="10" pin="0"/><net_sink comp="215" pin=1"/></net>

<net id="227"><net_src comp="215" pin="3"/><net_sink comp="222" pin=0"/></net>

<net id="233"><net_src comp="10" pin="0"/><net_sink comp="228" pin=1"/></net>

<net id="234"><net_src comp="24" pin="0"/><net_sink comp="228" pin=2"/></net>

<net id="235"><net_src comp="26" pin="0"/><net_sink comp="208" pin=1"/></net>

<net id="236"><net_src comp="228" pin="3"/><net_sink comp="208" pin=0"/></net>

<net id="242"><net_src comp="10" pin="0"/><net_sink comp="237" pin=1"/></net>

<net id="243"><net_src comp="28" pin="0"/><net_sink comp="237" pin=2"/></net>

<net id="248"><net_src comp="30" pin="0"/><net_sink comp="208" pin=4"/></net>

<net id="249"><net_src comp="237" pin="3"/><net_sink comp="208" pin=2"/></net>

<net id="255"><net_src comp="12" pin="0"/><net_sink comp="250" pin=1"/></net>

<net id="261"><net_src comp="10" pin="0"/><net_sink comp="256" pin=1"/></net>

<net id="262"><net_src comp="222" pin="3"/><net_sink comp="208" pin=4"/></net>

<net id="263"><net_src comp="256" pin="3"/><net_sink comp="208" pin=2"/></net>

<net id="269"><net_src comp="12" pin="0"/><net_sink comp="264" pin=1"/></net>

<net id="275"><net_src comp="10" pin="0"/><net_sink comp="270" pin=1"/></net>

<net id="276"><net_src comp="270" pin="3"/><net_sink comp="208" pin=0"/></net>

<net id="282"><net_src comp="10" pin="0"/><net_sink comp="277" pin=1"/></net>

<net id="283"><net_src comp="208" pin="3"/><net_sink comp="250" pin=1"/></net>

<net id="284"><net_src comp="277" pin="3"/><net_sink comp="250" pin=0"/></net>

<net id="290"><net_src comp="4" pin="0"/><net_sink comp="285" pin=0"/></net>

<net id="291"><net_src comp="10" pin="0"/><net_sink comp="285" pin=1"/></net>

<net id="297"><net_src comp="285" pin="3"/><net_sink comp="292" pin=0"/></net>

<net id="303"><net_src comp="10" pin="0"/><net_sink comp="298" pin=1"/></net>

<net id="304"><net_src comp="292" pin="3"/><net_sink comp="264" pin=1"/></net>

<net id="305"><net_src comp="298" pin="3"/><net_sink comp="264" pin=0"/></net>

<net id="311"><net_src comp="10" pin="0"/><net_sink comp="306" pin=1"/></net>

<net id="317"><net_src comp="10" pin="0"/><net_sink comp="312" pin=1"/></net>

<net id="318"><net_src comp="306" pin="3"/><net_sink comp="264" pin=0"/></net>

<net id="323"><net_src comp="312" pin="3"/><net_sink comp="264" pin=2"/></net>

<net id="329"><net_src comp="10" pin="0"/><net_sink comp="324" pin=1"/></net>

<net id="335"><net_src comp="10" pin="0"/><net_sink comp="330" pin=1"/></net>

<net id="336"><net_src comp="324" pin="3"/><net_sink comp="264" pin=2"/></net>

<net id="337"><net_src comp="330" pin="3"/><net_sink comp="264" pin=0"/></net>

<net id="343"><net_src comp="10" pin="0"/><net_sink comp="338" pin=1"/></net>

<net id="349"><net_src comp="10" pin="0"/><net_sink comp="344" pin=1"/></net>

<net id="350"><net_src comp="338" pin="3"/><net_sink comp="264" pin=2"/></net>

<net id="351"><net_src comp="344" pin="3"/><net_sink comp="264" pin=0"/></net>

<net id="357"><net_src comp="10" pin="0"/><net_sink comp="352" pin=1"/></net>

<net id="363"><net_src comp="10" pin="0"/><net_sink comp="358" pin=1"/></net>

<net id="364"><net_src comp="352" pin="3"/><net_sink comp="264" pin=2"/></net>

<net id="365"><net_src comp="358" pin="3"/><net_sink comp="264" pin=0"/></net>

<net id="371"><net_src comp="10" pin="0"/><net_sink comp="366" pin=1"/></net>

<net id="377"><net_src comp="10" pin="0"/><net_sink comp="372" pin=1"/></net>

<net id="383"><net_src comp="372" pin="3"/><net_sink comp="378" pin=0"/></net>

<net id="389"><net_src comp="10" pin="0"/><net_sink comp="384" pin=1"/></net>

<net id="394"><net_src comp="384" pin="3"/><net_sink comp="378" pin=2"/></net>

<net id="395"><net_src comp="366" pin="3"/><net_sink comp="250" pin=0"/></net>

<net id="401"><net_src comp="10" pin="0"/><net_sink comp="396" pin=1"/></net>

<net id="407"><net_src comp="10" pin="0"/><net_sink comp="402" pin=1"/></net>

<net id="408"><net_src comp="396" pin="3"/><net_sink comp="264" pin=2"/></net>

<net id="409"><net_src comp="402" pin="3"/><net_sink comp="264" pin=0"/></net>

<net id="415"><net_src comp="10" pin="0"/><net_sink comp="410" pin=1"/></net>

<net id="416"><net_src comp="410" pin="3"/><net_sink comp="378" pin=0"/></net>

<net id="422"><net_src comp="10" pin="0"/><net_sink comp="417" pin=1"/></net>

<net id="423"><net_src comp="417" pin="3"/><net_sink comp="378" pin=2"/></net>

<net id="429"><net_src comp="10" pin="0"/><net_sink comp="424" pin=1"/></net>

<net id="430"><net_src comp="424" pin="3"/><net_sink comp="378" pin=0"/></net>

<net id="436"><net_src comp="10" pin="0"/><net_sink comp="431" pin=1"/></net>

<net id="437"><net_src comp="250" pin="3"/><net_sink comp="378" pin=4"/></net>

<net id="438"><net_src comp="431" pin="3"/><net_sink comp="378" pin=2"/></net>

<net id="444"><net_src comp="6" pin="0"/><net_sink comp="439" pin=0"/></net>

<net id="445"><net_src comp="10" pin="0"/><net_sink comp="439" pin=1"/></net>

<net id="451"><net_src comp="439" pin="3"/><net_sink comp="446" pin=0"/></net>

<net id="457"><net_src comp="10" pin="0"/><net_sink comp="452" pin=1"/></net>

<net id="458"><net_src comp="452" pin="3"/><net_sink comp="378" pin=0"/></net>

<net id="464"><net_src comp="10" pin="0"/><net_sink comp="459" pin=1"/></net>

<net id="470"><net_src comp="10" pin="0"/><net_sink comp="465" pin=1"/></net>

<net id="471"><net_src comp="459" pin="3"/><net_sink comp="264" pin=2"/></net>

<net id="472"><net_src comp="465" pin="3"/><net_sink comp="264" pin=0"/></net>

<net id="478"><net_src comp="10" pin="0"/><net_sink comp="473" pin=1"/></net>

<net id="484"><net_src comp="10" pin="0"/><net_sink comp="479" pin=1"/></net>

<net id="485"><net_src comp="473" pin="3"/><net_sink comp="264" pin=2"/></net>

<net id="486"><net_src comp="479" pin="3"/><net_sink comp="264" pin=0"/></net>

<net id="492"><net_src comp="10" pin="0"/><net_sink comp="487" pin=1"/></net>

<net id="498"><net_src comp="10" pin="0"/><net_sink comp="493" pin=1"/></net>

<net id="499"><net_src comp="487" pin="3"/><net_sink comp="264" pin=2"/></net>

<net id="500"><net_src comp="493" pin="3"/><net_sink comp="264" pin=0"/></net>

<net id="506"><net_src comp="10" pin="0"/><net_sink comp="501" pin=1"/></net>

<net id="507"><net_src comp="501" pin="3"/><net_sink comp="264" pin=2"/></net>

<net id="513"><net_src comp="2" pin="0"/><net_sink comp="508" pin=0"/></net>

<net id="514"><net_src comp="10" pin="0"/><net_sink comp="508" pin=1"/></net>

<net id="520"><net_src comp="264" pin="7"/><net_sink comp="515" pin=1"/></net>

<net id="521"><net_src comp="508" pin="3"/><net_sink comp="515" pin=0"/></net>

<net id="525"><net_src comp="14" pin="0"/><net_sink comp="522" pin=0"/></net>

<net id="532"><net_src comp="522" pin="1"/><net_sink comp="526" pin=2"/></net>

<net id="536"><net_src comp="32" pin="0"/><net_sink comp="533" pin=0"/></net>

<net id="543"><net_src comp="533" pin="1"/><net_sink comp="537" pin=0"/></net>

<net id="544"><net_src comp="537" pin="4"/><net_sink comp="533" pin=0"/></net>

<net id="548"><net_src comp="40" pin="0"/><net_sink comp="545" pin=0"/></net>

<net id="555"><net_src comp="545" pin="1"/><net_sink comp="549" pin=2"/></net>

<net id="559"><net_src comp="14" pin="0"/><net_sink comp="556" pin=0"/></net>

<net id="566"><net_src comp="556" pin="1"/><net_sink comp="560" pin=2"/></net>

<net id="570"><net_src comp="46" pin="0"/><net_sink comp="567" pin=0"/></net>

<net id="577"><net_src comp="567" pin="1"/><net_sink comp="571" pin=2"/></net>

<net id="578"><net_src comp="571" pin="4"/><net_sink comp="567" pin=0"/></net>

<net id="588"><net_src comp="582" pin="4"/><net_sink comp="579" pin=0"/></net>

<net id="598"><net_src comp="579" pin="1"/><net_sink comp="592" pin=0"/></net>

<net id="599"><net_src comp="592" pin="4"/><net_sink comp="589" pin=0"/></net>

<net id="609"><net_src comp="589" pin="1"/><net_sink comp="603" pin=0"/></net>

<net id="610"><net_src comp="603" pin="4"/><net_sink comp="600" pin=0"/></net>

<net id="620"><net_src comp="600" pin="1"/><net_sink comp="614" pin=0"/></net>

<net id="621"><net_src comp="614" pin="4"/><net_sink comp="611" pin=0"/></net>

<net id="631"><net_src comp="625" pin="4"/><net_sink comp="622" pin=0"/></net>

<net id="641"><net_src comp="622" pin="1"/><net_sink comp="635" pin=0"/></net>

<net id="642"><net_src comp="635" pin="4"/><net_sink comp="632" pin=0"/></net>

<net id="652"><net_src comp="632" pin="1"/><net_sink comp="646" pin=0"/></net>

<net id="653"><net_src comp="646" pin="4"/><net_sink comp="643" pin=0"/></net>

<net id="663"><net_src comp="643" pin="1"/><net_sink comp="657" pin=0"/></net>

<net id="664"><net_src comp="657" pin="4"/><net_sink comp="654" pin=0"/></net>

<net id="668"><net_src comp="76" pin="0"/><net_sink comp="665" pin=0"/></net>

<net id="675"><net_src comp="665" pin="1"/><net_sink comp="669" pin=2"/></net>

<net id="676"><net_src comp="669" pin="4"/><net_sink comp="665" pin=0"/></net>

<net id="680"><net_src comp="14" pin="0"/><net_sink comp="677" pin=0"/></net>

<net id="687"><net_src comp="677" pin="1"/><net_sink comp="681" pin=2"/></net>

<net id="688"><net_src comp="681" pin="4"/><net_sink comp="677" pin=0"/></net>

<net id="692"><net_src comp="378" pin="3"/><net_sink comp="689" pin=0"/></net>

<net id="693"><net_src comp="378" pin="7"/><net_sink comp="689" pin=0"/></net>

<net id="698"><net_src comp="526" pin="4"/><net_sink comp="694" pin=0"/></net>

<net id="699"><net_src comp="20" pin="0"/><net_sink comp="694" pin=1"/></net>

<net id="704"><net_src comp="526" pin="4"/><net_sink comp="700" pin=0"/></net>

<net id="705"><net_src comp="22" pin="0"/><net_sink comp="700" pin=1"/></net>

<net id="709"><net_src comp="526" pin="4"/><net_sink comp="706" pin=0"/></net>

<net id="710"><net_src comp="706" pin="1"/><net_sink comp="215" pin=2"/></net>

<net id="715"><net_src comp="537" pin="4"/><net_sink comp="711" pin=0"/></net>

<net id="716"><net_src comp="34" pin="0"/><net_sink comp="711" pin=1"/></net>

<net id="721"><net_src comp="537" pin="4"/><net_sink comp="717" pin=0"/></net>

<net id="722"><net_src comp="38" pin="0"/><net_sink comp="717" pin=1"/></net>

<net id="726"><net_src comp="537" pin="4"/><net_sink comp="723" pin=0"/></net>

<net id="731"><net_src comp="549" pin="4"/><net_sink comp="727" pin=0"/></net>

<net id="732"><net_src comp="42" pin="0"/><net_sink comp="727" pin=1"/></net>

<net id="737"><net_src comp="549" pin="4"/><net_sink comp="733" pin=0"/></net>

<net id="738"><net_src comp="46" pin="0"/><net_sink comp="733" pin=1"/></net>

<net id="744"><net_src comp="48" pin="0"/><net_sink comp="739" pin=0"/></net>

<net id="745"><net_src comp="549" pin="4"/><net_sink comp="739" pin=1"/></net>

<net id="746"><net_src comp="14" pin="0"/><net_sink comp="739" pin=2"/></net>

<net id="750"><net_src comp="739" pin="3"/><net_sink comp="747" pin=0"/></net>

<net id="755"><net_src comp="747" pin="1"/><net_sink comp="751" pin=0"/></net>

<net id="759"><net_src comp="549" pin="4"/><net_sink comp="756" pin=0"/></net>

<net id="765"><net_src comp="50" pin="0"/><net_sink comp="760" pin=0"/></net>

<net id="766"><net_src comp="756" pin="1"/><net_sink comp="760" pin=1"/></net>

<net id="767"><net_src comp="14" pin="0"/><net_sink comp="760" pin=2"/></net>

<net id="772"><net_src comp="760" pin="3"/><net_sink comp="768" pin=0"/></net>

<net id="773"><net_src comp="533" pin="1"/><net_sink comp="768" pin=1"/></net>

<net id="777"><net_src comp="768" pin="2"/><net_sink comp="774" pin=0"/></net>

<net id="778"><net_src comp="774" pin="1"/><net_sink comp="270" pin=2"/></net>

<net id="782"><net_src comp="779" pin="1"/><net_sink comp="277" pin=2"/></net>

<net id="787"><net_src comp="560" pin="4"/><net_sink comp="783" pin=0"/></net>

<net id="788"><net_src comp="52" pin="0"/><net_sink comp="783" pin=1"/></net>

<net id="793"><net_src comp="560" pin="4"/><net_sink comp="789" pin=0"/></net>

<net id="794"><net_src comp="22" pin="0"/><net_sink comp="789" pin=1"/></net>

<net id="798"><net_src comp="560" pin="4"/><net_sink comp="795" pin=0"/></net>

<net id="799"><net_src comp="795" pin="1"/><net_sink comp="285" pin=2"/></net>

<net id="804"><net_src comp="571" pin="4"/><net_sink comp="800" pin=0"/></net>

<net id="805"><net_src comp="42" pin="0"/><net_sink comp="800" pin=1"/></net>

<net id="810"><net_src comp="571" pin="4"/><net_sink comp="806" pin=0"/></net>

<net id="811"><net_src comp="54" pin="0"/><net_sink comp="806" pin=1"/></net>

<net id="817"><net_src comp="56" pin="0"/><net_sink comp="812" pin=0"/></net>

<net id="818"><net_src comp="806" pin="2"/><net_sink comp="812" pin=1"/></net>

<net id="819"><net_src comp="58" pin="0"/><net_sink comp="812" pin=2"/></net>

<net id="823"><net_src comp="812" pin="3"/><net_sink comp="820" pin=0"/></net>

<net id="824"><net_src comp="820" pin="1"/><net_sink comp="306" pin=2"/></net>

<net id="829"><net_src comp="812" pin="3"/><net_sink comp="825" pin=0"/></net>

<net id="830"><net_src comp="38" pin="0"/><net_sink comp="825" pin=1"/></net>

<net id="836"><net_src comp="60" pin="0"/><net_sink comp="831" pin=0"/></net>

<net id="837"><net_src comp="62" pin="0"/><net_sink comp="831" pin=1"/></net>

<net id="838"><net_src comp="825" pin="2"/><net_sink comp="831" pin=2"/></net>

<net id="839"><net_src comp="831" pin="3"/><net_sink comp="312" pin=2"/></net>

<net id="844"><net_src comp="64" pin="0"/><net_sink comp="840" pin=1"/></net>

<net id="850"><net_src comp="60" pin="0"/><net_sink comp="845" pin=0"/></net>

<net id="851"><net_src comp="62" pin="0"/><net_sink comp="845" pin=1"/></net>

<net id="852"><net_src comp="840" pin="2"/><net_sink comp="845" pin=2"/></net>

<net id="853"><net_src comp="845" pin="3"/><net_sink comp="324" pin=2"/></net>

<net id="858"><net_src comp="66" pin="0"/><net_sink comp="854" pin=1"/></net>

<net id="864"><net_src comp="60" pin="0"/><net_sink comp="859" pin=0"/></net>

<net id="865"><net_src comp="62" pin="0"/><net_sink comp="859" pin=1"/></net>

<net id="866"><net_src comp="854" pin="2"/><net_sink comp="859" pin=2"/></net>

<net id="867"><net_src comp="859" pin="3"/><net_sink comp="330" pin=2"/></net>

<net id="872"><net_src comp="68" pin="0"/><net_sink comp="868" pin=1"/></net>

<net id="878"><net_src comp="60" pin="0"/><net_sink comp="873" pin=0"/></net>

<net id="879"><net_src comp="62" pin="0"/><net_sink comp="873" pin=1"/></net>

<net id="880"><net_src comp="868" pin="2"/><net_sink comp="873" pin=2"/></net>

<net id="881"><net_src comp="873" pin="3"/><net_sink comp="338" pin=2"/></net>

<net id="886"><net_src comp="70" pin="0"/><net_sink comp="882" pin=1"/></net>

<net id="892"><net_src comp="60" pin="0"/><net_sink comp="887" pin=0"/></net>

<net id="893"><net_src comp="62" pin="0"/><net_sink comp="887" pin=1"/></net>

<net id="894"><net_src comp="882" pin="2"/><net_sink comp="887" pin=2"/></net>

<net id="895"><net_src comp="887" pin="3"/><net_sink comp="344" pin=2"/></net>

<net id="900"><net_src comp="72" pin="0"/><net_sink comp="896" pin=1"/></net>

<net id="906"><net_src comp="60" pin="0"/><net_sink comp="901" pin=0"/></net>

<net id="907"><net_src comp="62" pin="0"/><net_sink comp="901" pin=1"/></net>

<net id="908"><net_src comp="896" pin="2"/><net_sink comp="901" pin=2"/></net>

<net id="909"><net_src comp="901" pin="3"/><net_sink comp="352" pin=2"/></net>

<net id="914"><net_src comp="74" pin="0"/><net_sink comp="910" pin=1"/></net>

<net id="920"><net_src comp="60" pin="0"/><net_sink comp="915" pin=0"/></net>

<net id="921"><net_src comp="62" pin="0"/><net_sink comp="915" pin=1"/></net>

<net id="922"><net_src comp="910" pin="2"/><net_sink comp="915" pin=2"/></net>

<net id="923"><net_src comp="915" pin="3"/><net_sink comp="358" pin=2"/></net>

<net id="929"><net_src comp="48" pin="0"/><net_sink comp="924" pin=0"/></net>

<net id="930"><net_src comp="14" pin="0"/><net_sink comp="924" pin=2"/></net>

<net id="934"><net_src comp="924" pin="3"/><net_sink comp="931" pin=0"/></net>

<net id="939"><net_src comp="669" pin="4"/><net_sink comp="935" pin=0"/></net>

<net id="940"><net_src comp="78" pin="0"/><net_sink comp="935" pin=1"/></net>

<net id="945"><net_src comp="669" pin="4"/><net_sink comp="941" pin=0"/></net>

<net id="946"><net_src comp="82" pin="0"/><net_sink comp="941" pin=1"/></net>

<net id="951"><net_src comp="635" pin="4"/><net_sink comp="947" pin=0"/></net>

<net id="952"><net_src comp="625" pin="4"/><net_sink comp="947" pin=1"/></net>

<net id="957"><net_src comp="625" pin="4"/><net_sink comp="953" pin=0"/></net>

<net id="958"><net_src comp="84" pin="0"/><net_sink comp="953" pin=1"/></net>

<net id="963"><net_src comp="646" pin="4"/><net_sink comp="959" pin=0"/></net>

<net id="964"><net_src comp="953" pin="2"/><net_sink comp="959" pin=1"/></net>

<net id="969"><net_src comp="959" pin="2"/><net_sink comp="965" pin=0"/></net>

<net id="970"><net_src comp="947" pin="2"/><net_sink comp="965" pin=1"/></net>

<net id="975"><net_src comp="603" pin="4"/><net_sink comp="971" pin=0"/></net>

<net id="976"><net_src comp="592" pin="4"/><net_sink comp="971" pin=1"/></net>

<net id="981"><net_src comp="971" pin="2"/><net_sink comp="977" pin=0"/></net>

<net id="982"><net_src comp="582" pin="4"/><net_sink comp="977" pin=1"/></net>

<net id="987"><net_src comp="603" pin="4"/><net_sink comp="983" pin=0"/></net>

<net id="988"><net_src comp="592" pin="4"/><net_sink comp="983" pin=1"/></net>

<net id="993"><net_src comp="977" pin="2"/><net_sink comp="989" pin=0"/></net>

<net id="994"><net_src comp="983" pin="2"/><net_sink comp="989" pin=1"/></net>

<net id="1001"><net_src comp="86" pin="0"/><net_sink comp="995" pin=0"/></net>

<net id="1002"><net_src comp="582" pin="4"/><net_sink comp="995" pin=1"/></net>

<net id="1003"><net_src comp="88" pin="0"/><net_sink comp="995" pin=2"/></net>

<net id="1004"><net_src comp="90" pin="0"/><net_sink comp="995" pin=3"/></net>

<net id="1008"><net_src comp="582" pin="4"/><net_sink comp="1005" pin=0"/></net>

<net id="1014"><net_src comp="92" pin="0"/><net_sink comp="1009" pin=0"/></net>

<net id="1015"><net_src comp="1005" pin="1"/><net_sink comp="1009" pin=1"/></net>

<net id="1016"><net_src comp="995" pin="4"/><net_sink comp="1009" pin=2"/></net>

<net id="1023"><net_src comp="94" pin="0"/><net_sink comp="1017" pin=0"/></net>

<net id="1024"><net_src comp="582" pin="4"/><net_sink comp="1017" pin=1"/></net>

<net id="1025"><net_src comp="96" pin="0"/><net_sink comp="1017" pin=2"/></net>

<net id="1026"><net_src comp="90" pin="0"/><net_sink comp="1017" pin=3"/></net>

<net id="1030"><net_src comp="582" pin="4"/><net_sink comp="1027" pin=0"/></net>

<net id="1036"><net_src comp="98" pin="0"/><net_sink comp="1031" pin=0"/></net>

<net id="1037"><net_src comp="1027" pin="1"/><net_sink comp="1031" pin=1"/></net>

<net id="1038"><net_src comp="1017" pin="4"/><net_sink comp="1031" pin=2"/></net>

<net id="1045"><net_src comp="100" pin="0"/><net_sink comp="1039" pin=0"/></net>

<net id="1046"><net_src comp="582" pin="4"/><net_sink comp="1039" pin=1"/></net>

<net id="1047"><net_src comp="102" pin="0"/><net_sink comp="1039" pin=2"/></net>

<net id="1048"><net_src comp="90" pin="0"/><net_sink comp="1039" pin=3"/></net>

<net id="1052"><net_src comp="582" pin="4"/><net_sink comp="1049" pin=0"/></net>

<net id="1058"><net_src comp="104" pin="0"/><net_sink comp="1053" pin=0"/></net>

<net id="1059"><net_src comp="1049" pin="1"/><net_sink comp="1053" pin=1"/></net>

<net id="1060"><net_src comp="1039" pin="4"/><net_sink comp="1053" pin=2"/></net>

<net id="1065"><net_src comp="1009" pin="3"/><net_sink comp="1061" pin=0"/></net>

<net id="1066"><net_src comp="1053" pin="3"/><net_sink comp="1061" pin=1"/></net>

<net id="1071"><net_src comp="1061" pin="2"/><net_sink comp="1067" pin=0"/></net>

<net id="1072"><net_src comp="1031" pin="3"/><net_sink comp="1067" pin=1"/></net>

<net id="1079"><net_src comp="106" pin="0"/><net_sink comp="1073" pin=0"/></net>

<net id="1080"><net_src comp="625" pin="4"/><net_sink comp="1073" pin=1"/></net>

<net id="1081"><net_src comp="108" pin="0"/><net_sink comp="1073" pin=2"/></net>

<net id="1082"><net_src comp="90" pin="0"/><net_sink comp="1073" pin=3"/></net>

<net id="1086"><net_src comp="625" pin="4"/><net_sink comp="1083" pin=0"/></net>

<net id="1092"><net_src comp="110" pin="0"/><net_sink comp="1087" pin=0"/></net>

<net id="1093"><net_src comp="1083" pin="1"/><net_sink comp="1087" pin=1"/></net>

<net id="1094"><net_src comp="1073" pin="4"/><net_sink comp="1087" pin=2"/></net>

<net id="1101"><net_src comp="112" pin="0"/><net_sink comp="1095" pin=0"/></net>

<net id="1102"><net_src comp="625" pin="4"/><net_sink comp="1095" pin=1"/></net>

<net id="1103"><net_src comp="114" pin="0"/><net_sink comp="1095" pin=2"/></net>

<net id="1104"><net_src comp="90" pin="0"/><net_sink comp="1095" pin=3"/></net>

<net id="1108"><net_src comp="625" pin="4"/><net_sink comp="1105" pin=0"/></net>

<net id="1114"><net_src comp="116" pin="0"/><net_sink comp="1109" pin=0"/></net>

<net id="1115"><net_src comp="1105" pin="1"/><net_sink comp="1109" pin=1"/></net>

<net id="1116"><net_src comp="1095" pin="4"/><net_sink comp="1109" pin=2"/></net>

<net id="1123"><net_src comp="118" pin="0"/><net_sink comp="1117" pin=0"/></net>

<net id="1124"><net_src comp="625" pin="4"/><net_sink comp="1117" pin=1"/></net>

<net id="1125"><net_src comp="120" pin="0"/><net_sink comp="1117" pin=2"/></net>

<net id="1126"><net_src comp="90" pin="0"/><net_sink comp="1117" pin=3"/></net>

<net id="1130"><net_src comp="625" pin="4"/><net_sink comp="1127" pin=0"/></net>

<net id="1136"><net_src comp="122" pin="0"/><net_sink comp="1131" pin=0"/></net>

<net id="1137"><net_src comp="1127" pin="1"/><net_sink comp="1131" pin=1"/></net>

<net id="1138"><net_src comp="1117" pin="4"/><net_sink comp="1131" pin=2"/></net>

<net id="1143"><net_src comp="1087" pin="3"/><net_sink comp="1139" pin=0"/></net>

<net id="1144"><net_src comp="1131" pin="3"/><net_sink comp="1139" pin=1"/></net>

<net id="1149"><net_src comp="1139" pin="2"/><net_sink comp="1145" pin=0"/></net>

<net id="1150"><net_src comp="1109" pin="3"/><net_sink comp="1145" pin=1"/></net>

<net id="1157"><net_src comp="124" pin="0"/><net_sink comp="1151" pin=0"/></net>

<net id="1158"><net_src comp="669" pin="4"/><net_sink comp="1151" pin=1"/></net>

<net id="1159"><net_src comp="126" pin="0"/><net_sink comp="1151" pin=2"/></net>

<net id="1160"><net_src comp="108" pin="0"/><net_sink comp="1151" pin=3"/></net>

<net id="1165"><net_src comp="1151" pin="4"/><net_sink comp="1161" pin=0"/></net>

<net id="1166"><net_src comp="58" pin="0"/><net_sink comp="1161" pin=1"/></net>

<net id="1170"><net_src comp="669" pin="4"/><net_sink comp="1167" pin=0"/></net>

<net id="1175"><net_src comp="669" pin="4"/><net_sink comp="1171" pin=1"/></net>

<net id="1179"><net_src comp="1171" pin="2"/><net_sink comp="1176" pin=0"/></net>

<net id="1180"><net_src comp="1176" pin="1"/><net_sink comp="366" pin=2"/></net>

<net id="1185"><net_src comp="128" pin="0"/><net_sink comp="1181" pin=0"/></net>

<net id="1186"><net_src comp="669" pin="4"/><net_sink comp="1181" pin=1"/></net>

<net id="1190"><net_src comp="1181" pin="2"/><net_sink comp="1187" pin=0"/></net>

<net id="1191"><net_src comp="1187" pin="1"/><net_sink comp="372" pin=2"/></net>

<net id="1196"><net_src comp="130" pin="0"/><net_sink comp="1192" pin=0"/></net>

<net id="1197"><net_src comp="669" pin="4"/><net_sink comp="1192" pin=1"/></net>

<net id="1201"><net_src comp="1192" pin="2"/><net_sink comp="1198" pin=0"/></net>

<net id="1202"><net_src comp="1198" pin="1"/><net_sink comp="384" pin=2"/></net>

<net id="1208"><net_src comp="56" pin="0"/><net_sink comp="1203" pin=0"/></net>

<net id="1209"><net_src comp="567" pin="1"/><net_sink comp="1203" pin=1"/></net>

<net id="1210"><net_src comp="58" pin="0"/><net_sink comp="1203" pin=2"/></net>

<net id="1214"><net_src comp="1203" pin="3"/><net_sink comp="1211" pin=0"/></net>

<net id="1215"><net_src comp="1211" pin="1"/><net_sink comp="396" pin=2"/></net>

<net id="1220"><net_src comp="1203" pin="3"/><net_sink comp="1216" pin=0"/></net>

<net id="1221"><net_src comp="38" pin="0"/><net_sink comp="1216" pin=1"/></net>

<net id="1227"><net_src comp="60" pin="0"/><net_sink comp="1222" pin=0"/></net>

<net id="1228"><net_src comp="62" pin="0"/><net_sink comp="1222" pin=1"/></net>

<net id="1229"><net_src comp="1216" pin="2"/><net_sink comp="1222" pin=2"/></net>

<net id="1230"><net_src comp="1222" pin="3"/><net_sink comp="402" pin=2"/></net>

<net id="1235"><net_src comp="582" pin="4"/><net_sink comp="1231" pin=0"/></net>

<net id="1236"><net_src comp="1231" pin="2"/><net_sink comp="264" pin=4"/></net>

<net id="1241"><net_src comp="592" pin="4"/><net_sink comp="1237" pin=0"/></net>

<net id="1242"><net_src comp="1237" pin="2"/><net_sink comp="264" pin=1"/></net>

<net id="1247"><net_src comp="603" pin="4"/><net_sink comp="1243" pin=0"/></net>

<net id="1252"><net_src comp="625" pin="4"/><net_sink comp="1248" pin=0"/></net>

<net id="1257"><net_src comp="635" pin="4"/><net_sink comp="1253" pin=0"/></net>

<net id="1262"><net_src comp="646" pin="4"/><net_sink comp="1258" pin=0"/></net>

<net id="1267"><net_src comp="567" pin="1"/><net_sink comp="1263" pin=0"/></net>

<net id="1268"><net_src comp="46" pin="0"/><net_sink comp="1263" pin=1"/></net>

<net id="1273"><net_src comp="132" pin="0"/><net_sink comp="1269" pin=0"/></net>

<net id="1274"><net_src comp="665" pin="1"/><net_sink comp="1269" pin=1"/></net>

<net id="1278"><net_src comp="1269" pin="2"/><net_sink comp="1275" pin=0"/></net>

<net id="1279"><net_src comp="1275" pin="1"/><net_sink comp="410" pin=2"/></net>

<net id="1284"><net_src comp="134" pin="0"/><net_sink comp="1280" pin=0"/></net>

<net id="1285"><net_src comp="665" pin="1"/><net_sink comp="1280" pin=1"/></net>

<net id="1289"><net_src comp="1280" pin="2"/><net_sink comp="1286" pin=0"/></net>

<net id="1290"><net_src comp="1286" pin="1"/><net_sink comp="417" pin=2"/></net>

<net id="1297"><net_src comp="136" pin="0"/><net_sink comp="1291" pin=0"/></net>

<net id="1298"><net_src comp="689" pin="1"/><net_sink comp="1291" pin=1"/></net>

<net id="1299"><net_src comp="138" pin="0"/><net_sink comp="1291" pin=2"/></net>

<net id="1300"><net_src comp="90" pin="0"/><net_sink comp="1291" pin=3"/></net>

<net id="1304"><net_src comp="689" pin="1"/><net_sink comp="1301" pin=0"/></net>

<net id="1310"><net_src comp="140" pin="0"/><net_sink comp="1305" pin=0"/></net>

<net id="1311"><net_src comp="1301" pin="1"/><net_sink comp="1305" pin=1"/></net>

<net id="1312"><net_src comp="1291" pin="4"/><net_sink comp="1305" pin=2"/></net>

<net id="1319"><net_src comp="142" pin="0"/><net_sink comp="1313" pin=0"/></net>

<net id="1320"><net_src comp="689" pin="1"/><net_sink comp="1313" pin=1"/></net>

<net id="1321"><net_src comp="144" pin="0"/><net_sink comp="1313" pin=2"/></net>

<net id="1322"><net_src comp="90" pin="0"/><net_sink comp="1313" pin=3"/></net>

<net id="1326"><net_src comp="689" pin="1"/><net_sink comp="1323" pin=0"/></net>

<net id="1332"><net_src comp="146" pin="0"/><net_sink comp="1327" pin=0"/></net>

<net id="1333"><net_src comp="1323" pin="1"/><net_sink comp="1327" pin=1"/></net>

<net id="1334"><net_src comp="1313" pin="4"/><net_sink comp="1327" pin=2"/></net>

<net id="1341"><net_src comp="148" pin="0"/><net_sink comp="1335" pin=0"/></net>

<net id="1342"><net_src comp="689" pin="1"/><net_sink comp="1335" pin=1"/></net>

<net id="1343"><net_src comp="150" pin="0"/><net_sink comp="1335" pin=2"/></net>

<net id="1344"><net_src comp="90" pin="0"/><net_sink comp="1335" pin=3"/></net>

<net id="1348"><net_src comp="1335" pin="4"/><net_sink comp="1345" pin=0"/></net>

<net id="1353"><net_src comp="1345" pin="1"/><net_sink comp="1349" pin=0"/></net>

<net id="1354"><net_src comp="1327" pin="3"/><net_sink comp="1349" pin=1"/></net>

<net id="1359"><net_src comp="1349" pin="2"/><net_sink comp="1355" pin=0"/></net>

<net id="1360"><net_src comp="1305" pin="3"/><net_sink comp="1355" pin=1"/></net>

<net id="1367"><net_src comp="152" pin="0"/><net_sink comp="1361" pin=0"/></net>

<net id="1368"><net_src comp="378" pin="3"/><net_sink comp="1361" pin=1"/></net>

<net id="1369"><net_src comp="154" pin="0"/><net_sink comp="1361" pin=2"/></net>

<net id="1370"><net_src comp="90" pin="0"/><net_sink comp="1361" pin=3"/></net>

<net id="1374"><net_src comp="378" pin="3"/><net_sink comp="1371" pin=0"/></net>

<net id="1380"><net_src comp="156" pin="0"/><net_sink comp="1375" pin=0"/></net>

<net id="1381"><net_src comp="1371" pin="1"/><net_sink comp="1375" pin=1"/></net>

<net id="1382"><net_src comp="1361" pin="4"/><net_sink comp="1375" pin=2"/></net>

<net id="1389"><net_src comp="158" pin="0"/><net_sink comp="1383" pin=0"/></net>

<net id="1390"><net_src comp="378" pin="3"/><net_sink comp="1383" pin=1"/></net>

<net id="1391"><net_src comp="160" pin="0"/><net_sink comp="1383" pin=2"/></net>

<net id="1392"><net_src comp="90" pin="0"/><net_sink comp="1383" pin=3"/></net>

<net id="1396"><net_src comp="378" pin="3"/><net_sink comp="1393" pin=0"/></net>

<net id="1402"><net_src comp="162" pin="0"/><net_sink comp="1397" pin=0"/></net>

<net id="1403"><net_src comp="1393" pin="1"/><net_sink comp="1397" pin=1"/></net>

<net id="1404"><net_src comp="1383" pin="4"/><net_sink comp="1397" pin=2"/></net>

<net id="1411"><net_src comp="164" pin="0"/><net_sink comp="1405" pin=0"/></net>

<net id="1412"><net_src comp="378" pin="3"/><net_sink comp="1405" pin=1"/></net>

<net id="1413"><net_src comp="166" pin="0"/><net_sink comp="1405" pin=2"/></net>

<net id="1414"><net_src comp="90" pin="0"/><net_sink comp="1405" pin=3"/></net>

<net id="1418"><net_src comp="1405" pin="4"/><net_sink comp="1415" pin=0"/></net>

<net id="1423"><net_src comp="1415" pin="1"/><net_sink comp="1419" pin=0"/></net>

<net id="1424"><net_src comp="1397" pin="3"/><net_sink comp="1419" pin=1"/></net>

<net id="1429"><net_src comp="1419" pin="2"/><net_sink comp="1425" pin=0"/></net>

<net id="1430"><net_src comp="1375" pin="3"/><net_sink comp="1425" pin=1"/></net>

<net id="1435"><net_src comp="1355" pin="2"/><net_sink comp="1431" pin=0"/></net>

<net id="1436"><net_src comp="1425" pin="2"/><net_sink comp="1431" pin=1"/></net>

<net id="1441"><net_src comp="689" pin="1"/><net_sink comp="1437" pin=1"/></net>

<net id="1446"><net_src comp="1437" pin="2"/><net_sink comp="1442" pin=1"/></net>

<net id="1447"><net_src comp="1442" pin="2"/><net_sink comp="378" pin=1"/></net>

<net id="1452"><net_src comp="654" pin="1"/><net_sink comp="1448" pin=1"/></net>

<net id="1457"><net_src comp="1448" pin="2"/><net_sink comp="1453" pin=0"/></net>

<net id="1462"><net_src comp="446" pin="3"/><net_sink comp="1458" pin=0"/></net>

<net id="1463"><net_src comp="378" pin="3"/><net_sink comp="1458" pin=1"/></net>

<net id="1468"><net_src comp="1458" pin="2"/><net_sink comp="1464" pin=1"/></net>

<net id="1473"><net_src comp="611" pin="1"/><net_sink comp="1469" pin=0"/></net>

<net id="1482"><net_src comp="1474" pin="2"/><net_sink comp="1478" pin=0"/></net>

<net id="1487"><net_src comp="64" pin="0"/><net_sink comp="1483" pin=1"/></net>

<net id="1493"><net_src comp="60" pin="0"/><net_sink comp="1488" pin=0"/></net>

<net id="1494"><net_src comp="62" pin="0"/><net_sink comp="1488" pin=1"/></net>

<net id="1495"><net_src comp="1483" pin="2"/><net_sink comp="1488" pin=2"/></net>

<net id="1496"><net_src comp="1488" pin="3"/><net_sink comp="459" pin=2"/></net>

<net id="1501"><net_src comp="66" pin="0"/><net_sink comp="1497" pin=1"/></net>

<net id="1507"><net_src comp="60" pin="0"/><net_sink comp="1502" pin=0"/></net>

<net id="1508"><net_src comp="62" pin="0"/><net_sink comp="1502" pin=1"/></net>

<net id="1509"><net_src comp="1497" pin="2"/><net_sink comp="1502" pin=2"/></net>

<net id="1510"><net_src comp="1502" pin="3"/><net_sink comp="465" pin=2"/></net>

<net id="1515"><net_src comp="611" pin="1"/><net_sink comp="1511" pin=0"/></net>

<net id="1516"><net_src comp="1511" pin="2"/><net_sink comp="264" pin=1"/></net>

<net id="1521"><net_src comp="68" pin="0"/><net_sink comp="1517" pin=1"/></net>

<net id="1527"><net_src comp="60" pin="0"/><net_sink comp="1522" pin=0"/></net>

<net id="1528"><net_src comp="62" pin="0"/><net_sink comp="1522" pin=1"/></net>

<net id="1529"><net_src comp="1517" pin="2"/><net_sink comp="1522" pin=2"/></net>

<net id="1530"><net_src comp="1522" pin="3"/><net_sink comp="473" pin=2"/></net>

<net id="1535"><net_src comp="70" pin="0"/><net_sink comp="1531" pin=1"/></net>

<net id="1541"><net_src comp="60" pin="0"/><net_sink comp="1536" pin=0"/></net>

<net id="1542"><net_src comp="62" pin="0"/><net_sink comp="1536" pin=1"/></net>

<net id="1543"><net_src comp="1531" pin="2"/><net_sink comp="1536" pin=2"/></net>

<net id="1544"><net_src comp="1536" pin="3"/><net_sink comp="479" pin=2"/></net>

<net id="1549"><net_src comp="72" pin="0"/><net_sink comp="1545" pin=1"/></net>

<net id="1555"><net_src comp="60" pin="0"/><net_sink comp="1550" pin=0"/></net>

<net id="1556"><net_src comp="62" pin="0"/><net_sink comp="1550" pin=1"/></net>

<net id="1557"><net_src comp="1545" pin="2"/><net_sink comp="1550" pin=2"/></net>

<net id="1558"><net_src comp="1550" pin="3"/><net_sink comp="487" pin=2"/></net>

<net id="1563"><net_src comp="74" pin="0"/><net_sink comp="1559" pin=1"/></net>

<net id="1569"><net_src comp="60" pin="0"/><net_sink comp="1564" pin=0"/></net>

<net id="1570"><net_src comp="62" pin="0"/><net_sink comp="1564" pin=1"/></net>

<net id="1571"><net_src comp="1559" pin="2"/><net_sink comp="1564" pin=2"/></net>

<net id="1572"><net_src comp="1564" pin="3"/><net_sink comp="493" pin=2"/></net>

<net id="1577"><net_src comp="654" pin="1"/><net_sink comp="1573" pin=0"/></net>

<net id="1578"><net_src comp="1573" pin="2"/><net_sink comp="264" pin=1"/></net>

<net id="1583"><net_src comp="681" pin="4"/><net_sink comp="1579" pin=0"/></net>

<net id="1584"><net_src comp="52" pin="0"/><net_sink comp="1579" pin=1"/></net>

<net id="1589"><net_src comp="681" pin="4"/><net_sink comp="1585" pin=0"/></net>

<net id="1590"><net_src comp="22" pin="0"/><net_sink comp="1585" pin=1"/></net>

<net id="1595"><net_src comp="681" pin="4"/><net_sink comp="1591" pin=0"/></net>

<net id="1596"><net_src comp="52" pin="0"/><net_sink comp="1591" pin=1"/></net>

<net id="1600"><net_src comp="1591" pin="2"/><net_sink comp="1597" pin=0"/></net>

<net id="1601"><net_src comp="1597" pin="1"/><net_sink comp="501" pin=2"/></net>

<net id="1605"><net_src comp="677" pin="1"/><net_sink comp="1602" pin=0"/></net>

<net id="1606"><net_src comp="1602" pin="1"/><net_sink comp="508" pin=2"/></net>

<net id="1610"><net_src comp="184" pin="3"/><net_sink comp="1607" pin=0"/></net>

<net id="1611"><net_src comp="1607" pin="1"/><net_sink comp="250" pin=0"/></net>

<net id="1615"><net_src comp="192" pin="3"/><net_sink comp="1612" pin=0"/></net>

<net id="1616"><net_src comp="1612" pin="1"/><net_sink comp="264" pin=0"/></net>

<net id="1623"><net_src comp="700" pin="2"/><net_sink comp="1620" pin=0"/></net>

<net id="1624"><net_src comp="1620" pin="1"/><net_sink comp="526" pin=0"/></net>

<net id="1628"><net_src comp="706" pin="1"/><net_sink comp="1625" pin=0"/></net>

<net id="1629"><net_src comp="1625" pin="1"/><net_sink comp="256" pin=2"/></net>

<net id="1633"><net_src comp="215" pin="3"/><net_sink comp="1630" pin=0"/></net>

<net id="1634"><net_src comp="1630" pin="1"/><net_sink comp="222" pin=0"/></net>

<net id="1641"><net_src comp="717" pin="2"/><net_sink comp="1638" pin=0"/></net>

<net id="1642"><net_src comp="1638" pin="1"/><net_sink comp="537" pin=2"/></net>

<net id="1646"><net_src comp="723" pin="1"/><net_sink comp="1643" pin=0"/></net>

<net id="1647"><net_src comp="1643" pin="1"/><net_sink comp="751" pin=1"/></net>

<net id="1654"><net_src comp="733" pin="2"/><net_sink comp="1651" pin=0"/></net>

<net id="1655"><net_src comp="1651" pin="1"/><net_sink comp="549" pin=0"/></net>

<net id="1659"><net_src comp="751" pin="2"/><net_sink comp="1656" pin=0"/></net>

<net id="1660"><net_src comp="1656" pin="1"/><net_sink comp="779" pin=0"/></net>

<net id="1664"><net_src comp="270" pin="3"/><net_sink comp="1661" pin=0"/></net>

<net id="1665"><net_src comp="1661" pin="1"/><net_sink comp="208" pin=0"/></net>

<net id="1672"><net_src comp="789" pin="2"/><net_sink comp="1669" pin=0"/></net>

<net id="1673"><net_src comp="1669" pin="1"/><net_sink comp="560" pin=0"/></net>

<net id="1677"><net_src comp="795" pin="1"/><net_sink comp="1674" pin=0"/></net>

<net id="1678"><net_src comp="1674" pin="1"/><net_sink comp="298" pin=2"/></net>

<net id="1682"><net_src comp="285" pin="3"/><net_sink comp="1679" pin=0"/></net>

<net id="1683"><net_src comp="1679" pin="1"/><net_sink comp="292" pin=0"/></net>

<net id="1690"><net_src comp="806" pin="2"/><net_sink comp="1687" pin=0"/></net>

<net id="1691"><net_src comp="1687" pin="1"/><net_sink comp="924" pin=1"/></net>

<net id="1695"><net_src comp="812" pin="3"/><net_sink comp="1692" pin=0"/></net>

<net id="1696"><net_src comp="1692" pin="1"/><net_sink comp="840" pin=0"/></net>

<net id="1697"><net_src comp="1692" pin="1"/><net_sink comp="854" pin=0"/></net>

<net id="1698"><net_src comp="1692" pin="1"/><net_sink comp="868" pin=0"/></net>

<net id="1699"><net_src comp="1692" pin="1"/><net_sink comp="882" pin=0"/></net>

<net id="1700"><net_src comp="1692" pin="1"/><net_sink comp="896" pin=0"/></net>

<net id="1701"><net_src comp="1692" pin="1"/><net_sink comp="910" pin=0"/></net>

<net id="1705"><net_src comp="306" pin="3"/><net_sink comp="1702" pin=0"/></net>

<net id="1706"><net_src comp="1702" pin="1"/><net_sink comp="264" pin=0"/></net>

<net id="1710"><net_src comp="312" pin="3"/><net_sink comp="1707" pin=0"/></net>

<net id="1711"><net_src comp="1707" pin="1"/><net_sink comp="264" pin=2"/></net>

<net id="1715"><net_src comp="324" pin="3"/><net_sink comp="1712" pin=0"/></net>

<net id="1716"><net_src comp="1712" pin="1"/><net_sink comp="264" pin=2"/></net>

<net id="1720"><net_src comp="330" pin="3"/><net_sink comp="1717" pin=0"/></net>

<net id="1721"><net_src comp="1717" pin="1"/><net_sink comp="264" pin=0"/></net>

<net id="1725"><net_src comp="264" pin="3"/><net_sink comp="1722" pin=0"/></net>

<net id="1726"><net_src comp="1722" pin="1"/><net_sink comp="582" pin=2"/></net>

<net id="1727"><net_src comp="1722" pin="1"/><net_sink comp="1231" pin=1"/></net>

<net id="1731"><net_src comp="264" pin="7"/><net_sink comp="1728" pin=0"/></net>

<net id="1732"><net_src comp="1728" pin="1"/><net_sink comp="592" pin=2"/></net>

<net id="1733"><net_src comp="1728" pin="1"/><net_sink comp="1237" pin=1"/></net>

<net id="1737"><net_src comp="338" pin="3"/><net_sink comp="1734" pin=0"/></net>

<net id="1738"><net_src comp="1734" pin="1"/><net_sink comp="264" pin=2"/></net>

<net id="1742"><net_src comp="344" pin="3"/><net_sink comp="1739" pin=0"/></net>

<net id="1743"><net_src comp="1739" pin="1"/><net_sink comp="264" pin=0"/></net>

<net id="1747"><net_src comp="264" pin="7"/><net_sink comp="1744" pin=0"/></net>

<net id="1748"><net_src comp="1744" pin="1"/><net_sink comp="603" pin=2"/></net>

<net id="1749"><net_src comp="1744" pin="1"/><net_sink comp="1243" pin=1"/></net>

<net id="1753"><net_src comp="264" pin="3"/><net_sink comp="1750" pin=0"/></net>

<net id="1754"><net_src comp="1750" pin="1"/><net_sink comp="614" pin=2"/></net>

<net id="1755"><net_src comp="1750" pin="1"/><net_sink comp="1511" pin=1"/></net>

<net id="1759"><net_src comp="352" pin="3"/><net_sink comp="1756" pin=0"/></net>

<net id="1760"><net_src comp="1756" pin="1"/><net_sink comp="264" pin=2"/></net>

<net id="1764"><net_src comp="358" pin="3"/><net_sink comp="1761" pin=0"/></net>

<net id="1765"><net_src comp="1761" pin="1"/><net_sink comp="264" pin=0"/></net>

<net id="1769"><net_src comp="264" pin="7"/><net_sink comp="1766" pin=0"/></net>

<net id="1770"><net_src comp="1766" pin="1"/><net_sink comp="625" pin=2"/></net>

<net id="1771"><net_src comp="1766" pin="1"/><net_sink comp="1248" pin=1"/></net>

<net id="1775"><net_src comp="264" pin="3"/><net_sink comp="1772" pin=0"/></net>

<net id="1776"><net_src comp="1772" pin="1"/><net_sink comp="635" pin=2"/></net>

<net id="1777"><net_src comp="1772" pin="1"/><net_sink comp="1253" pin=1"/></net>

<net id="1781"><net_src comp="931" pin="1"/><net_sink comp="1778" pin=0"/></net>

<net id="1782"><net_src comp="1778" pin="1"/><net_sink comp="1171" pin=0"/></net>

<net id="1786"><net_src comp="264" pin="7"/><net_sink comp="1783" pin=0"/></net>

<net id="1787"><net_src comp="1783" pin="1"/><net_sink comp="646" pin=2"/></net>

<net id="1788"><net_src comp="1783" pin="1"/><net_sink comp="1258" pin=1"/></net>

<net id="1792"><net_src comp="264" pin="3"/><net_sink comp="1789" pin=0"/></net>

<net id="1793"><net_src comp="1789" pin="1"/><net_sink comp="657" pin=2"/></net>

<net id="1794"><net_src comp="1789" pin="1"/><net_sink comp="1573" pin=1"/></net>

<net id="1801"><net_src comp="941" pin="2"/><net_sink comp="1798" pin=0"/></net>

<net id="1802"><net_src comp="1798" pin="1"/><net_sink comp="669" pin=0"/></net>

<net id="1806"><net_src comp="965" pin="2"/><net_sink comp="1803" pin=0"/></net>

<net id="1807"><net_src comp="1803" pin="1"/><net_sink comp="1453" pin=1"/></net>

<net id="1811"><net_src comp="989" pin="2"/><net_sink comp="1808" pin=0"/></net>

<net id="1812"><net_src comp="1808" pin="1"/><net_sink comp="1478" pin=1"/></net>

<net id="1816"><net_src comp="1067" pin="2"/><net_sink comp="1813" pin=0"/></net>

<net id="1817"><net_src comp="1813" pin="1"/><net_sink comp="1474" pin=0"/></net>

<net id="1821"><net_src comp="1145" pin="2"/><net_sink comp="1818" pin=0"/></net>

<net id="1822"><net_src comp="1818" pin="1"/><net_sink comp="1448" pin=0"/></net>

<net id="1826"><net_src comp="1161" pin="2"/><net_sink comp="1823" pin=0"/></net>

<net id="1830"><net_src comp="1167" pin="1"/><net_sink comp="1827" pin=0"/></net>

<net id="1831"><net_src comp="1827" pin="1"/><net_sink comp="424" pin=2"/></net>

<net id="1832"><net_src comp="1827" pin="1"/><net_sink comp="431" pin=2"/></net>

<net id="1833"><net_src comp="1827" pin="1"/><net_sink comp="439" pin=2"/></net>

<net id="1834"><net_src comp="1827" pin="1"/><net_sink comp="452" pin=2"/></net>

<net id="1838"><net_src comp="366" pin="3"/><net_sink comp="1835" pin=0"/></net>

<net id="1839"><net_src comp="1835" pin="1"/><net_sink comp="250" pin=0"/></net>

<net id="1843"><net_src comp="372" pin="3"/><net_sink comp="1840" pin=0"/></net>

<net id="1844"><net_src comp="1840" pin="1"/><net_sink comp="378" pin=0"/></net>

<net id="1848"><net_src comp="384" pin="3"/><net_sink comp="1845" pin=0"/></net>

<net id="1849"><net_src comp="1845" pin="1"/><net_sink comp="378" pin=2"/></net>

<net id="1853"><net_src comp="1203" pin="3"/><net_sink comp="1850" pin=0"/></net>

<net id="1854"><net_src comp="1850" pin="1"/><net_sink comp="1483" pin=0"/></net>

<net id="1855"><net_src comp="1850" pin="1"/><net_sink comp="1497" pin=0"/></net>

<net id="1856"><net_src comp="1850" pin="1"/><net_sink comp="1517" pin=0"/></net>

<net id="1857"><net_src comp="1850" pin="1"/><net_sink comp="1531" pin=0"/></net>

<net id="1858"><net_src comp="1850" pin="1"/><net_sink comp="1545" pin=0"/></net>

<net id="1859"><net_src comp="1850" pin="1"/><net_sink comp="1559" pin=0"/></net>

<net id="1863"><net_src comp="1243" pin="2"/><net_sink comp="1860" pin=0"/></net>

<net id="1864"><net_src comp="1860" pin="1"/><net_sink comp="264" pin=4"/></net>

<net id="1868"><net_src comp="1248" pin="2"/><net_sink comp="1865" pin=0"/></net>

<net id="1869"><net_src comp="1865" pin="1"/><net_sink comp="264" pin=4"/></net>

<net id="1873"><net_src comp="1253" pin="2"/><net_sink comp="1870" pin=0"/></net>

<net id="1874"><net_src comp="1870" pin="1"/><net_sink comp="264" pin=1"/></net>

<net id="1878"><net_src comp="1258" pin="2"/><net_sink comp="1875" pin=0"/></net>

<net id="1879"><net_src comp="1875" pin="1"/><net_sink comp="264" pin=4"/></net>

<net id="1883"><net_src comp="1263" pin="2"/><net_sink comp="1880" pin=0"/></net>

<net id="1884"><net_src comp="1880" pin="1"/><net_sink comp="571" pin=0"/></net>

<net id="1888"><net_src comp="378" pin="7"/><net_sink comp="1885" pin=0"/></net>

<net id="1889"><net_src comp="1885" pin="1"/><net_sink comp="1437" pin=0"/></net>

<net id="1893"><net_src comp="410" pin="3"/><net_sink comp="1890" pin=0"/></net>

<net id="1894"><net_src comp="1890" pin="1"/><net_sink comp="378" pin=0"/></net>

<net id="1898"><net_src comp="417" pin="3"/><net_sink comp="1895" pin=0"/></net>

<net id="1899"><net_src comp="1895" pin="1"/><net_sink comp="378" pin=2"/></net>

<net id="1903"><net_src comp="1431" pin="2"/><net_sink comp="1900" pin=0"/></net>

<net id="1904"><net_src comp="1900" pin="1"/><net_sink comp="1442" pin=0"/></net>

<net id="1908"><net_src comp="1453" pin="2"/><net_sink comp="1905" pin=0"/></net>

<net id="1909"><net_src comp="1905" pin="1"/><net_sink comp="1464" pin=0"/></net>

<net id="1913"><net_src comp="439" pin="3"/><net_sink comp="1910" pin=0"/></net>

<net id="1914"><net_src comp="1910" pin="1"/><net_sink comp="446" pin=0"/></net>

<net id="1918"><net_src comp="452" pin="3"/><net_sink comp="1915" pin=0"/></net>

<net id="1919"><net_src comp="1915" pin="1"/><net_sink comp="378" pin=0"/></net>

<net id="1923"><net_src comp="1464" pin="2"/><net_sink comp="1920" pin=0"/></net>

<net id="1924"><net_src comp="1920" pin="1"/><net_sink comp="1469" pin=1"/></net>

<net id="1925"><net_src comp="1920" pin="1"/><net_sink comp="1474" pin=1"/></net>

<net id="1929"><net_src comp="1469" pin="2"/><net_sink comp="1926" pin=0"/></net>

<net id="1930"><net_src comp="1926" pin="1"/><net_sink comp="625" pin=0"/></net>

<net id="1934"><net_src comp="1478" pin="2"/><net_sink comp="1931" pin=0"/></net>

<net id="1935"><net_src comp="1931" pin="1"/><net_sink comp="582" pin=0"/></net>

<net id="1942"><net_src comp="1585" pin="2"/><net_sink comp="1939" pin=0"/></net>

<net id="1943"><net_src comp="1939" pin="1"/><net_sink comp="681" pin=0"/></net>

<net id="1947"><net_src comp="501" pin="3"/><net_sink comp="1944" pin=0"/></net>

<net id="1948"><net_src comp="1944" pin="1"/><net_sink comp="264" pin=2"/></net>

</net_list>

</model> 
---------------- Datapath Model END ------------------

* FSMD analyzer results:
  - Output states:
	Port: outputlocation_V | {26 }
 - Input state : 
	Port: hash1 : input_V | {2 3 }
	Port: hash1 : H_0_V | {7 8 }
	Port: hash1 : K | {19 20 }
  - Chain level:
	State 1
		M_V_addr : 1
		H_V_addr : 1
		message_V_addr : 1
		store_ln77 : 2
	State 2
		icmp_ln79 : 1
		i : 1
		br_ln79 : 2
		zext_ln80 : 1
		input_V_addr : 2
		input_V_load : 3
		store_ln85 : 1
		store_ln98 : 1
	State 3
		store_ln80 : 1
	State 4
		icmp_ln104 : 1
		i_11 : 1
		br_ln104 : 2
		zext_ln1598 : 1
	State 5
		icmp_ln105 : 1
		j : 1
		br_ln105 : 2
		tmp : 1
		zext_ln321 : 2
		add_ln321 : 3
		trunc_ln106 : 1
		shl_ln : 2
		add_ln106 : 3
		zext_ln106 : 4
		message_V_addr_6 : 5
		message_V_load : 6
	State 6
		M_V_addr_1 : 1
		store_ln106 : 2
	State 7
		icmp_ln110 : 1
		i_12 : 1
		br_ln110 : 2
		zext_ln111 : 1
		H_0_V_addr : 2
		H_0_V_load : 3
	State 8
		store_ln111 : 1
	State 9
		icmp_ln114 : 1
		br_ln114 : 2
		add_ln116 : 1
		tmp_18 : 2
		zext_ln116 : 3
		H_V_addr_2 : 4
		or_ln117 : 3
		tmp_19 : 3
		H_V_addr_3 : 4
		a_V : 5
		b_V : 5
	State 10
		H_V_addr_4 : 1
		H_V_addr_5 : 1
		c_V : 2
		d_V : 2
	State 11
		H_V_addr_6 : 1
		H_V_addr_7 : 1
		e_V : 2
		f_V : 2
	State 12
		H_V_addr_8 : 1
		H_V_addr_9 : 1
		g_V : 2
		h_V : 2
	State 13
		zext_ln116_2 : 1
	State 14
		icmp_ln127 : 1
		j_2 : 1
		br_ln127 : 2
		and_ln26 : 1
		xor_ln26 : 1
		and_ln26_2 : 1
		ch_V : 1
		xor_ln31 : 1
		and_ln31 : 1
		and_ln31_2 : 1
		maj_V : 1
		r_V : 1
		trunc_ln1503 : 1
		ret_V_39 : 2
		r_V_s : 1
		trunc_ln1503_10 : 1
		ret_V_40 : 2
		r_V_11 : 1
		trunc_ln1503_11 : 1
		ret_V_41 : 2
		xor_ln1357 : 3
		ret_V_42 : 3
		r_V_12 : 1
		trunc_ln1503_12 : 1
		ret_V_43 : 2
		r_V_13 : 1
		trunc_ln1503_13 : 1
		ret_V_44 : 2
		r_V_14 : 1
		trunc_ln1503_14 : 1
		ret_V_45 : 2
		xor_ln1357_9 : 3
		ret_V_46 : 3
		tmp_34 : 1
		icmp_ln134 : 2
		zext_ln135 : 1
		add_ln321_2 : 1
		zext_ln321_7 : 2
		M_V_addr_2 : 3
		br_ln134 : 3
		add_ln137 : 1
		zext_ln137 : 2
		W_V_addr_1 : 3
		tempWord_V : 4
		add_ln137_1 : 1
		zext_ln137_4 : 2
		W_V_addr_2 : 3
		W_V_load_1 : 4
		M_V_load : 4
		zext_ln321_4 : 1
		H_V_addr_11 : 2
		or_ln321 : 1
		tmp_27 : 1
		H_V_addr_12 : 2
		add_ln209 : 1
		store_ln151 : 3
		add_ln209_1 : 1
		store_ln152 : 3
		add_ln209_2 : 1
		add_ln209_4 : 1
		add_ln209_5 : 1
		add_ln209_6 : 1
	State 15
		zext_ln137_5 : 1
		W_V_addr_3 : 2
		tempWord_V_6 : 3
		zext_ln137_6 : 1
		W_V_addr_4 : 2
		W_V_load_3 : 3
	State 16
		ret_V_47 : 1
		ret_V_48 : 1
		r_V_23 : 1
		xor_ln1357_11 : 2
		ret_V : 2
		r_V_18 : 1
		trunc_ln1503_17 : 1
		ret_V_49 : 2
		r_V_19 : 1
		trunc_ln1503_18 : 1
		ret_V_50 : 2
		r_V_20 : 1
		r_V_24 : 2
		xor_ln1357_13 : 3
		ret_V_38 : 3
		add_ln209_19 : 3
	State 17
		add_ln209_10 : 1
		store_ln137 : 2
		add_ln209_22 : 1
	State 18
		store_ln135 : 1
	State 19
		K_load : 1
		W_V_load : 1
	State 20
		add_ln209_20 : 1
		T1_V : 2
	State 21
		a_V_2 : 1
	State 22
		H_V_addr_13 : 1
		H_V_addr_14 : 1
		store_ln153 : 2
		store_ln154 : 2
	State 23
		H_V_addr_15 : 1
		H_V_addr_16 : 1
		store_ln155 : 2
		store_ln156 : 2
	State 24
		H_V_addr_17 : 1
		H_V_addr_18 : 1
		store_ln157 : 2
		store_ln158 : 2
	State 25
		icmp_ln161 : 1
		i_13 : 1
		br_ln161 : 2
		xor_ln321 : 1
		zext_ln321_6 : 1
		H_V_addr_10 : 2
		H_V_load : 3
	State 26
		outputlocation_V_add : 1
		store_ln162 : 2


============================================================
+ Verbose Summary: Datapath Resource usage 
============================================================

* Functional unit list:
|----------|-------------------------|---------|---------|
| Operation|     Functional Unit     |    FF   |   LUT   |
|----------|-------------------------|---------|---------|
|          |         i_fu_700        |    0    |    13   |
|          |       i_11_fu_717       |    0    |    15   |
|          |         j_fu_733        |    0    |    10   |
|          |     add_ln321_fu_751    |    0    |    15   |
|          |     add_ln106_fu_768    |    0    |    15   |
|          |       i_12_fu_789       |    0    |    13   |
|          |     add_ln116_fu_806    |    0    |    10   |
|          |        j_2_fu_941       |    0    |    15   |
|          |   add_ln321_2_fu_1171   |    0    |    15   |
|          |    add_ln137_fu_1181    |    0    |    15   |
|          |   add_ln137_1_fu_1192   |    0    |    15   |
|          |    add_ln209_fu_1231    |    0    |    39   |
|          |   add_ln209_1_fu_1237   |    0    |    39   |
|          |   add_ln209_2_fu_1243   |    0    |    39   |
|          |   add_ln209_4_fu_1248   |    0    |    39   |
|          |   add_ln209_5_fu_1253   |    0    |    39   |
|    add   |   add_ln209_6_fu_1258   |    0    |    39   |
|          |       i_14_fu_1263      |    0    |    10   |
|          |   add_ln137_2_fu_1269   |    0    |    15   |
|          |   add_ln137_3_fu_1280   |    0    |    15   |
|          |   add_ln209_19_fu_1431  |    0    |    39   |
|          |   add_ln209_18_fu_1437  |    0    |    32   |
|          |   add_ln209_10_fu_1442  |    0    |    32   |
|          |   add_ln209_21_fu_1448  |    0    |    32   |
|          |   add_ln209_22_fu_1453  |    0    |    32   |
|          |   add_ln209_20_fu_1458  |    0    |    32   |
|          |       T1_V_fu_1464      |    0    |    32   |
|          |      e_V_2_fu_1469      |    0    |    39   |
|          |   add_ln209_25_fu_1474  |    0    |    32   |
|          |      a_V_2_fu_1478      |    0    |    32   |
|          |   add_ln209_3_fu_1511   |    0    |    39   |
|          |   add_ln209_7_fu_1573   |    0    |    39   |
|          |       i_13_fu_1585      |    0    |    13   |
|----------|-------------------------|---------|---------|
|          |     xor_ln26_fu_953     |    0    |    32   |
|          |       ch_V_fu_965       |    0    |    32   |
|          |     xor_ln31_fu_971     |    0    |    32   |
|          |       maj_V_fu_989      |    0    |    32   |
|          |    xor_ln1357_fu_1061   |    0    |    32   |
|          |     ret_V_42_fu_1067    |    0    |    32   |
|    xor   |   xor_ln1357_9_fu_1139  |    0    |    32   |
|          |     ret_V_46_fu_1145    |    0    |    32   |
|          |  xor_ln1357_11_fu_1349  |    0    |    32   |
|          |      ret_V_fu_1355      |    0    |    32   |
|          |  xor_ln1357_13_fu_1419  |    0    |    32   |
|          |     ret_V_38_fu_1425    |    0    |    32   |
|          |    xor_ln321_fu_1591    |    0    |    4    |
|----------|-------------------------|---------|---------|
|          |     and_ln26_fu_947     |    0    |    32   |
|    and   |    and_ln26_2_fu_959    |    0    |    32   |
|          |     and_ln31_fu_977     |    0    |    32   |
|          |    and_ln31_2_fu_983    |    0    |    32   |
|----------|-------------------------|---------|---------|
|          |     icmp_ln79_fu_694    |    0    |    9    |
|          |    icmp_ln104_fu_711    |    0    |    11   |
|          |    icmp_ln105_fu_727    |    0    |    8    |
|   icmp   |    icmp_ln110_fu_783    |    0    |    9    |
|          |    icmp_ln114_fu_800    |    0    |    8    |
|          |    icmp_ln127_fu_935    |    0    |    11   |
|          |    icmp_ln134_fu_1161   |    0    |    9    |
|          |    icmp_ln161_fu_1579   |    0    |    9    |
|----------|-------------------------|---------|---------|
|          |     zext_ln80_fu_706    |    0    |    0    |
|          |    zext_ln1598_fu_723   |    0    |    0    |
|          |    zext_ln321_fu_747    |    0    |    0    |
|          |    zext_ln106_fu_774    |    0    |    0    |
|          |   zext_ln321_5_fu_779   |    0    |    0    |
|          |    zext_ln111_fu_795    |    0    |    0    |
|          |    zext_ln116_fu_820    |    0    |    0    |
|          |   zext_ln116_2_fu_931   |    0    |    0    |
|          |    zext_ln135_fu_1167   |    0    |    0    |
|   zext   |   zext_ln321_7_fu_1176  |    0    |    0    |
|          |    zext_ln137_fu_1187   |    0    |    0    |
|          |   zext_ln137_4_fu_1198  |    0    |    0    |
|          |   zext_ln321_4_fu_1211  |    0    |    0    |
|          |   zext_ln137_5_fu_1275  |    0    |    0    |
|          |   zext_ln137_6_fu_1286  |    0    |    0    |
|          |      r_V_23_fu_1345     |    0    |    0    |
|          |      r_V_24_fu_1415     |    0    |    0    |
|          |   zext_ln321_6_fu_1597  |    0    |    0    |
|          |    zext_ln162_fu_1602   |    0    |    0    |
|----------|-------------------------|---------|---------|
|          |        tmp_fu_739       |    0    |    0    |
|          |      shl_ln_fu_760      |    0    |    0    |
|          |      tmp_18_fu_812      |    0    |    0    |
|          |      tmp_19_fu_831      |    0    |    0    |
|          |      tmp_20_fu_845      |    0    |    0    |
|          |      tmp_21_fu_859      |    0    |    0    |
|          |      tmp_22_fu_873      |    0    |    0    |
|          |      tmp_23_fu_887      |    0    |    0    |
|          |      tmp_24_fu_901      |    0    |    0    |
|          |      tmp_25_fu_915      |    0    |    0    |
|          |       tmp_s_fu_924      |    0    |    0    |
|          |     ret_V_39_fu_1009    |    0    |    0    |
|          |     ret_V_40_fu_1031    |    0    |    0    |
|          |     ret_V_41_fu_1053    |    0    |    0    |
|bitconcatenate|     ret_V_43_fu_1087    |    0    |    0    |
|          |     ret_V_44_fu_1109    |    0    |    0    |
|          |     ret_V_45_fu_1131    |    0    |    0    |
|          |      tmp_26_fu_1203     |    0    |    0    |
|          |      tmp_27_fu_1222     |    0    |    0    |
|          |     ret_V_47_fu_1305    |    0    |    0    |
|          |     ret_V_48_fu_1327    |    0    |    0    |
|          |     ret_V_49_fu_1375    |    0    |    0    |
|          |     ret_V_50_fu_1397    |    0    |    0    |
|          |      tmp_28_fu_1488     |    0    |    0    |
|          |      tmp_29_fu_1502     |    0    |    0    |
|          |      tmp_30_fu_1522     |    0    |    0    |
|          |      tmp_31_fu_1536     |    0    |    0    |
|          |      tmp_32_fu_1550     |    0    |    0    |
|          |      tmp_33_fu_1564     |    0    |    0    |
|----------|-------------------------|---------|---------|
|          |    trunc_ln106_fu_756   |    0    |    0    |
|          |   trunc_ln1503_fu_1005  |    0    |    0    |
|          | trunc_ln1503_10_fu_1027 |    0    |    0    |
|          | trunc_ln1503_11_fu_1049 |    0    |    0    |
|          | trunc_ln1503_12_fu_1083 |    0    |    0    |
|   trunc  | trunc_ln1503_13_fu_1105 |    0    |    0    |
|          | trunc_ln1503_14_fu_1127 |    0    |    0    |
|          | trunc_ln1503_15_fu_1301 |    0    |    0    |
|          | trunc_ln1503_16_fu_1323 |    0    |    0    |
|          | trunc_ln1503_17_fu_1371 |    0    |    0    |
|          | trunc_ln1503_18_fu_1393 |    0    |    0    |
|----------|-------------------------|---------|---------|
|          |     or_ln117_fu_825     |    0    |    0    |
|          |     or_ln118_fu_840     |    0    |    0    |
|          |     or_ln119_fu_854     |    0    |    0    |
|          |     or_ln120_fu_868     |    0    |    0    |
|          |     or_ln121_fu_882     |    0    |    0    |
|          |     or_ln122_fu_896     |    0    |    0    |
|    or    |     or_ln123_fu_910     |    0    |    0    |
|          |     or_ln321_fu_1216    |    0    |    0    |
|          |    or_ln321_7_fu_1483   |    0    |    0    |
|          |    or_ln321_8_fu_1497   |    0    |    0    |
|          |    or_ln321_9_fu_1517   |    0    |    0    |
|          |   or_ln321_10_fu_1531   |    0    |    0    |
|          |   or_ln321_11_fu_1545   |    0    |    0    |
|          |   or_ln321_12_fu_1559   |    0    |    0    |
|----------|-------------------------|---------|---------|
|          |        r_V_fu_995       |    0    |    0    |
|          |      r_V_s_fu_1017      |    0    |    0    |
|          |      r_V_11_fu_1039     |    0    |    0    |
|          |      r_V_12_fu_1073     |    0    |    0    |
|          |      r_V_13_fu_1095     |    0    |    0    |
|          |      r_V_14_fu_1117     |    0    |    0    |
|partselect|      tmp_34_fu_1151     |    0    |    0    |
|          |      r_V_15_fu_1291     |    0    |    0    |
|          |      r_V_16_fu_1313     |    0    |    0    |
|          |      r_V_17_fu_1335     |    0    |    0    |
|          |      r_V_18_fu_1361     |    0    |    0    |
|          |      r_V_19_fu_1383     |    0    |    0    |
|          |      r_V_20_fu_1405     |    0    |    0    |
|----------|-------------------------|---------|---------|
|   Total  |                         |    0    |   1440  |
|----------|-------------------------|---------|---------|

Memories:
+---------+--------+--------+--------+--------+
|         |  BRAM  |   FF   |   LUT  |  URAM  |
+---------+--------+--------+--------+--------+
|   H_V   |    2   |    0   |    0   |    0   |
|   M_V   |    1   |    0   |    0   |    0   |
|   W_V   |    2   |    0   |    0   |    0   |
|message_V|   32   |    0   |    0   |    0   |
+---------+--------+--------+--------+--------+
|  Total  |   37   |    0   |    0   |    0   |
+---------+--------+--------+--------+--------+

* Register list:
+-------------------------+--------+
|                         |   FF   |
+-------------------------+--------+
|   H_0_V_addr_reg_1679   |    3   |
|   H_V_addr_10_reg_1944  |    8   |
|   H_V_addr_2_reg_1702   |    8   |
|   H_V_addr_3_reg_1707   |    8   |
|   H_V_addr_4_reg_1712   |    8   |
|   H_V_addr_5_reg_1717   |    8   |
|   H_V_addr_6_reg_1734   |    8   |
|   H_V_addr_7_reg_1739   |    8   |
|   H_V_addr_8_reg_1756   |    8   |
|   H_V_addr_9_reg_1761   |    8   |
|    H_V_addr_reg_1612    |    8   |
|     K_addr_reg_1910     |    6   |
|   M_V_addr_2_reg_1835   |    9   |
|    M_V_addr_reg_1607    |    9   |
|      T1_V_reg_1920      |   32   |
|   W_V_addr_1_reg_1840   |    6   |
|   W_V_addr_2_reg_1845   |    6   |
|   W_V_addr_3_reg_1890   |    6   |
|   W_V_addr_4_reg_1895   |    6   |
|   W_V_addr_6_reg_1915   |    6   |
|   W_V_load_1_reg_1885   |   32   |
|      a_V_2_reg_1931     |   32   |
|       a_V_reg_1722      |   32   |
|    add_ln116_reg_1687   |    2   |
|  add_ln209_19_reg_1900  |   32   |
|  add_ln209_22_reg_1905  |   32   |
|   add_ln209_2_reg_1860  |   32   |
|   add_ln209_4_reg_1865  |   32   |
|   add_ln209_5_reg_1870  |   32   |
|   add_ln209_6_reg_1875  |   32   |
|    add_ln321_reg_1656   |    7   |
|      b_V_2_reg_579      |   32   |
|       b_V_reg_1728      |   32   |
|      c_V_2_reg_589      |   32   |
|       c_V_reg_1744      |   32   |
|      ch_V_reg_1803      |   32   |
|      d_V_2_reg_600      |   32   |
|       d_V_reg_1750      |   32   |
|      e_V_2_reg_1926     |   32   |
|       e_V_reg_1766      |   32   |
|      f_V_2_reg_622      |   32   |
|       f_V_reg_1772      |   32   |
|      g_V_2_reg_632      |   32   |
|       g_V_reg_1783      |   32   |
|      h_V_2_reg_643      |   32   |
|       h_V_reg_1789      |   32   |
|       i1_0_reg_533      |    5   |
|       i3_0_reg_556      |    4   |
|       i7_0_reg_677      |    4   |
|       i_0_reg_522       |    4   |
|      i_11_reg_1638      |    5   |
|      i_12_reg_1669      |    4   |
|      i_13_reg_1939      |    4   |
|      i_14_reg_1880      |    2   |
|  i_op_assign_2_reg_567  |    2   |
|   i_op_assign_reg_545   |    2   |
|        i_reg_1620       |    4   |
|   icmp_ln134_reg_1823   |    1   |
|  input_V_addr_reg_1630  |    3   |
|       j6_0_reg_665      |    7   |
|       j_2_reg_1798      |    7   |
|        j_reg_1651       |    2   |
|      maj_V_reg_1808     |   32   |
|message_V_addr_6_reg_1661|   14   |
|     p_0625_0_reg_654    |   32   |
|     p_0792_0_reg_611    |   32   |
|         reg_689         |   32   |
|    ret_V_42_reg_1813    |   32   |
|    ret_V_46_reg_1818    |   32   |
|     tmp_18_reg_1692     |    5   |
|     tmp_26_reg_1850     |    5   |
|   zext_ln111_reg_1674   |   64   |
|  zext_ln116_2_reg_1778  |    7   |
|   zext_ln135_reg_1827   |   64   |
|   zext_ln1598_reg_1643  |    7   |
|    zext_ln80_reg_1625   |   64   |
+-------------------------+--------+
|          Total          |  1428  |
+-------------------------+--------+

* Multiplexer (MUX) list: 
|-----------------------|------|------|------|--------||---------||---------|
|          Comp         |  Pin | Size |  BW  | S x BW ||  Delay  ||   LUT   |
|-----------------------|------|------|------|--------||---------||---------|
|   grp_access_fu_208   |  p0  |   4  |  14  |   56   ||    21   |
|   grp_access_fu_208   |  p1  |   2  |  32  |   64   |
|   grp_access_fu_208   |  p2  |   2  |   0  |    0   ||    9    |
|   grp_access_fu_208   |  p4  |   2  |  14  |   28   ||    9    |
|   grp_access_fu_222   |  p0  |   2  |   3  |    6   ||    9    |
|   grp_access_fu_250   |  p0  |   4  |   9  |   36   ||    21   |
|   grp_access_fu_250   |  p1  |   2  |  32  |   64   ||    9    |
|   grp_access_fu_264   |  p0  |  14  |   8  |   112  ||    59   |
|   grp_access_fu_264   |  p1  |   6  |  32  |   192  ||    33   |
|   grp_access_fu_264   |  p2  |  14  |   0  |    0   ||    59   |
|   grp_access_fu_264   |  p4  |   4  |   8  |   32   ||    21   |
|   grp_access_fu_292   |  p0  |   2  |   3  |    6   ||    9    |
|   grp_access_fu_378   |  p0  |   7  |   6  |   42   ||    38   |
|   grp_access_fu_378   |  p2  |   5  |   0  |    0   ||    27   |
|   grp_access_fu_446   |  p0  |   2  |   6  |   12   ||    9    |
|      i1_0_reg_533     |  p0  |   2  |   5  |   10   ||    9    |
| i_op_assign_2_reg_567 |  p0  |   2  |   2  |    4   ||    9    |
|      j6_0_reg_665     |  p0  |   2  |   7  |   14   ||    9    |
|      i7_0_reg_677     |  p0  |   2  |   4  |    8   ||    9    |
|        reg_689        |  p0  |   2  |  32  |   64   ||    9    |
|-----------------------|------|------|------|--------||---------||---------|
|         Total         |      |      |      |   750  || 36.9436 ||   378   |
|-----------------------|------|------|------|--------||---------||---------|



* Summary:
+-----------+--------+--------+--------+--------+--------+
|           |  BRAM  |  Delay |   FF   |   LUT  |  URAM  |
+-----------+--------+--------+--------+--------+--------+
|  Function |    -   |    -   |    0   |  1440  |    -   |
|   Memory  |   37   |    -   |    0   |    0   |    0   |
|Multiplexer|    -   |   36   |    -   |   378  |    -   |
|  Register |    -   |    -   |  1428  |    -   |    -   |
+-----------+--------+--------+--------+--------+--------+
|   Total   |   37   |   36   |  1428  |  1818  |    0   |
+-----------+--------+--------+--------+--------+--------+
