

================================================================
== Vivado HLS Report for 'hash1_1'
================================================================
* Date:           Mon Nov 25 03:46:06 2024

* Version:        2019.2 (Build 2704478 on Wed Nov 06 22:10:23 MST 2019)
* Project:        sha.prj
* Solution:       solution1
* Product family: zynq
* Target device:  xc7z020-clg484-1


================================================================
== Performance Estimates
================================================================
+ Timing: 
    * Summary: 
    +--------+----------+----------+------------+
    |  Clock |  Target  | Estimated| Uncertainty|
    +--------+----------+----------+------------+
    |ap_clk  | 10.00 ns | 7.625 ns |   1.25 ns  |
    +--------+----------+----------+------------+

+ Latency: 
    * Summary: 
    +---------+---------+----------+-----------+-----+------+---------+
    |  Latency (cycles) |  Latency (absolute)  |  Interval  | Pipeline|
    |   min   |   max   |    min   |    max    | min |  max |   Type  |
    +---------+---------+----------+-----------+-----+------+---------+
    |      993|     1121| 9.930 us | 11.210 us |  993|  1121|   none  |
    +---------+---------+----------+-----------+-----+------+---------+

    + Detail: 
        * Instance: 
        N/A

        * Loop: 
        +-------------+---------+---------+-----------+-----------+-----------+------+----------+
        |             |  Latency (cycles) | Iteration |  Initiation Interval  | Trip |          |
        |  Loop Name  |   min   |   max   |  Latency  |  achieved |   target  | Count| Pipelined|
        +-------------+---------+---------+-----------+-----------+-----------+------+----------+
        |- Loop 1     |       42|       42|          2|          -|          -|    21|    no    |
        |- Loop 2     |      128|      128|          8|          -|          -|    16|    no    |
        | + Loop 2.1  |        6|        6|          2|          -|          -|     3|    no    |
        |- Loop 3     |       16|       16|          2|          -|          -|     8|    no    |
        |- Loop 4     |      786|      914| 393 ~ 457 |          -|          -|     2|    no    |
        | + Loop 4.1  |      384|      448|   6 ~ 7   |          -|          -|    64|    no    |
        |- Loop 5     |       16|       16|          2|          -|          -|     8|    no    |
        +-------------+---------+---------+-----------+-----------+-----------+------+----------+



================================================================
== Utilization Estimates
================================================================
* Summary: 
+-----------------+---------+-------+--------+-------+-----+
|       Name      | BRAM_18K| DSP48E|   FF   |  LUT  | URAM|
+-----------------+---------+-------+--------+-------+-----+
|DSP              |        -|      -|       -|      -|    -|
|Expression       |        -|      -|       0|   1514|    -|
|FIFO             |        -|      -|       -|      -|    -|
|Instance         |        -|      -|       -|      -|    -|
|Memory           |       38|      -|      32|      4|    0|
|Multiplexer      |        -|      -|       -|    581|    -|
|Register         |        -|      -|    1054|      -|    -|
+-----------------+---------+-------+--------+-------+-----+
|Total            |       38|      0|    1086|   2099|    0|
+-----------------+---------+-------+--------+-------+-----+
|Available        |      280|    220|  106400|  53200|    0|
+-----------------+---------+-------+--------+-------+-----+
|Utilization (%)  |       13|      0|       1|      3|    0|
+-----------------+---------+-------+--------+-------+-----+

+ Detail: 
    * Instance: 
    N/A

    * DSP48E: 
    N/A

    * Memory: 
    +-------------+-------------------+---------+----+----+-----+-------+-----+------+-------------+
    |    Memory   |       Module      | BRAM_18K| FF | LUT| URAM| Words | Bits| Banks| W*Bits*Banks|
    +-------------+-------------------+---------+----+----+-----+-------+-----+------+-------------+
    |H_0_V_U      |hash1_1_H_0_V      |        0|  32|   4|    0|      8|   32|     1|          256|
    |H_V_U        |hash1_1_H_V        |        2|   0|   0|    0|    256|   32|     1|         8192|
    |K_U          |hash1_1_K          |        1|   0|   0|    0|     64|   32|     1|         2048|
    |M_V_U        |hash1_1_M_V        |        1|   0|   0|    0|    512|   32|     1|        16384|
    |W_V_U        |hash1_1_W_V        |        2|   0|   0|    0|     64|   32|     1|         2048|
    |message_V_U  |hash1_1_message_V  |       32|   0|   0|    0|  10000|   32|     1|       320000|
    +-------------+-------------------+---------+----+----+-----+-------+-----+------+-------------+
    |Total        |                   |       38|  32|   4|    0|  10904|  192|     6|       348928|
    +-------------+-------------------+---------+----+----+-----+-------+-----+------+-------------+

    * FIFO: 
    N/A

    * Expression: 
    +-------------------------+----------+-------+---+----+------------+------------+
    |      Variable Name      | Operation| DSP48E| FF| LUT| Bitwidth P0| Bitwidth P1|
    +-------------------------+----------+-------+---+----+------------+------------+
    |T1_V_fu_1458_p2          |     +    |      0|  0|  32|          32|          32|
    |W_V_d0                   |     +    |      0|  0|  32|          32|          32|
    |a_V_1_fu_1472_p2         |     +    |      0|  0|  32|          32|          32|
    |add_ln106_fu_763_p2      |     +    |      0|  0|  15|           6|           6|
    |add_ln116_fu_800_p2      |     +    |      0|  0|  10|           2|           2|
    |add_ln137_1_fu_1186_p2   |     +    |      0|  0|  15|           4|           7|
    |add_ln137_2_fu_1263_p2   |     +    |      0|  0|  15|           5|           7|
    |add_ln137_3_fu_1274_p2   |     +    |      0|  0|  15|           6|           7|
    |add_ln137_fu_1175_p2     |     +    |      0|  0|  15|           3|           7|
    |add_ln209_11_fu_1452_p2  |     +    |      0|  0|  32|          32|          32|
    |add_ln209_12_fu_1442_p2  |     +    |      0|  0|  32|          32|          32|
    |add_ln209_13_fu_1447_p2  |     +    |      0|  0|  32|          32|          32|
    |add_ln209_16_fu_1468_p2  |     +    |      0|  0|  32|          32|          32|
    |add_ln209_1_fu_1231_p2   |     +    |      0|  0|  39|          32|          32|
    |add_ln209_2_fu_1237_p2   |     +    |      0|  0|  39|          32|          32|
    |add_ln209_3_fu_1505_p2   |     +    |      0|  0|  39|          32|          32|
    |add_ln209_4_fu_1242_p2   |     +    |      0|  0|  39|          32|          32|
    |add_ln209_5_fu_1247_p2   |     +    |      0|  0|  39|          32|          32|
    |add_ln209_6_fu_1252_p2   |     +    |      0|  0|  39|          32|          32|
    |add_ln209_7_fu_1567_p2   |     +    |      0|  0|  39|          32|          32|
    |add_ln209_8_fu_1431_p2   |     +    |      0|  0|  32|          32|          32|
    |add_ln209_9_fu_1425_p2   |     +    |      0|  0|  39|          32|          32|
    |add_ln209_fu_1225_p2     |     +    |      0|  0|  39|          32|          32|
    |add_ln321_1_fu_1165_p2   |     +    |      0|  0|  15|           7|           7|
    |add_ln321_fu_758_p2      |     +    |      0|  0|  15|           7|           7|
    |e_V_1_fu_1463_p2         |     +    |      0|  0|  39|          32|          32|
    |i_4_fu_724_p2            |     +    |      0|  0|  15|           5|           1|
    |i_7_fu_783_p2            |     +    |      0|  0|  13|           4|           1|
    |i_8_fu_1579_p2           |     +    |      0|  0|  13|           4|           1|
    |i_9_fu_1257_p2           |     +    |      0|  0|  10|           2|           1|
    |i_fu_703_p2              |     +    |      0|  0|  15|           5|           1|
    |j_1_fu_935_p2            |     +    |      0|  0|  15|           7|           1|
    |j_fu_740_p2              |     +    |      0|  0|  10|           2|           1|
    |and_ln26_1_fu_953_p2     |    and   |      0|  0|  32|          32|          32|
    |and_ln26_fu_941_p2       |    and   |      0|  0|  32|          32|          32|
    |and_ln31_1_fu_977_p2     |    and   |      0|  0|  32|          32|          32|
    |and_ln31_fu_971_p2       |    and   |      0|  0|  32|          32|          32|
    |icmp_ln104_fu_718_p2     |   icmp   |      0|  0|  11|           5|           6|
    |icmp_ln105_fu_734_p2     |   icmp   |      0|  0|   8|           2|           2|
    |icmp_ln110_fu_777_p2     |   icmp   |      0|  0|  11|           4|           5|
    |icmp_ln114_fu_794_p2     |   icmp   |      0|  0|   8|           2|           2|
    |icmp_ln127_fu_929_p2     |   icmp   |      0|  0|  11|           7|           8|
    |icmp_ln134_fu_1155_p2    |   icmp   |      0|  0|   9|           3|           1|
    |icmp_ln161_fu_1573_p2    |   icmp   |      0|  0|  11|           4|           5|
    |icmp_ln79_fu_697_p2      |   icmp   |      0|  0|  11|           5|           5|
    |or_ln117_fu_819_p2       |    or    |      0|  0|   5|           5|           1|
    |or_ln118_fu_834_p2       |    or    |      0|  0|   5|           5|           2|
    |or_ln119_fu_848_p2       |    or    |      0|  0|   5|           5|           2|
    |or_ln120_fu_862_p2       |    or    |      0|  0|   5|           5|           3|
    |or_ln121_fu_876_p2       |    or    |      0|  0|   5|           5|           3|
    |or_ln122_fu_890_p2       |    or    |      0|  0|   5|           5|           3|
    |or_ln123_fu_904_p2       |    or    |      0|  0|   5|           5|           3|
    |or_ln321_1_fu_1477_p2    |    or    |      0|  0|   5|           5|           2|
    |or_ln321_2_fu_1491_p2    |    or    |      0|  0|   5|           5|           2|
    |or_ln321_3_fu_1511_p2    |    or    |      0|  0|   5|           5|           3|
    |or_ln321_4_fu_1525_p2    |    or    |      0|  0|   5|           5|           3|
    |or_ln321_5_fu_1539_p2    |    or    |      0|  0|   5|           5|           3|
    |or_ln321_6_fu_1553_p2    |    or    |      0|  0|   5|           5|           3|
    |or_ln321_fu_1210_p2      |    or    |      0|  0|   5|           5|           1|
    |ch_V_fu_959_p2           |    xor   |      0|  0|  32|          32|          32|
    |maj_V_fu_983_p2          |    xor   |      0|  0|  32|          32|          32|
    |ret_V_13_fu_1419_p2      |    xor   |      0|  0|  32|          32|          32|
    |ret_V_17_fu_1061_p2      |    xor   |      0|  0|  32|          32|          32|
    |ret_V_21_fu_1139_p2      |    xor   |      0|  0|  32|          32|          32|
    |ret_V_fu_1349_p2         |    xor   |      0|  0|  32|          32|          32|
    |xor_ln1357_2_fu_1133_p2  |    xor   |      0|  0|  32|          32|          32|
    |xor_ln1357_4_fu_1343_p2  |    xor   |      0|  0|  32|          32|          32|
    |xor_ln1357_6_fu_1413_p2  |    xor   |      0|  0|  32|          32|          32|
    |xor_ln1357_fu_1055_p2    |    xor   |      0|  0|  32|          32|          32|
    |xor_ln26_fu_947_p2       |    xor   |      0|  0|  32|          32|           2|
    |xor_ln31_fu_965_p2       |    xor   |      0|  0|  32|          32|          32|
    +-------------------------+----------+-------+---+----+------------+------------+
    |Total                    |          |      0|  0|1514|        1259|        1183|
    +-------------------------+----------+-------+---+----+------------+------------+

    * Multiplexer: 
    +-----------------------+-----+-----------+-----+-----------+
    |          Name         | LUT | Input Size| Bits| Total Bits|
    +-----------------------+-----+-----------+-----+-----------+
    |H_V_address0           |   50|         11|    8|         88|
    |H_V_address1           |   47|         10|    8|         80|
    |H_V_d0                 |   38|          7|   32|        224|
    |H_V_d1                 |   27|          5|   32|        160|
    |M_V_address0           |   21|          4|    9|         36|
    |M_V_d0                 |   15|          3|   32|         96|
    |W_V_address0           |   27|          5|    6|         30|
    |W_V_address1           |   21|          4|    6|         24|
    |ap_NS_fsm              |  125|         27|    1|         27|
    |b_V_1_reg_582          |    9|          2|   32|         64|
    |c_V_1_reg_592          |    9|          2|   32|         64|
    |d_V_1_reg_603          |    9|          2|   32|         64|
    |f_V_1_reg_625          |    9|          2|   32|         64|
    |g_V_1_reg_635          |    9|          2|   32|         64|
    |h_V_1_reg_646          |    9|          2|   32|         64|
    |i1_0_reg_537           |    9|          2|    5|         10|
    |i3_0_reg_559           |    9|          2|    4|          8|
    |i7_0_reg_680           |    9|          2|    4|          8|
    |i_0_reg_526            |    9|          2|    5|         10|
    |i_op_assign_1_reg_570  |    9|          2|    2|          4|
    |i_op_assign_reg_548    |    9|          2|    2|          4|
    |j6_0_reg_668           |    9|          2|    7|         14|
    |message_V_address0     |   21|          4|   14|         56|
    |message_V_address1     |   15|          3|   14|         42|
    |message_V_d0           |   15|          3|   32|         96|
    |message_V_d1           |   15|          3|   32|         96|
    |p_0625_0_reg_657       |    9|          2|   32|         64|
    |p_0792_0_reg_614       |    9|          2|   32|         64|
    |reg_692                |    9|          2|   32|         64|
    +-----------------------+-----+-----------+-----+-----------+
    |Total                  |  581|        121|  543|       1689|
    +-----------------------+-----+-----------+-----+-----------+

    * Register: 
    +-----------------------+----+----+-----+-----------+
    |          Name         | FF | LUT| Bits| Const Bits|
    +-----------------------+----+----+-----+-----------+
    |T1_V_reg_1917          |  32|   0|   32|          0|
    |W_V_load_reg_1882      |  32|   0|   32|          0|
    |a_V_reg_1719           |  32|   0|   32|          0|
    |add_ln116_reg_1684     |   2|   0|    2|          0|
    |add_ln209_13_reg_1902  |  32|   0|   32|          0|
    |add_ln209_2_reg_1857   |  32|   0|   32|          0|
    |add_ln209_4_reg_1862   |  32|   0|   32|          0|
    |add_ln209_5_reg_1867   |  32|   0|   32|          0|
    |add_ln209_6_reg_1872   |  32|   0|   32|          0|
    |add_ln209_9_reg_1897   |  32|   0|   32|          0|
    |add_ln321_reg_1653     |   7|   0|    7|          0|
    |ap_CS_fsm              |  26|   0|   26|          0|
    |b_V_1_reg_582          |  32|   0|   32|          0|
    |b_V_reg_1725           |  32|   0|   32|          0|
    |c_V_1_reg_592          |  32|   0|   32|          0|
    |c_V_reg_1741           |  32|   0|   32|          0|
    |ch_V_reg_1800          |  32|   0|   32|          0|
    |d_V_1_reg_603          |  32|   0|   32|          0|
    |d_V_reg_1747           |  32|   0|   32|          0|
    |e_V_reg_1763           |  32|   0|   32|          0|
    |f_V_1_reg_625          |  32|   0|   32|          0|
    |f_V_reg_1769           |  32|   0|   32|          0|
    |g_V_1_reg_635          |  32|   0|   32|          0|
    |g_V_reg_1780           |  32|   0|   32|          0|
    |h_V_1_reg_646          |  32|   0|   32|          0|
    |h_V_reg_1786           |  32|   0|   32|          0|
    |i1_0_reg_537           |   5|   0|    5|          0|
    |i3_0_reg_559           |   4|   0|    4|          0|
    |i7_0_reg_680           |   4|   0|    4|          0|
    |i_0_reg_526            |   5|   0|    5|          0|
    |i_4_reg_1635           |   5|   0|    5|          0|
    |i_7_reg_1666           |   4|   0|    4|          0|
    |i_8_reg_1936           |   4|   0|    4|          0|
    |i_9_reg_1877           |   2|   0|    2|          0|
    |i_op_assign_1_reg_570  |   2|   0|    2|          0|
    |i_op_assign_reg_548    |   2|   0|    2|          0|
    |i_reg_1612             |   5|   0|    5|          0|
    |icmp_ln134_reg_1820    |   1|   0|    1|          0|
    |j6_0_reg_668           |   7|   0|    7|          0|
    |j_1_reg_1795           |   7|   0|    7|          0|
    |j_reg_1648             |   2|   0|    2|          0|
    |maj_V_reg_1805         |  32|   0|   32|          0|
    |p_0625_0_reg_657       |  32|   0|   32|          0|
    |p_0792_0_reg_614       |  32|   0|   32|          0|
    |reg_692                |  32|   0|   32|          0|
    |ret_V_17_reg_1810      |  32|   0|   32|          0|
    |ret_V_21_reg_1815      |  32|   0|   32|          0|
    |tmp_10_reg_1847        |   2|   0|    5|          3|
    |tmp_2_reg_1689         |   2|   0|    5|          3|
    |zext_ln104_reg_1627    |   5|   0|    6|          1|
    |zext_ln111_reg_1671    |   4|   0|   64|         60|
    |zext_ln116_1_reg_1775  |   2|   0|    7|          5|
    |zext_ln135_reg_1824    |   7|   0|   64|         57|
    |zext_ln1598_reg_1640   |   5|   0|    7|          2|
    |zext_ln80_reg_1617     |   5|   0|   64|         59|
    +-----------------------+----+----+-----+-----------+
    |Total                  |1054|   0| 1244|        190|
    +-----------------------+----+----+-----+-----------+



================================================================
== Interface
================================================================
* Summary: 
+---------------------------+-----+-----+------------+------------------+--------------+
|         RTL Ports         | Dir | Bits|  Protocol  |   Source Object  |    C Type    |
+---------------------------+-----+-----+------------+------------------+--------------+
|ap_clk                     |  in |    1| ap_ctrl_hs |      hash1.1     | return value |
|ap_rst                     |  in |    1| ap_ctrl_hs |      hash1.1     | return value |
|ap_start                   |  in |    1| ap_ctrl_hs |      hash1.1     | return value |
|ap_done                    | out |    1| ap_ctrl_hs |      hash1.1     | return value |
|ap_idle                    | out |    1| ap_ctrl_hs |      hash1.1     | return value |
|ap_ready                   | out |    1| ap_ctrl_hs |      hash1.1     | return value |
|input_V_address0           | out |    5|  ap_memory |      input_V     |     array    |
|input_V_ce0                | out |    1|  ap_memory |      input_V     |     array    |
|input_V_q0                 |  in |   32|  ap_memory |      input_V     |     array    |
|outputlocation_V_address0  | out |    3|  ap_memory | outputlocation_V |     array    |
|outputlocation_V_ce0       | out |    1|  ap_memory | outputlocation_V |     array    |
|outputlocation_V_we0       | out |    1|  ap_memory | outputlocation_V |     array    |
|outputlocation_V_d0        | out |   32|  ap_memory | outputlocation_V |     array    |
+---------------------------+-----+-----+------------+------------------+--------------+

============================================================
+ Verbose Summary: Synthesis Manager
============================================================
InlineROM: 1
ExposeGlobal: 0
============================================================
+ Verbose Summary: CDFG Model
============================================================
IsTopModel: 0
ResetActiveHigh: 1
IsCombinational: 2
IsDatapathOnly: 2
HasWiredReturn: 1
HasMFsm: 0
HasVarLatency: 1
IsPipeline: 0
IsRtlPipelined: 0
IsInstanceOverlapped: 0
IsDontTouch: 0
HasImplIP: 0
IsGatedGlobalClock: 0


============================================================
+ Verbose Summary: Schedule
============================================================
* Number of FSM states : 26
* Pipeline : 0
* Dataflow Pipeline: 0

* FSM state transitions: 
1 --> 2 
2 --> 3 4 
3 --> 2 
4 --> 5 7 
5 --> 6 4 
6 --> 5 
7 --> 8 9 
8 --> 7 
9 --> 10 25 
10 --> 11 
11 --> 12 
12 --> 13 
13 --> 14 
14 --> 22 15 18 
15 --> 16 
16 --> 17 
17 --> 19 
18 --> 17 
19 --> 20 
20 --> 21 
21 --> 14 
22 --> 23 
23 --> 24 
24 --> 9 
25 --> 26 
26 --> 25 

* FSM state operations: 

State 1 <SV = 0> <Delay = 6.50>
ST_1 : Operation 27 [1/1] (3.25ns)   --->   "%message_V = alloca [10000 x i32], align 4" [sha256.cpp:77]   --->   Operation 27 'alloca' 'message_V' <Predicate = true> <Delay = 3.25> <Core = "RAM">   --->   Core 37 'RAM' <Latency = 1> <II = 1> <Delay = 3.25> <Storage> <Opcode : 'load' 'store'> <Ports = 2> <Width = 32> <Depth = 64> <RAM>
ST_1 : Operation 28 [1/1] (3.25ns)   --->   "%M_V = alloca [512 x i32], align 4" [sha256.cpp:102]   --->   Operation 28 'alloca' 'M_V' <Predicate = true> <Delay = 3.25> <Core = "RAM">   --->   Core 37 'RAM' <Latency = 1> <II = 1> <Delay = 3.25> <Storage> <Opcode : 'load' 'store'> <Ports = 2> <Width = 32> <Depth = 64> <RAM>
ST_1 : Operation 29 [1/1] (0.00ns)   --->   "%M_V_addr = getelementptr [512 x i32]* %M_V, i64 0, i64 0" [sha256.cpp:102]   --->   Operation 29 'getelementptr' 'M_V_addr' <Predicate = true> <Delay = 0.00>
ST_1 : Operation 30 [1/1] (3.25ns)   --->   "%H_V = alloca [256 x i32], align 4" [sha256.cpp:108]   --->   Operation 30 'alloca' 'H_V' <Predicate = true> <Delay = 3.25> <Core = "RAM">   --->   Core 37 'RAM' <Latency = 1> <II = 1> <Delay = 3.25> <Storage> <Opcode : 'load' 'store'> <Ports = 2> <Width = 32> <Depth = 64> <RAM>
ST_1 : Operation 31 [1/1] (0.00ns)   --->   "%H_V_addr = getelementptr [256 x i32]* %H_V, i64 0, i64 0" [sha256.cpp:108]   --->   Operation 31 'getelementptr' 'H_V_addr' <Predicate = true> <Delay = 0.00>
ST_1 : Operation 32 [1/1] (3.25ns)   --->   "%W_V = alloca [64 x i32], align 4" [sha256.cpp:125]   --->   Operation 32 'alloca' 'W_V' <Predicate = true> <Delay = 3.25> <Core = "RAM">   --->   Core 37 'RAM' <Latency = 1> <II = 1> <Delay = 3.25> <Storage> <Opcode : 'load' 'store'> <Ports = 2> <Width = 32> <Depth = 64> <RAM>
ST_1 : Operation 33 [1/1] (0.00ns)   --->   "%message_V_addr = getelementptr [10000 x i32]* %message_V, i64 0, i64 0" [sha256.cpp:77]   --->   Operation 33 'getelementptr' 'message_V_addr' <Predicate = true> <Delay = 0.00>
ST_1 : Operation 34 [1/1] (3.25ns)   --->   "store i32 0, i32* %message_V_addr, align 16" [sha256.cpp:77]   --->   Operation 34 'store' <Predicate = true> <Delay = 3.25> <Core = "RAM">   --->   Core 37 'RAM' <Latency = 1> <II = 1> <Delay = 3.25> <Storage> <Opcode : 'load' 'store'> <Ports = 2> <Width = 32> <Depth = 64> <RAM>
ST_1 : Operation 35 [1/1] (1.76ns)   --->   "br label %.preheader1349" [sha256.cpp:79]   --->   Operation 35 'br' <Predicate = true> <Delay = 1.76>

State 2 <SV = 1> <Delay = 3.25>
ST_2 : Operation 36 [1/1] (0.00ns)   --->   "%i_0 = phi i5 [ %i, %0 ], [ 0, %.preheader1349.preheader ]"   --->   Operation 36 'phi' 'i_0' <Predicate = true> <Delay = 0.00>
ST_2 : Operation 37 [1/1] (0.00ns)   --->   "%empty = call i32 (...)* @_ssdm_op_SpecLoopTripCount(i64 21, i64 21, i64 21)"   --->   Operation 37 'speclooptripcount' 'empty' <Predicate = true> <Delay = 0.00>
ST_2 : Operation 38 [1/1] (1.36ns)   --->   "%icmp_ln79 = icmp eq i5 %i_0, -11" [sha256.cpp:79]   --->   Operation 38 'icmp' 'icmp_ln79' <Predicate = true> <Delay = 1.36> <Core = "Cmp">   --->   Core 25 'Cmp' <Latency = 0> <II = 1> <Delay = 1.36> <FuncUnit> <Opcode : 'icmp'> <InPorts = 2> <OutPorts = 1>
ST_2 : Operation 39 [1/1] (1.78ns)   --->   "%i = add i5 %i_0, 1" [sha256.cpp:79]   --->   Operation 39 'add' 'i' <Predicate = true> <Delay = 1.78> <Core = "AddSub">   --->   Core 14 'AddSub' <Latency = 0> <II = 1> <Delay = 1.56> <FuncUnit> <Opcode : 'add' 'sub'> <InPorts = 2> <OutPorts = 1>
ST_2 : Operation 40 [1/1] (0.00ns)   --->   "br i1 %icmp_ln79, label %.preheader1348.preheader, label %0" [sha256.cpp:79]   --->   Operation 40 'br' <Predicate = true> <Delay = 0.00>
ST_2 : Operation 41 [1/1] (0.00ns)   --->   "%zext_ln80 = zext i5 %i_0 to i64" [sha256.cpp:80]   --->   Operation 41 'zext' 'zext_ln80' <Predicate = (!icmp_ln79)> <Delay = 0.00>
ST_2 : Operation 42 [1/1] (0.00ns)   --->   "%input_V_addr = getelementptr [20 x i32]* %input_V, i64 0, i64 %zext_ln80" [sha256.cpp:80]   --->   Operation 42 'getelementptr' 'input_V_addr' <Predicate = (!icmp_ln79)> <Delay = 0.00>
ST_2 : Operation 43 [2/2] (2.32ns)   --->   "%input_V_load = load i32* %input_V_addr, align 4" [sha256.cpp:80]   --->   Operation 43 'load' 'input_V_load' <Predicate = (!icmp_ln79)> <Delay = 2.32> <Core = "RAM">   --->   Core 37 'RAM' <Latency = 1> <II = 1> <Delay = 3.25> <Storage> <Opcode : 'load' 'store'> <Ports = 2> <Width = 32> <Depth = 64> <RAM>
ST_2 : Operation 44 [1/1] (0.00ns)   --->   "%message_V_addr_2 = getelementptr [10000 x i32]* %message_V, i64 0, i64 20" [sha256.cpp:85]   --->   Operation 44 'getelementptr' 'message_V_addr_2' <Predicate = (icmp_ln79)> <Delay = 0.00>
ST_2 : Operation 45 [1/1] (3.25ns)   --->   "store i32 -2147483648, i32* %message_V_addr_2, align 4" [sha256.cpp:85]   --->   Operation 45 'store' <Predicate = (icmp_ln79)> <Delay = 3.25> <Core = "RAM">   --->   Core 37 'RAM' <Latency = 1> <II = 1> <Delay = 3.25> <Storage> <Opcode : 'load' 'store'> <Ports = 2> <Width = 32> <Depth = 64> <RAM>
ST_2 : Operation 46 [1/1] (0.00ns)   --->   "%message_V_addr_3 = getelementptr [10000 x i32]* %message_V, i64 0, i64 31" [sha256.cpp:98]   --->   Operation 46 'getelementptr' 'message_V_addr_3' <Predicate = (icmp_ln79)> <Delay = 0.00>
ST_2 : Operation 47 [1/1] (3.25ns)   --->   "store i32 640, i32* %message_V_addr_3, align 4" [sha256.cpp:98]   --->   Operation 47 'store' <Predicate = (icmp_ln79)> <Delay = 3.25> <Core = "RAM">   --->   Core 37 'RAM' <Latency = 1> <II = 1> <Delay = 3.25> <Storage> <Opcode : 'load' 'store'> <Ports = 2> <Width = 32> <Depth = 64> <RAM>
ST_2 : Operation 48 [1/1] (3.25ns)   --->   "store i32 0, i32* %M_V_addr, align 16" [sha256.cpp:102]   --->   Operation 48 'store' <Predicate = (icmp_ln79)> <Delay = 3.25> <Core = "RAM">   --->   Core 37 'RAM' <Latency = 1> <II = 1> <Delay = 3.25> <Storage> <Opcode : 'load' 'store'> <Ports = 2> <Width = 32> <Depth = 64> <RAM>
ST_2 : Operation 49 [1/1] (1.76ns)   --->   "br label %.loopexit" [sha256.cpp:104]   --->   Operation 49 'br' <Predicate = (icmp_ln79)> <Delay = 1.76>

State 3 <SV = 2> <Delay = 5.57>
ST_3 : Operation 50 [1/2] (2.32ns)   --->   "%input_V_load = load i32* %input_V_addr, align 4" [sha256.cpp:80]   --->   Operation 50 'load' 'input_V_load' <Predicate = true> <Delay = 2.32> <Core = "RAM">   --->   Core 37 'RAM' <Latency = 1> <II = 1> <Delay = 3.25> <Storage> <Opcode : 'load' 'store'> <Ports = 2> <Width = 32> <Depth = 64> <RAM>
ST_3 : Operation 51 [1/1] (0.00ns)   --->   "%message_V_addr_1 = getelementptr [10000 x i32]* %message_V, i64 0, i64 %zext_ln80" [sha256.cpp:80]   --->   Operation 51 'getelementptr' 'message_V_addr_1' <Predicate = true> <Delay = 0.00>
ST_3 : Operation 52 [1/1] (3.25ns)   --->   "store i32 %input_V_load, i32* %message_V_addr_1, align 4" [sha256.cpp:80]   --->   Operation 52 'store' <Predicate = true> <Delay = 3.25> <Core = "RAM">   --->   Core 37 'RAM' <Latency = 1> <II = 1> <Delay = 3.25> <Storage> <Opcode : 'load' 'store'> <Ports = 2> <Width = 32> <Depth = 64> <RAM>
ST_3 : Operation 53 [1/1] (0.00ns)   --->   "br label %.preheader1349" [sha256.cpp:79]   --->   Operation 53 'br' <Predicate = true> <Delay = 0.00>

State 4 <SV = 2> <Delay = 3.25>
ST_4 : Operation 54 [1/1] (0.00ns)   --->   "%i1_0 = phi i5 [ 0, %.preheader1348.preheader ], [ %i_4, %.loopexit.loopexit ]"   --->   Operation 54 'phi' 'i1_0' <Predicate = true> <Delay = 0.00>
ST_4 : Operation 55 [1/1] (0.00ns)   --->   "%zext_ln104 = zext i5 %i1_0 to i6" [sha256.cpp:104]   --->   Operation 55 'zext' 'zext_ln104' <Predicate = true> <Delay = 0.00>
ST_4 : Operation 56 [1/1] (1.36ns)   --->   "%icmp_ln104 = icmp eq i5 %i1_0, -16" [sha256.cpp:104]   --->   Operation 56 'icmp' 'icmp_ln104' <Predicate = true> <Delay = 1.36> <Core = "Cmp">   --->   Core 25 'Cmp' <Latency = 0> <II = 1> <Delay = 1.36> <FuncUnit> <Opcode : 'icmp'> <InPorts = 2> <OutPorts = 1>
ST_4 : Operation 57 [1/1] (0.00ns)   --->   "%empty_11 = call i32 (...)* @_ssdm_op_SpecLoopTripCount(i64 16, i64 16, i64 16)"   --->   Operation 57 'speclooptripcount' 'empty_11' <Predicate = true> <Delay = 0.00>
ST_4 : Operation 58 [1/1] (1.78ns)   --->   "%i_4 = add i5 %i1_0, 1" [sha256.cpp:104]   --->   Operation 58 'add' 'i_4' <Predicate = true> <Delay = 1.78> <Core = "AddSub">   --->   Core 14 'AddSub' <Latency = 0> <II = 1> <Delay = 1.56> <FuncUnit> <Opcode : 'add' 'sub'> <InPorts = 2> <OutPorts = 1>
ST_4 : Operation 59 [1/1] (0.00ns)   --->   "br i1 %icmp_ln104, label %.preheader1346.preheader, label %.preheader1347.preheader" [sha256.cpp:104]   --->   Operation 59 'br' <Predicate = true> <Delay = 0.00>
ST_4 : Operation 60 [1/1] (0.00ns)   --->   "%zext_ln1598 = zext i5 %i1_0 to i7" [sha256.cpp:105]   --->   Operation 60 'zext' 'zext_ln1598' <Predicate = (!icmp_ln104)> <Delay = 0.00>
ST_4 : Operation 61 [1/1] (1.76ns)   --->   "br label %.preheader1347" [sha256.cpp:105]   --->   Operation 61 'br' <Predicate = (!icmp_ln104)> <Delay = 1.76>
ST_4 : Operation 62 [1/1] (3.25ns)   --->   "store i32 0, i32* %H_V_addr, align 16" [sha256.cpp:108]   --->   Operation 62 'store' <Predicate = (icmp_ln104)> <Delay = 3.25> <Core = "RAM">   --->   Core 37 'RAM' <Latency = 1> <II = 1> <Delay = 3.25> <Storage> <Opcode : 'load' 'store'> <Ports = 2> <Width = 32> <Depth = 64> <RAM>
ST_4 : Operation 63 [1/1] (1.76ns)   --->   "br label %.preheader1345" [sha256.cpp:110]   --->   Operation 63 'br' <Predicate = (icmp_ln104)> <Delay = 1.76>

State 5 <SV = 3> <Delay = 5.07>
ST_5 : Operation 64 [1/1] (0.00ns)   --->   "%i_op_assign = phi i2 [ %j, %1 ], [ 0, %.preheader1347.preheader ]"   --->   Operation 64 'phi' 'i_op_assign' <Predicate = true> <Delay = 0.00>
ST_5 : Operation 65 [1/1] (0.95ns)   --->   "%icmp_ln105 = icmp eq i2 %i_op_assign, -1" [sha256.cpp:105]   --->   Operation 65 'icmp' 'icmp_ln105' <Predicate = true> <Delay = 0.95> <Core = "Cmp">   --->   Core 25 'Cmp' <Latency = 0> <II = 1> <Delay = 1.36> <FuncUnit> <Opcode : 'icmp'> <InPorts = 2> <OutPorts = 1>
ST_5 : Operation 66 [1/1] (0.00ns)   --->   "%empty_12 = call i32 (...)* @_ssdm_op_SpecLoopTripCount(i64 3, i64 3, i64 3)"   --->   Operation 66 'speclooptripcount' 'empty_12' <Predicate = true> <Delay = 0.00>
ST_5 : Operation 67 [1/1] (1.56ns)   --->   "%j = add i2 %i_op_assign, 1" [sha256.cpp:105]   --->   Operation 67 'add' 'j' <Predicate = true> <Delay = 1.56> <Core = "AddSub">   --->   Core 14 'AddSub' <Latency = 0> <II = 1> <Delay = 1.56> <FuncUnit> <Opcode : 'add' 'sub'> <InPorts = 2> <OutPorts = 1>
ST_5 : Operation 68 [1/1] (0.00ns)   --->   "br i1 %icmp_ln105, label %.loopexit.loopexit, label %1" [sha256.cpp:105]   --->   Operation 68 'br' <Predicate = true> <Delay = 0.00>
ST_5 : Operation 69 [1/1] (0.00ns)   --->   "%tmp = call i6 @_ssdm_op_BitConcatenate.i6.i2.i4(i2 %i_op_assign, i4 0)" [sha256.cpp:106]   --->   Operation 69 'bitconcatenate' 'tmp' <Predicate = (!icmp_ln105)> <Delay = 0.00>
ST_5 : Operation 70 [1/1] (0.00ns)   --->   "%zext_ln321 = zext i6 %tmp to i7" [sha256.cpp:106]   --->   Operation 70 'zext' 'zext_ln321' <Predicate = (!icmp_ln105)> <Delay = 0.00>
ST_5 : Operation 71 [1/1] (1.82ns)   --->   "%add_ln321 = add i7 %zext_ln1598, %zext_ln321" [sha256.cpp:106]   --->   Operation 71 'add' 'add_ln321' <Predicate = (!icmp_ln105)> <Delay = 1.82> <Core = "AddSub">   --->   Core 14 'AddSub' <Latency = 0> <II = 1> <Delay = 1.56> <FuncUnit> <Opcode : 'add' 'sub'> <InPorts = 2> <OutPorts = 1>
ST_5 : Operation 72 [1/1] (1.82ns)   --->   "%add_ln106 = add i6 %zext_ln104, %tmp" [sha256.cpp:106]   --->   Operation 72 'add' 'add_ln106' <Predicate = (!icmp_ln105)> <Delay = 1.82> <Core = "AddSub">   --->   Core 14 'AddSub' <Latency = 0> <II = 1> <Delay = 1.56> <FuncUnit> <Opcode : 'add' 'sub'> <InPorts = 2> <OutPorts = 1>
ST_5 : Operation 73 [1/1] (0.00ns)   --->   "%zext_ln106 = zext i6 %add_ln106 to i64" [sha256.cpp:106]   --->   Operation 73 'zext' 'zext_ln106' <Predicate = (!icmp_ln105)> <Delay = 0.00>
ST_5 : Operation 74 [1/1] (0.00ns)   --->   "%message_V_addr_4 = getelementptr [10000 x i32]* %message_V, i64 0, i64 %zext_ln106" [sha256.cpp:106]   --->   Operation 74 'getelementptr' 'message_V_addr_4' <Predicate = (!icmp_ln105)> <Delay = 0.00>
ST_5 : Operation 75 [2/2] (3.25ns)   --->   "%message_V_load = load i32* %message_V_addr_4, align 4" [sha256.cpp:106]   --->   Operation 75 'load' 'message_V_load' <Predicate = (!icmp_ln105)> <Delay = 3.25> <Core = "RAM">   --->   Core 37 'RAM' <Latency = 1> <II = 1> <Delay = 3.25> <Storage> <Opcode : 'load' 'store'> <Ports = 2> <Width = 32> <Depth = 64> <RAM>
ST_5 : Operation 76 [1/1] (0.00ns)   --->   "br label %.loopexit"   --->   Operation 76 'br' <Predicate = (icmp_ln105)> <Delay = 0.00>

State 6 <SV = 4> <Delay = 6.50>
ST_6 : Operation 77 [1/1] (0.00ns)   --->   "%zext_ln321_1 = zext i7 %add_ln321 to i64" [sha256.cpp:106]   --->   Operation 77 'zext' 'zext_ln321_1' <Predicate = true> <Delay = 0.00>
ST_6 : Operation 78 [1/1] (0.00ns)   --->   "%M_V_addr_1 = getelementptr [512 x i32]* %M_V, i64 0, i64 %zext_ln321_1" [sha256.cpp:106]   --->   Operation 78 'getelementptr' 'M_V_addr_1' <Predicate = true> <Delay = 0.00>
ST_6 : Operation 79 [1/2] (3.25ns)   --->   "%message_V_load = load i32* %message_V_addr_4, align 4" [sha256.cpp:106]   --->   Operation 79 'load' 'message_V_load' <Predicate = true> <Delay = 3.25> <Core = "RAM">   --->   Core 37 'RAM' <Latency = 1> <II = 1> <Delay = 3.25> <Storage> <Opcode : 'load' 'store'> <Ports = 2> <Width = 32> <Depth = 64> <RAM>
ST_6 : Operation 80 [1/1] (3.25ns)   --->   "store i32 %message_V_load, i32* %M_V_addr_1, align 4" [sha256.cpp:106]   --->   Operation 80 'store' <Predicate = true> <Delay = 3.25> <Core = "RAM">   --->   Core 37 'RAM' <Latency = 1> <II = 1> <Delay = 3.25> <Storage> <Opcode : 'load' 'store'> <Ports = 2> <Width = 32> <Depth = 64> <RAM>
ST_6 : Operation 81 [1/1] (0.00ns)   --->   "br label %.preheader1347" [sha256.cpp:105]   --->   Operation 81 'br' <Predicate = true> <Delay = 0.00>

State 7 <SV = 3> <Delay = 3.25>
ST_7 : Operation 82 [1/1] (0.00ns)   --->   "%i3_0 = phi i4 [ %i_7, %2 ], [ 0, %.preheader1346.preheader ]"   --->   Operation 82 'phi' 'i3_0' <Predicate = true> <Delay = 0.00>
ST_7 : Operation 83 [1/1] (1.30ns)   --->   "%icmp_ln110 = icmp eq i4 %i3_0, -8" [sha256.cpp:110]   --->   Operation 83 'icmp' 'icmp_ln110' <Predicate = true> <Delay = 1.30> <Core = "Cmp">   --->   Core 25 'Cmp' <Latency = 0> <II = 1> <Delay = 1.36> <FuncUnit> <Opcode : 'icmp'> <InPorts = 2> <OutPorts = 1>
ST_7 : Operation 84 [1/1] (0.00ns)   --->   "%empty_13 = call i32 (...)* @_ssdm_op_SpecLoopTripCount(i64 8, i64 8, i64 8)"   --->   Operation 84 'speclooptripcount' 'empty_13' <Predicate = true> <Delay = 0.00>
ST_7 : Operation 85 [1/1] (1.73ns)   --->   "%i_7 = add i4 %i3_0, 1" [sha256.cpp:110]   --->   Operation 85 'add' 'i_7' <Predicate = true> <Delay = 1.73> <Core = "AddSub">   --->   Core 14 'AddSub' <Latency = 0> <II = 1> <Delay = 1.56> <FuncUnit> <Opcode : 'add' 'sub'> <InPorts = 2> <OutPorts = 1>
ST_7 : Operation 86 [1/1] (0.00ns)   --->   "br i1 %icmp_ln110, label %.preheader9.preheader, label %2" [sha256.cpp:110]   --->   Operation 86 'br' <Predicate = true> <Delay = 0.00>
ST_7 : Operation 87 [1/1] (0.00ns)   --->   "%zext_ln111 = zext i4 %i3_0 to i64" [sha256.cpp:111]   --->   Operation 87 'zext' 'zext_ln111' <Predicate = (!icmp_ln110)> <Delay = 0.00>
ST_7 : Operation 88 [1/1] (0.00ns)   --->   "%H_0_V_addr = getelementptr [8 x i32]* @H_0_V, i64 0, i64 %zext_ln111" [sha256.cpp:111]   --->   Operation 88 'getelementptr' 'H_0_V_addr' <Predicate = (!icmp_ln110)> <Delay = 0.00>
ST_7 : Operation 89 [2/2] (3.25ns)   --->   "%H_0_V_load = load i32* %H_0_V_addr, align 4" [sha256.cpp:111]   --->   Operation 89 'load' 'H_0_V_load' <Predicate = (!icmp_ln110)> <Delay = 3.25> <Core = "ROM_nP">   --->   Core 52 'ROM_nP' <Latency = 1> <II = 1> <Delay = 3.25> <Storage> <Opcode : 'load'> <Ports = 0> <Width = 32> <Depth = 64> <ROM>
ST_7 : Operation 90 [1/1] (1.76ns)   --->   "br label %.preheader9" [sha256.cpp:114]   --->   Operation 90 'br' <Predicate = (icmp_ln110)> <Delay = 1.76>

State 8 <SV = 4> <Delay = 6.50>
ST_8 : Operation 91 [1/1] (0.00ns)   --->   "%H_V_addr_1 = getelementptr [256 x i32]* %H_V, i64 0, i64 %zext_ln111" [sha256.cpp:111]   --->   Operation 91 'getelementptr' 'H_V_addr_1' <Predicate = true> <Delay = 0.00>
ST_8 : Operation 92 [1/2] (3.25ns)   --->   "%H_0_V_load = load i32* %H_0_V_addr, align 4" [sha256.cpp:111]   --->   Operation 92 'load' 'H_0_V_load' <Predicate = true> <Delay = 3.25> <Core = "ROM_nP">   --->   Core 52 'ROM_nP' <Latency = 1> <II = 1> <Delay = 3.25> <Storage> <Opcode : 'load'> <Ports = 0> <Width = 32> <Depth = 64> <ROM>
ST_8 : Operation 93 [1/1] (3.25ns)   --->   "store i32 %H_0_V_load, i32* %H_V_addr_1, align 4" [sha256.cpp:111]   --->   Operation 93 'store' <Predicate = true> <Delay = 3.25> <Core = "RAM">   --->   Core 37 'RAM' <Latency = 1> <II = 1> <Delay = 3.25> <Storage> <Opcode : 'load' 'store'> <Ports = 2> <Width = 32> <Depth = 64> <RAM>
ST_8 : Operation 94 [1/1] (0.00ns)   --->   "br label %.preheader1345" [sha256.cpp:110]   --->   Operation 94 'br' <Predicate = true> <Delay = 0.00>

State 9 <SV = 4> <Delay = 4.81>
ST_9 : Operation 95 [1/1] (0.00ns)   --->   "%i_op_assign_1 = phi i2 [ %i_9, %7 ], [ 1, %.preheader9.preheader ]"   --->   Operation 95 'phi' 'i_op_assign_1' <Predicate = true> <Delay = 0.00>
ST_9 : Operation 96 [1/1] (0.95ns)   --->   "%icmp_ln114 = icmp eq i2 %i_op_assign_1, -1" [sha256.cpp:114]   --->   Operation 96 'icmp' 'icmp_ln114' <Predicate = true> <Delay = 0.95> <Core = "Cmp">   --->   Core 25 'Cmp' <Latency = 0> <II = 1> <Delay = 1.36> <FuncUnit> <Opcode : 'icmp'> <InPorts = 2> <OutPorts = 1>
ST_9 : Operation 97 [1/1] (0.00ns)   --->   "%empty_14 = call i32 (...)* @_ssdm_op_SpecLoopTripCount(i64 2, i64 2, i64 2)"   --->   Operation 97 'speclooptripcount' 'empty_14' <Predicate = true> <Delay = 0.00>
ST_9 : Operation 98 [1/1] (0.00ns)   --->   "br i1 %icmp_ln114, label %.preheader.preheader, label %.preheader1344.preheader" [sha256.cpp:114]   --->   Operation 98 'br' <Predicate = true> <Delay = 0.00>
ST_9 : Operation 99 [1/1] (1.56ns)   --->   "%add_ln116 = add i2 %i_op_assign_1, -1" [sha256.cpp:116]   --->   Operation 99 'add' 'add_ln116' <Predicate = (!icmp_ln114)> <Delay = 1.56> <Core = "AddSub">   --->   Core 14 'AddSub' <Latency = 0> <II = 1> <Delay = 1.56> <FuncUnit> <Opcode : 'add' 'sub'> <InPorts = 2> <OutPorts = 1>
ST_9 : Operation 100 [1/1] (0.00ns)   --->   "%tmp_2 = call i5 @_ssdm_op_BitConcatenate.i5.i2.i3(i2 %add_ln116, i3 0)" [sha256.cpp:116]   --->   Operation 100 'bitconcatenate' 'tmp_2' <Predicate = (!icmp_ln114)> <Delay = 0.00>
ST_9 : Operation 101 [1/1] (0.00ns)   --->   "%zext_ln116 = zext i5 %tmp_2 to i64" [sha256.cpp:116]   --->   Operation 101 'zext' 'zext_ln116' <Predicate = (!icmp_ln114)> <Delay = 0.00>
ST_9 : Operation 102 [1/1] (0.00ns)   --->   "%H_V_addr_2 = getelementptr [256 x i32]* %H_V, i64 0, i64 %zext_ln116" [sha256.cpp:116]   --->   Operation 102 'getelementptr' 'H_V_addr_2' <Predicate = (!icmp_ln114)> <Delay = 0.00>
ST_9 : Operation 103 [1/1] (0.00ns)   --->   "%or_ln117 = or i5 %tmp_2, 1" [sha256.cpp:117]   --->   Operation 103 'or' 'or_ln117' <Predicate = (!icmp_ln114)> <Delay = 0.00>
ST_9 : Operation 104 [1/1] (0.00ns)   --->   "%tmp_3 = call i64 @_ssdm_op_BitConcatenate.i64.i59.i5(i59 0, i5 %or_ln117)" [sha256.cpp:117]   --->   Operation 104 'bitconcatenate' 'tmp_3' <Predicate = (!icmp_ln114)> <Delay = 0.00>
ST_9 : Operation 105 [1/1] (0.00ns)   --->   "%H_V_addr_3 = getelementptr [256 x i32]* %H_V, i64 0, i64 %tmp_3" [sha256.cpp:117]   --->   Operation 105 'getelementptr' 'H_V_addr_3' <Predicate = (!icmp_ln114)> <Delay = 0.00>
ST_9 : Operation 106 [2/2] (3.25ns)   --->   "%a_V = load i32* %H_V_addr_2, align 16" [sha256.cpp:116]   --->   Operation 106 'load' 'a_V' <Predicate = (!icmp_ln114)> <Delay = 3.25> <Core = "RAM">   --->   Core 37 'RAM' <Latency = 1> <II = 1> <Delay = 3.25> <Storage> <Opcode : 'load' 'store'> <Ports = 2> <Width = 32> <Depth = 64> <RAM>
ST_9 : Operation 107 [2/2] (3.25ns)   --->   "%b_V = load i32* %H_V_addr_3, align 4" [sha256.cpp:117]   --->   Operation 107 'load' 'b_V' <Predicate = (!icmp_ln114)> <Delay = 3.25> <Core = "RAM">   --->   Core 37 'RAM' <Latency = 1> <II = 1> <Delay = 3.25> <Storage> <Opcode : 'load' 'store'> <Ports = 2> <Width = 32> <Depth = 64> <RAM>
ST_9 : Operation 108 [1/1] (1.76ns)   --->   "br label %.preheader" [sha256.cpp:161]   --->   Operation 108 'br' <Predicate = (icmp_ln114)> <Delay = 1.76>

State 10 <SV = 5> <Delay = 3.25>
ST_10 : Operation 109 [1/1] (0.00ns)   --->   "%or_ln118 = or i5 %tmp_2, 2" [sha256.cpp:118]   --->   Operation 109 'or' 'or_ln118' <Predicate = true> <Delay = 0.00>
ST_10 : Operation 110 [1/1] (0.00ns)   --->   "%tmp_4 = call i64 @_ssdm_op_BitConcatenate.i64.i59.i5(i59 0, i5 %or_ln118)" [sha256.cpp:118]   --->   Operation 110 'bitconcatenate' 'tmp_4' <Predicate = true> <Delay = 0.00>
ST_10 : Operation 111 [1/1] (0.00ns)   --->   "%H_V_addr_4 = getelementptr [256 x i32]* %H_V, i64 0, i64 %tmp_4" [sha256.cpp:118]   --->   Operation 111 'getelementptr' 'H_V_addr_4' <Predicate = true> <Delay = 0.00>
ST_10 : Operation 112 [1/1] (0.00ns)   --->   "%or_ln119 = or i5 %tmp_2, 3" [sha256.cpp:119]   --->   Operation 112 'or' 'or_ln119' <Predicate = true> <Delay = 0.00>
ST_10 : Operation 113 [1/1] (0.00ns)   --->   "%tmp_5 = call i64 @_ssdm_op_BitConcatenate.i64.i59.i5(i59 0, i5 %or_ln119)" [sha256.cpp:119]   --->   Operation 113 'bitconcatenate' 'tmp_5' <Predicate = true> <Delay = 0.00>
ST_10 : Operation 114 [1/1] (0.00ns)   --->   "%H_V_addr_5 = getelementptr [256 x i32]* %H_V, i64 0, i64 %tmp_5" [sha256.cpp:119]   --->   Operation 114 'getelementptr' 'H_V_addr_5' <Predicate = true> <Delay = 0.00>
ST_10 : Operation 115 [1/2] (3.25ns)   --->   "%a_V = load i32* %H_V_addr_2, align 16" [sha256.cpp:116]   --->   Operation 115 'load' 'a_V' <Predicate = true> <Delay = 3.25> <Core = "RAM">   --->   Core 37 'RAM' <Latency = 1> <II = 1> <Delay = 3.25> <Storage> <Opcode : 'load' 'store'> <Ports = 2> <Width = 32> <Depth = 64> <RAM>
ST_10 : Operation 116 [1/2] (3.25ns)   --->   "%b_V = load i32* %H_V_addr_3, align 4" [sha256.cpp:117]   --->   Operation 116 'load' 'b_V' <Predicate = true> <Delay = 3.25> <Core = "RAM">   --->   Core 37 'RAM' <Latency = 1> <II = 1> <Delay = 3.25> <Storage> <Opcode : 'load' 'store'> <Ports = 2> <Width = 32> <Depth = 64> <RAM>
ST_10 : Operation 117 [2/2] (3.25ns)   --->   "%c_V = load i32* %H_V_addr_4, align 8" [sha256.cpp:118]   --->   Operation 117 'load' 'c_V' <Predicate = true> <Delay = 3.25> <Core = "RAM">   --->   Core 37 'RAM' <Latency = 1> <II = 1> <Delay = 3.25> <Storage> <Opcode : 'load' 'store'> <Ports = 2> <Width = 32> <Depth = 64> <RAM>
ST_10 : Operation 118 [2/2] (3.25ns)   --->   "%d_V = load i32* %H_V_addr_5, align 4" [sha256.cpp:119]   --->   Operation 118 'load' 'd_V' <Predicate = true> <Delay = 3.25> <Core = "RAM">   --->   Core 37 'RAM' <Latency = 1> <II = 1> <Delay = 3.25> <Storage> <Opcode : 'load' 'store'> <Ports = 2> <Width = 32> <Depth = 64> <RAM>

State 11 <SV = 6> <Delay = 3.25>
ST_11 : Operation 119 [1/1] (0.00ns)   --->   "%or_ln120 = or i5 %tmp_2, 4" [sha256.cpp:120]   --->   Operation 119 'or' 'or_ln120' <Predicate = true> <Delay = 0.00>
ST_11 : Operation 120 [1/1] (0.00ns)   --->   "%tmp_6 = call i64 @_ssdm_op_BitConcatenate.i64.i59.i5(i59 0, i5 %or_ln120)" [sha256.cpp:120]   --->   Operation 120 'bitconcatenate' 'tmp_6' <Predicate = true> <Delay = 0.00>
ST_11 : Operation 121 [1/1] (0.00ns)   --->   "%H_V_addr_6 = getelementptr [256 x i32]* %H_V, i64 0, i64 %tmp_6" [sha256.cpp:120]   --->   Operation 121 'getelementptr' 'H_V_addr_6' <Predicate = true> <Delay = 0.00>
ST_11 : Operation 122 [1/1] (0.00ns)   --->   "%or_ln121 = or i5 %tmp_2, 5" [sha256.cpp:121]   --->   Operation 122 'or' 'or_ln121' <Predicate = true> <Delay = 0.00>
ST_11 : Operation 123 [1/1] (0.00ns)   --->   "%tmp_7 = call i64 @_ssdm_op_BitConcatenate.i64.i59.i5(i59 0, i5 %or_ln121)" [sha256.cpp:121]   --->   Operation 123 'bitconcatenate' 'tmp_7' <Predicate = true> <Delay = 0.00>
ST_11 : Operation 124 [1/1] (0.00ns)   --->   "%H_V_addr_7 = getelementptr [256 x i32]* %H_V, i64 0, i64 %tmp_7" [sha256.cpp:121]   --->   Operation 124 'getelementptr' 'H_V_addr_7' <Predicate = true> <Delay = 0.00>
ST_11 : Operation 125 [1/2] (3.25ns)   --->   "%c_V = load i32* %H_V_addr_4, align 8" [sha256.cpp:118]   --->   Operation 125 'load' 'c_V' <Predicate = true> <Delay = 3.25> <Core = "RAM">   --->   Core 37 'RAM' <Latency = 1> <II = 1> <Delay = 3.25> <Storage> <Opcode : 'load' 'store'> <Ports = 2> <Width = 32> <Depth = 64> <RAM>
ST_11 : Operation 126 [1/2] (3.25ns)   --->   "%d_V = load i32* %H_V_addr_5, align 4" [sha256.cpp:119]   --->   Operation 126 'load' 'd_V' <Predicate = true> <Delay = 3.25> <Core = "RAM">   --->   Core 37 'RAM' <Latency = 1> <II = 1> <Delay = 3.25> <Storage> <Opcode : 'load' 'store'> <Ports = 2> <Width = 32> <Depth = 64> <RAM>
ST_11 : Operation 127 [2/2] (3.25ns)   --->   "%e_V = load i32* %H_V_addr_6, align 16" [sha256.cpp:120]   --->   Operation 127 'load' 'e_V' <Predicate = true> <Delay = 3.25> <Core = "RAM">   --->   Core 37 'RAM' <Latency = 1> <II = 1> <Delay = 3.25> <Storage> <Opcode : 'load' 'store'> <Ports = 2> <Width = 32> <Depth = 64> <RAM>
ST_11 : Operation 128 [2/2] (3.25ns)   --->   "%f_V = load i32* %H_V_addr_7, align 4" [sha256.cpp:121]   --->   Operation 128 'load' 'f_V' <Predicate = true> <Delay = 3.25> <Core = "RAM">   --->   Core 37 'RAM' <Latency = 1> <II = 1> <Delay = 3.25> <Storage> <Opcode : 'load' 'store'> <Ports = 2> <Width = 32> <Depth = 64> <RAM>

State 12 <SV = 7> <Delay = 3.25>
ST_12 : Operation 129 [1/1] (0.00ns)   --->   "%or_ln122 = or i5 %tmp_2, 6" [sha256.cpp:122]   --->   Operation 129 'or' 'or_ln122' <Predicate = true> <Delay = 0.00>
ST_12 : Operation 130 [1/1] (0.00ns)   --->   "%tmp_8 = call i64 @_ssdm_op_BitConcatenate.i64.i59.i5(i59 0, i5 %or_ln122)" [sha256.cpp:122]   --->   Operation 130 'bitconcatenate' 'tmp_8' <Predicate = true> <Delay = 0.00>
ST_12 : Operation 131 [1/1] (0.00ns)   --->   "%H_V_addr_8 = getelementptr [256 x i32]* %H_V, i64 0, i64 %tmp_8" [sha256.cpp:122]   --->   Operation 131 'getelementptr' 'H_V_addr_8' <Predicate = true> <Delay = 0.00>
ST_12 : Operation 132 [1/1] (0.00ns)   --->   "%or_ln123 = or i5 %tmp_2, 7" [sha256.cpp:123]   --->   Operation 132 'or' 'or_ln123' <Predicate = true> <Delay = 0.00>
ST_12 : Operation 133 [1/1] (0.00ns)   --->   "%tmp_9 = call i64 @_ssdm_op_BitConcatenate.i64.i59.i5(i59 0, i5 %or_ln123)" [sha256.cpp:123]   --->   Operation 133 'bitconcatenate' 'tmp_9' <Predicate = true> <Delay = 0.00>
ST_12 : Operation 134 [1/1] (0.00ns)   --->   "%H_V_addr_9 = getelementptr [256 x i32]* %H_V, i64 0, i64 %tmp_9" [sha256.cpp:123]   --->   Operation 134 'getelementptr' 'H_V_addr_9' <Predicate = true> <Delay = 0.00>
ST_12 : Operation 135 [1/2] (3.25ns)   --->   "%e_V = load i32* %H_V_addr_6, align 16" [sha256.cpp:120]   --->   Operation 135 'load' 'e_V' <Predicate = true> <Delay = 3.25> <Core = "RAM">   --->   Core 37 'RAM' <Latency = 1> <II = 1> <Delay = 3.25> <Storage> <Opcode : 'load' 'store'> <Ports = 2> <Width = 32> <Depth = 64> <RAM>
ST_12 : Operation 136 [1/2] (3.25ns)   --->   "%f_V = load i32* %H_V_addr_7, align 4" [sha256.cpp:121]   --->   Operation 136 'load' 'f_V' <Predicate = true> <Delay = 3.25> <Core = "RAM">   --->   Core 37 'RAM' <Latency = 1> <II = 1> <Delay = 3.25> <Storage> <Opcode : 'load' 'store'> <Ports = 2> <Width = 32> <Depth = 64> <RAM>
ST_12 : Operation 137 [2/2] (3.25ns)   --->   "%g_V = load i32* %H_V_addr_8, align 8" [sha256.cpp:122]   --->   Operation 137 'load' 'g_V' <Predicate = true> <Delay = 3.25> <Core = "RAM">   --->   Core 37 'RAM' <Latency = 1> <II = 1> <Delay = 3.25> <Storage> <Opcode : 'load' 'store'> <Ports = 2> <Width = 32> <Depth = 64> <RAM>
ST_12 : Operation 138 [2/2] (3.25ns)   --->   "%h_V = load i32* %H_V_addr_9, align 4" [sha256.cpp:123]   --->   Operation 138 'load' 'h_V' <Predicate = true> <Delay = 3.25> <Core = "RAM">   --->   Core 37 'RAM' <Latency = 1> <II = 1> <Delay = 3.25> <Storage> <Opcode : 'load' 'store'> <Ports = 2> <Width = 32> <Depth = 64> <RAM>

State 13 <SV = 8> <Delay = 3.25>
ST_13 : Operation 139 [1/1] (0.00ns)   --->   "%tmp_1 = call i6 @_ssdm_op_BitConcatenate.i6.i2.i4(i2 %add_ln116, i4 0)" [sha256.cpp:135]   --->   Operation 139 'bitconcatenate' 'tmp_1' <Predicate = true> <Delay = 0.00>
ST_13 : Operation 140 [1/1] (0.00ns)   --->   "%zext_ln116_1 = zext i6 %tmp_1 to i7" [sha256.cpp:116]   --->   Operation 140 'zext' 'zext_ln116_1' <Predicate = true> <Delay = 0.00>
ST_13 : Operation 141 [1/2] (3.25ns)   --->   "%g_V = load i32* %H_V_addr_8, align 8" [sha256.cpp:122]   --->   Operation 141 'load' 'g_V' <Predicate = true> <Delay = 3.25> <Core = "RAM">   --->   Core 37 'RAM' <Latency = 1> <II = 1> <Delay = 3.25> <Storage> <Opcode : 'load' 'store'> <Ports = 2> <Width = 32> <Depth = 64> <RAM>
ST_13 : Operation 142 [1/2] (3.25ns)   --->   "%h_V = load i32* %H_V_addr_9, align 4" [sha256.cpp:123]   --->   Operation 142 'load' 'h_V' <Predicate = true> <Delay = 3.25> <Core = "RAM">   --->   Core 37 'RAM' <Latency = 1> <II = 1> <Delay = 3.25> <Storage> <Opcode : 'load' 'store'> <Ports = 2> <Width = 32> <Depth = 64> <RAM>
ST_13 : Operation 143 [1/1] (1.76ns)   --->   "br label %.preheader1344" [sha256.cpp:127]   --->   Operation 143 'br' <Predicate = true> <Delay = 1.76>

State 14 <SV = 9> <Delay = 5.80>
ST_14 : Operation 144 [1/1] (0.00ns)   --->   "%b_V_1 = phi i32 [ %a_V_1, %6 ], [ %a_V, %.preheader1344.preheader ]"   --->   Operation 144 'phi' 'b_V_1' <Predicate = true> <Delay = 0.00>
ST_14 : Operation 145 [1/1] (0.00ns)   --->   "%c_V_1 = phi i32 [ %b_V_1, %6 ], [ %b_V, %.preheader1344.preheader ]"   --->   Operation 145 'phi' 'c_V_1' <Predicate = true> <Delay = 0.00>
ST_14 : Operation 146 [1/1] (0.00ns)   --->   "%d_V_1 = phi i32 [ %c_V_1, %6 ], [ %c_V, %.preheader1344.preheader ]"   --->   Operation 146 'phi' 'd_V_1' <Predicate = true> <Delay = 0.00>
ST_14 : Operation 147 [1/1] (0.00ns)   --->   "%p_0792_0 = phi i32 [ %d_V_1, %6 ], [ %d_V, %.preheader1344.preheader ]"   --->   Operation 147 'phi' 'p_0792_0' <Predicate = true> <Delay = 0.00>
ST_14 : Operation 148 [1/1] (0.00ns)   --->   "%f_V_1 = phi i32 [ %e_V_1, %6 ], [ %e_V, %.preheader1344.preheader ]"   --->   Operation 148 'phi' 'f_V_1' <Predicate = true> <Delay = 0.00>
ST_14 : Operation 149 [1/1] (0.00ns)   --->   "%g_V_1 = phi i32 [ %f_V_1, %6 ], [ %f_V, %.preheader1344.preheader ]"   --->   Operation 149 'phi' 'g_V_1' <Predicate = true> <Delay = 0.00>
ST_14 : Operation 150 [1/1] (0.00ns)   --->   "%h_V_1 = phi i32 [ %g_V_1, %6 ], [ %g_V, %.preheader1344.preheader ]"   --->   Operation 150 'phi' 'h_V_1' <Predicate = true> <Delay = 0.00>
ST_14 : Operation 151 [1/1] (0.00ns)   --->   "%p_0625_0 = phi i32 [ %h_V_1, %6 ], [ %h_V, %.preheader1344.preheader ]"   --->   Operation 151 'phi' 'p_0625_0' <Predicate = true> <Delay = 0.00>
ST_14 : Operation 152 [1/1] (0.00ns)   --->   "%j6_0 = phi i7 [ %j_1, %6 ], [ 0, %.preheader1344.preheader ]"   --->   Operation 152 'phi' 'j6_0' <Predicate = true> <Delay = 0.00>
ST_14 : Operation 153 [1/1] (1.48ns)   --->   "%icmp_ln127 = icmp eq i7 %j6_0, -64" [sha256.cpp:127]   --->   Operation 153 'icmp' 'icmp_ln127' <Predicate = true> <Delay = 1.48> <Core = "Cmp">   --->   Core 25 'Cmp' <Latency = 0> <II = 1> <Delay = 1.36> <FuncUnit> <Opcode : 'icmp'> <InPorts = 2> <OutPorts = 1>
ST_14 : Operation 154 [1/1] (0.00ns)   --->   "%empty_15 = call i32 (...)* @_ssdm_op_SpecLoopTripCount(i64 64, i64 64, i64 64)"   --->   Operation 154 'speclooptripcount' 'empty_15' <Predicate = true> <Delay = 0.00>
ST_14 : Operation 155 [1/1] (1.87ns)   --->   "%j_1 = add i7 %j6_0, 1" [sha256.cpp:127]   --->   Operation 155 'add' 'j_1' <Predicate = true> <Delay = 1.87> <Core = "AddSub">   --->   Core 14 'AddSub' <Latency = 0> <II = 1> <Delay = 1.56> <FuncUnit> <Opcode : 'add' 'sub'> <InPorts = 2> <OutPorts = 1>
ST_14 : Operation 156 [1/1] (0.00ns)   --->   "br i1 %icmp_ln127, label %7, label %3" [sha256.cpp:127]   --->   Operation 156 'br' <Predicate = true> <Delay = 0.00>
ST_14 : Operation 157 [1/1] (0.00ns) (grouped into LUT with out node ch_V)   --->   "%and_ln26 = and i32 %g_V_1, %f_V_1" [sha256.cpp:26->sha256.cpp:129]   --->   Operation 157 'and' 'and_ln26' <Predicate = (!icmp_ln127)> <Delay = 0.00> <Core = "LogicGate">   --->   Core 27 'LogicGate' <Latency = 0> <II = 1> <Delay = 0.99> <FuncUnit> <Opcode : 'and' 'or' 'xor'> <InPorts = 2> <OutPorts = 1>
ST_14 : Operation 158 [1/1] (0.00ns) (grouped into LUT with out node ch_V)   --->   "%xor_ln26 = xor i32 %f_V_1, -1" [sha256.cpp:26->sha256.cpp:129]   --->   Operation 158 'xor' 'xor_ln26' <Predicate = (!icmp_ln127)> <Delay = 0.00> <Core = "LogicGate">   --->   Core 27 'LogicGate' <Latency = 0> <II = 1> <Delay = 0.99> <FuncUnit> <Opcode : 'and' 'or' 'xor'> <InPorts = 2> <OutPorts = 1>
ST_14 : Operation 159 [1/1] (0.00ns) (grouped into LUT with out node ch_V)   --->   "%and_ln26_1 = and i32 %h_V_1, %xor_ln26" [sha256.cpp:26->sha256.cpp:129]   --->   Operation 159 'and' 'and_ln26_1' <Predicate = (!icmp_ln127)> <Delay = 0.00> <Core = "LogicGate">   --->   Core 27 'LogicGate' <Latency = 0> <II = 1> <Delay = 0.99> <FuncUnit> <Opcode : 'and' 'or' 'xor'> <InPorts = 2> <OutPorts = 1>
ST_14 : Operation 160 [1/1] (0.99ns) (out node of the LUT)   --->   "%ch_V = xor i32 %and_ln26_1, %and_ln26" [sha256.cpp:26->sha256.cpp:129]   --->   Operation 160 'xor' 'ch_V' <Predicate = (!icmp_ln127)> <Delay = 0.99> <Core = "LogicGate">   --->   Core 27 'LogicGate' <Latency = 0> <II = 1> <Delay = 0.99> <FuncUnit> <Opcode : 'and' 'or' 'xor'> <InPorts = 2> <OutPorts = 1>
ST_14 : Operation 161 [1/1] (0.00ns) (grouped into LUT with out node maj_V)   --->   "%xor_ln31 = xor i32 %d_V_1, %c_V_1" [sha256.cpp:31->sha256.cpp:130]   --->   Operation 161 'xor' 'xor_ln31' <Predicate = (!icmp_ln127)> <Delay = 0.00> <Core = "LogicGate">   --->   Core 27 'LogicGate' <Latency = 0> <II = 1> <Delay = 0.99> <FuncUnit> <Opcode : 'and' 'or' 'xor'> <InPorts = 2> <OutPorts = 1>
ST_14 : Operation 162 [1/1] (0.00ns) (grouped into LUT with out node maj_V)   --->   "%and_ln31 = and i32 %xor_ln31, %b_V_1" [sha256.cpp:31->sha256.cpp:130]   --->   Operation 162 'and' 'and_ln31' <Predicate = (!icmp_ln127)> <Delay = 0.00> <Core = "LogicGate">   --->   Core 27 'LogicGate' <Latency = 0> <II = 1> <Delay = 0.99> <FuncUnit> <Opcode : 'and' 'or' 'xor'> <InPorts = 2> <OutPorts = 1>
ST_14 : Operation 163 [1/1] (0.00ns) (grouped into LUT with out node maj_V)   --->   "%and_ln31_1 = and i32 %d_V_1, %c_V_1" [sha256.cpp:31->sha256.cpp:130]   --->   Operation 163 'and' 'and_ln31_1' <Predicate = (!icmp_ln127)> <Delay = 0.00> <Core = "LogicGate">   --->   Core 27 'LogicGate' <Latency = 0> <II = 1> <Delay = 0.99> <FuncUnit> <Opcode : 'and' 'or' 'xor'> <InPorts = 2> <OutPorts = 1>
ST_14 : Operation 164 [1/1] (0.99ns) (out node of the LUT)   --->   "%maj_V = xor i32 %and_ln31, %and_ln31_1" [sha256.cpp:31->sha256.cpp:130]   --->   Operation 164 'xor' 'maj_V' <Predicate = (!icmp_ln127)> <Delay = 0.99> <Core = "LogicGate">   --->   Core 27 'LogicGate' <Latency = 0> <II = 1> <Delay = 0.99> <FuncUnit> <Opcode : 'and' 'or' 'xor'> <InPorts = 2> <OutPorts = 1>
ST_14 : Operation 165 [1/1] (0.00ns) (grouped into LUT with out node ret_V_17)   --->   "%r_V = call i30 @_ssdm_op_PartSelect.i30.i32.i32.i32(i32 %b_V_1, i32 2, i32 31)" [sha256.cpp:16->sha256.cpp:36->sha256.cpp:131]   --->   Operation 165 'partselect' 'r_V' <Predicate = (!icmp_ln127)> <Delay = 0.00>
ST_14 : Operation 166 [1/1] (0.00ns) (grouped into LUT with out node ret_V_17)   --->   "%trunc_ln1503 = trunc i32 %b_V_1 to i2" [sha256.cpp:19->sha256.cpp:36->sha256.cpp:131]   --->   Operation 166 'trunc' 'trunc_ln1503' <Predicate = (!icmp_ln127)> <Delay = 0.00>
ST_14 : Operation 167 [1/1] (0.00ns) (grouped into LUT with out node ret_V_17)   --->   "%ret_V_14 = call i32 @_ssdm_op_BitConcatenate.i32.i2.i30(i2 %trunc_ln1503, i30 %r_V)" [sha256.cpp:21->sha256.cpp:36->sha256.cpp:131]   --->   Operation 167 'bitconcatenate' 'ret_V_14' <Predicate = (!icmp_ln127)> <Delay = 0.00>
ST_14 : Operation 168 [1/1] (0.00ns) (grouped into LUT with out node ret_V_17)   --->   "%r_V_s = call i19 @_ssdm_op_PartSelect.i19.i32.i32.i32(i32 %b_V_1, i32 13, i32 31)" [sha256.cpp:16->sha256.cpp:36->sha256.cpp:131]   --->   Operation 168 'partselect' 'r_V_s' <Predicate = (!icmp_ln127)> <Delay = 0.00>
ST_14 : Operation 169 [1/1] (0.00ns) (grouped into LUT with out node ret_V_17)   --->   "%trunc_ln1503_1 = trunc i32 %b_V_1 to i13" [sha256.cpp:19->sha256.cpp:36->sha256.cpp:131]   --->   Operation 169 'trunc' 'trunc_ln1503_1' <Predicate = (!icmp_ln127)> <Delay = 0.00>
ST_14 : Operation 170 [1/1] (0.00ns) (grouped into LUT with out node ret_V_17)   --->   "%ret_V_15 = call i32 @_ssdm_op_BitConcatenate.i32.i13.i19(i13 %trunc_ln1503_1, i19 %r_V_s)" [sha256.cpp:21->sha256.cpp:36->sha256.cpp:131]   --->   Operation 170 'bitconcatenate' 'ret_V_15' <Predicate = (!icmp_ln127)> <Delay = 0.00>
ST_14 : Operation 171 [1/1] (0.00ns) (grouped into LUT with out node ret_V_17)   --->   "%r_V_1 = call i10 @_ssdm_op_PartSelect.i10.i32.i32.i32(i32 %b_V_1, i32 22, i32 31)" [sha256.cpp:16->sha256.cpp:36->sha256.cpp:131]   --->   Operation 171 'partselect' 'r_V_1' <Predicate = (!icmp_ln127)> <Delay = 0.00>
ST_14 : Operation 172 [1/1] (0.00ns) (grouped into LUT with out node ret_V_17)   --->   "%trunc_ln1503_2 = trunc i32 %b_V_1 to i22" [sha256.cpp:19->sha256.cpp:36->sha256.cpp:131]   --->   Operation 172 'trunc' 'trunc_ln1503_2' <Predicate = (!icmp_ln127)> <Delay = 0.00>
ST_14 : Operation 173 [1/1] (0.00ns) (grouped into LUT with out node ret_V_17)   --->   "%ret_V_16 = call i32 @_ssdm_op_BitConcatenate.i32.i22.i10(i22 %trunc_ln1503_2, i10 %r_V_1)" [sha256.cpp:21->sha256.cpp:36->sha256.cpp:131]   --->   Operation 173 'bitconcatenate' 'ret_V_16' <Predicate = (!icmp_ln127)> <Delay = 0.00>
ST_14 : Operation 174 [1/1] (0.00ns) (grouped into LUT with out node ret_V_17)   --->   "%xor_ln1357 = xor i32 %ret_V_14, %ret_V_16" [sha256.cpp:36->sha256.cpp:131]   --->   Operation 174 'xor' 'xor_ln1357' <Predicate = (!icmp_ln127)> <Delay = 0.00> <Core = "LogicGate">   --->   Core 27 'LogicGate' <Latency = 0> <II = 1> <Delay = 0.99> <FuncUnit> <Opcode : 'and' 'or' 'xor'> <InPorts = 2> <OutPorts = 1>
ST_14 : Operation 175 [1/1] (0.99ns) (out node of the LUT)   --->   "%ret_V_17 = xor i32 %xor_ln1357, %ret_V_15" [sha256.cpp:36->sha256.cpp:131]   --->   Operation 175 'xor' 'ret_V_17' <Predicate = (!icmp_ln127)> <Delay = 0.99> <Core = "LogicGate">   --->   Core 27 'LogicGate' <Latency = 0> <II = 1> <Delay = 0.99> <FuncUnit> <Opcode : 'and' 'or' 'xor'> <InPorts = 2> <OutPorts = 1>
ST_14 : Operation 176 [1/1] (0.00ns) (grouped into LUT with out node ret_V_21)   --->   "%r_V_2 = call i26 @_ssdm_op_PartSelect.i26.i32.i32.i32(i32 %f_V_1, i32 6, i32 31)" [sha256.cpp:16->sha256.cpp:41->sha256.cpp:132]   --->   Operation 176 'partselect' 'r_V_2' <Predicate = (!icmp_ln127)> <Delay = 0.00>
ST_14 : Operation 177 [1/1] (0.00ns) (grouped into LUT with out node ret_V_21)   --->   "%trunc_ln1503_3 = trunc i32 %f_V_1 to i6" [sha256.cpp:19->sha256.cpp:41->sha256.cpp:132]   --->   Operation 177 'trunc' 'trunc_ln1503_3' <Predicate = (!icmp_ln127)> <Delay = 0.00>
ST_14 : Operation 178 [1/1] (0.00ns) (grouped into LUT with out node ret_V_21)   --->   "%ret_V_18 = call i32 @_ssdm_op_BitConcatenate.i32.i6.i26(i6 %trunc_ln1503_3, i26 %r_V_2)" [sha256.cpp:21->sha256.cpp:41->sha256.cpp:132]   --->   Operation 178 'bitconcatenate' 'ret_V_18' <Predicate = (!icmp_ln127)> <Delay = 0.00>
ST_14 : Operation 179 [1/1] (0.00ns) (grouped into LUT with out node ret_V_21)   --->   "%r_V_3 = call i21 @_ssdm_op_PartSelect.i21.i32.i32.i32(i32 %f_V_1, i32 11, i32 31)" [sha256.cpp:16->sha256.cpp:41->sha256.cpp:132]   --->   Operation 179 'partselect' 'r_V_3' <Predicate = (!icmp_ln127)> <Delay = 0.00>
ST_14 : Operation 180 [1/1] (0.00ns) (grouped into LUT with out node ret_V_21)   --->   "%trunc_ln1503_4 = trunc i32 %f_V_1 to i11" [sha256.cpp:19->sha256.cpp:41->sha256.cpp:132]   --->   Operation 180 'trunc' 'trunc_ln1503_4' <Predicate = (!icmp_ln127)> <Delay = 0.00>
ST_14 : Operation 181 [1/1] (0.00ns) (grouped into LUT with out node ret_V_21)   --->   "%ret_V_19 = call i32 @_ssdm_op_BitConcatenate.i32.i11.i21(i11 %trunc_ln1503_4, i21 %r_V_3)" [sha256.cpp:21->sha256.cpp:41->sha256.cpp:132]   --->   Operation 181 'bitconcatenate' 'ret_V_19' <Predicate = (!icmp_ln127)> <Delay = 0.00>
ST_14 : Operation 182 [1/1] (0.00ns) (grouped into LUT with out node ret_V_21)   --->   "%r_V_4 = call i7 @_ssdm_op_PartSelect.i7.i32.i32.i32(i32 %f_V_1, i32 25, i32 31)" [sha256.cpp:16->sha256.cpp:41->sha256.cpp:132]   --->   Operation 182 'partselect' 'r_V_4' <Predicate = (!icmp_ln127)> <Delay = 0.00>
ST_14 : Operation 183 [1/1] (0.00ns) (grouped into LUT with out node ret_V_21)   --->   "%trunc_ln1503_5 = trunc i32 %f_V_1 to i25" [sha256.cpp:19->sha256.cpp:41->sha256.cpp:132]   --->   Operation 183 'trunc' 'trunc_ln1503_5' <Predicate = (!icmp_ln127)> <Delay = 0.00>
ST_14 : Operation 184 [1/1] (0.00ns) (grouped into LUT with out node ret_V_21)   --->   "%ret_V_20 = call i32 @_ssdm_op_BitConcatenate.i32.i25.i7(i25 %trunc_ln1503_5, i7 %r_V_4)" [sha256.cpp:21->sha256.cpp:41->sha256.cpp:132]   --->   Operation 184 'bitconcatenate' 'ret_V_20' <Predicate = (!icmp_ln127)> <Delay = 0.00>
ST_14 : Operation 185 [1/1] (0.00ns) (grouped into LUT with out node ret_V_21)   --->   "%xor_ln1357_2 = xor i32 %ret_V_18, %ret_V_20" [sha256.cpp:41->sha256.cpp:132]   --->   Operation 185 'xor' 'xor_ln1357_2' <Predicate = (!icmp_ln127)> <Delay = 0.00> <Core = "LogicGate">   --->   Core 27 'LogicGate' <Latency = 0> <II = 1> <Delay = 0.99> <FuncUnit> <Opcode : 'and' 'or' 'xor'> <InPorts = 2> <OutPorts = 1>
ST_14 : Operation 186 [1/1] (0.99ns) (out node of the LUT)   --->   "%ret_V_21 = xor i32 %xor_ln1357_2, %ret_V_19" [sha256.cpp:41->sha256.cpp:132]   --->   Operation 186 'xor' 'ret_V_21' <Predicate = (!icmp_ln127)> <Delay = 0.99> <Core = "LogicGate">   --->   Core 27 'LogicGate' <Latency = 0> <II = 1> <Delay = 0.99> <FuncUnit> <Opcode : 'and' 'or' 'xor'> <InPorts = 2> <OutPorts = 1>
ST_14 : Operation 187 [1/1] (0.00ns)   --->   "%tmp_18 = call i3 @_ssdm_op_PartSelect.i3.i7.i32.i32(i7 %j6_0, i32 4, i32 6)" [sha256.cpp:134]   --->   Operation 187 'partselect' 'tmp_18' <Predicate = (!icmp_ln127)> <Delay = 0.00>
ST_14 : Operation 188 [1/1] (1.13ns)   --->   "%icmp_ln134 = icmp eq i3 %tmp_18, 0" [sha256.cpp:134]   --->   Operation 188 'icmp' 'icmp_ln134' <Predicate = (!icmp_ln127)> <Delay = 1.13> <Core = "Cmp">   --->   Core 25 'Cmp' <Latency = 0> <II = 1> <Delay = 1.36> <FuncUnit> <Opcode : 'icmp'> <InPorts = 2> <OutPorts = 1>
ST_14 : Operation 189 [1/1] (0.00ns)   --->   "%zext_ln135 = zext i7 %j6_0 to i64" [sha256.cpp:135]   --->   Operation 189 'zext' 'zext_ln135' <Predicate = (!icmp_ln127)> <Delay = 0.00>
ST_14 : Operation 190 [1/1] (1.87ns)   --->   "%add_ln321_1 = add i7 %zext_ln116_1, %j6_0" [sha256.cpp:135]   --->   Operation 190 'add' 'add_ln321_1' <Predicate = (!icmp_ln127)> <Delay = 1.87> <Core = "AddSub">   --->   Core 14 'AddSub' <Latency = 0> <II = 1> <Delay = 1.56> <FuncUnit> <Opcode : 'add' 'sub'> <InPorts = 2> <OutPorts = 1>
ST_14 : Operation 191 [1/1] (0.00ns)   --->   "%zext_ln321_3 = zext i7 %add_ln321_1 to i64" [sha256.cpp:135]   --->   Operation 191 'zext' 'zext_ln321_3' <Predicate = (!icmp_ln127)> <Delay = 0.00>
ST_14 : Operation 192 [1/1] (0.00ns)   --->   "%M_V_addr_2 = getelementptr [512 x i32]* %M_V, i64 0, i64 %zext_ln321_3" [sha256.cpp:135]   --->   Operation 192 'getelementptr' 'M_V_addr_2' <Predicate = (!icmp_ln127)> <Delay = 0.00>
ST_14 : Operation 193 [1/1] (0.00ns)   --->   "br i1 %icmp_ln134, label %4, label %5" [sha256.cpp:134]   --->   Operation 193 'br' <Predicate = (!icmp_ln127)> <Delay = 0.00>
ST_14 : Operation 194 [1/1] (1.87ns)   --->   "%add_ln137 = add i7 -2, %j6_0" [sha256.cpp:137]   --->   Operation 194 'add' 'add_ln137' <Predicate = (!icmp_ln127 & !icmp_ln134)> <Delay = 1.87> <Core = "AddSub">   --->   Core 14 'AddSub' <Latency = 0> <II = 1> <Delay = 1.56> <FuncUnit> <Opcode : 'add' 'sub'> <InPorts = 2> <OutPorts = 1>
ST_14 : Operation 195 [1/1] (0.00ns)   --->   "%zext_ln137 = zext i7 %add_ln137 to i64" [sha256.cpp:137]   --->   Operation 195 'zext' 'zext_ln137' <Predicate = (!icmp_ln127 & !icmp_ln134)> <Delay = 0.00>
ST_14 : Operation 196 [1/1] (0.00ns)   --->   "%W_V_addr_1 = getelementptr [64 x i32]* %W_V, i64 0, i64 %zext_ln137" [sha256.cpp:137]   --->   Operation 196 'getelementptr' 'W_V_addr_1' <Predicate = (!icmp_ln127 & !icmp_ln134)> <Delay = 0.00>
ST_14 : Operation 197 [2/2] (3.25ns)   --->   "%tempWord_V = load i32* %W_V_addr_1, align 4" [sha256.cpp:137]   --->   Operation 197 'load' 'tempWord_V' <Predicate = (!icmp_ln127 & !icmp_ln134)> <Delay = 3.25> <Core = "RAM">   --->   Core 37 'RAM' <Latency = 1> <II = 1> <Delay = 3.25> <Storage> <Opcode : 'load' 'store'> <Ports = 2> <Width = 32> <Depth = 64> <RAM>
ST_14 : Operation 198 [1/1] (1.87ns)   --->   "%add_ln137_1 = add i7 -7, %j6_0" [sha256.cpp:137]   --->   Operation 198 'add' 'add_ln137_1' <Predicate = (!icmp_ln127 & !icmp_ln134)> <Delay = 1.87> <Core = "AddSub">   --->   Core 14 'AddSub' <Latency = 0> <II = 1> <Delay = 1.56> <FuncUnit> <Opcode : 'add' 'sub'> <InPorts = 2> <OutPorts = 1>
ST_14 : Operation 199 [1/1] (0.00ns)   --->   "%zext_ln137_1 = zext i7 %add_ln137_1 to i64" [sha256.cpp:137]   --->   Operation 199 'zext' 'zext_ln137_1' <Predicate = (!icmp_ln127 & !icmp_ln134)> <Delay = 0.00>
ST_14 : Operation 200 [1/1] (0.00ns)   --->   "%W_V_addr_2 = getelementptr [64 x i32]* %W_V, i64 0, i64 %zext_ln137_1" [sha256.cpp:137]   --->   Operation 200 'getelementptr' 'W_V_addr_2' <Predicate = (!icmp_ln127 & !icmp_ln134)> <Delay = 0.00>
ST_14 : Operation 201 [2/2] (3.25ns)   --->   "%W_V_load = load i32* %W_V_addr_2, align 4" [sha256.cpp:137]   --->   Operation 201 'load' 'W_V_load' <Predicate = (!icmp_ln127 & !icmp_ln134)> <Delay = 3.25> <Core = "RAM">   --->   Core 37 'RAM' <Latency = 1> <II = 1> <Delay = 3.25> <Storage> <Opcode : 'load' 'store'> <Ports = 2> <Width = 32> <Depth = 64> <RAM>
ST_14 : Operation 202 [2/2] (3.25ns)   --->   "%M_V_load = load i32* %M_V_addr_2, align 4" [sha256.cpp:135]   --->   Operation 202 'load' 'M_V_load' <Predicate = (!icmp_ln127 & icmp_ln134)> <Delay = 3.25> <Core = "RAM">   --->   Core 37 'RAM' <Latency = 1> <II = 1> <Delay = 3.25> <Storage> <Opcode : 'load' 'store'> <Ports = 2> <Width = 32> <Depth = 64> <RAM>
ST_14 : Operation 203 [1/1] (0.00ns)   --->   "%tmp_10 = call i5 @_ssdm_op_BitConcatenate.i5.i2.i3(i2 %i_op_assign_1, i3 0)" [sha256.cpp:151]   --->   Operation 203 'bitconcatenate' 'tmp_10' <Predicate = (icmp_ln127)> <Delay = 0.00>
ST_14 : Operation 204 [1/1] (0.00ns)   --->   "%zext_ln321_2 = zext i5 %tmp_10 to i64" [sha256.cpp:151]   --->   Operation 204 'zext' 'zext_ln321_2' <Predicate = (icmp_ln127)> <Delay = 0.00>
ST_14 : Operation 205 [1/1] (0.00ns)   --->   "%H_V_addr_11 = getelementptr [256 x i32]* %H_V, i64 0, i64 %zext_ln321_2" [sha256.cpp:151]   --->   Operation 205 'getelementptr' 'H_V_addr_11' <Predicate = (icmp_ln127)> <Delay = 0.00>
ST_14 : Operation 206 [1/1] (0.00ns)   --->   "%or_ln321 = or i5 %tmp_10, 1" [sha256.cpp:152]   --->   Operation 206 'or' 'or_ln321' <Predicate = (icmp_ln127)> <Delay = 0.00>
ST_14 : Operation 207 [1/1] (0.00ns)   --->   "%tmp_11 = call i64 @_ssdm_op_BitConcatenate.i64.i59.i5(i59 0, i5 %or_ln321)" [sha256.cpp:152]   --->   Operation 207 'bitconcatenate' 'tmp_11' <Predicate = (icmp_ln127)> <Delay = 0.00>
ST_14 : Operation 208 [1/1] (0.00ns)   --->   "%H_V_addr_12 = getelementptr [256 x i32]* %H_V, i64 0, i64 %tmp_11" [sha256.cpp:152]   --->   Operation 208 'getelementptr' 'H_V_addr_12' <Predicate = (icmp_ln127)> <Delay = 0.00>
ST_14 : Operation 209 [1/1] (2.55ns)   --->   "%add_ln209 = add i32 %b_V_1, %a_V" [sha256.cpp:151]   --->   Operation 209 'add' 'add_ln209' <Predicate = (icmp_ln127)> <Delay = 2.55> <Core = "AddSub">   --->   Core 14 'AddSub' <Latency = 0> <II = 1> <Delay = 1.56> <FuncUnit> <Opcode : 'add' 'sub'> <InPorts = 2> <OutPorts = 1>
ST_14 : Operation 210 [1/1] (3.25ns)   --->   "store i32 %add_ln209, i32* %H_V_addr_11, align 16" [sha256.cpp:151]   --->   Operation 210 'store' <Predicate = (icmp_ln127)> <Delay = 3.25> <Core = "RAM">   --->   Core 37 'RAM' <Latency = 1> <II = 1> <Delay = 3.25> <Storage> <Opcode : 'load' 'store'> <Ports = 2> <Width = 32> <Depth = 64> <RAM>
ST_14 : Operation 211 [1/1] (2.55ns)   --->   "%add_ln209_1 = add i32 %c_V_1, %b_V" [sha256.cpp:152]   --->   Operation 211 'add' 'add_ln209_1' <Predicate = (icmp_ln127)> <Delay = 2.55> <Core = "AddSub">   --->   Core 14 'AddSub' <Latency = 0> <II = 1> <Delay = 1.56> <FuncUnit> <Opcode : 'add' 'sub'> <InPorts = 2> <OutPorts = 1>
ST_14 : Operation 212 [1/1] (3.25ns)   --->   "store i32 %add_ln209_1, i32* %H_V_addr_12, align 4" [sha256.cpp:152]   --->   Operation 212 'store' <Predicate = (icmp_ln127)> <Delay = 3.25> <Core = "RAM">   --->   Core 37 'RAM' <Latency = 1> <II = 1> <Delay = 3.25> <Storage> <Opcode : 'load' 'store'> <Ports = 2> <Width = 32> <Depth = 64> <RAM>
ST_14 : Operation 213 [1/1] (2.55ns)   --->   "%add_ln209_2 = add i32 %d_V_1, %c_V" [sha256.cpp:153]   --->   Operation 213 'add' 'add_ln209_2' <Predicate = (icmp_ln127)> <Delay = 2.55> <Core = "AddSub">   --->   Core 14 'AddSub' <Latency = 0> <II = 1> <Delay = 1.56> <FuncUnit> <Opcode : 'add' 'sub'> <InPorts = 2> <OutPorts = 1>
ST_14 : Operation 214 [1/1] (2.55ns)   --->   "%add_ln209_4 = add i32 %f_V_1, %e_V" [sha256.cpp:155]   --->   Operation 214 'add' 'add_ln209_4' <Predicate = (icmp_ln127)> <Delay = 2.55> <Core = "AddSub">   --->   Core 14 'AddSub' <Latency = 0> <II = 1> <Delay = 1.56> <FuncUnit> <Opcode : 'add' 'sub'> <InPorts = 2> <OutPorts = 1>
ST_14 : Operation 215 [1/1] (2.55ns)   --->   "%add_ln209_5 = add i32 %g_V_1, %f_V" [sha256.cpp:156]   --->   Operation 215 'add' 'add_ln209_5' <Predicate = (icmp_ln127)> <Delay = 2.55> <Core = "AddSub">   --->   Core 14 'AddSub' <Latency = 0> <II = 1> <Delay = 1.56> <FuncUnit> <Opcode : 'add' 'sub'> <InPorts = 2> <OutPorts = 1>
ST_14 : Operation 216 [1/1] (2.55ns)   --->   "%add_ln209_6 = add i32 %h_V_1, %g_V" [sha256.cpp:157]   --->   Operation 216 'add' 'add_ln209_6' <Predicate = (icmp_ln127)> <Delay = 2.55> <Core = "AddSub">   --->   Core 14 'AddSub' <Latency = 0> <II = 1> <Delay = 1.56> <FuncUnit> <Opcode : 'add' 'sub'> <InPorts = 2> <OutPorts = 1>
ST_14 : Operation 217 [1/1] (1.56ns)   --->   "%i_9 = add i2 %i_op_assign_1, 1" [sha256.cpp:114]   --->   Operation 217 'add' 'i_9' <Predicate = (icmp_ln127)> <Delay = 1.56> <Core = "AddSub">   --->   Core 14 'AddSub' <Latency = 0> <II = 1> <Delay = 1.56> <FuncUnit> <Opcode : 'add' 'sub'> <InPorts = 2> <OutPorts = 1>

State 15 <SV = 10> <Delay = 5.12>
ST_15 : Operation 218 [1/2] (3.25ns)   --->   "%tempWord_V = load i32* %W_V_addr_1, align 4" [sha256.cpp:137]   --->   Operation 218 'load' 'tempWord_V' <Predicate = true> <Delay = 3.25> <Core = "RAM">   --->   Core 37 'RAM' <Latency = 1> <II = 1> <Delay = 3.25> <Storage> <Opcode : 'load' 'store'> <Ports = 2> <Width = 32> <Depth = 64> <RAM>
ST_15 : Operation 219 [1/2] (3.25ns)   --->   "%W_V_load = load i32* %W_V_addr_2, align 4" [sha256.cpp:137]   --->   Operation 219 'load' 'W_V_load' <Predicate = true> <Delay = 3.25> <Core = "RAM">   --->   Core 37 'RAM' <Latency = 1> <II = 1> <Delay = 3.25> <Storage> <Opcode : 'load' 'store'> <Ports = 2> <Width = 32> <Depth = 64> <RAM>
ST_15 : Operation 220 [1/1] (1.87ns)   --->   "%add_ln137_2 = add i7 -15, %j6_0" [sha256.cpp:137]   --->   Operation 220 'add' 'add_ln137_2' <Predicate = true> <Delay = 1.87> <Core = "AddSub">   --->   Core 14 'AddSub' <Latency = 0> <II = 1> <Delay = 1.56> <FuncUnit> <Opcode : 'add' 'sub'> <InPorts = 2> <OutPorts = 1>
ST_15 : Operation 221 [1/1] (0.00ns)   --->   "%zext_ln137_2 = zext i7 %add_ln137_2 to i64" [sha256.cpp:137]   --->   Operation 221 'zext' 'zext_ln137_2' <Predicate = true> <Delay = 0.00>
ST_15 : Operation 222 [1/1] (0.00ns)   --->   "%W_V_addr_3 = getelementptr [64 x i32]* %W_V, i64 0, i64 %zext_ln137_2" [sha256.cpp:137]   --->   Operation 222 'getelementptr' 'W_V_addr_3' <Predicate = true> <Delay = 0.00>
ST_15 : Operation 223 [2/2] (3.25ns)   --->   "%tempWord_V_3 = load i32* %W_V_addr_3, align 4" [sha256.cpp:137]   --->   Operation 223 'load' 'tempWord_V_3' <Predicate = true> <Delay = 3.25> <Core = "RAM">   --->   Core 37 'RAM' <Latency = 1> <II = 1> <Delay = 3.25> <Storage> <Opcode : 'load' 'store'> <Ports = 2> <Width = 32> <Depth = 64> <RAM>
ST_15 : Operation 224 [1/1] (1.87ns)   --->   "%add_ln137_3 = add i7 -16, %j6_0" [sha256.cpp:137]   --->   Operation 224 'add' 'add_ln137_3' <Predicate = true> <Delay = 1.87> <Core = "AddSub">   --->   Core 14 'AddSub' <Latency = 0> <II = 1> <Delay = 1.56> <FuncUnit> <Opcode : 'add' 'sub'> <InPorts = 2> <OutPorts = 1>
ST_15 : Operation 225 [1/1] (0.00ns)   --->   "%zext_ln137_3 = zext i7 %add_ln137_3 to i64" [sha256.cpp:137]   --->   Operation 225 'zext' 'zext_ln137_3' <Predicate = true> <Delay = 0.00>
ST_15 : Operation 226 [1/1] (0.00ns)   --->   "%W_V_addr_4 = getelementptr [64 x i32]* %W_V, i64 0, i64 %zext_ln137_3" [sha256.cpp:137]   --->   Operation 226 'getelementptr' 'W_V_addr_4' <Predicate = true> <Delay = 0.00>
ST_15 : Operation 227 [2/2] (3.25ns)   --->   "%W_V_load_2 = load i32* %W_V_addr_4, align 4" [sha256.cpp:137]   --->   Operation 227 'load' 'W_V_load_2' <Predicate = true> <Delay = 3.25> <Core = "RAM">   --->   Core 37 'RAM' <Latency = 1> <II = 1> <Delay = 3.25> <Storage> <Opcode : 'load' 'store'> <Ports = 2> <Width = 32> <Depth = 64> <RAM>

State 16 <SV = 11> <Delay = 5.80>
ST_16 : Operation 228 [1/1] (0.00ns) (grouped into LUT with out node add_ln209_9)   --->   "%r_V_5 = call i15 @_ssdm_op_PartSelect.i15.i32.i32.i32(i32 %tempWord_V, i32 17, i32 31)" [sha256.cpp:16->sha256.cpp:51->sha256.cpp:137]   --->   Operation 228 'partselect' 'r_V_5' <Predicate = true> <Delay = 0.00>
ST_16 : Operation 229 [1/1] (0.00ns) (grouped into LUT with out node add_ln209_9)   --->   "%trunc_ln1503_6 = trunc i32 %tempWord_V to i17" [sha256.cpp:19->sha256.cpp:51->sha256.cpp:137]   --->   Operation 229 'trunc' 'trunc_ln1503_6' <Predicate = true> <Delay = 0.00>
ST_16 : Operation 230 [1/1] (0.00ns) (grouped into LUT with out node add_ln209_9)   --->   "%ret_V_22 = call i32 @_ssdm_op_BitConcatenate.i32.i17.i15(i17 %trunc_ln1503_6, i15 %r_V_5)" [sha256.cpp:21->sha256.cpp:51->sha256.cpp:137]   --->   Operation 230 'bitconcatenate' 'ret_V_22' <Predicate = true> <Delay = 0.00>
ST_16 : Operation 231 [1/1] (0.00ns) (grouped into LUT with out node add_ln209_9)   --->   "%r_V_6 = call i13 @_ssdm_op_PartSelect.i13.i32.i32.i32(i32 %tempWord_V, i32 19, i32 31)" [sha256.cpp:16->sha256.cpp:51->sha256.cpp:137]   --->   Operation 231 'partselect' 'r_V_6' <Predicate = true> <Delay = 0.00>
ST_16 : Operation 232 [1/1] (0.00ns) (grouped into LUT with out node add_ln209_9)   --->   "%trunc_ln1503_7 = trunc i32 %tempWord_V to i19" [sha256.cpp:19->sha256.cpp:51->sha256.cpp:137]   --->   Operation 232 'trunc' 'trunc_ln1503_7' <Predicate = true> <Delay = 0.00>
ST_16 : Operation 233 [1/1] (0.00ns) (grouped into LUT with out node add_ln209_9)   --->   "%ret_V_23 = call i32 @_ssdm_op_BitConcatenate.i32.i19.i13(i19 %trunc_ln1503_7, i13 %r_V_6)" [sha256.cpp:21->sha256.cpp:51->sha256.cpp:137]   --->   Operation 233 'bitconcatenate' 'ret_V_23' <Predicate = true> <Delay = 0.00>
ST_16 : Operation 234 [1/1] (0.00ns) (grouped into LUT with out node add_ln209_9)   --->   "%r_V_7 = call i22 @_ssdm_op_PartSelect.i22.i32.i32.i32(i32 %tempWord_V, i32 10, i32 31)" [sha256.cpp:51->sha256.cpp:137]   --->   Operation 234 'partselect' 'r_V_7' <Predicate = true> <Delay = 0.00>
ST_16 : Operation 235 [1/1] (0.00ns) (grouped into LUT with out node add_ln209_9)   --->   "%r_V_13 = zext i22 %r_V_7 to i32" [sha256.cpp:51->sha256.cpp:137]   --->   Operation 235 'zext' 'r_V_13' <Predicate = true> <Delay = 0.00>
ST_16 : Operation 236 [1/1] (0.00ns) (grouped into LUT with out node add_ln209_9)   --->   "%xor_ln1357_4 = xor i32 %r_V_13, %ret_V_23" [sha256.cpp:51->sha256.cpp:137]   --->   Operation 236 'xor' 'xor_ln1357_4' <Predicate = true> <Delay = 0.00> <Core = "LogicGate">   --->   Core 27 'LogicGate' <Latency = 0> <II = 1> <Delay = 0.99> <FuncUnit> <Opcode : 'and' 'or' 'xor'> <InPorts = 2> <OutPorts = 1>
ST_16 : Operation 237 [1/1] (0.00ns) (grouped into LUT with out node add_ln209_9)   --->   "%ret_V = xor i32 %xor_ln1357_4, %ret_V_22" [sha256.cpp:51->sha256.cpp:137]   --->   Operation 237 'xor' 'ret_V' <Predicate = true> <Delay = 0.00> <Core = "LogicGate">   --->   Core 27 'LogicGate' <Latency = 0> <II = 1> <Delay = 0.99> <FuncUnit> <Opcode : 'and' 'or' 'xor'> <InPorts = 2> <OutPorts = 1>
ST_16 : Operation 238 [1/2] (3.25ns)   --->   "%tempWord_V_3 = load i32* %W_V_addr_3, align 4" [sha256.cpp:137]   --->   Operation 238 'load' 'tempWord_V_3' <Predicate = true> <Delay = 3.25> <Core = "RAM">   --->   Core 37 'RAM' <Latency = 1> <II = 1> <Delay = 3.25> <Storage> <Opcode : 'load' 'store'> <Ports = 2> <Width = 32> <Depth = 64> <RAM>
ST_16 : Operation 239 [1/1] (0.00ns) (grouped into LUT with out node add_ln209_9)   --->   "%r_V_8 = call i25 @_ssdm_op_PartSelect.i25.i32.i32.i32(i32 %tempWord_V_3, i32 7, i32 31)" [sha256.cpp:16->sha256.cpp:46->sha256.cpp:137]   --->   Operation 239 'partselect' 'r_V_8' <Predicate = true> <Delay = 0.00>
ST_16 : Operation 240 [1/1] (0.00ns) (grouped into LUT with out node add_ln209_9)   --->   "%trunc_ln1503_8 = trunc i32 %tempWord_V_3 to i7" [sha256.cpp:19->sha256.cpp:46->sha256.cpp:137]   --->   Operation 240 'trunc' 'trunc_ln1503_8' <Predicate = true> <Delay = 0.00>
ST_16 : Operation 241 [1/1] (0.00ns) (grouped into LUT with out node add_ln209_9)   --->   "%ret_V_24 = call i32 @_ssdm_op_BitConcatenate.i32.i7.i25(i7 %trunc_ln1503_8, i25 %r_V_8)" [sha256.cpp:21->sha256.cpp:46->sha256.cpp:137]   --->   Operation 241 'bitconcatenate' 'ret_V_24' <Predicate = true> <Delay = 0.00>
ST_16 : Operation 242 [1/1] (0.00ns) (grouped into LUT with out node add_ln209_9)   --->   "%r_V_9 = call i14 @_ssdm_op_PartSelect.i14.i32.i32.i32(i32 %tempWord_V_3, i32 18, i32 31)" [sha256.cpp:16->sha256.cpp:46->sha256.cpp:137]   --->   Operation 242 'partselect' 'r_V_9' <Predicate = true> <Delay = 0.00>
ST_16 : Operation 243 [1/1] (0.00ns) (grouped into LUT with out node add_ln209_9)   --->   "%trunc_ln1503_9 = trunc i32 %tempWord_V_3 to i18" [sha256.cpp:19->sha256.cpp:46->sha256.cpp:137]   --->   Operation 243 'trunc' 'trunc_ln1503_9' <Predicate = true> <Delay = 0.00>
ST_16 : Operation 244 [1/1] (0.00ns) (grouped into LUT with out node add_ln209_9)   --->   "%ret_V_25 = call i32 @_ssdm_op_BitConcatenate.i32.i18.i14(i18 %trunc_ln1503_9, i14 %r_V_9)" [sha256.cpp:21->sha256.cpp:46->sha256.cpp:137]   --->   Operation 244 'bitconcatenate' 'ret_V_25' <Predicate = true> <Delay = 0.00>
ST_16 : Operation 245 [1/1] (0.00ns) (grouped into LUT with out node add_ln209_9)   --->   "%r_V_10 = call i29 @_ssdm_op_PartSelect.i29.i32.i32.i32(i32 %tempWord_V_3, i32 3, i32 31)" [sha256.cpp:46->sha256.cpp:137]   --->   Operation 245 'partselect' 'r_V_10' <Predicate = true> <Delay = 0.00>
ST_16 : Operation 246 [1/1] (0.00ns) (grouped into LUT with out node add_ln209_9)   --->   "%r_V_14 = zext i29 %r_V_10 to i32" [sha256.cpp:46->sha256.cpp:137]   --->   Operation 246 'zext' 'r_V_14' <Predicate = true> <Delay = 0.00>
ST_16 : Operation 247 [1/1] (0.00ns) (grouped into LUT with out node add_ln209_9)   --->   "%xor_ln1357_6 = xor i32 %r_V_14, %ret_V_25" [sha256.cpp:46->sha256.cpp:137]   --->   Operation 247 'xor' 'xor_ln1357_6' <Predicate = true> <Delay = 0.00> <Core = "LogicGate">   --->   Core 27 'LogicGate' <Latency = 0> <II = 1> <Delay = 0.99> <FuncUnit> <Opcode : 'and' 'or' 'xor'> <InPorts = 2> <OutPorts = 1>
ST_16 : Operation 248 [1/1] (0.00ns) (grouped into LUT with out node add_ln209_9)   --->   "%ret_V_13 = xor i32 %xor_ln1357_6, %ret_V_24" [sha256.cpp:46->sha256.cpp:137]   --->   Operation 248 'xor' 'ret_V_13' <Predicate = true> <Delay = 0.00> <Core = "LogicGate">   --->   Core 27 'LogicGate' <Latency = 0> <II = 1> <Delay = 0.99> <FuncUnit> <Opcode : 'and' 'or' 'xor'> <InPorts = 2> <OutPorts = 1>
ST_16 : Operation 249 [1/2] (3.25ns)   --->   "%W_V_load_2 = load i32* %W_V_addr_4, align 4" [sha256.cpp:137]   --->   Operation 249 'load' 'W_V_load_2' <Predicate = true> <Delay = 3.25> <Core = "RAM">   --->   Core 37 'RAM' <Latency = 1> <II = 1> <Delay = 3.25> <Storage> <Opcode : 'load' 'store'> <Ports = 2> <Width = 32> <Depth = 64> <RAM>
ST_16 : Operation 250 [1/1] (2.55ns) (out node of the LUT)   --->   "%add_ln209_9 = add i32 %ret_V, %ret_V_13" [sha256.cpp:137]   --->   Operation 250 'add' 'add_ln209_9' <Predicate = true> <Delay = 2.55> <Core = "AddSub">   --->   Core 14 'AddSub' <Latency = 0> <II = 1> <Delay = 1.56> <FuncUnit> <Opcode : 'add' 'sub'> <InPorts = 2> <OutPorts = 1>

State 17 <SV = 12> <Delay = 7.62>
ST_17 : Operation 251 [1/1] (0.00ns) (grouped into TernaryAdder)   --->   "%add_ln209_8 = add i32 %W_V_load, %W_V_load_2" [sha256.cpp:137]   --->   Operation 251 'add' 'add_ln209_8' <Predicate = (!icmp_ln134)> <Delay = 0.00> <Core = "TAddSub">   --->   Core 83 'TAddSub' <Latency = 0> <II = 1> <Delay = 2.18> <IPBlock> <Opcode : 'add' 'sub'> <InPorts = 3> <OutPorts = 1> <Sync> <CReg>
ST_17 : Operation 252 [1/1] (4.37ns) (root node of TernaryAdder)   --->   "%add_ln209_10 = add i32 %add_ln209_9, %add_ln209_8" [sha256.cpp:137]   --->   Operation 252 'add' 'add_ln209_10' <Predicate = (!icmp_ln134)> <Delay = 4.37> <Core = "TAddSub">   --->   Core 83 'TAddSub' <Latency = 0> <II = 1> <Delay = 2.18> <IPBlock> <Opcode : 'add' 'sub'> <InPorts = 3> <OutPorts = 1> <Sync> <CReg>
ST_17 : Operation 253 [1/1] (0.00ns)   --->   "%W_V_addr_5 = getelementptr [64 x i32]* %W_V, i64 0, i64 %zext_ln135" [sha256.cpp:137]   --->   Operation 253 'getelementptr' 'W_V_addr_5' <Predicate = (!icmp_ln134)> <Delay = 0.00>
ST_17 : Operation 254 [1/1] (3.25ns)   --->   "store i32 %add_ln209_10, i32* %W_V_addr_5, align 4" [sha256.cpp:137]   --->   Operation 254 'store' <Predicate = (!icmp_ln134)> <Delay = 3.25> <Core = "RAM">   --->   Core 37 'RAM' <Latency = 1> <II = 1> <Delay = 3.25> <Storage> <Opcode : 'load' 'store'> <Ports = 2> <Width = 32> <Depth = 64> <RAM>
ST_17 : Operation 255 [1/1] (0.00ns)   --->   "br label %6"   --->   Operation 255 'br' <Predicate = (!icmp_ln134)> <Delay = 0.00>
ST_17 : Operation 256 [1/1] (0.00ns) (grouped into TernaryAdder)   --->   "%add_ln209_12 = add i32 %ret_V_21, %p_0625_0" [sha256.cpp:139]   --->   Operation 256 'add' 'add_ln209_12' <Predicate = true> <Delay = 0.00> <Core = "TAddSub">   --->   Core 83 'TAddSub' <Latency = 0> <II = 1> <Delay = 2.18> <IPBlock> <Opcode : 'add' 'sub'> <InPorts = 3> <OutPorts = 1> <Sync> <CReg>
ST_17 : Operation 257 [1/1] (4.37ns) (root node of TernaryAdder)   --->   "%add_ln209_13 = add i32 %add_ln209_12, %ch_V" [sha256.cpp:139]   --->   Operation 257 'add' 'add_ln209_13' <Predicate = true> <Delay = 4.37> <Core = "TAddSub">   --->   Core 83 'TAddSub' <Latency = 0> <II = 1> <Delay = 2.18> <IPBlock> <Opcode : 'add' 'sub'> <InPorts = 3> <OutPorts = 1> <Sync> <CReg>

State 18 <SV = 10> <Delay = 6.50>
ST_18 : Operation 258 [1/2] (3.25ns)   --->   "%M_V_load = load i32* %M_V_addr_2, align 4" [sha256.cpp:135]   --->   Operation 258 'load' 'M_V_load' <Predicate = true> <Delay = 3.25> <Core = "RAM">   --->   Core 37 'RAM' <Latency = 1> <II = 1> <Delay = 3.25> <Storage> <Opcode : 'load' 'store'> <Ports = 2> <Width = 32> <Depth = 64> <RAM>
ST_18 : Operation 259 [1/1] (0.00ns)   --->   "%W_V_addr = getelementptr [64 x i32]* %W_V, i64 0, i64 %zext_ln135" [sha256.cpp:135]   --->   Operation 259 'getelementptr' 'W_V_addr' <Predicate = true> <Delay = 0.00>
ST_18 : Operation 260 [1/1] (3.25ns)   --->   "store i32 %M_V_load, i32* %W_V_addr, align 4" [sha256.cpp:135]   --->   Operation 260 'store' <Predicate = true> <Delay = 3.25> <Core = "RAM">   --->   Core 37 'RAM' <Latency = 1> <II = 1> <Delay = 3.25> <Storage> <Opcode : 'load' 'store'> <Ports = 2> <Width = 32> <Depth = 64> <RAM>
ST_18 : Operation 261 [1/1] (0.00ns)   --->   "br label %6" [sha256.cpp:135]   --->   Operation 261 'br' <Predicate = true> <Delay = 0.00>

State 19 <SV = 13> <Delay = 3.25>
ST_19 : Operation 262 [1/1] (0.00ns)   --->   "%K_addr = getelementptr [64 x i32]* @K, i64 0, i64 %zext_ln135" [sha256.cpp:139]   --->   Operation 262 'getelementptr' 'K_addr' <Predicate = true> <Delay = 0.00>
ST_19 : Operation 263 [2/2] (3.25ns)   --->   "%K_load = load i32* %K_addr, align 4" [sha256.cpp:139]   --->   Operation 263 'load' 'K_load' <Predicate = true> <Delay = 3.25> <Core = "ROM_nP">   --->   Core 52 'ROM_nP' <Latency = 1> <II = 1> <Delay = 3.25> <Storage> <Opcode : 'load'> <Ports = 0> <Width = 32> <Depth = 64> <ROM>
ST_19 : Operation 264 [1/1] (0.00ns)   --->   "%W_V_addr_6 = getelementptr [64 x i32]* %W_V, i64 0, i64 %zext_ln135" [sha256.cpp:139]   --->   Operation 264 'getelementptr' 'W_V_addr_6' <Predicate = true> <Delay = 0.00>
ST_19 : Operation 265 [2/2] (3.25ns)   --->   "%W_V_load_3 = load i32* %W_V_addr_6, align 4" [sha256.cpp:139]   --->   Operation 265 'load' 'W_V_load_3' <Predicate = true> <Delay = 3.25> <Core = "RAM">   --->   Core 37 'RAM' <Latency = 1> <II = 1> <Delay = 3.25> <Storage> <Opcode : 'load' 'store'> <Ports = 2> <Width = 32> <Depth = 64> <RAM>

State 20 <SV = 14> <Delay = 7.62>
ST_20 : Operation 266 [1/2] (3.25ns)   --->   "%K_load = load i32* %K_addr, align 4" [sha256.cpp:139]   --->   Operation 266 'load' 'K_load' <Predicate = true> <Delay = 3.25> <Core = "ROM_nP">   --->   Core 52 'ROM_nP' <Latency = 1> <II = 1> <Delay = 3.25> <Storage> <Opcode : 'load'> <Ports = 0> <Width = 32> <Depth = 64> <ROM>
ST_20 : Operation 267 [1/2] (3.25ns)   --->   "%W_V_load_3 = load i32* %W_V_addr_6, align 4" [sha256.cpp:139]   --->   Operation 267 'load' 'W_V_load_3' <Predicate = true> <Delay = 3.25> <Core = "RAM">   --->   Core 37 'RAM' <Latency = 1> <II = 1> <Delay = 3.25> <Storage> <Opcode : 'load' 'store'> <Ports = 2> <Width = 32> <Depth = 64> <RAM>
ST_20 : Operation 268 [1/1] (0.00ns) (grouped into TernaryAdder)   --->   "%add_ln209_11 = add i32 %K_load, %W_V_load_3" [sha256.cpp:139]   --->   Operation 268 'add' 'add_ln209_11' <Predicate = true> <Delay = 0.00> <Core = "TAddSub">   --->   Core 83 'TAddSub' <Latency = 0> <II = 1> <Delay = 2.18> <IPBlock> <Opcode : 'add' 'sub'> <InPorts = 3> <OutPorts = 1> <Sync> <CReg>
ST_20 : Operation 269 [1/1] (4.37ns) (root node of TernaryAdder)   --->   "%T1_V = add i32 %add_ln209_13, %add_ln209_11" [sha256.cpp:139]   --->   Operation 269 'add' 'T1_V' <Predicate = true> <Delay = 4.37> <Core = "TAddSub">   --->   Core 83 'TAddSub' <Latency = 0> <II = 1> <Delay = 2.18> <IPBlock> <Opcode : 'add' 'sub'> <InPorts = 3> <OutPorts = 1> <Sync> <CReg>

State 21 <SV = 15> <Delay = 4.37>
ST_21 : Operation 270 [1/1] (2.55ns)   --->   "%e_V_1 = add i32 %p_0792_0, %T1_V" [sha256.cpp:144]   --->   Operation 270 'add' 'e_V_1' <Predicate = true> <Delay = 2.55> <Core = "AddSub">   --->   Core 14 'AddSub' <Latency = 0> <II = 1> <Delay = 1.56> <FuncUnit> <Opcode : 'add' 'sub'> <InPorts = 2> <OutPorts = 1>
ST_21 : Operation 271 [1/1] (0.00ns) (grouped into TernaryAdder)   --->   "%add_ln209_16 = add i32 %ret_V_17, %T1_V" [sha256.cpp:148]   --->   Operation 271 'add' 'add_ln209_16' <Predicate = true> <Delay = 0.00> <Core = "TAddSub">   --->   Core 83 'TAddSub' <Latency = 0> <II = 1> <Delay = 2.18> <IPBlock> <Opcode : 'add' 'sub'> <InPorts = 3> <OutPorts = 1> <Sync> <CReg>
ST_21 : Operation 272 [1/1] (4.37ns) (root node of TernaryAdder)   --->   "%a_V_1 = add i32 %add_ln209_16, %maj_V" [sha256.cpp:148]   --->   Operation 272 'add' 'a_V_1' <Predicate = true> <Delay = 4.37> <Core = "TAddSub">   --->   Core 83 'TAddSub' <Latency = 0> <II = 1> <Delay = 2.18> <IPBlock> <Opcode : 'add' 'sub'> <InPorts = 3> <OutPorts = 1> <Sync> <CReg>
ST_21 : Operation 273 [1/1] (0.00ns)   --->   "br label %.preheader1344" [sha256.cpp:127]   --->   Operation 273 'br' <Predicate = true> <Delay = 0.00>

State 22 <SV = 10> <Delay = 5.80>
ST_22 : Operation 274 [1/1] (0.00ns)   --->   "%or_ln321_1 = or i5 %tmp_10, 2" [sha256.cpp:153]   --->   Operation 274 'or' 'or_ln321_1' <Predicate = true> <Delay = 0.00>
ST_22 : Operation 275 [1/1] (0.00ns)   --->   "%tmp_12 = call i64 @_ssdm_op_BitConcatenate.i64.i59.i5(i59 0, i5 %or_ln321_1)" [sha256.cpp:153]   --->   Operation 275 'bitconcatenate' 'tmp_12' <Predicate = true> <Delay = 0.00>
ST_22 : Operation 276 [1/1] (0.00ns)   --->   "%H_V_addr_13 = getelementptr [256 x i32]* %H_V, i64 0, i64 %tmp_12" [sha256.cpp:153]   --->   Operation 276 'getelementptr' 'H_V_addr_13' <Predicate = true> <Delay = 0.00>
ST_22 : Operation 277 [1/1] (0.00ns)   --->   "%or_ln321_2 = or i5 %tmp_10, 3" [sha256.cpp:154]   --->   Operation 277 'or' 'or_ln321_2' <Predicate = true> <Delay = 0.00>
ST_22 : Operation 278 [1/1] (0.00ns)   --->   "%tmp_13 = call i64 @_ssdm_op_BitConcatenate.i64.i59.i5(i59 0, i5 %or_ln321_2)" [sha256.cpp:154]   --->   Operation 278 'bitconcatenate' 'tmp_13' <Predicate = true> <Delay = 0.00>
ST_22 : Operation 279 [1/1] (0.00ns)   --->   "%H_V_addr_14 = getelementptr [256 x i32]* %H_V, i64 0, i64 %tmp_13" [sha256.cpp:154]   --->   Operation 279 'getelementptr' 'H_V_addr_14' <Predicate = true> <Delay = 0.00>
ST_22 : Operation 280 [1/1] (3.25ns)   --->   "store i32 %add_ln209_2, i32* %H_V_addr_13, align 8" [sha256.cpp:153]   --->   Operation 280 'store' <Predicate = true> <Delay = 3.25> <Core = "RAM">   --->   Core 37 'RAM' <Latency = 1> <II = 1> <Delay = 3.25> <Storage> <Opcode : 'load' 'store'> <Ports = 2> <Width = 32> <Depth = 64> <RAM>
ST_22 : Operation 281 [1/1] (2.55ns)   --->   "%add_ln209_3 = add i32 %p_0792_0, %d_V" [sha256.cpp:154]   --->   Operation 281 'add' 'add_ln209_3' <Predicate = true> <Delay = 2.55> <Core = "AddSub">   --->   Core 14 'AddSub' <Latency = 0> <II = 1> <Delay = 1.56> <FuncUnit> <Opcode : 'add' 'sub'> <InPorts = 2> <OutPorts = 1>
ST_22 : Operation 282 [1/1] (3.25ns)   --->   "store i32 %add_ln209_3, i32* %H_V_addr_14, align 4" [sha256.cpp:154]   --->   Operation 282 'store' <Predicate = true> <Delay = 3.25> <Core = "RAM">   --->   Core 37 'RAM' <Latency = 1> <II = 1> <Delay = 3.25> <Storage> <Opcode : 'load' 'store'> <Ports = 2> <Width = 32> <Depth = 64> <RAM>

State 23 <SV = 11> <Delay = 3.25>
ST_23 : Operation 283 [1/1] (0.00ns)   --->   "%or_ln321_3 = or i5 %tmp_10, 4" [sha256.cpp:155]   --->   Operation 283 'or' 'or_ln321_3' <Predicate = true> <Delay = 0.00>
ST_23 : Operation 284 [1/1] (0.00ns)   --->   "%tmp_14 = call i64 @_ssdm_op_BitConcatenate.i64.i59.i5(i59 0, i5 %or_ln321_3)" [sha256.cpp:155]   --->   Operation 284 'bitconcatenate' 'tmp_14' <Predicate = true> <Delay = 0.00>
ST_23 : Operation 285 [1/1] (0.00ns)   --->   "%H_V_addr_15 = getelementptr [256 x i32]* %H_V, i64 0, i64 %tmp_14" [sha256.cpp:155]   --->   Operation 285 'getelementptr' 'H_V_addr_15' <Predicate = true> <Delay = 0.00>
ST_23 : Operation 286 [1/1] (0.00ns)   --->   "%or_ln321_4 = or i5 %tmp_10, 5" [sha256.cpp:156]   --->   Operation 286 'or' 'or_ln321_4' <Predicate = true> <Delay = 0.00>
ST_23 : Operation 287 [1/1] (0.00ns)   --->   "%tmp_15 = call i64 @_ssdm_op_BitConcatenate.i64.i59.i5(i59 0, i5 %or_ln321_4)" [sha256.cpp:156]   --->   Operation 287 'bitconcatenate' 'tmp_15' <Predicate = true> <Delay = 0.00>
ST_23 : Operation 288 [1/1] (0.00ns)   --->   "%H_V_addr_16 = getelementptr [256 x i32]* %H_V, i64 0, i64 %tmp_15" [sha256.cpp:156]   --->   Operation 288 'getelementptr' 'H_V_addr_16' <Predicate = true> <Delay = 0.00>
ST_23 : Operation 289 [1/1] (3.25ns)   --->   "store i32 %add_ln209_4, i32* %H_V_addr_15, align 16" [sha256.cpp:155]   --->   Operation 289 'store' <Predicate = true> <Delay = 3.25> <Core = "RAM">   --->   Core 37 'RAM' <Latency = 1> <II = 1> <Delay = 3.25> <Storage> <Opcode : 'load' 'store'> <Ports = 2> <Width = 32> <Depth = 64> <RAM>
ST_23 : Operation 290 [1/1] (3.25ns)   --->   "store i32 %add_ln209_5, i32* %H_V_addr_16, align 4" [sha256.cpp:156]   --->   Operation 290 'store' <Predicate = true> <Delay = 3.25> <Core = "RAM">   --->   Core 37 'RAM' <Latency = 1> <II = 1> <Delay = 3.25> <Storage> <Opcode : 'load' 'store'> <Ports = 2> <Width = 32> <Depth = 64> <RAM>

State 24 <SV = 12> <Delay = 5.80>
ST_24 : Operation 291 [1/1] (0.00ns)   --->   "%or_ln321_5 = or i5 %tmp_10, 6" [sha256.cpp:157]   --->   Operation 291 'or' 'or_ln321_5' <Predicate = true> <Delay = 0.00>
ST_24 : Operation 292 [1/1] (0.00ns)   --->   "%tmp_16 = call i64 @_ssdm_op_BitConcatenate.i64.i59.i5(i59 0, i5 %or_ln321_5)" [sha256.cpp:157]   --->   Operation 292 'bitconcatenate' 'tmp_16' <Predicate = true> <Delay = 0.00>
ST_24 : Operation 293 [1/1] (0.00ns)   --->   "%H_V_addr_17 = getelementptr [256 x i32]* %H_V, i64 0, i64 %tmp_16" [sha256.cpp:157]   --->   Operation 293 'getelementptr' 'H_V_addr_17' <Predicate = true> <Delay = 0.00>
ST_24 : Operation 294 [1/1] (0.00ns)   --->   "%or_ln321_6 = or i5 %tmp_10, 7" [sha256.cpp:158]   --->   Operation 294 'or' 'or_ln321_6' <Predicate = true> <Delay = 0.00>
ST_24 : Operation 295 [1/1] (0.00ns)   --->   "%tmp_17 = call i64 @_ssdm_op_BitConcatenate.i64.i59.i5(i59 0, i5 %or_ln321_6)" [sha256.cpp:158]   --->   Operation 295 'bitconcatenate' 'tmp_17' <Predicate = true> <Delay = 0.00>
ST_24 : Operation 296 [1/1] (0.00ns)   --->   "%H_V_addr_18 = getelementptr [256 x i32]* %H_V, i64 0, i64 %tmp_17" [sha256.cpp:158]   --->   Operation 296 'getelementptr' 'H_V_addr_18' <Predicate = true> <Delay = 0.00>
ST_24 : Operation 297 [1/1] (3.25ns)   --->   "store i32 %add_ln209_6, i32* %H_V_addr_17, align 8" [sha256.cpp:157]   --->   Operation 297 'store' <Predicate = true> <Delay = 3.25> <Core = "RAM">   --->   Core 37 'RAM' <Latency = 1> <II = 1> <Delay = 3.25> <Storage> <Opcode : 'load' 'store'> <Ports = 2> <Width = 32> <Depth = 64> <RAM>
ST_24 : Operation 298 [1/1] (2.55ns)   --->   "%add_ln209_7 = add i32 %p_0625_0, %h_V" [sha256.cpp:158]   --->   Operation 298 'add' 'add_ln209_7' <Predicate = true> <Delay = 2.55> <Core = "AddSub">   --->   Core 14 'AddSub' <Latency = 0> <II = 1> <Delay = 1.56> <FuncUnit> <Opcode : 'add' 'sub'> <InPorts = 2> <OutPorts = 1>
ST_24 : Operation 299 [1/1] (3.25ns)   --->   "store i32 %add_ln209_7, i32* %H_V_addr_18, align 4" [sha256.cpp:158]   --->   Operation 299 'store' <Predicate = true> <Delay = 3.25> <Core = "RAM">   --->   Core 37 'RAM' <Latency = 1> <II = 1> <Delay = 3.25> <Storage> <Opcode : 'load' 'store'> <Ports = 2> <Width = 32> <Depth = 64> <RAM>
ST_24 : Operation 300 [1/1] (0.00ns)   --->   "br label %.preheader9" [sha256.cpp:114]   --->   Operation 300 'br' <Predicate = true> <Delay = 0.00>

State 25 <SV = 5> <Delay = 3.25>
ST_25 : Operation 301 [1/1] (0.00ns)   --->   "%i7_0 = phi i4 [ %i_8, %8 ], [ 0, %.preheader.preheader ]"   --->   Operation 301 'phi' 'i7_0' <Predicate = true> <Delay = 0.00>
ST_25 : Operation 302 [1/1] (1.30ns)   --->   "%icmp_ln161 = icmp eq i4 %i7_0, -8" [sha256.cpp:161]   --->   Operation 302 'icmp' 'icmp_ln161' <Predicate = true> <Delay = 1.30> <Core = "Cmp">   --->   Core 25 'Cmp' <Latency = 0> <II = 1> <Delay = 1.36> <FuncUnit> <Opcode : 'icmp'> <InPorts = 2> <OutPorts = 1>
ST_25 : Operation 303 [1/1] (0.00ns)   --->   "%empty_16 = call i32 (...)* @_ssdm_op_SpecLoopTripCount(i64 8, i64 8, i64 8)"   --->   Operation 303 'speclooptripcount' 'empty_16' <Predicate = true> <Delay = 0.00>
ST_25 : Operation 304 [1/1] (1.73ns)   --->   "%i_8 = add i4 %i7_0, 1" [sha256.cpp:161]   --->   Operation 304 'add' 'i_8' <Predicate = true> <Delay = 1.73> <Core = "AddSub">   --->   Core 14 'AddSub' <Latency = 0> <II = 1> <Delay = 1.56> <FuncUnit> <Opcode : 'add' 'sub'> <InPorts = 2> <OutPorts = 1>
ST_25 : Operation 305 [1/1] (0.00ns)   --->   "br i1 %icmp_ln161, label %9, label %8" [sha256.cpp:161]   --->   Operation 305 'br' <Predicate = true> <Delay = 0.00>
ST_25 : Operation 306 [1/1] (0.00ns)   --->   "%tmp_s = call i64 @_ssdm_op_BitConcatenate.i64.i60.i4(i60 1, i4 %i7_0)" [sha256.cpp:162]   --->   Operation 306 'bitconcatenate' 'tmp_s' <Predicate = (!icmp_ln161)> <Delay = 0.00>
ST_25 : Operation 307 [1/1] (0.00ns)   --->   "%H_V_addr_10 = getelementptr [256 x i32]* %H_V, i64 0, i64 %tmp_s" [sha256.cpp:162]   --->   Operation 307 'getelementptr' 'H_V_addr_10' <Predicate = (!icmp_ln161)> <Delay = 0.00>
ST_25 : Operation 308 [2/2] (3.25ns)   --->   "%H_V_load = load i32* %H_V_addr_10, align 4" [sha256.cpp:162]   --->   Operation 308 'load' 'H_V_load' <Predicate = (!icmp_ln161)> <Delay = 3.25> <Core = "RAM">   --->   Core 37 'RAM' <Latency = 1> <II = 1> <Delay = 3.25> <Storage> <Opcode : 'load' 'store'> <Ports = 2> <Width = 32> <Depth = 64> <RAM>
ST_25 : Operation 309 [1/1] (0.00ns)   --->   "ret void" [sha256.cpp:169]   --->   Operation 309 'ret' <Predicate = (icmp_ln161)> <Delay = 0.00>

State 26 <SV = 6> <Delay = 5.57>
ST_26 : Operation 310 [1/1] (0.00ns)   --->   "%zext_ln162 = zext i4 %i7_0 to i64" [sha256.cpp:162]   --->   Operation 310 'zext' 'zext_ln162' <Predicate = true> <Delay = 0.00>
ST_26 : Operation 311 [1/2] (3.25ns)   --->   "%H_V_load = load i32* %H_V_addr_10, align 4" [sha256.cpp:162]   --->   Operation 311 'load' 'H_V_load' <Predicate = true> <Delay = 3.25> <Core = "RAM">   --->   Core 37 'RAM' <Latency = 1> <II = 1> <Delay = 3.25> <Storage> <Opcode : 'load' 'store'> <Ports = 2> <Width = 32> <Depth = 64> <RAM>
ST_26 : Operation 312 [1/1] (0.00ns)   --->   "%outputlocation_V_add = getelementptr [8 x i32]* %outputlocation_V, i64 0, i64 %zext_ln162" [sha256.cpp:162]   --->   Operation 312 'getelementptr' 'outputlocation_V_add' <Predicate = true> <Delay = 0.00>
ST_26 : Operation 313 [1/1] (2.32ns)   --->   "store i32 %H_V_load, i32* %outputlocation_V_add, align 4" [sha256.cpp:162]   --->   Operation 313 'store' <Predicate = true> <Delay = 2.32> <Core = "RAM">   --->   Core 37 'RAM' <Latency = 1> <II = 1> <Delay = 3.25> <Storage> <Opcode : 'load' 'store'> <Ports = 2> <Width = 32> <Depth = 64> <RAM>
ST_26 : Operation 314 [1/1] (0.00ns)   --->   "br label %.preheader" [sha256.cpp:161]   --->   Operation 314 'br' <Predicate = true> <Delay = 0.00>


============================================================
+ Verbose Summary: Binding
============================================================
STG Binding: 
---------------- STG Properties BEGIN ----------------
- Is combinational: 0
- Is one-state seq: 0
- Is datapath-only: 0
- Is pipelined: 0
- Is top level: 0
Port [ Return ] is wired: 1; IO mode=ap_ctrl_hs:ce=0
Port [ input_V]:  wired=1; compound=1; hidden=0; nouse=0; global=0; static=0; extern=0; dir=0; type=1; pingpong=0; private_global=0; MemPort=[13]; IO mode=ap_memory:ce=0
Port [ outputlocation_V]:  wired=1; compound=1; hidden=0; nouse=0; global=0; static=0; extern=0; dir=1; type=1; pingpong=0; private_global=0; MemPort=[03]; IO mode=ap_memory:ce=0
Port [ H_0_V]:  wired=0; compound=1; hidden=1; nouse=0; global=1; static=1; extern=0; dir=0; type=1; pingpong=0; private_global=0; linkage=7; visibility=0; MemPort=[1]; IO mode=ap_memory:ce=0
Port [ K]:  wired=0; compound=1; hidden=1; nouse=0; global=1; static=1; extern=0; dir=0; type=1; pingpong=0; private_global=0; linkage=7; visibility=0; MemPort=[1]; IO mode=ap_memory:ce=0
---------------- STG Properties END ------------------

---------------- Datapath Model BEGIN ----------------

<LifeTime>
<method=bitvector/>
message_V            (alloca           ) [ 001111100000000000000000000]
M_V                  (alloca           ) [ 001111111111111111111111100]
M_V_addr             (getelementptr    ) [ 001100000000000000000000000]
H_V                  (alloca           ) [ 001111111111111111111111111]
H_V_addr             (getelementptr    ) [ 001111100000000000000000000]
W_V                  (alloca           ) [ 001111111111111111111111100]
message_V_addr       (getelementptr    ) [ 000000000000000000000000000]
store_ln77           (store            ) [ 000000000000000000000000000]
br_ln79              (br               ) [ 011100000000000000000000000]
i_0                  (phi              ) [ 001000000000000000000000000]
empty                (speclooptripcount) [ 000000000000000000000000000]
icmp_ln79            (icmp             ) [ 001100000000000000000000000]
i                    (add              ) [ 011100000000000000000000000]
br_ln79              (br               ) [ 000000000000000000000000000]
zext_ln80            (zext             ) [ 000100000000000000000000000]
input_V_addr         (getelementptr    ) [ 000100000000000000000000000]
message_V_addr_2     (getelementptr    ) [ 000000000000000000000000000]
store_ln85           (store            ) [ 000000000000000000000000000]
message_V_addr_3     (getelementptr    ) [ 000000000000000000000000000]
store_ln98           (store            ) [ 000000000000000000000000000]
store_ln102          (store            ) [ 000000000000000000000000000]
br_ln104             (br               ) [ 001111100000000000000000000]
input_V_load         (load             ) [ 000000000000000000000000000]
message_V_addr_1     (getelementptr    ) [ 000000000000000000000000000]
store_ln80           (store            ) [ 000000000000000000000000000]
br_ln79              (br               ) [ 011100000000000000000000000]
i1_0                 (phi              ) [ 000010000000000000000000000]
zext_ln104           (zext             ) [ 000001100000000000000000000]
icmp_ln104           (icmp             ) [ 000011100000000000000000000]
empty_11             (speclooptripcount) [ 000000000000000000000000000]
i_4                  (add              ) [ 001011100000000000000000000]
br_ln104             (br               ) [ 000000000000000000000000000]
zext_ln1598          (zext             ) [ 000001100000000000000000000]
br_ln105             (br               ) [ 000011100000000000000000000]
store_ln108          (store            ) [ 000000000000000000000000000]
br_ln110             (br               ) [ 000011111000000000000000000]
i_op_assign          (phi              ) [ 000001000000000000000000000]
icmp_ln105           (icmp             ) [ 000011100000000000000000000]
empty_12             (speclooptripcount) [ 000000000000000000000000000]
j                    (add              ) [ 000011100000000000000000000]
br_ln105             (br               ) [ 000000000000000000000000000]
tmp                  (bitconcatenate   ) [ 000000000000000000000000000]
zext_ln321           (zext             ) [ 000000000000000000000000000]
add_ln321            (add              ) [ 000000100000000000000000000]
add_ln106            (add              ) [ 000000000000000000000000000]
zext_ln106           (zext             ) [ 000000000000000000000000000]
message_V_addr_4     (getelementptr    ) [ 000000100000000000000000000]
br_ln0               (br               ) [ 001011100000000000000000000]
zext_ln321_1         (zext             ) [ 000000000000000000000000000]
M_V_addr_1           (getelementptr    ) [ 000000000000000000000000000]
message_V_load       (load             ) [ 000000000000000000000000000]
store_ln106          (store            ) [ 000000000000000000000000000]
br_ln105             (br               ) [ 000011100000000000000000000]
i3_0                 (phi              ) [ 000000010000000000000000000]
icmp_ln110           (icmp             ) [ 000000011000000000000000000]
empty_13             (speclooptripcount) [ 000000000000000000000000000]
i_7                  (add              ) [ 000010011000000000000000000]
br_ln110             (br               ) [ 000000000000000000000000000]
zext_ln111           (zext             ) [ 000000001000000000000000000]
H_0_V_addr           (getelementptr    ) [ 000000001000000000000000000]
br_ln114             (br               ) [ 000000011111111111111111100]
H_V_addr_1           (getelementptr    ) [ 000000000000000000000000000]
H_0_V_load           (load             ) [ 000000000000000000000000000]
store_ln111          (store            ) [ 000000000000000000000000000]
br_ln110             (br               ) [ 000010011000000000000000000]
i_op_assign_1        (phi              ) [ 000000000111111111111100000]
icmp_ln114           (icmp             ) [ 000000000111111111111111100]
empty_14             (speclooptripcount) [ 000000000000000000000000000]
br_ln114             (br               ) [ 000000000000000000000000000]
add_ln116            (add              ) [ 000000000011110000000000000]
tmp_2                (bitconcatenate   ) [ 000000000011100000000000000]
zext_ln116           (zext             ) [ 000000000000000000000000000]
H_V_addr_2           (getelementptr    ) [ 000000000010000000000000000]
or_ln117             (or               ) [ 000000000000000000000000000]
tmp_3                (bitconcatenate   ) [ 000000000000000000000000000]
H_V_addr_3           (getelementptr    ) [ 000000000010000000000000000]
br_ln161             (br               ) [ 000000000111111111111111111]
or_ln118             (or               ) [ 000000000000000000000000000]
tmp_4                (bitconcatenate   ) [ 000000000000000000000000000]
H_V_addr_4           (getelementptr    ) [ 000000000001000000000000000]
or_ln119             (or               ) [ 000000000000000000000000000]
tmp_5                (bitconcatenate   ) [ 000000000000000000000000000]
H_V_addr_5           (getelementptr    ) [ 000000000001000000000000000]
a_V                  (load             ) [ 000000000001111111111100000]
b_V                  (load             ) [ 000000000001111111111100000]
or_ln120             (or               ) [ 000000000000000000000000000]
tmp_6                (bitconcatenate   ) [ 000000000000000000000000000]
H_V_addr_6           (getelementptr    ) [ 000000000000100000000000000]
or_ln121             (or               ) [ 000000000000000000000000000]
tmp_7                (bitconcatenate   ) [ 000000000000000000000000000]
H_V_addr_7           (getelementptr    ) [ 000000000000100000000000000]
c_V                  (load             ) [ 000000000000111111111100000]
d_V                  (load             ) [ 000000000000111111111110000]
or_ln122             (or               ) [ 000000000000000000000000000]
tmp_8                (bitconcatenate   ) [ 000000000000000000000000000]
H_V_addr_8           (getelementptr    ) [ 000000000000010000000000000]
or_ln123             (or               ) [ 000000000000000000000000000]
tmp_9                (bitconcatenate   ) [ 000000000000000000000000000]
H_V_addr_9           (getelementptr    ) [ 000000000000010000000000000]
e_V                  (load             ) [ 000000000000011111111100000]
f_V                  (load             ) [ 000000000000011111111100000]
tmp_1                (bitconcatenate   ) [ 000000000000000000000000000]
zext_ln116_1         (zext             ) [ 000000000000001111111100000]
g_V                  (load             ) [ 000000000111111111111111100]
h_V                  (load             ) [ 000000000111111111111111100]
br_ln127             (br               ) [ 000000000111111111111111100]
b_V_1                (phi              ) [ 000000000111111111111111100]
c_V_1                (phi              ) [ 000000000111111111111111100]
d_V_1                (phi              ) [ 000000000111111111111111100]
p_0792_0             (phi              ) [ 000000000000001111111110000]
f_V_1                (phi              ) [ 000000000111111111111111100]
g_V_1                (phi              ) [ 000000000111111111111111100]
h_V_1                (phi              ) [ 000000000111111111111111100]
p_0625_0             (phi              ) [ 000000000000001111100011100]
j6_0                 (phi              ) [ 000000000000001100000000000]
icmp_ln127           (icmp             ) [ 000000000111111111111111100]
empty_15             (speclooptripcount) [ 000000000000000000000000000]
j_1                  (add              ) [ 000000000111111111111111100]
br_ln127             (br               ) [ 000000000000000000000000000]
and_ln26             (and              ) [ 000000000000000000000000000]
xor_ln26             (xor              ) [ 000000000000000000000000000]
and_ln26_1           (and              ) [ 000000000000000000000000000]
ch_V                 (xor              ) [ 000000000000000111100000000]
xor_ln31             (xor              ) [ 000000000000000000000000000]
and_ln31             (and              ) [ 000000000000000000000000000]
and_ln31_1           (and              ) [ 000000000000000000000000000]
maj_V                (xor              ) [ 000000000000000111111100000]
r_V                  (partselect       ) [ 000000000000000000000000000]
trunc_ln1503         (trunc            ) [ 000000000000000000000000000]
ret_V_14             (bitconcatenate   ) [ 000000000000000000000000000]
r_V_s                (partselect       ) [ 000000000000000000000000000]
trunc_ln1503_1       (trunc            ) [ 000000000000000000000000000]
ret_V_15             (bitconcatenate   ) [ 000000000000000000000000000]
r_V_1                (partselect       ) [ 000000000000000000000000000]
trunc_ln1503_2       (trunc            ) [ 000000000000000000000000000]
ret_V_16             (bitconcatenate   ) [ 000000000000000000000000000]
xor_ln1357           (xor              ) [ 000000000000000000000000000]
ret_V_17             (xor              ) [ 000000000000000111111100000]
r_V_2                (partselect       ) [ 000000000000000000000000000]
trunc_ln1503_3       (trunc            ) [ 000000000000000000000000000]
ret_V_18             (bitconcatenate   ) [ 000000000000000000000000000]
r_V_3                (partselect       ) [ 000000000000000000000000000]
trunc_ln1503_4       (trunc            ) [ 000000000000000000000000000]
ret_V_19             (bitconcatenate   ) [ 000000000000000000000000000]
r_V_4                (partselect       ) [ 000000000000000000000000000]
trunc_ln1503_5       (trunc            ) [ 000000000000000000000000000]
ret_V_20             (bitconcatenate   ) [ 000000000000000000000000000]
xor_ln1357_2         (xor              ) [ 000000000000000000000000000]
ret_V_21             (xor              ) [ 000000000000000111100000000]
tmp_18               (partselect       ) [ 000000000000000000000000000]
icmp_ln134           (icmp             ) [ 000000000111111111111111100]
zext_ln135           (zext             ) [ 000000000000000111110000000]
add_ln321_1          (add              ) [ 000000000000000000000000000]
zext_ln321_3         (zext             ) [ 000000000000000000000000000]
M_V_addr_2           (getelementptr    ) [ 000000000000000000100000000]
br_ln134             (br               ) [ 000000000000000000000000000]
add_ln137            (add              ) [ 000000000000000000000000000]
zext_ln137           (zext             ) [ 000000000000000000000000000]
W_V_addr_1           (getelementptr    ) [ 000000000000000100000000000]
add_ln137_1          (add              ) [ 000000000000000000000000000]
zext_ln137_1         (zext             ) [ 000000000000000000000000000]
W_V_addr_2           (getelementptr    ) [ 000000000000000100000000000]
tmp_10               (bitconcatenate   ) [ 000000000000000000000011100]
zext_ln321_2         (zext             ) [ 000000000000000000000000000]
H_V_addr_11          (getelementptr    ) [ 000000000000000000000000000]
or_ln321             (or               ) [ 000000000000000000000000000]
tmp_11               (bitconcatenate   ) [ 000000000000000000000000000]
H_V_addr_12          (getelementptr    ) [ 000000000000000000000000000]
add_ln209            (add              ) [ 000000000000000000000000000]
store_ln151          (store            ) [ 000000000000000000000000000]
add_ln209_1          (add              ) [ 000000000000000000000000000]
store_ln152          (store            ) [ 000000000000000000000000000]
add_ln209_2          (add              ) [ 000000000000000000000010000]
add_ln209_4          (add              ) [ 000000000000000000000011000]
add_ln209_5          (add              ) [ 000000000000000000000011000]
add_ln209_6          (add              ) [ 000000000000000000000011100]
i_9                  (add              ) [ 000000010100000000000011100]
tempWord_V           (load             ) [ 000000000000000010000000000]
W_V_load             (load             ) [ 000000000111111011111111100]
add_ln137_2          (add              ) [ 000000000000000000000000000]
zext_ln137_2         (zext             ) [ 000000000000000000000000000]
W_V_addr_3           (getelementptr    ) [ 000000000000000010000000000]
add_ln137_3          (add              ) [ 000000000000000000000000000]
zext_ln137_3         (zext             ) [ 000000000000000000000000000]
W_V_addr_4           (getelementptr    ) [ 000000000000000010000000000]
r_V_5                (partselect       ) [ 000000000000000000000000000]
trunc_ln1503_6       (trunc            ) [ 000000000000000000000000000]
ret_V_22             (bitconcatenate   ) [ 000000000000000000000000000]
r_V_6                (partselect       ) [ 000000000000000000000000000]
trunc_ln1503_7       (trunc            ) [ 000000000000000000000000000]
ret_V_23             (bitconcatenate   ) [ 000000000000000000000000000]
r_V_7                (partselect       ) [ 000000000000000000000000000]
r_V_13               (zext             ) [ 000000000000000000000000000]
xor_ln1357_4         (xor              ) [ 000000000000000000000000000]
ret_V                (xor              ) [ 000000000000000000000000000]
tempWord_V_3         (load             ) [ 000000000000000000000000000]
r_V_8                (partselect       ) [ 000000000000000000000000000]
trunc_ln1503_8       (trunc            ) [ 000000000000000000000000000]
ret_V_24             (bitconcatenate   ) [ 000000000000000000000000000]
r_V_9                (partselect       ) [ 000000000000000000000000000]
trunc_ln1503_9       (trunc            ) [ 000000000000000000000000000]
ret_V_25             (bitconcatenate   ) [ 000000000000000000000000000]
r_V_10               (partselect       ) [ 000000000000000000000000000]
r_V_14               (zext             ) [ 000000000000000000000000000]
xor_ln1357_6         (xor              ) [ 000000000000000000000000000]
ret_V_13             (xor              ) [ 000000000000000000000000000]
W_V_load_2           (load             ) [ 000000000111111001111111100]
add_ln209_9          (add              ) [ 000000000111111001111111100]
add_ln209_8          (add              ) [ 000000000000000000000000000]
add_ln209_10         (add              ) [ 000000000000000000000000000]
W_V_addr_5           (getelementptr    ) [ 000000000000000000000000000]
store_ln137          (store            ) [ 000000000000000000000000000]
br_ln0               (br               ) [ 000000000000000000000000000]
add_ln209_12         (add              ) [ 000000000000000000000000000]
add_ln209_13         (add              ) [ 000000000000000000011000000]
M_V_load             (load             ) [ 000000000000000000000000000]
W_V_addr             (getelementptr    ) [ 000000000000000000000000000]
store_ln135          (store            ) [ 000000000000000000000000000]
br_ln135             (br               ) [ 000000000000000000000000000]
K_addr               (getelementptr    ) [ 000000000000000000001000000]
W_V_addr_6           (getelementptr    ) [ 000000000000000000001000000]
K_load               (load             ) [ 000000000000000000000000000]
W_V_load_3           (load             ) [ 000000000000000000000000000]
add_ln209_11         (add              ) [ 000000000000000000000000000]
T1_V                 (add              ) [ 000000000000000000000100000]
e_V_1                (add              ) [ 000000000111111111111111100]
add_ln209_16         (add              ) [ 000000000000000000000000000]
a_V_1                (add              ) [ 000000000111111111111111100]
br_ln127             (br               ) [ 000000000111111111111111100]
or_ln321_1           (or               ) [ 000000000000000000000000000]
tmp_12               (bitconcatenate   ) [ 000000000000000000000000000]
H_V_addr_13          (getelementptr    ) [ 000000000000000000000000000]
or_ln321_2           (or               ) [ 000000000000000000000000000]
tmp_13               (bitconcatenate   ) [ 000000000000000000000000000]
H_V_addr_14          (getelementptr    ) [ 000000000000000000000000000]
store_ln153          (store            ) [ 000000000000000000000000000]
add_ln209_3          (add              ) [ 000000000000000000000000000]
store_ln154          (store            ) [ 000000000000000000000000000]
or_ln321_3           (or               ) [ 000000000000000000000000000]
tmp_14               (bitconcatenate   ) [ 000000000000000000000000000]
H_V_addr_15          (getelementptr    ) [ 000000000000000000000000000]
or_ln321_4           (or               ) [ 000000000000000000000000000]
tmp_15               (bitconcatenate   ) [ 000000000000000000000000000]
H_V_addr_16          (getelementptr    ) [ 000000000000000000000000000]
store_ln155          (store            ) [ 000000000000000000000000000]
store_ln156          (store            ) [ 000000000000000000000000000]
or_ln321_5           (or               ) [ 000000000000000000000000000]
tmp_16               (bitconcatenate   ) [ 000000000000000000000000000]
H_V_addr_17          (getelementptr    ) [ 000000000000000000000000000]
or_ln321_6           (or               ) [ 000000000000000000000000000]
tmp_17               (bitconcatenate   ) [ 000000000000000000000000000]
H_V_addr_18          (getelementptr    ) [ 000000000000000000000000000]
store_ln157          (store            ) [ 000000000000000000000000000]
add_ln209_7          (add              ) [ 000000000000000000000000000]
store_ln158          (store            ) [ 000000000000000000000000000]
br_ln114             (br               ) [ 000000010111111111111111100]
i7_0                 (phi              ) [ 000000000000000000000000011]
icmp_ln161           (icmp             ) [ 000000000000000000000000011]
empty_16             (speclooptripcount) [ 000000000000000000000000000]
i_8                  (add              ) [ 000000000100000000000000011]
br_ln161             (br               ) [ 000000000000000000000000000]
tmp_s                (bitconcatenate   ) [ 000000000000000000000000000]
H_V_addr_10          (getelementptr    ) [ 000000000000000000000000001]
ret_ln169            (ret              ) [ 000000000000000000000000000]
zext_ln162           (zext             ) [ 000000000000000000000000000]
H_V_load             (load             ) [ 000000000000000000000000000]
outputlocation_V_add (getelementptr    ) [ 000000000000000000000000000]
store_ln162          (store            ) [ 000000000000000000000000000]
br_ln161             (br               ) [ 000000000100000000000000011]
</LifeTime>

<model>

<comp_list>
<comp id="0" class="1000" name="input_V">
<pin_list>
<pin id="1" dir="1" index="0" bw="1" slack="0"/>
</pin_list>
<bind>
<StgValue><ssdm name="input_V"/><MemPortTyVec>1 3 </MemPortTyVec>
</StgValue>
</bind>
</comp>

<comp id="2" class="1000" name="outputlocation_V">
<pin_list>
<pin id="3" dir="1" index="0" bw="1" slack="0"/>
</pin_list>
<bind>
<StgValue><ssdm name="outputlocation_V"/><MemPortTyVec>0 3 </MemPortTyVec>
</StgValue>
</bind>
</comp>

<comp id="4" class="1000" name="H_0_V">
<pin_list>
<pin id="5" dir="1" index="0" bw="1" slack="0"/>
</pin_list>
<bind>
<StgValue><ssdm name="H_0_V"/><MemPortTyVec>1 </MemPortTyVec>
</StgValue>
</bind>
</comp>

<comp id="6" class="1000" name="K">
<pin_list>
<pin id="7" dir="1" index="0" bw="1" slack="0"/>
</pin_list>
<bind>
<StgValue><ssdm name="K"/><MemPortTyVec>1 </MemPortTyVec>
</StgValue>
</bind>
</comp>

<comp id="8" class="1001" name="const_8">
<pin_list>
<pin id="9" dir="1" index="0" bw="1" slack="0"/>
</pin_list>
<bind>
<StgValue><ssdm name=""/></StgValue>
</bind>
</comp>

<comp id="10" class="1001" name="const_10">
<pin_list>
<pin id="11" dir="1" index="0" bw="1" slack="0"/>
</pin_list>
<bind>
<StgValue><ssdm name=""/></StgValue>
</bind>
</comp>

<comp id="12" class="1001" name="const_12">
<pin_list>
<pin id="13" dir="1" index="0" bw="1" slack="0"/>
</pin_list>
<bind>
<StgValue><ssdm name=""/></StgValue>
</bind>
</comp>

<comp id="14" class="1001" name="const_14">
<pin_list>
<pin id="15" dir="1" index="0" bw="1" slack="1"/>
</pin_list>
<bind>
<StgValue><ssdm name=""/></StgValue>
</bind>
</comp>

<comp id="16" class="1001" name="const_16">
<pin_list>
<pin id="17" dir="1" index="0" bw="1" slack="2147483647"/>
</pin_list>
<bind>
<StgValue><ssdm name="_ssdm_op_SpecLoopTripCount"/></StgValue>
</bind>
</comp>

<comp id="18" class="1001" name="const_18">
<pin_list>
<pin id="19" dir="1" index="0" bw="1" slack="2147483647"/>
</pin_list>
<bind>
<StgValue><ssdm name=""/></StgValue>
</bind>
</comp>

<comp id="20" class="1001" name="const_20">
<pin_list>
<pin id="21" dir="1" index="0" bw="1" slack="0"/>
</pin_list>
<bind>
<StgValue><ssdm name=""/></StgValue>
</bind>
</comp>

<comp id="22" class="1001" name="const_22">
<pin_list>
<pin id="23" dir="1" index="0" bw="1" slack="0"/>
</pin_list>
<bind>
<StgValue><ssdm name=""/></StgValue>
</bind>
</comp>

<comp id="24" class="1001" name="const_24">
<pin_list>
<pin id="25" dir="1" index="0" bw="1" slack="0"/>
</pin_list>
<bind>
<StgValue><ssdm name=""/></StgValue>
</bind>
</comp>

<comp id="26" class="1001" name="const_26">
<pin_list>
<pin id="27" dir="1" index="0" bw="1" slack="0"/>
</pin_list>
<bind>
<StgValue><ssdm name=""/></StgValue>
</bind>
</comp>

<comp id="28" class="1001" name="const_28">
<pin_list>
<pin id="29" dir="1" index="0" bw="1" slack="0"/>
</pin_list>
<bind>
<StgValue><ssdm name=""/></StgValue>
</bind>
</comp>

<comp id="30" class="1001" name="const_30">
<pin_list>
<pin id="31" dir="1" index="0" bw="1" slack="0"/>
</pin_list>
<bind>
<StgValue><ssdm name=""/></StgValue>
</bind>
</comp>

<comp id="32" class="1001" name="const_32">
<pin_list>
<pin id="33" dir="1" index="0" bw="1" slack="0"/>
</pin_list>
<bind>
<StgValue><ssdm name=""/></StgValue>
</bind>
</comp>

<comp id="34" class="1001" name="const_34">
<pin_list>
<pin id="35" dir="1" index="0" bw="1" slack="2147483647"/>
</pin_list>
<bind>
<StgValue><ssdm name=""/></StgValue>
</bind>
</comp>

<comp id="36" class="1001" name="const_36">
<pin_list>
<pin id="37" dir="1" index="0" bw="1" slack="1"/>
</pin_list>
<bind>
<StgValue><ssdm name=""/></StgValue>
</bind>
</comp>

<comp id="38" class="1001" name="const_38">
<pin_list>
<pin id="39" dir="1" index="0" bw="1" slack="0"/>
</pin_list>
<bind>
<StgValue><ssdm name=""/></StgValue>
</bind>
</comp>

<comp id="40" class="1001" name="const_40">
<pin_list>
<pin id="41" dir="1" index="0" bw="1" slack="2147483647"/>
</pin_list>
<bind>
<StgValue><ssdm name=""/></StgValue>
</bind>
</comp>

<comp id="42" class="1001" name="const_42">
<pin_list>
<pin id="43" dir="1" index="0" bw="1" slack="0"/>
</pin_list>
<bind>
<StgValue><ssdm name=""/></StgValue>
</bind>
</comp>

<comp id="44" class="1001" name="const_44">
<pin_list>
<pin id="45" dir="1" index="0" bw="1" slack="0"/>
</pin_list>
<bind>
<StgValue><ssdm name="_ssdm_op_BitConcatenate.i6.i2.i4"/></StgValue>
</bind>
</comp>

<comp id="46" class="1001" name="const_46">
<pin_list>
<pin id="47" dir="1" index="0" bw="1" slack="0"/>
</pin_list>
<bind>
<StgValue><ssdm name=""/></StgValue>
</bind>
</comp>

<comp id="48" class="1001" name="const_48">
<pin_list>
<pin id="49" dir="1" index="0" bw="1" slack="0"/>
</pin_list>
<bind>
<StgValue><ssdm name=""/></StgValue>
</bind>
</comp>

<comp id="50" class="1001" name="const_50">
<pin_list>
<pin id="51" dir="1" index="0" bw="1" slack="2147483647"/>
</pin_list>
<bind>
<StgValue><ssdm name=""/></StgValue>
</bind>
</comp>

<comp id="52" class="1001" name="const_52">
<pin_list>
<pin id="53" dir="1" index="0" bw="1" slack="0"/>
</pin_list>
<bind>
<StgValue><ssdm name=""/></StgValue>
</bind>
</comp>

<comp id="54" class="1001" name="const_54">
<pin_list>
<pin id="55" dir="1" index="0" bw="1" slack="2147483647"/>
</pin_list>
<bind>
<StgValue><ssdm name=""/></StgValue>
</bind>
</comp>

<comp id="56" class="1001" name="const_56">
<pin_list>
<pin id="57" dir="1" index="0" bw="1" slack="0"/>
</pin_list>
<bind>
<StgValue><ssdm name="_ssdm_op_BitConcatenate.i5.i2.i3"/></StgValue>
</bind>
</comp>

<comp id="58" class="1001" name="const_58">
<pin_list>
<pin id="59" dir="1" index="0" bw="1" slack="0"/>
</pin_list>
<bind>
<StgValue><ssdm name=""/></StgValue>
</bind>
</comp>

<comp id="60" class="1001" name="const_60">
<pin_list>
<pin id="61" dir="1" index="0" bw="1" slack="0"/>
</pin_list>
<bind>
<StgValue><ssdm name="_ssdm_op_BitConcatenate.i64.i59.i5"/></StgValue>
</bind>
</comp>

<comp id="62" class="1001" name="const_62">
<pin_list>
<pin id="63" dir="1" index="0" bw="1" slack="0"/>
</pin_list>
<bind>
<StgValue><ssdm name=""/></StgValue>
</bind>
</comp>

<comp id="64" class="1001" name="const_64">
<pin_list>
<pin id="65" dir="1" index="0" bw="1" slack="0"/>
</pin_list>
<bind>
<StgValue><ssdm name=""/></StgValue>
</bind>
</comp>

<comp id="66" class="1001" name="const_66">
<pin_list>
<pin id="67" dir="1" index="0" bw="1" slack="0"/>
</pin_list>
<bind>
<StgValue><ssdm name=""/></StgValue>
</bind>
</comp>

<comp id="68" class="1001" name="const_68">
<pin_list>
<pin id="69" dir="1" index="0" bw="1" slack="0"/>
</pin_list>
<bind>
<StgValue><ssdm name=""/></StgValue>
</bind>
</comp>

<comp id="70" class="1001" name="const_70">
<pin_list>
<pin id="71" dir="1" index="0" bw="1" slack="0"/>
</pin_list>
<bind>
<StgValue><ssdm name=""/></StgValue>
</bind>
</comp>

<comp id="72" class="1001" name="const_72">
<pin_list>
<pin id="73" dir="1" index="0" bw="1" slack="0"/>
</pin_list>
<bind>
<StgValue><ssdm name=""/></StgValue>
</bind>
</comp>

<comp id="74" class="1001" name="const_74">
<pin_list>
<pin id="75" dir="1" index="0" bw="1" slack="0"/>
</pin_list>
<bind>
<StgValue><ssdm name=""/></StgValue>
</bind>
</comp>

<comp id="76" class="1001" name="const_76">
<pin_list>
<pin id="77" dir="1" index="0" bw="1" slack="1"/>
</pin_list>
<bind>
<StgValue><ssdm name=""/></StgValue>
</bind>
</comp>

<comp id="78" class="1001" name="const_78">
<pin_list>
<pin id="79" dir="1" index="0" bw="1" slack="0"/>
</pin_list>
<bind>
<StgValue><ssdm name=""/></StgValue>
</bind>
</comp>

<comp id="80" class="1001" name="const_80">
<pin_list>
<pin id="81" dir="1" index="0" bw="1" slack="2147483647"/>
</pin_list>
<bind>
<StgValue><ssdm name=""/></StgValue>
</bind>
</comp>

<comp id="82" class="1001" name="const_82">
<pin_list>
<pin id="83" dir="1" index="0" bw="1" slack="0"/>
</pin_list>
<bind>
<StgValue><ssdm name=""/></StgValue>
</bind>
</comp>

<comp id="84" class="1001" name="const_84">
<pin_list>
<pin id="85" dir="1" index="0" bw="1" slack="0"/>
</pin_list>
<bind>
<StgValue><ssdm name=""/></StgValue>
</bind>
</comp>

<comp id="86" class="1001" name="const_86">
<pin_list>
<pin id="87" dir="1" index="0" bw="1" slack="0"/>
</pin_list>
<bind>
<StgValue><ssdm name="_ssdm_op_PartSelect.i30.i32.i32.i32"/></StgValue>
</bind>
</comp>

<comp id="88" class="1001" name="const_88">
<pin_list>
<pin id="89" dir="1" index="0" bw="1" slack="0"/>
</pin_list>
<bind>
<StgValue><ssdm name=""/></StgValue>
</bind>
</comp>

<comp id="90" class="1001" name="const_90">
<pin_list>
<pin id="91" dir="1" index="0" bw="1" slack="0"/>
</pin_list>
<bind>
<StgValue><ssdm name=""/></StgValue>
</bind>
</comp>

<comp id="92" class="1001" name="const_92">
<pin_list>
<pin id="93" dir="1" index="0" bw="1" slack="0"/>
</pin_list>
<bind>
<StgValue><ssdm name="_ssdm_op_BitConcatenate.i32.i2.i30"/></StgValue>
</bind>
</comp>

<comp id="94" class="1001" name="const_94">
<pin_list>
<pin id="95" dir="1" index="0" bw="1" slack="0"/>
</pin_list>
<bind>
<StgValue><ssdm name="_ssdm_op_PartSelect.i19.i32.i32.i32"/></StgValue>
</bind>
</comp>

<comp id="96" class="1001" name="const_96">
<pin_list>
<pin id="97" dir="1" index="0" bw="1" slack="0"/>
</pin_list>
<bind>
<StgValue><ssdm name=""/></StgValue>
</bind>
</comp>

<comp id="98" class="1001" name="const_98">
<pin_list>
<pin id="99" dir="1" index="0" bw="1" slack="0"/>
</pin_list>
<bind>
<StgValue><ssdm name="_ssdm_op_BitConcatenate.i32.i13.i19"/></StgValue>
</bind>
</comp>

<comp id="100" class="1001" name="const_100">
<pin_list>
<pin id="101" dir="1" index="0" bw="1" slack="0"/>
</pin_list>
<bind>
<StgValue><ssdm name="_ssdm_op_PartSelect.i10.i32.i32.i32"/></StgValue>
</bind>
</comp>

<comp id="102" class="1001" name="const_102">
<pin_list>
<pin id="103" dir="1" index="0" bw="1" slack="0"/>
</pin_list>
<bind>
<StgValue><ssdm name=""/></StgValue>
</bind>
</comp>

<comp id="104" class="1001" name="const_104">
<pin_list>
<pin id="105" dir="1" index="0" bw="1" slack="0"/>
</pin_list>
<bind>
<StgValue><ssdm name="_ssdm_op_BitConcatenate.i32.i22.i10"/></StgValue>
</bind>
</comp>

<comp id="106" class="1001" name="const_106">
<pin_list>
<pin id="107" dir="1" index="0" bw="1" slack="0"/>
</pin_list>
<bind>
<StgValue><ssdm name="_ssdm_op_PartSelect.i26.i32.i32.i32"/></StgValue>
</bind>
</comp>

<comp id="108" class="1001" name="const_108">
<pin_list>
<pin id="109" dir="1" index="0" bw="1" slack="0"/>
</pin_list>
<bind>
<StgValue><ssdm name=""/></StgValue>
</bind>
</comp>

<comp id="110" class="1001" name="const_110">
<pin_list>
<pin id="111" dir="1" index="0" bw="1" slack="0"/>
</pin_list>
<bind>
<StgValue><ssdm name="_ssdm_op_BitConcatenate.i32.i6.i26"/></StgValue>
</bind>
</comp>

<comp id="112" class="1001" name="const_112">
<pin_list>
<pin id="113" dir="1" index="0" bw="1" slack="0"/>
</pin_list>
<bind>
<StgValue><ssdm name="_ssdm_op_PartSelect.i21.i32.i32.i32"/></StgValue>
</bind>
</comp>

<comp id="114" class="1001" name="const_114">
<pin_list>
<pin id="115" dir="1" index="0" bw="1" slack="0"/>
</pin_list>
<bind>
<StgValue><ssdm name=""/></StgValue>
</bind>
</comp>

<comp id="116" class="1001" name="const_116">
<pin_list>
<pin id="117" dir="1" index="0" bw="1" slack="0"/>
</pin_list>
<bind>
<StgValue><ssdm name="_ssdm_op_BitConcatenate.i32.i11.i21"/></StgValue>
</bind>
</comp>

<comp id="118" class="1001" name="const_118">
<pin_list>
<pin id="119" dir="1" index="0" bw="1" slack="0"/>
</pin_list>
<bind>
<StgValue><ssdm name="_ssdm_op_PartSelect.i7.i32.i32.i32"/></StgValue>
</bind>
</comp>

<comp id="120" class="1001" name="const_120">
<pin_list>
<pin id="121" dir="1" index="0" bw="1" slack="0"/>
</pin_list>
<bind>
<StgValue><ssdm name=""/></StgValue>
</bind>
</comp>

<comp id="122" class="1001" name="const_122">
<pin_list>
<pin id="123" dir="1" index="0" bw="1" slack="0"/>
</pin_list>
<bind>
<StgValue><ssdm name="_ssdm_op_BitConcatenate.i32.i25.i7"/></StgValue>
</bind>
</comp>

<comp id="124" class="1001" name="const_124">
<pin_list>
<pin id="125" dir="1" index="0" bw="1" slack="0"/>
</pin_list>
<bind>
<StgValue><ssdm name="_ssdm_op_PartSelect.i3.i7.i32.i32"/></StgValue>
</bind>
</comp>

<comp id="126" class="1001" name="const_126">
<pin_list>
<pin id="127" dir="1" index="0" bw="1" slack="0"/>
</pin_list>
<bind>
<StgValue><ssdm name=""/></StgValue>
</bind>
</comp>

<comp id="128" class="1001" name="const_128">
<pin_list>
<pin id="129" dir="1" index="0" bw="1" slack="0"/>
</pin_list>
<bind>
<StgValue><ssdm name=""/></StgValue>
</bind>
</comp>

<comp id="130" class="1001" name="const_130">
<pin_list>
<pin id="131" dir="1" index="0" bw="1" slack="0"/>
</pin_list>
<bind>
<StgValue><ssdm name=""/></StgValue>
</bind>
</comp>

<comp id="132" class="1001" name="const_132">
<pin_list>
<pin id="133" dir="1" index="0" bw="1" slack="0"/>
</pin_list>
<bind>
<StgValue><ssdm name=""/></StgValue>
</bind>
</comp>

<comp id="134" class="1001" name="const_134">
<pin_list>
<pin id="135" dir="1" index="0" bw="1" slack="0"/>
</pin_list>
<bind>
<StgValue><ssdm name=""/></StgValue>
</bind>
</comp>

<comp id="136" class="1001" name="const_136">
<pin_list>
<pin id="137" dir="1" index="0" bw="1" slack="0"/>
</pin_list>
<bind>
<StgValue><ssdm name="_ssdm_op_PartSelect.i15.i32.i32.i32"/></StgValue>
</bind>
</comp>

<comp id="138" class="1001" name="const_138">
<pin_list>
<pin id="139" dir="1" index="0" bw="1" slack="0"/>
</pin_list>
<bind>
<StgValue><ssdm name=""/></StgValue>
</bind>
</comp>

<comp id="140" class="1001" name="const_140">
<pin_list>
<pin id="141" dir="1" index="0" bw="1" slack="0"/>
</pin_list>
<bind>
<StgValue><ssdm name="_ssdm_op_BitConcatenate.i32.i17.i15"/></StgValue>
</bind>
</comp>

<comp id="142" class="1001" name="const_142">
<pin_list>
<pin id="143" dir="1" index="0" bw="1" slack="0"/>
</pin_list>
<bind>
<StgValue><ssdm name="_ssdm_op_PartSelect.i13.i32.i32.i32"/></StgValue>
</bind>
</comp>

<comp id="144" class="1001" name="const_144">
<pin_list>
<pin id="145" dir="1" index="0" bw="1" slack="0"/>
</pin_list>
<bind>
<StgValue><ssdm name=""/></StgValue>
</bind>
</comp>

<comp id="146" class="1001" name="const_146">
<pin_list>
<pin id="147" dir="1" index="0" bw="1" slack="0"/>
</pin_list>
<bind>
<StgValue><ssdm name="_ssdm_op_BitConcatenate.i32.i19.i13"/></StgValue>
</bind>
</comp>

<comp id="148" class="1001" name="const_148">
<pin_list>
<pin id="149" dir="1" index="0" bw="1" slack="0"/>
</pin_list>
<bind>
<StgValue><ssdm name="_ssdm_op_PartSelect.i22.i32.i32.i32"/></StgValue>
</bind>
</comp>

<comp id="150" class="1001" name="const_150">
<pin_list>
<pin id="151" dir="1" index="0" bw="1" slack="0"/>
</pin_list>
<bind>
<StgValue><ssdm name=""/></StgValue>
</bind>
</comp>

<comp id="152" class="1001" name="const_152">
<pin_list>
<pin id="153" dir="1" index="0" bw="1" slack="0"/>
</pin_list>
<bind>
<StgValue><ssdm name="_ssdm_op_PartSelect.i25.i32.i32.i32"/></StgValue>
</bind>
</comp>

<comp id="154" class="1001" name="const_154">
<pin_list>
<pin id="155" dir="1" index="0" bw="1" slack="0"/>
</pin_list>
<bind>
<StgValue><ssdm name=""/></StgValue>
</bind>
</comp>

<comp id="156" class="1001" name="const_156">
<pin_list>
<pin id="157" dir="1" index="0" bw="1" slack="0"/>
</pin_list>
<bind>
<StgValue><ssdm name="_ssdm_op_BitConcatenate.i32.i7.i25"/></StgValue>
</bind>
</comp>

<comp id="158" class="1001" name="const_158">
<pin_list>
<pin id="159" dir="1" index="0" bw="1" slack="0"/>
</pin_list>
<bind>
<StgValue><ssdm name="_ssdm_op_PartSelect.i14.i32.i32.i32"/></StgValue>
</bind>
</comp>

<comp id="160" class="1001" name="const_160">
<pin_list>
<pin id="161" dir="1" index="0" bw="1" slack="0"/>
</pin_list>
<bind>
<StgValue><ssdm name=""/></StgValue>
</bind>
</comp>

<comp id="162" class="1001" name="const_162">
<pin_list>
<pin id="163" dir="1" index="0" bw="1" slack="0"/>
</pin_list>
<bind>
<StgValue><ssdm name="_ssdm_op_BitConcatenate.i32.i18.i14"/></StgValue>
</bind>
</comp>

<comp id="164" class="1001" name="const_164">
<pin_list>
<pin id="165" dir="1" index="0" bw="1" slack="0"/>
</pin_list>
<bind>
<StgValue><ssdm name="_ssdm_op_PartSelect.i29.i32.i32.i32"/></StgValue>
</bind>
</comp>

<comp id="166" class="1001" name="const_166">
<pin_list>
<pin id="167" dir="1" index="0" bw="1" slack="0"/>
</pin_list>
<bind>
<StgValue><ssdm name=""/></StgValue>
</bind>
</comp>

<comp id="168" class="1001" name="const_168">
<pin_list>
<pin id="169" dir="1" index="0" bw="1" slack="0"/>
</pin_list>
<bind>
<StgValue><ssdm name="_ssdm_op_BitConcatenate.i64.i60.i4"/></StgValue>
</bind>
</comp>

<comp id="170" class="1001" name="const_170">
<pin_list>
<pin id="171" dir="1" index="0" bw="1" slack="0"/>
</pin_list>
<bind>
<StgValue><ssdm name=""/></StgValue>
</bind>
</comp>

<comp id="172" class="1004" name="message_V_alloca_fu_172">
<pin_list>
<pin id="173" dir="0" index="0" bw="1" slack="0"/>
<pin id="174" dir="1" index="1" bw="32" slack="0"/>
</pin_list>
<bind>
<opcode="alloca(26) " fcode="alloca"/>
<opset="message_V/1 "/>
</bind>
</comp>

<comp id="176" class="1004" name="M_V_alloca_fu_176">
<pin_list>
<pin id="177" dir="0" index="0" bw="1" slack="0"/>
<pin id="178" dir="1" index="1" bw="32" slack="0"/>
</pin_list>
<bind>
<opcode="alloca(26) " fcode="alloca"/>
<opset="M_V/1 "/>
</bind>
</comp>

<comp id="180" class="1004" name="H_V_alloca_fu_180">
<pin_list>
<pin id="181" dir="0" index="0" bw="1" slack="0"/>
<pin id="182" dir="1" index="1" bw="32" slack="0"/>
</pin_list>
<bind>
<opcode="alloca(26) " fcode="alloca"/>
<opset="H_V/1 "/>
</bind>
</comp>

<comp id="184" class="1004" name="W_V_alloca_fu_184">
<pin_list>
<pin id="185" dir="0" index="0" bw="1" slack="0"/>
<pin id="186" dir="1" index="1" bw="32" slack="2147483647"/>
</pin_list>
<bind>
<opcode="alloca(26) " fcode="alloca"/>
<opset="W_V/1 "/>
</bind>
</comp>

<comp id="188" class="1004" name="M_V_addr_gep_fu_188">
<pin_list>
<pin id="189" dir="0" index="0" bw="32" slack="0"/>
<pin id="190" dir="0" index="1" bw="1" slack="0"/>
<pin id="191" dir="0" index="2" bw="1" slack="0"/>
<pin id="192" dir="1" index="3" bw="9" slack="1"/>
</pin_list>
<bind>
<opcode="getelementptr(29) " fcode="getelementptr"/>
<opset="M_V_addr/1 "/>
</bind>
</comp>

<comp id="196" class="1004" name="H_V_addr_gep_fu_196">
<pin_list>
<pin id="197" dir="0" index="0" bw="32" slack="0"/>
<pin id="198" dir="0" index="1" bw="1" slack="0"/>
<pin id="199" dir="0" index="2" bw="1" slack="0"/>
<pin id="200" dir="1" index="3" bw="8" slack="2"/>
</pin_list>
<bind>
<opcode="getelementptr(29) " fcode="getelementptr"/>
<opset="H_V_addr/1 "/>
</bind>
</comp>

<comp id="204" class="1004" name="message_V_addr_gep_fu_204">
<pin_list>
<pin id="205" dir="0" index="0" bw="32" slack="0"/>
<pin id="206" dir="0" index="1" bw="1" slack="0"/>
<pin id="207" dir="0" index="2" bw="1" slack="0"/>
<pin id="208" dir="1" index="3" bw="14" slack="0"/>
</pin_list>
<bind>
<opcode="getelementptr(29) " fcode="getelementptr"/>
<opset="message_V_addr/1 "/>
</bind>
</comp>

<comp id="212" class="1004" name="grp_access_fu_212">
<pin_list>
<pin id="213" dir="0" index="0" bw="14" slack="0"/>
<pin id="214" dir="0" index="1" bw="32" slack="0"/>
<pin id="215" dir="0" index="2" bw="0" slack="0"/>
<pin id="248" dir="0" index="4" bw="14" slack="0"/>
<pin id="249" dir="0" index="5" bw="32" slack="2147483647"/>
<pin id="250" dir="0" index="6" bw="0" slack="2147483647"/>
<pin id="216" dir="1" index="3" bw="32" slack="0"/>
<pin id="251" dir="1" index="7" bw="32" slack="2147483647"/>
</pin_list>
<bind>
<opcode="load(27) store(28) " fcode="load"/>
<opset="store_ln77/1 store_ln85/2 store_ln98/2 store_ln80/3 message_V_load/5 "/>
</bind>
</comp>

<comp id="219" class="1004" name="input_V_addr_gep_fu_219">
<pin_list>
<pin id="220" dir="0" index="0" bw="32" slack="0"/>
<pin id="221" dir="0" index="1" bw="1" slack="0"/>
<pin id="222" dir="0" index="2" bw="5" slack="0"/>
<pin id="223" dir="1" index="3" bw="5" slack="0"/>
</pin_list>
<bind>
<opcode="getelementptr(29) " fcode="getelementptr"/>
<opset="input_V_addr/2 "/>
</bind>
</comp>

<comp id="226" class="1004" name="grp_access_fu_226">
<pin_list>
<pin id="227" dir="0" index="0" bw="5" slack="0"/>
<pin id="228" dir="0" index="1" bw="32" slack="2147483647"/>
<pin id="229" dir="0" index="2" bw="0" slack="2147483647"/>
<pin id="230" dir="1" index="3" bw="32" slack="0"/>
</pin_list>
<bind>
<opcode="load(27) " fcode="load"/>
<opset="input_V_load/2 "/>
</bind>
</comp>

<comp id="232" class="1004" name="message_V_addr_2_gep_fu_232">
<pin_list>
<pin id="233" dir="0" index="0" bw="32" slack="2147483647"/>
<pin id="234" dir="0" index="1" bw="1" slack="0"/>
<pin id="235" dir="0" index="2" bw="6" slack="0"/>
<pin id="236" dir="1" index="3" bw="14" slack="0"/>
</pin_list>
<bind>
<opcode="getelementptr(29) " fcode="getelementptr"/>
<opset="message_V_addr_2/2 "/>
</bind>
</comp>

<comp id="241" class="1004" name="message_V_addr_3_gep_fu_241">
<pin_list>
<pin id="242" dir="0" index="0" bw="32" slack="2147483647"/>
<pin id="243" dir="0" index="1" bw="1" slack="0"/>
<pin id="244" dir="0" index="2" bw="6" slack="0"/>
<pin id="245" dir="1" index="3" bw="14" slack="0"/>
</pin_list>
<bind>
<opcode="getelementptr(29) " fcode="getelementptr"/>
<opset="message_V_addr_3/2 "/>
</bind>
</comp>

<comp id="254" class="1004" name="grp_access_fu_254">
<pin_list>
<pin id="255" dir="0" index="0" bw="9" slack="0"/>
<pin id="256" dir="0" index="1" bw="32" slack="0"/>
<pin id="257" dir="0" index="2" bw="0" slack="2147483647"/>
<pin id="258" dir="1" index="3" bw="32" slack="0"/>
</pin_list>
<bind>
<opcode="load(27) store(28) " fcode="load"/>
<opset="store_ln102/2 store_ln106/6 M_V_load/14 "/>
</bind>
</comp>

<comp id="260" class="1004" name="message_V_addr_1_gep_fu_260">
<pin_list>
<pin id="261" dir="0" index="0" bw="32" slack="2147483647"/>
<pin id="262" dir="0" index="1" bw="1" slack="0"/>
<pin id="263" dir="0" index="2" bw="5" slack="1"/>
<pin id="264" dir="1" index="3" bw="14" slack="0"/>
</pin_list>
<bind>
<opcode="getelementptr(29) " fcode="getelementptr"/>
<opset="message_V_addr_1/3 "/>
</bind>
</comp>

<comp id="268" class="1004" name="grp_access_fu_268">
<pin_list>
<pin id="269" dir="0" index="0" bw="8" slack="0"/>
<pin id="270" dir="0" index="1" bw="32" slack="0"/>
<pin id="271" dir="0" index="2" bw="0" slack="0"/>
<pin id="323" dir="0" index="4" bw="8" slack="0"/>
<pin id="324" dir="0" index="5" bw="32" slack="2147483647"/>
<pin id="325" dir="0" index="6" bw="0" slack="2147483647"/>
<pin id="272" dir="1" index="3" bw="32" slack="1"/>
<pin id="326" dir="1" index="7" bw="32" slack="0"/>
</pin_list>
<bind>
<opcode="load(27) store(28) " fcode="load"/>
<opset="store_ln108/4 store_ln111/8 a_V/9 b_V/9 c_V/10 d_V/10 e_V/11 f_V/11 g_V/12 h_V/12 store_ln151/14 store_ln152/14 store_ln153/22 store_ln154/22 store_ln155/23 store_ln156/23 store_ln157/24 store_ln158/24 H_V_load/25 "/>
</bind>
</comp>

<comp id="274" class="1004" name="message_V_addr_4_gep_fu_274">
<pin_list>
<pin id="275" dir="0" index="0" bw="32" slack="2147483647"/>
<pin id="276" dir="0" index="1" bw="1" slack="0"/>
<pin id="277" dir="0" index="2" bw="6" slack="0"/>
<pin id="278" dir="1" index="3" bw="14" slack="0"/>
</pin_list>
<bind>
<opcode="getelementptr(29) " fcode="getelementptr"/>
<opset="message_V_addr_4/5 "/>
</bind>
</comp>

<comp id="281" class="1004" name="M_V_addr_1_gep_fu_281">
<pin_list>
<pin id="282" dir="0" index="0" bw="32" slack="2147483647"/>
<pin id="283" dir="0" index="1" bw="1" slack="0"/>
<pin id="284" dir="0" index="2" bw="7" slack="0"/>
<pin id="285" dir="1" index="3" bw="9" slack="0"/>
</pin_list>
<bind>
<opcode="getelementptr(29) " fcode="getelementptr"/>
<opset="M_V_addr_1/6 "/>
</bind>
</comp>

<comp id="289" class="1004" name="H_0_V_addr_gep_fu_289">
<pin_list>
<pin id="290" dir="0" index="0" bw="32" slack="0"/>
<pin id="291" dir="0" index="1" bw="1" slack="0"/>
<pin id="292" dir="0" index="2" bw="4" slack="0"/>
<pin id="293" dir="1" index="3" bw="3" slack="0"/>
</pin_list>
<bind>
<opcode="getelementptr(29) " fcode="getelementptr"/>
<opset="H_0_V_addr/7 "/>
</bind>
</comp>

<comp id="296" class="1004" name="grp_access_fu_296">
<pin_list>
<pin id="297" dir="0" index="0" bw="3" slack="0"/>
<pin id="298" dir="0" index="1" bw="32" slack="2147483647"/>
<pin id="299" dir="0" index="2" bw="0" slack="2147483647"/>
<pin id="300" dir="1" index="3" bw="32" slack="0"/>
</pin_list>
<bind>
<opcode="load(27) " fcode="load"/>
<opset="H_0_V_load/7 "/>
</bind>
</comp>

<comp id="302" class="1004" name="H_V_addr_1_gep_fu_302">
<pin_list>
<pin id="303" dir="0" index="0" bw="32" slack="2147483647"/>
<pin id="304" dir="0" index="1" bw="1" slack="0"/>
<pin id="305" dir="0" index="2" bw="4" slack="1"/>
<pin id="306" dir="1" index="3" bw="8" slack="0"/>
</pin_list>
<bind>
<opcode="getelementptr(29) " fcode="getelementptr"/>
<opset="H_V_addr_1/8 "/>
</bind>
</comp>

<comp id="310" class="1004" name="H_V_addr_2_gep_fu_310">
<pin_list>
<pin id="311" dir="0" index="0" bw="32" slack="2147483647"/>
<pin id="312" dir="0" index="1" bw="1" slack="0"/>
<pin id="313" dir="0" index="2" bw="5" slack="0"/>
<pin id="314" dir="1" index="3" bw="8" slack="0"/>
</pin_list>
<bind>
<opcode="getelementptr(29) " fcode="getelementptr"/>
<opset="H_V_addr_2/9 "/>
</bind>
</comp>

<comp id="316" class="1004" name="H_V_addr_3_gep_fu_316">
<pin_list>
<pin id="317" dir="0" index="0" bw="32" slack="2147483647"/>
<pin id="318" dir="0" index="1" bw="1" slack="0"/>
<pin id="319" dir="0" index="2" bw="64" slack="0"/>
<pin id="320" dir="1" index="3" bw="8" slack="0"/>
</pin_list>
<bind>
<opcode="getelementptr(29) " fcode="getelementptr"/>
<opset="H_V_addr_3/9 "/>
</bind>
</comp>

<comp id="328" class="1004" name="H_V_addr_4_gep_fu_328">
<pin_list>
<pin id="329" dir="0" index="0" bw="32" slack="2147483647"/>
<pin id="330" dir="0" index="1" bw="1" slack="0"/>
<pin id="331" dir="0" index="2" bw="64" slack="0"/>
<pin id="332" dir="1" index="3" bw="8" slack="0"/>
</pin_list>
<bind>
<opcode="getelementptr(29) " fcode="getelementptr"/>
<opset="H_V_addr_4/10 "/>
</bind>
</comp>

<comp id="334" class="1004" name="H_V_addr_5_gep_fu_334">
<pin_list>
<pin id="335" dir="0" index="0" bw="32" slack="2147483647"/>
<pin id="336" dir="0" index="1" bw="1" slack="0"/>
<pin id="337" dir="0" index="2" bw="64" slack="0"/>
<pin id="338" dir="1" index="3" bw="8" slack="0"/>
</pin_list>
<bind>
<opcode="getelementptr(29) " fcode="getelementptr"/>
<opset="H_V_addr_5/10 "/>
</bind>
</comp>

<comp id="342" class="1004" name="H_V_addr_6_gep_fu_342">
<pin_list>
<pin id="343" dir="0" index="0" bw="32" slack="2147483647"/>
<pin id="344" dir="0" index="1" bw="1" slack="0"/>
<pin id="345" dir="0" index="2" bw="64" slack="0"/>
<pin id="346" dir="1" index="3" bw="8" slack="0"/>
</pin_list>
<bind>
<opcode="getelementptr(29) " fcode="getelementptr"/>
<opset="H_V_addr_6/11 "/>
</bind>
</comp>

<comp id="348" class="1004" name="H_V_addr_7_gep_fu_348">
<pin_list>
<pin id="349" dir="0" index="0" bw="32" slack="2147483647"/>
<pin id="350" dir="0" index="1" bw="1" slack="0"/>
<pin id="351" dir="0" index="2" bw="64" slack="0"/>
<pin id="352" dir="1" index="3" bw="8" slack="0"/>
</pin_list>
<bind>
<opcode="getelementptr(29) " fcode="getelementptr"/>
<opset="H_V_addr_7/11 "/>
</bind>
</comp>

<comp id="356" class="1004" name="H_V_addr_8_gep_fu_356">
<pin_list>
<pin id="357" dir="0" index="0" bw="32" slack="2147483647"/>
<pin id="358" dir="0" index="1" bw="1" slack="0"/>
<pin id="359" dir="0" index="2" bw="64" slack="0"/>
<pin id="360" dir="1" index="3" bw="8" slack="0"/>
</pin_list>
<bind>
<opcode="getelementptr(29) " fcode="getelementptr"/>
<opset="H_V_addr_8/12 "/>
</bind>
</comp>

<comp id="362" class="1004" name="H_V_addr_9_gep_fu_362">
<pin_list>
<pin id="363" dir="0" index="0" bw="32" slack="2147483647"/>
<pin id="364" dir="0" index="1" bw="1" slack="0"/>
<pin id="365" dir="0" index="2" bw="64" slack="0"/>
<pin id="366" dir="1" index="3" bw="8" slack="0"/>
</pin_list>
<bind>
<opcode="getelementptr(29) " fcode="getelementptr"/>
<opset="H_V_addr_9/12 "/>
</bind>
</comp>

<comp id="370" class="1004" name="M_V_addr_2_gep_fu_370">
<pin_list>
<pin id="371" dir="0" index="0" bw="32" slack="2147483647"/>
<pin id="372" dir="0" index="1" bw="1" slack="0"/>
<pin id="373" dir="0" index="2" bw="7" slack="0"/>
<pin id="374" dir="1" index="3" bw="9" slack="0"/>
</pin_list>
<bind>
<opcode="getelementptr(29) " fcode="getelementptr"/>
<opset="M_V_addr_2/14 "/>
</bind>
</comp>

<comp id="376" class="1004" name="W_V_addr_1_gep_fu_376">
<pin_list>
<pin id="377" dir="0" index="0" bw="32" slack="2147483647"/>
<pin id="378" dir="0" index="1" bw="1" slack="0"/>
<pin id="379" dir="0" index="2" bw="7" slack="0"/>
<pin id="380" dir="1" index="3" bw="6" slack="0"/>
</pin_list>
<bind>
<opcode="getelementptr(29) " fcode="getelementptr"/>
<opset="W_V_addr_1/14 "/>
</bind>
</comp>

<comp id="382" class="1004" name="grp_access_fu_382">
<pin_list>
<pin id="383" dir="0" index="0" bw="6" slack="0"/>
<pin id="384" dir="0" index="1" bw="32" slack="0"/>
<pin id="385" dir="0" index="2" bw="0" slack="0"/>
<pin id="394" dir="0" index="4" bw="6" slack="0"/>
<pin id="395" dir="0" index="5" bw="32" slack="2147483647"/>
<pin id="396" dir="0" index="6" bw="0" slack="2147483647"/>
<pin id="386" dir="1" index="3" bw="32" slack="0"/>
<pin id="397" dir="1" index="7" bw="32" slack="1"/>
</pin_list>
<bind>
<opcode="load(27) store(28) " fcode="load"/>
<opset="tempWord_V/14 W_V_load/14 tempWord_V_3/15 W_V_load_2/15 store_ln137/17 store_ln135/18 W_V_load_3/19 "/>
</bind>
</comp>

<comp id="388" class="1004" name="W_V_addr_2_gep_fu_388">
<pin_list>
<pin id="389" dir="0" index="0" bw="32" slack="2147483647"/>
<pin id="390" dir="0" index="1" bw="1" slack="0"/>
<pin id="391" dir="0" index="2" bw="7" slack="0"/>
<pin id="392" dir="1" index="3" bw="6" slack="0"/>
</pin_list>
<bind>
<opcode="getelementptr(29) " fcode="getelementptr"/>
<opset="W_V_addr_2/14 "/>
</bind>
</comp>

<comp id="400" class="1004" name="H_V_addr_11_gep_fu_400">
<pin_list>
<pin id="401" dir="0" index="0" bw="32" slack="2147483647"/>
<pin id="402" dir="0" index="1" bw="1" slack="0"/>
<pin id="403" dir="0" index="2" bw="5" slack="0"/>
<pin id="404" dir="1" index="3" bw="8" slack="0"/>
</pin_list>
<bind>
<opcode="getelementptr(29) " fcode="getelementptr"/>
<opset="H_V_addr_11/14 "/>
</bind>
</comp>

<comp id="406" class="1004" name="H_V_addr_12_gep_fu_406">
<pin_list>
<pin id="407" dir="0" index="0" bw="32" slack="2147483647"/>
<pin id="408" dir="0" index="1" bw="1" slack="0"/>
<pin id="409" dir="0" index="2" bw="64" slack="0"/>
<pin id="410" dir="1" index="3" bw="8" slack="0"/>
</pin_list>
<bind>
<opcode="getelementptr(29) " fcode="getelementptr"/>
<opset="H_V_addr_12/14 "/>
</bind>
</comp>

<comp id="414" class="1004" name="W_V_addr_3_gep_fu_414">
<pin_list>
<pin id="415" dir="0" index="0" bw="32" slack="2147483647"/>
<pin id="416" dir="0" index="1" bw="1" slack="0"/>
<pin id="417" dir="0" index="2" bw="7" slack="0"/>
<pin id="418" dir="1" index="3" bw="6" slack="0"/>
</pin_list>
<bind>
<opcode="getelementptr(29) " fcode="getelementptr"/>
<opset="W_V_addr_3/15 "/>
</bind>
</comp>

<comp id="421" class="1004" name="W_V_addr_4_gep_fu_421">
<pin_list>
<pin id="422" dir="0" index="0" bw="32" slack="2147483647"/>
<pin id="423" dir="0" index="1" bw="1" slack="0"/>
<pin id="424" dir="0" index="2" bw="7" slack="0"/>
<pin id="425" dir="1" index="3" bw="6" slack="0"/>
</pin_list>
<bind>
<opcode="getelementptr(29) " fcode="getelementptr"/>
<opset="W_V_addr_4/15 "/>
</bind>
</comp>

<comp id="428" class="1004" name="W_V_addr_5_gep_fu_428">
<pin_list>
<pin id="429" dir="0" index="0" bw="32" slack="2147483647"/>
<pin id="430" dir="0" index="1" bw="1" slack="0"/>
<pin id="431" dir="0" index="2" bw="7" slack="3"/>
<pin id="432" dir="1" index="3" bw="6" slack="0"/>
</pin_list>
<bind>
<opcode="getelementptr(29) " fcode="getelementptr"/>
<opset="W_V_addr_5/17 "/>
</bind>
</comp>

<comp id="435" class="1004" name="W_V_addr_gep_fu_435">
<pin_list>
<pin id="436" dir="0" index="0" bw="32" slack="2147483647"/>
<pin id="437" dir="0" index="1" bw="1" slack="0"/>
<pin id="438" dir="0" index="2" bw="7" slack="1"/>
<pin id="439" dir="1" index="3" bw="6" slack="0"/>
</pin_list>
<bind>
<opcode="getelementptr(29) " fcode="getelementptr"/>
<opset="W_V_addr/18 "/>
</bind>
</comp>

<comp id="443" class="1004" name="K_addr_gep_fu_443">
<pin_list>
<pin id="444" dir="0" index="0" bw="32" slack="0"/>
<pin id="445" dir="0" index="1" bw="1" slack="0"/>
<pin id="446" dir="0" index="2" bw="7" slack="4"/>
<pin id="447" dir="1" index="3" bw="6" slack="0"/>
</pin_list>
<bind>
<opcode="getelementptr(29) " fcode="getelementptr"/>
<opset="K_addr/19 "/>
</bind>
</comp>

<comp id="450" class="1004" name="grp_access_fu_450">
<pin_list>
<pin id="451" dir="0" index="0" bw="6" slack="0"/>
<pin id="452" dir="0" index="1" bw="32" slack="2147483647"/>
<pin id="453" dir="0" index="2" bw="0" slack="2147483647"/>
<pin id="454" dir="1" index="3" bw="32" slack="0"/>
</pin_list>
<bind>
<opcode="load(27) " fcode="load"/>
<opset="K_load/19 "/>
</bind>
</comp>

<comp id="456" class="1004" name="W_V_addr_6_gep_fu_456">
<pin_list>
<pin id="457" dir="0" index="0" bw="32" slack="2147483647"/>
<pin id="458" dir="0" index="1" bw="1" slack="0"/>
<pin id="459" dir="0" index="2" bw="7" slack="4"/>
<pin id="460" dir="1" index="3" bw="6" slack="0"/>
</pin_list>
<bind>
<opcode="getelementptr(29) " fcode="getelementptr"/>
<opset="W_V_addr_6/19 "/>
</bind>
</comp>

<comp id="463" class="1004" name="H_V_addr_13_gep_fu_463">
<pin_list>
<pin id="464" dir="0" index="0" bw="32" slack="2147483647"/>
<pin id="465" dir="0" index="1" bw="1" slack="0"/>
<pin id="466" dir="0" index="2" bw="64" slack="0"/>
<pin id="467" dir="1" index="3" bw="8" slack="0"/>
</pin_list>
<bind>
<opcode="getelementptr(29) " fcode="getelementptr"/>
<opset="H_V_addr_13/22 "/>
</bind>
</comp>

<comp id="469" class="1004" name="H_V_addr_14_gep_fu_469">
<pin_list>
<pin id="470" dir="0" index="0" bw="32" slack="2147483647"/>
<pin id="471" dir="0" index="1" bw="1" slack="0"/>
<pin id="472" dir="0" index="2" bw="64" slack="0"/>
<pin id="473" dir="1" index="3" bw="8" slack="0"/>
</pin_list>
<bind>
<opcode="getelementptr(29) " fcode="getelementptr"/>
<opset="H_V_addr_14/22 "/>
</bind>
</comp>

<comp id="477" class="1004" name="H_V_addr_15_gep_fu_477">
<pin_list>
<pin id="478" dir="0" index="0" bw="32" slack="2147483647"/>
<pin id="479" dir="0" index="1" bw="1" slack="0"/>
<pin id="480" dir="0" index="2" bw="64" slack="0"/>
<pin id="481" dir="1" index="3" bw="8" slack="0"/>
</pin_list>
<bind>
<opcode="getelementptr(29) " fcode="getelementptr"/>
<opset="H_V_addr_15/23 "/>
</bind>
</comp>

<comp id="483" class="1004" name="H_V_addr_16_gep_fu_483">
<pin_list>
<pin id="484" dir="0" index="0" bw="32" slack="2147483647"/>
<pin id="485" dir="0" index="1" bw="1" slack="0"/>
<pin id="486" dir="0" index="2" bw="64" slack="0"/>
<pin id="487" dir="1" index="3" bw="8" slack="0"/>
</pin_list>
<bind>
<opcode="getelementptr(29) " fcode="getelementptr"/>
<opset="H_V_addr_16/23 "/>
</bind>
</comp>

<comp id="491" class="1004" name="H_V_addr_17_gep_fu_491">
<pin_list>
<pin id="492" dir="0" index="0" bw="32" slack="2147483647"/>
<pin id="493" dir="0" index="1" bw="1" slack="0"/>
<pin id="494" dir="0" index="2" bw="64" slack="0"/>
<pin id="495" dir="1" index="3" bw="8" slack="0"/>
</pin_list>
<bind>
<opcode="getelementptr(29) " fcode="getelementptr"/>
<opset="H_V_addr_17/24 "/>
</bind>
</comp>

<comp id="497" class="1004" name="H_V_addr_18_gep_fu_497">
<pin_list>
<pin id="498" dir="0" index="0" bw="32" slack="2147483647"/>
<pin id="499" dir="0" index="1" bw="1" slack="0"/>
<pin id="500" dir="0" index="2" bw="64" slack="0"/>
<pin id="501" dir="1" index="3" bw="8" slack="0"/>
</pin_list>
<bind>
<opcode="getelementptr(29) " fcode="getelementptr"/>
<opset="H_V_addr_18/24 "/>
</bind>
</comp>

<comp id="505" class="1004" name="H_V_addr_10_gep_fu_505">
<pin_list>
<pin id="506" dir="0" index="0" bw="32" slack="2147483647"/>
<pin id="507" dir="0" index="1" bw="1" slack="0"/>
<pin id="508" dir="0" index="2" bw="64" slack="0"/>
<pin id="509" dir="1" index="3" bw="8" slack="0"/>
</pin_list>
<bind>
<opcode="getelementptr(29) " fcode="getelementptr"/>
<opset="H_V_addr_10/25 "/>
</bind>
</comp>

<comp id="512" class="1004" name="outputlocation_V_add_gep_fu_512">
<pin_list>
<pin id="513" dir="0" index="0" bw="32" slack="0"/>
<pin id="514" dir="0" index="1" bw="1" slack="0"/>
<pin id="515" dir="0" index="2" bw="4" slack="0"/>
<pin id="516" dir="1" index="3" bw="3" slack="0"/>
</pin_list>
<bind>
<opcode="getelementptr(29) " fcode="getelementptr"/>
<opset="outputlocation_V_add/26 "/>
</bind>
</comp>

<comp id="519" class="1004" name="store_ln162_access_fu_519">
<pin_list>
<pin id="520" dir="0" index="0" bw="3" slack="0"/>
<pin id="521" dir="0" index="1" bw="32" slack="0"/>
<pin id="522" dir="0" index="2" bw="0" slack="2147483647"/>
<pin id="523" dir="1" index="3" bw="32" slack="2147483647"/>
</pin_list>
<bind>
<opcode="store(28) " fcode="store"/>
<opset="store_ln162/26 "/>
</bind>
</comp>

<comp id="526" class="1005" name="i_0_reg_526">
<pin_list>
<pin id="527" dir="0" index="0" bw="5" slack="1"/>
<pin id="528" dir="1" index="1" bw="5" slack="1"/>
</pin_list>
<bind>
<opset="i_0 (phireg) "/>
</bind>
</comp>

<comp id="530" class="1004" name="i_0_phi_fu_530">
<pin_list>
<pin id="531" dir="0" index="0" bw="5" slack="0"/>
<pin id="532" dir="0" index="1" bw="0" slack="2147483647"/>
<pin id="533" dir="0" index="2" bw="1" slack="1"/>
<pin id="534" dir="0" index="3" bw="0" slack="2147483647"/>
<pin id="535" dir="1" index="4" bw="5" slack="0"/>
</pin_list>
<bind>
<opcode="phi(47) " fcode="phi"/>
<opset="i_0/2 "/>
</bind>
</comp>

<comp id="537" class="1005" name="i1_0_reg_537">
<pin_list>
<pin id="538" dir="0" index="0" bw="5" slack="1"/>
<pin id="539" dir="1" index="1" bw="5" slack="1"/>
</pin_list>
<bind>
<opset="i1_0 (phireg) "/>
</bind>
</comp>

<comp id="541" class="1004" name="i1_0_phi_fu_541">
<pin_list>
<pin id="542" dir="0" index="0" bw="1" slack="1"/>
<pin id="543" dir="0" index="1" bw="0" slack="2147483647"/>
<pin id="544" dir="0" index="2" bw="5" slack="0"/>
<pin id="545" dir="0" index="3" bw="0" slack="2147483647"/>
<pin id="546" dir="1" index="4" bw="5" slack="0"/>
</pin_list>
<bind>
<opcode="phi(47) " fcode="phi"/>
<opset="i1_0/4 "/>
</bind>
</comp>

<comp id="548" class="1005" name="i_op_assign_reg_548">
<pin_list>
<pin id="549" dir="0" index="0" bw="2" slack="1"/>
<pin id="550" dir="1" index="1" bw="2" slack="1"/>
</pin_list>
<bind>
<opset="i_op_assign (phireg) "/>
</bind>
</comp>

<comp id="552" class="1004" name="i_op_assign_phi_fu_552">
<pin_list>
<pin id="553" dir="0" index="0" bw="2" slack="0"/>
<pin id="554" dir="0" index="1" bw="0" slack="2147483647"/>
<pin id="555" dir="0" index="2" bw="1" slack="1"/>
<pin id="556" dir="0" index="3" bw="0" slack="2147483647"/>
<pin id="557" dir="1" index="4" bw="2" slack="0"/>
</pin_list>
<bind>
<opcode="phi(47) " fcode="phi"/>
<opset="i_op_assign/5 "/>
</bind>
</comp>

<comp id="559" class="1005" name="i3_0_reg_559">
<pin_list>
<pin id="560" dir="0" index="0" bw="4" slack="1"/>
<pin id="561" dir="1" index="1" bw="4" slack="1"/>
</pin_list>
<bind>
<opset="i3_0 (phireg) "/>
</bind>
</comp>

<comp id="563" class="1004" name="i3_0_phi_fu_563">
<pin_list>
<pin id="564" dir="0" index="0" bw="4" slack="0"/>
<pin id="565" dir="0" index="1" bw="0" slack="2147483647"/>
<pin id="566" dir="0" index="2" bw="1" slack="1"/>
<pin id="567" dir="0" index="3" bw="0" slack="2147483647"/>
<pin id="568" dir="1" index="4" bw="4" slack="0"/>
</pin_list>
<bind>
<opcode="phi(47) " fcode="phi"/>
<opset="i3_0/7 "/>
</bind>
</comp>

<comp id="570" class="1005" name="i_op_assign_1_reg_570">
<pin_list>
<pin id="571" dir="0" index="0" bw="2" slack="1"/>
<pin id="572" dir="1" index="1" bw="2" slack="1"/>
</pin_list>
<bind>
<opset="i_op_assign_1 (phireg) "/>
</bind>
</comp>

<comp id="574" class="1004" name="i_op_assign_1_phi_fu_574">
<pin_list>
<pin id="575" dir="0" index="0" bw="2" slack="1"/>
<pin id="576" dir="0" index="1" bw="0" slack="2147483647"/>
<pin id="577" dir="0" index="2" bw="1" slack="1"/>
<pin id="578" dir="0" index="3" bw="0" slack="2147483647"/>
<pin id="579" dir="1" index="4" bw="2" slack="0"/>
</pin_list>
<bind>
<opcode="phi(47) " fcode="phi"/>
<opset="i_op_assign_1/9 "/>
</bind>
</comp>

<comp id="582" class="1005" name="b_V_1_reg_582">
<pin_list>
<pin id="583" dir="0" index="0" bw="32" slack="0"/>
<pin id="584" dir="1" index="1" bw="32" slack="0"/>
</pin_list>
<bind>
<opset="b_V_1 (phireg) "/>
</bind>
</comp>

<comp id="585" class="1004" name="b_V_1_phi_fu_585">
<pin_list>
<pin id="586" dir="0" index="0" bw="32" slack="1"/>
<pin id="587" dir="0" index="1" bw="0" slack="2147483647"/>
<pin id="588" dir="0" index="2" bw="32" slack="4"/>
<pin id="589" dir="0" index="3" bw="0" slack="2147483647"/>
<pin id="590" dir="1" index="4" bw="32" slack="0"/>
</pin_list>
<bind>
<opcode="phi(47) " fcode="phi"/>
<opset="b_V_1/14 "/>
</bind>
</comp>

<comp id="592" class="1005" name="c_V_1_reg_592">
<pin_list>
<pin id="593" dir="0" index="0" bw="32" slack="0"/>
<pin id="594" dir="1" index="1" bw="32" slack="0"/>
</pin_list>
<bind>
<opset="c_V_1 (phireg) "/>
</bind>
</comp>

<comp id="595" class="1004" name="c_V_1_phi_fu_595">
<pin_list>
<pin id="596" dir="0" index="0" bw="32" slack="0"/>
<pin id="597" dir="0" index="1" bw="0" slack="2147483647"/>
<pin id="598" dir="0" index="2" bw="32" slack="4"/>
<pin id="599" dir="0" index="3" bw="0" slack="2147483647"/>
<pin id="600" dir="1" index="4" bw="32" slack="0"/>
</pin_list>
<bind>
<opcode="phi(47) " fcode="phi"/>
<opset="c_V_1/14 "/>
</bind>
</comp>

<comp id="603" class="1005" name="d_V_1_reg_603">
<pin_list>
<pin id="604" dir="0" index="0" bw="32" slack="0"/>
<pin id="605" dir="1" index="1" bw="32" slack="0"/>
</pin_list>
<bind>
<opset="d_V_1 (phireg) "/>
</bind>
</comp>

<comp id="606" class="1004" name="d_V_1_phi_fu_606">
<pin_list>
<pin id="607" dir="0" index="0" bw="32" slack="0"/>
<pin id="608" dir="0" index="1" bw="0" slack="2147483647"/>
<pin id="609" dir="0" index="2" bw="32" slack="3"/>
<pin id="610" dir="0" index="3" bw="0" slack="2147483647"/>
<pin id="611" dir="1" index="4" bw="32" slack="0"/>
</pin_list>
<bind>
<opcode="phi(47) " fcode="phi"/>
<opset="d_V_1/14 "/>
</bind>
</comp>

<comp id="614" class="1005" name="p_0792_0_reg_614">
<pin_list>
<pin id="615" dir="0" index="0" bw="32" slack="1"/>
<pin id="616" dir="1" index="1" bw="32" slack="1"/>
</pin_list>
<bind>
<opset="p_0792_0 (phireg) "/>
</bind>
</comp>

<comp id="617" class="1004" name="p_0792_0_phi_fu_617">
<pin_list>
<pin id="618" dir="0" index="0" bw="32" slack="0"/>
<pin id="619" dir="0" index="1" bw="0" slack="2147483647"/>
<pin id="620" dir="0" index="2" bw="32" slack="3"/>
<pin id="621" dir="0" index="3" bw="0" slack="2147483647"/>
<pin id="622" dir="1" index="4" bw="32" slack="1"/>
</pin_list>
<bind>
<opcode="phi(47) " fcode="phi"/>
<opset="p_0792_0/14 "/>
</bind>
</comp>

<comp id="625" class="1005" name="f_V_1_reg_625">
<pin_list>
<pin id="626" dir="0" index="0" bw="32" slack="0"/>
<pin id="627" dir="1" index="1" bw="32" slack="0"/>
</pin_list>
<bind>
<opset="f_V_1 (phireg) "/>
</bind>
</comp>

<comp id="628" class="1004" name="f_V_1_phi_fu_628">
<pin_list>
<pin id="629" dir="0" index="0" bw="32" slack="1"/>
<pin id="630" dir="0" index="1" bw="0" slack="2147483647"/>
<pin id="631" dir="0" index="2" bw="32" slack="2"/>
<pin id="632" dir="0" index="3" bw="0" slack="2147483647"/>
<pin id="633" dir="1" index="4" bw="32" slack="0"/>
</pin_list>
<bind>
<opcode="phi(47) " fcode="phi"/>
<opset="f_V_1/14 "/>
</bind>
</comp>

<comp id="635" class="1005" name="g_V_1_reg_635">
<pin_list>
<pin id="636" dir="0" index="0" bw="32" slack="0"/>
<pin id="637" dir="1" index="1" bw="32" slack="0"/>
</pin_list>
<bind>
<opset="g_V_1 (phireg) "/>
</bind>
</comp>

<comp id="638" class="1004" name="g_V_1_phi_fu_638">
<pin_list>
<pin id="639" dir="0" index="0" bw="32" slack="0"/>
<pin id="640" dir="0" index="1" bw="0" slack="2147483647"/>
<pin id="641" dir="0" index="2" bw="32" slack="2"/>
<pin id="642" dir="0" index="3" bw="0" slack="2147483647"/>
<pin id="643" dir="1" index="4" bw="32" slack="0"/>
</pin_list>
<bind>
<opcode="phi(47) " fcode="phi"/>
<opset="g_V_1/14 "/>
</bind>
</comp>

<comp id="646" class="1005" name="h_V_1_reg_646">
<pin_list>
<pin id="647" dir="0" index="0" bw="32" slack="0"/>
<pin id="648" dir="1" index="1" bw="32" slack="0"/>
</pin_list>
<bind>
<opset="h_V_1 (phireg) "/>
</bind>
</comp>

<comp id="649" class="1004" name="h_V_1_phi_fu_649">
<pin_list>
<pin id="650" dir="0" index="0" bw="32" slack="0"/>
<pin id="651" dir="0" index="1" bw="0" slack="2147483647"/>
<pin id="652" dir="0" index="2" bw="32" slack="1"/>
<pin id="653" dir="0" index="3" bw="0" slack="2147483647"/>
<pin id="654" dir="1" index="4" bw="32" slack="0"/>
</pin_list>
<bind>
<opcode="phi(47) " fcode="phi"/>
<opset="h_V_1/14 "/>
</bind>
</comp>

<comp id="657" class="1005" name="p_0625_0_reg_657">
<pin_list>
<pin id="658" dir="0" index="0" bw="32" slack="3"/>
<pin id="659" dir="1" index="1" bw="32" slack="3"/>
</pin_list>
<bind>
<opset="p_0625_0 (phireg) "/>
</bind>
</comp>

<comp id="660" class="1004" name="p_0625_0_phi_fu_660">
<pin_list>
<pin id="661" dir="0" index="0" bw="32" slack="0"/>
<pin id="662" dir="0" index="1" bw="0" slack="2147483647"/>
<pin id="663" dir="0" index="2" bw="32" slack="1"/>
<pin id="664" dir="0" index="3" bw="0" slack="2147483647"/>
<pin id="665" dir="1" index="4" bw="32" slack="3"/>
</pin_list>
<bind>
<opcode="phi(47) " fcode="phi"/>
<opset="p_0625_0/14 "/>
</bind>
</comp>

<comp id="668" class="1005" name="j6_0_reg_668">
<pin_list>
<pin id="669" dir="0" index="0" bw="7" slack="1"/>
<pin id="670" dir="1" index="1" bw="7" slack="1"/>
</pin_list>
<bind>
<opset="j6_0 (phireg) "/>
</bind>
</comp>

<comp id="672" class="1004" name="j6_0_phi_fu_672">
<pin_list>
<pin id="673" dir="0" index="0" bw="7" slack="0"/>
<pin id="674" dir="0" index="1" bw="0" slack="2147483647"/>
<pin id="675" dir="0" index="2" bw="1" slack="1"/>
<pin id="676" dir="0" index="3" bw="0" slack="2147483647"/>
<pin id="677" dir="1" index="4" bw="7" slack="0"/>
</pin_list>
<bind>
<opcode="phi(47) " fcode="phi"/>
<opset="j6_0/14 "/>
</bind>
</comp>

<comp id="680" class="1005" name="i7_0_reg_680">
<pin_list>
<pin id="681" dir="0" index="0" bw="4" slack="1"/>
<pin id="682" dir="1" index="1" bw="4" slack="1"/>
</pin_list>
<bind>
<opset="i7_0 (phireg) "/>
</bind>
</comp>

<comp id="684" class="1004" name="i7_0_phi_fu_684">
<pin_list>
<pin id="685" dir="0" index="0" bw="4" slack="0"/>
<pin id="686" dir="0" index="1" bw="0" slack="2147483647"/>
<pin id="687" dir="0" index="2" bw="1" slack="1"/>
<pin id="688" dir="0" index="3" bw="0" slack="2147483647"/>
<pin id="689" dir="1" index="4" bw="4" slack="0"/>
</pin_list>
<bind>
<opcode="phi(47) " fcode="phi"/>
<opset="i7_0/25 "/>
</bind>
</comp>

<comp id="692" class="1005" name="reg_692">
<pin_list>
<pin id="693" dir="0" index="0" bw="32" slack="1"/>
<pin id="694" dir="1" index="1" bw="32" slack="1"/>
</pin_list>
<bind>
<opset="tempWord_V W_V_load_2 "/>
</bind>
</comp>

<comp id="697" class="1004" name="icmp_ln79_fu_697">
<pin_list>
<pin id="698" dir="0" index="0" bw="5" slack="0"/>
<pin id="699" dir="0" index="1" bw="5" slack="0"/>
<pin id="700" dir="1" index="2" bw="1" slack="2147483647"/>
</pin_list>
<bind>
<opcode="icmp(45) " fcode="icmp"/>
<opset="icmp_ln79/2 "/>
</bind>
</comp>

<comp id="703" class="1004" name="i_fu_703">
<pin_list>
<pin id="704" dir="0" index="0" bw="5" slack="0"/>
<pin id="705" dir="0" index="1" bw="1" slack="0"/>
<pin id="706" dir="1" index="2" bw="5" slack="0"/>
</pin_list>
<bind>
<opcode="add(8) " fcode="add"/>
<opset="i/2 "/>
</bind>
</comp>

<comp id="709" class="1004" name="zext_ln80_fu_709">
<pin_list>
<pin id="710" dir="0" index="0" bw="5" slack="0"/>
<pin id="711" dir="1" index="1" bw="64" slack="0"/>
</pin_list>
<bind>
<opcode="zext(34) " fcode="zext"/>
<opset="zext_ln80/2 "/>
</bind>
</comp>

<comp id="714" class="1004" name="zext_ln104_fu_714">
<pin_list>
<pin id="715" dir="0" index="0" bw="5" slack="0"/>
<pin id="716" dir="1" index="1" bw="6" slack="1"/>
</pin_list>
<bind>
<opcode="zext(34) " fcode="zext"/>
<opset="zext_ln104/4 "/>
</bind>
</comp>

<comp id="718" class="1004" name="icmp_ln104_fu_718">
<pin_list>
<pin id="719" dir="0" index="0" bw="5" slack="0"/>
<pin id="720" dir="0" index="1" bw="5" slack="0"/>
<pin id="721" dir="1" index="2" bw="1" slack="2147483647"/>
</pin_list>
<bind>
<opcode="icmp(45) " fcode="icmp"/>
<opset="icmp_ln104/4 "/>
</bind>
</comp>

<comp id="724" class="1004" name="i_4_fu_724">
<pin_list>
<pin id="725" dir="0" index="0" bw="5" slack="0"/>
<pin id="726" dir="0" index="1" bw="1" slack="0"/>
<pin id="727" dir="1" index="2" bw="5" slack="0"/>
</pin_list>
<bind>
<opcode="add(8) " fcode="add"/>
<opset="i_4/4 "/>
</bind>
</comp>

<comp id="730" class="1004" name="zext_ln1598_fu_730">
<pin_list>
<pin id="731" dir="0" index="0" bw="5" slack="0"/>
<pin id="732" dir="1" index="1" bw="7" slack="1"/>
</pin_list>
<bind>
<opcode="zext(34) " fcode="zext"/>
<opset="zext_ln1598/4 "/>
</bind>
</comp>

<comp id="734" class="1004" name="icmp_ln105_fu_734">
<pin_list>
<pin id="735" dir="0" index="0" bw="2" slack="0"/>
<pin id="736" dir="0" index="1" bw="2" slack="0"/>
<pin id="737" dir="1" index="2" bw="1" slack="2147483647"/>
</pin_list>
<bind>
<opcode="icmp(45) " fcode="icmp"/>
<opset="icmp_ln105/5 "/>
</bind>
</comp>

<comp id="740" class="1004" name="j_fu_740">
<pin_list>
<pin id="741" dir="0" index="0" bw="2" slack="0"/>
<pin id="742" dir="0" index="1" bw="1" slack="0"/>
<pin id="743" dir="1" index="2" bw="2" slack="0"/>
</pin_list>
<bind>
<opcode="add(8) " fcode="add"/>
<opset="j/5 "/>
</bind>
</comp>

<comp id="746" class="1004" name="tmp_fu_746">
<pin_list>
<pin id="747" dir="0" index="0" bw="6" slack="0"/>
<pin id="748" dir="0" index="1" bw="2" slack="0"/>
<pin id="749" dir="0" index="2" bw="1" slack="0"/>
<pin id="750" dir="1" index="3" bw="6" slack="0"/>
</pin_list>
<bind>
<opcode="bitconcatenate(1004) " fcode="bitconcatenate"/>
<opset="tmp/5 "/>
</bind>
</comp>

<comp id="754" class="1004" name="zext_ln321_fu_754">
<pin_list>
<pin id="755" dir="0" index="0" bw="6" slack="0"/>
<pin id="756" dir="1" index="1" bw="7" slack="0"/>
</pin_list>
<bind>
<opcode="zext(34) " fcode="zext"/>
<opset="zext_ln321/5 "/>
</bind>
</comp>

<comp id="758" class="1004" name="add_ln321_fu_758">
<pin_list>
<pin id="759" dir="0" index="0" bw="5" slack="1"/>
<pin id="760" dir="0" index="1" bw="6" slack="0"/>
<pin id="761" dir="1" index="2" bw="7" slack="1"/>
</pin_list>
<bind>
<opcode="add(8) " fcode="add"/>
<opset="add_ln321/5 "/>
</bind>
</comp>

<comp id="763" class="1004" name="add_ln106_fu_763">
<pin_list>
<pin id="764" dir="0" index="0" bw="5" slack="1"/>
<pin id="765" dir="0" index="1" bw="6" slack="0"/>
<pin id="766" dir="1" index="2" bw="6" slack="0"/>
</pin_list>
<bind>
<opcode="add(8) " fcode="add"/>
<opset="add_ln106/5 "/>
</bind>
</comp>

<comp id="768" class="1004" name="zext_ln106_fu_768">
<pin_list>
<pin id="769" dir="0" index="0" bw="6" slack="0"/>
<pin id="770" dir="1" index="1" bw="64" slack="0"/>
</pin_list>
<bind>
<opcode="zext(34) " fcode="zext"/>
<opset="zext_ln106/5 "/>
</bind>
</comp>

<comp id="773" class="1004" name="zext_ln321_1_fu_773">
<pin_list>
<pin id="774" dir="0" index="0" bw="7" slack="1"/>
<pin id="775" dir="1" index="1" bw="64" slack="0"/>
</pin_list>
<bind>
<opcode="zext(34) " fcode="zext"/>
<opset="zext_ln321_1/6 "/>
</bind>
</comp>

<comp id="777" class="1004" name="icmp_ln110_fu_777">
<pin_list>
<pin id="778" dir="0" index="0" bw="4" slack="0"/>
<pin id="779" dir="0" index="1" bw="4" slack="0"/>
<pin id="780" dir="1" index="2" bw="1" slack="2147483647"/>
</pin_list>
<bind>
<opcode="icmp(45) " fcode="icmp"/>
<opset="icmp_ln110/7 "/>
</bind>
</comp>

<comp id="783" class="1004" name="i_7_fu_783">
<pin_list>
<pin id="784" dir="0" index="0" bw="4" slack="0"/>
<pin id="785" dir="0" index="1" bw="1" slack="0"/>
<pin id="786" dir="1" index="2" bw="4" slack="0"/>
</pin_list>
<bind>
<opcode="add(8) " fcode="add"/>
<opset="i_7/7 "/>
</bind>
</comp>

<comp id="789" class="1004" name="zext_ln111_fu_789">
<pin_list>
<pin id="790" dir="0" index="0" bw="4" slack="0"/>
<pin id="791" dir="1" index="1" bw="64" slack="0"/>
</pin_list>
<bind>
<opcode="zext(34) " fcode="zext"/>
<opset="zext_ln111/7 "/>
</bind>
</comp>

<comp id="794" class="1004" name="icmp_ln114_fu_794">
<pin_list>
<pin id="795" dir="0" index="0" bw="2" slack="0"/>
<pin id="796" dir="0" index="1" bw="2" slack="0"/>
<pin id="797" dir="1" index="2" bw="1" slack="2147483647"/>
</pin_list>
<bind>
<opcode="icmp(45) " fcode="icmp"/>
<opset="icmp_ln114/9 "/>
</bind>
</comp>

<comp id="800" class="1004" name="add_ln116_fu_800">
<pin_list>
<pin id="801" dir="0" index="0" bw="2" slack="0"/>
<pin id="802" dir="0" index="1" bw="1" slack="0"/>
<pin id="803" dir="1" index="2" bw="2" slack="0"/>
</pin_list>
<bind>
<opcode="add(8) " fcode="add"/>
<opset="add_ln116/9 "/>
</bind>
</comp>

<comp id="806" class="1004" name="tmp_2_fu_806">
<pin_list>
<pin id="807" dir="0" index="0" bw="5" slack="0"/>
<pin id="808" dir="0" index="1" bw="2" slack="0"/>
<pin id="809" dir="0" index="2" bw="1" slack="0"/>
<pin id="810" dir="1" index="3" bw="5" slack="0"/>
</pin_list>
<bind>
<opcode="bitconcatenate(1004) " fcode="bitconcatenate"/>
<opset="tmp_2/9 "/>
</bind>
</comp>

<comp id="814" class="1004" name="zext_ln116_fu_814">
<pin_list>
<pin id="815" dir="0" index="0" bw="5" slack="0"/>
<pin id="816" dir="1" index="1" bw="64" slack="0"/>
</pin_list>
<bind>
<opcode="zext(34) " fcode="zext"/>
<opset="zext_ln116/9 "/>
</bind>
</comp>

<comp id="819" class="1004" name="or_ln117_fu_819">
<pin_list>
<pin id="820" dir="0" index="0" bw="5" slack="0"/>
<pin id="821" dir="0" index="1" bw="5" slack="0"/>
<pin id="822" dir="1" index="2" bw="5" slack="0"/>
</pin_list>
<bind>
<opcode="or(24) " fcode="or"/>
<opset="or_ln117/9 "/>
</bind>
</comp>

<comp id="825" class="1004" name="tmp_3_fu_825">
<pin_list>
<pin id="826" dir="0" index="0" bw="64" slack="0"/>
<pin id="827" dir="0" index="1" bw="1" slack="0"/>
<pin id="828" dir="0" index="2" bw="5" slack="0"/>
<pin id="829" dir="1" index="3" bw="64" slack="0"/>
</pin_list>
<bind>
<opcode="bitconcatenate(1004) " fcode="bitconcatenate"/>
<opset="tmp_3/9 "/>
</bind>
</comp>

<comp id="834" class="1004" name="or_ln118_fu_834">
<pin_list>
<pin id="835" dir="0" index="0" bw="5" slack="1"/>
<pin id="836" dir="0" index="1" bw="5" slack="0"/>
<pin id="837" dir="1" index="2" bw="5" slack="0"/>
</pin_list>
<bind>
<opcode="or(24) " fcode="or"/>
<opset="or_ln118/10 "/>
</bind>
</comp>

<comp id="839" class="1004" name="tmp_4_fu_839">
<pin_list>
<pin id="840" dir="0" index="0" bw="64" slack="0"/>
<pin id="841" dir="0" index="1" bw="1" slack="0"/>
<pin id="842" dir="0" index="2" bw="5" slack="0"/>
<pin id="843" dir="1" index="3" bw="64" slack="0"/>
</pin_list>
<bind>
<opcode="bitconcatenate(1004) " fcode="bitconcatenate"/>
<opset="tmp_4/10 "/>
</bind>
</comp>

<comp id="848" class="1004" name="or_ln119_fu_848">
<pin_list>
<pin id="849" dir="0" index="0" bw="5" slack="1"/>
<pin id="850" dir="0" index="1" bw="5" slack="0"/>
<pin id="851" dir="1" index="2" bw="5" slack="0"/>
</pin_list>
<bind>
<opcode="or(24) " fcode="or"/>
<opset="or_ln119/10 "/>
</bind>
</comp>

<comp id="853" class="1004" name="tmp_5_fu_853">
<pin_list>
<pin id="854" dir="0" index="0" bw="64" slack="0"/>
<pin id="855" dir="0" index="1" bw="1" slack="0"/>
<pin id="856" dir="0" index="2" bw="5" slack="0"/>
<pin id="857" dir="1" index="3" bw="64" slack="0"/>
</pin_list>
<bind>
<opcode="bitconcatenate(1004) " fcode="bitconcatenate"/>
<opset="tmp_5/10 "/>
</bind>
</comp>

<comp id="862" class="1004" name="or_ln120_fu_862">
<pin_list>
<pin id="863" dir="0" index="0" bw="5" slack="2"/>
<pin id="864" dir="0" index="1" bw="5" slack="0"/>
<pin id="865" dir="1" index="2" bw="5" slack="0"/>
</pin_list>
<bind>
<opcode="or(24) " fcode="or"/>
<opset="or_ln120/11 "/>
</bind>
</comp>

<comp id="867" class="1004" name="tmp_6_fu_867">
<pin_list>
<pin id="868" dir="0" index="0" bw="64" slack="0"/>
<pin id="869" dir="0" index="1" bw="1" slack="0"/>
<pin id="870" dir="0" index="2" bw="5" slack="0"/>
<pin id="871" dir="1" index="3" bw="64" slack="0"/>
</pin_list>
<bind>
<opcode="bitconcatenate(1004) " fcode="bitconcatenate"/>
<opset="tmp_6/11 "/>
</bind>
</comp>

<comp id="876" class="1004" name="or_ln121_fu_876">
<pin_list>
<pin id="877" dir="0" index="0" bw="5" slack="2"/>
<pin id="878" dir="0" index="1" bw="5" slack="0"/>
<pin id="879" dir="1" index="2" bw="5" slack="0"/>
</pin_list>
<bind>
<opcode="or(24) " fcode="or"/>
<opset="or_ln121/11 "/>
</bind>
</comp>

<comp id="881" class="1004" name="tmp_7_fu_881">
<pin_list>
<pin id="882" dir="0" index="0" bw="64" slack="0"/>
<pin id="883" dir="0" index="1" bw="1" slack="0"/>
<pin id="884" dir="0" index="2" bw="5" slack="0"/>
<pin id="885" dir="1" index="3" bw="64" slack="0"/>
</pin_list>
<bind>
<opcode="bitconcatenate(1004) " fcode="bitconcatenate"/>
<opset="tmp_7/11 "/>
</bind>
</comp>

<comp id="890" class="1004" name="or_ln122_fu_890">
<pin_list>
<pin id="891" dir="0" index="0" bw="5" slack="3"/>
<pin id="892" dir="0" index="1" bw="5" slack="0"/>
<pin id="893" dir="1" index="2" bw="5" slack="0"/>
</pin_list>
<bind>
<opcode="or(24) " fcode="or"/>
<opset="or_ln122/12 "/>
</bind>
</comp>

<comp id="895" class="1004" name="tmp_8_fu_895">
<pin_list>
<pin id="896" dir="0" index="0" bw="64" slack="0"/>
<pin id="897" dir="0" index="1" bw="1" slack="0"/>
<pin id="898" dir="0" index="2" bw="5" slack="0"/>
<pin id="899" dir="1" index="3" bw="64" slack="0"/>
</pin_list>
<bind>
<opcode="bitconcatenate(1004) " fcode="bitconcatenate"/>
<opset="tmp_8/12 "/>
</bind>
</comp>

<comp id="904" class="1004" name="or_ln123_fu_904">
<pin_list>
<pin id="905" dir="0" index="0" bw="5" slack="3"/>
<pin id="906" dir="0" index="1" bw="5" slack="0"/>
<pin id="907" dir="1" index="2" bw="5" slack="0"/>
</pin_list>
<bind>
<opcode="or(24) " fcode="or"/>
<opset="or_ln123/12 "/>
</bind>
</comp>

<comp id="909" class="1004" name="tmp_9_fu_909">
<pin_list>
<pin id="910" dir="0" index="0" bw="64" slack="0"/>
<pin id="911" dir="0" index="1" bw="1" slack="0"/>
<pin id="912" dir="0" index="2" bw="5" slack="0"/>
<pin id="913" dir="1" index="3" bw="64" slack="0"/>
</pin_list>
<bind>
<opcode="bitconcatenate(1004) " fcode="bitconcatenate"/>
<opset="tmp_9/12 "/>
</bind>
</comp>

<comp id="918" class="1004" name="tmp_1_fu_918">
<pin_list>
<pin id="919" dir="0" index="0" bw="6" slack="0"/>
<pin id="920" dir="0" index="1" bw="2" slack="4"/>
<pin id="921" dir="0" index="2" bw="1" slack="0"/>
<pin id="922" dir="1" index="3" bw="6" slack="0"/>
</pin_list>
<bind>
<opcode="bitconcatenate(1004) " fcode="bitconcatenate"/>
<opset="tmp_1/13 "/>
</bind>
</comp>

<comp id="925" class="1004" name="zext_ln116_1_fu_925">
<pin_list>
<pin id="926" dir="0" index="0" bw="6" slack="0"/>
<pin id="927" dir="1" index="1" bw="7" slack="1"/>
</pin_list>
<bind>
<opcode="zext(34) " fcode="zext"/>
<opset="zext_ln116_1/13 "/>
</bind>
</comp>

<comp id="929" class="1004" name="icmp_ln127_fu_929">
<pin_list>
<pin id="930" dir="0" index="0" bw="7" slack="0"/>
<pin id="931" dir="0" index="1" bw="7" slack="0"/>
<pin id="932" dir="1" index="2" bw="1" slack="2147483647"/>
</pin_list>
<bind>
<opcode="icmp(45) " fcode="icmp"/>
<opset="icmp_ln127/14 "/>
</bind>
</comp>

<comp id="935" class="1004" name="j_1_fu_935">
<pin_list>
<pin id="936" dir="0" index="0" bw="7" slack="0"/>
<pin id="937" dir="0" index="1" bw="1" slack="0"/>
<pin id="938" dir="1" index="2" bw="7" slack="0"/>
</pin_list>
<bind>
<opcode="add(8) " fcode="add"/>
<opset="j_1/14 "/>
</bind>
</comp>

<comp id="941" class="1004" name="and_ln26_fu_941">
<pin_list>
<pin id="942" dir="0" index="0" bw="32" slack="0"/>
<pin id="943" dir="0" index="1" bw="32" slack="0"/>
<pin id="944" dir="1" index="2" bw="32" slack="0"/>
</pin_list>
<bind>
<opcode="and(23) " fcode="and"/>
<opset="and_ln26/14 "/>
</bind>
</comp>

<comp id="947" class="1004" name="xor_ln26_fu_947">
<pin_list>
<pin id="948" dir="0" index="0" bw="32" slack="0"/>
<pin id="949" dir="0" index="1" bw="32" slack="0"/>
<pin id="950" dir="1" index="2" bw="32" slack="0"/>
</pin_list>
<bind>
<opcode="xor(25) " fcode="xor"/>
<opset="xor_ln26/14 "/>
</bind>
</comp>

<comp id="953" class="1004" name="and_ln26_1_fu_953">
<pin_list>
<pin id="954" dir="0" index="0" bw="32" slack="0"/>
<pin id="955" dir="0" index="1" bw="32" slack="0"/>
<pin id="956" dir="1" index="2" bw="32" slack="0"/>
</pin_list>
<bind>
<opcode="and(23) " fcode="and"/>
<opset="and_ln26_1/14 "/>
</bind>
</comp>

<comp id="959" class="1004" name="ch_V_fu_959">
<pin_list>
<pin id="960" dir="0" index="0" bw="32" slack="0"/>
<pin id="961" dir="0" index="1" bw="32" slack="0"/>
<pin id="962" dir="1" index="2" bw="32" slack="3"/>
</pin_list>
<bind>
<opcode="xor(25) " fcode="xor"/>
<opset="ch_V/14 "/>
</bind>
</comp>

<comp id="965" class="1004" name="xor_ln31_fu_965">
<pin_list>
<pin id="966" dir="0" index="0" bw="32" slack="0"/>
<pin id="967" dir="0" index="1" bw="32" slack="0"/>
<pin id="968" dir="1" index="2" bw="32" slack="0"/>
</pin_list>
<bind>
<opcode="xor(25) " fcode="xor"/>
<opset="xor_ln31/14 "/>
</bind>
</comp>

<comp id="971" class="1004" name="and_ln31_fu_971">
<pin_list>
<pin id="972" dir="0" index="0" bw="32" slack="0"/>
<pin id="973" dir="0" index="1" bw="32" slack="0"/>
<pin id="974" dir="1" index="2" bw="32" slack="0"/>
</pin_list>
<bind>
<opcode="and(23) " fcode="and"/>
<opset="and_ln31/14 "/>
</bind>
</comp>

<comp id="977" class="1004" name="and_ln31_1_fu_977">
<pin_list>
<pin id="978" dir="0" index="0" bw="32" slack="0"/>
<pin id="979" dir="0" index="1" bw="32" slack="0"/>
<pin id="980" dir="1" index="2" bw="32" slack="0"/>
</pin_list>
<bind>
<opcode="and(23) " fcode="and"/>
<opset="and_ln31_1/14 "/>
</bind>
</comp>

<comp id="983" class="1004" name="maj_V_fu_983">
<pin_list>
<pin id="984" dir="0" index="0" bw="32" slack="0"/>
<pin id="985" dir="0" index="1" bw="32" slack="0"/>
<pin id="986" dir="1" index="2" bw="32" slack="6"/>
</pin_list>
<bind>
<opcode="xor(25) " fcode="xor"/>
<opset="maj_V/14 "/>
</bind>
</comp>

<comp id="989" class="1004" name="r_V_fu_989">
<pin_list>
<pin id="990" dir="0" index="0" bw="30" slack="0"/>
<pin id="991" dir="0" index="1" bw="32" slack="0"/>
<pin id="992" dir="0" index="2" bw="3" slack="0"/>
<pin id="993" dir="0" index="3" bw="6" slack="0"/>
<pin id="994" dir="1" index="4" bw="30" slack="0"/>
</pin_list>
<bind>
<opcode="partselect(1002) " fcode="partselect"/>
<opset="r_V/14 "/>
</bind>
</comp>

<comp id="999" class="1004" name="trunc_ln1503_fu_999">
<pin_list>
<pin id="1000" dir="0" index="0" bw="32" slack="0"/>
<pin id="1001" dir="1" index="1" bw="2" slack="0"/>
</pin_list>
<bind>
<opcode="trunc(33) " fcode="trunc"/>
<opset="trunc_ln1503/14 "/>
</bind>
</comp>

<comp id="1003" class="1004" name="ret_V_14_fu_1003">
<pin_list>
<pin id="1004" dir="0" index="0" bw="32" slack="0"/>
<pin id="1005" dir="0" index="1" bw="2" slack="0"/>
<pin id="1006" dir="0" index="2" bw="30" slack="0"/>
<pin id="1007" dir="1" index="3" bw="32" slack="0"/>
</pin_list>
<bind>
<opcode="bitconcatenate(1004) " fcode="bitconcatenate"/>
<opset="ret_V_14/14 "/>
</bind>
</comp>

<comp id="1011" class="1004" name="r_V_s_fu_1011">
<pin_list>
<pin id="1012" dir="0" index="0" bw="19" slack="0"/>
<pin id="1013" dir="0" index="1" bw="32" slack="0"/>
<pin id="1014" dir="0" index="2" bw="5" slack="0"/>
<pin id="1015" dir="0" index="3" bw="6" slack="0"/>
<pin id="1016" dir="1" index="4" bw="19" slack="0"/>
</pin_list>
<bind>
<opcode="partselect(1002) " fcode="partselect"/>
<opset="r_V_s/14 "/>
</bind>
</comp>

<comp id="1021" class="1004" name="trunc_ln1503_1_fu_1021">
<pin_list>
<pin id="1022" dir="0" index="0" bw="32" slack="0"/>
<pin id="1023" dir="1" index="1" bw="13" slack="0"/>
</pin_list>
<bind>
<opcode="trunc(33) " fcode="trunc"/>
<opset="trunc_ln1503_1/14 "/>
</bind>
</comp>

<comp id="1025" class="1004" name="ret_V_15_fu_1025">
<pin_list>
<pin id="1026" dir="0" index="0" bw="32" slack="0"/>
<pin id="1027" dir="0" index="1" bw="13" slack="0"/>
<pin id="1028" dir="0" index="2" bw="19" slack="0"/>
<pin id="1029" dir="1" index="3" bw="32" slack="0"/>
</pin_list>
<bind>
<opcode="bitconcatenate(1004) " fcode="bitconcatenate"/>
<opset="ret_V_15/14 "/>
</bind>
</comp>

<comp id="1033" class="1004" name="r_V_1_fu_1033">
<pin_list>
<pin id="1034" dir="0" index="0" bw="10" slack="0"/>
<pin id="1035" dir="0" index="1" bw="32" slack="0"/>
<pin id="1036" dir="0" index="2" bw="6" slack="0"/>
<pin id="1037" dir="0" index="3" bw="6" slack="0"/>
<pin id="1038" dir="1" index="4" bw="10" slack="0"/>
</pin_list>
<bind>
<opcode="partselect(1002) " fcode="partselect"/>
<opset="r_V_1/14 "/>
</bind>
</comp>

<comp id="1043" class="1004" name="trunc_ln1503_2_fu_1043">
<pin_list>
<pin id="1044" dir="0" index="0" bw="32" slack="0"/>
<pin id="1045" dir="1" index="1" bw="22" slack="0"/>
</pin_list>
<bind>
<opcode="trunc(33) " fcode="trunc"/>
<opset="trunc_ln1503_2/14 "/>
</bind>
</comp>

<comp id="1047" class="1004" name="ret_V_16_fu_1047">
<pin_list>
<pin id="1048" dir="0" index="0" bw="32" slack="0"/>
<pin id="1049" dir="0" index="1" bw="22" slack="0"/>
<pin id="1050" dir="0" index="2" bw="10" slack="0"/>
<pin id="1051" dir="1" index="3" bw="32" slack="0"/>
</pin_list>
<bind>
<opcode="bitconcatenate(1004) " fcode="bitconcatenate"/>
<opset="ret_V_16/14 "/>
</bind>
</comp>

<comp id="1055" class="1004" name="xor_ln1357_fu_1055">
<pin_list>
<pin id="1056" dir="0" index="0" bw="32" slack="0"/>
<pin id="1057" dir="0" index="1" bw="32" slack="0"/>
<pin id="1058" dir="1" index="2" bw="32" slack="0"/>
</pin_list>
<bind>
<opcode="xor(25) " fcode="xor"/>
<opset="xor_ln1357/14 "/>
</bind>
</comp>

<comp id="1061" class="1004" name="ret_V_17_fu_1061">
<pin_list>
<pin id="1062" dir="0" index="0" bw="32" slack="0"/>
<pin id="1063" dir="0" index="1" bw="32" slack="0"/>
<pin id="1064" dir="1" index="2" bw="32" slack="6"/>
</pin_list>
<bind>
<opcode="xor(25) " fcode="xor"/>
<opset="ret_V_17/14 "/>
</bind>
</comp>

<comp id="1067" class="1004" name="r_V_2_fu_1067">
<pin_list>
<pin id="1068" dir="0" index="0" bw="26" slack="0"/>
<pin id="1069" dir="0" index="1" bw="32" slack="0"/>
<pin id="1070" dir="0" index="2" bw="4" slack="0"/>
<pin id="1071" dir="0" index="3" bw="6" slack="0"/>
<pin id="1072" dir="1" index="4" bw="26" slack="0"/>
</pin_list>
<bind>
<opcode="partselect(1002) " fcode="partselect"/>
<opset="r_V_2/14 "/>
</bind>
</comp>

<comp id="1077" class="1004" name="trunc_ln1503_3_fu_1077">
<pin_list>
<pin id="1078" dir="0" index="0" bw="32" slack="0"/>
<pin id="1079" dir="1" index="1" bw="6" slack="0"/>
</pin_list>
<bind>
<opcode="trunc(33) " fcode="trunc"/>
<opset="trunc_ln1503_3/14 "/>
</bind>
</comp>

<comp id="1081" class="1004" name="ret_V_18_fu_1081">
<pin_list>
<pin id="1082" dir="0" index="0" bw="32" slack="0"/>
<pin id="1083" dir="0" index="1" bw="6" slack="0"/>
<pin id="1084" dir="0" index="2" bw="26" slack="0"/>
<pin id="1085" dir="1" index="3" bw="32" slack="0"/>
</pin_list>
<bind>
<opcode="bitconcatenate(1004) " fcode="bitconcatenate"/>
<opset="ret_V_18/14 "/>
</bind>
</comp>

<comp id="1089" class="1004" name="r_V_3_fu_1089">
<pin_list>
<pin id="1090" dir="0" index="0" bw="21" slack="0"/>
<pin id="1091" dir="0" index="1" bw="32" slack="0"/>
<pin id="1092" dir="0" index="2" bw="5" slack="0"/>
<pin id="1093" dir="0" index="3" bw="6" slack="0"/>
<pin id="1094" dir="1" index="4" bw="21" slack="0"/>
</pin_list>
<bind>
<opcode="partselect(1002) " fcode="partselect"/>
<opset="r_V_3/14 "/>
</bind>
</comp>

<comp id="1099" class="1004" name="trunc_ln1503_4_fu_1099">
<pin_list>
<pin id="1100" dir="0" index="0" bw="32" slack="0"/>
<pin id="1101" dir="1" index="1" bw="11" slack="0"/>
</pin_list>
<bind>
<opcode="trunc(33) " fcode="trunc"/>
<opset="trunc_ln1503_4/14 "/>
</bind>
</comp>

<comp id="1103" class="1004" name="ret_V_19_fu_1103">
<pin_list>
<pin id="1104" dir="0" index="0" bw="32" slack="0"/>
<pin id="1105" dir="0" index="1" bw="11" slack="0"/>
<pin id="1106" dir="0" index="2" bw="21" slack="0"/>
<pin id="1107" dir="1" index="3" bw="32" slack="0"/>
</pin_list>
<bind>
<opcode="bitconcatenate(1004) " fcode="bitconcatenate"/>
<opset="ret_V_19/14 "/>
</bind>
</comp>

<comp id="1111" class="1004" name="r_V_4_fu_1111">
<pin_list>
<pin id="1112" dir="0" index="0" bw="7" slack="0"/>
<pin id="1113" dir="0" index="1" bw="32" slack="0"/>
<pin id="1114" dir="0" index="2" bw="6" slack="0"/>
<pin id="1115" dir="0" index="3" bw="6" slack="0"/>
<pin id="1116" dir="1" index="4" bw="7" slack="0"/>
</pin_list>
<bind>
<opcode="partselect(1002) " fcode="partselect"/>
<opset="r_V_4/14 "/>
</bind>
</comp>

<comp id="1121" class="1004" name="trunc_ln1503_5_fu_1121">
<pin_list>
<pin id="1122" dir="0" index="0" bw="32" slack="0"/>
<pin id="1123" dir="1" index="1" bw="25" slack="0"/>
</pin_list>
<bind>
<opcode="trunc(33) " fcode="trunc"/>
<opset="trunc_ln1503_5/14 "/>
</bind>
</comp>

<comp id="1125" class="1004" name="ret_V_20_fu_1125">
<pin_list>
<pin id="1126" dir="0" index="0" bw="32" slack="0"/>
<pin id="1127" dir="0" index="1" bw="25" slack="0"/>
<pin id="1128" dir="0" index="2" bw="7" slack="0"/>
<pin id="1129" dir="1" index="3" bw="32" slack="0"/>
</pin_list>
<bind>
<opcode="bitconcatenate(1004) " fcode="bitconcatenate"/>
<opset="ret_V_20/14 "/>
</bind>
</comp>

<comp id="1133" class="1004" name="xor_ln1357_2_fu_1133">
<pin_list>
<pin id="1134" dir="0" index="0" bw="32" slack="0"/>
<pin id="1135" dir="0" index="1" bw="32" slack="0"/>
<pin id="1136" dir="1" index="2" bw="32" slack="0"/>
</pin_list>
<bind>
<opcode="xor(25) " fcode="xor"/>
<opset="xor_ln1357_2/14 "/>
</bind>
</comp>

<comp id="1139" class="1004" name="ret_V_21_fu_1139">
<pin_list>
<pin id="1140" dir="0" index="0" bw="32" slack="0"/>
<pin id="1141" dir="0" index="1" bw="32" slack="0"/>
<pin id="1142" dir="1" index="2" bw="32" slack="3"/>
</pin_list>
<bind>
<opcode="xor(25) " fcode="xor"/>
<opset="ret_V_21/14 "/>
</bind>
</comp>

<comp id="1145" class="1004" name="tmp_18_fu_1145">
<pin_list>
<pin id="1146" dir="0" index="0" bw="3" slack="0"/>
<pin id="1147" dir="0" index="1" bw="7" slack="0"/>
<pin id="1148" dir="0" index="2" bw="4" slack="0"/>
<pin id="1149" dir="0" index="3" bw="4" slack="0"/>
<pin id="1150" dir="1" index="4" bw="3" slack="0"/>
</pin_list>
<bind>
<opcode="partselect(1002) " fcode="partselect"/>
<opset="tmp_18/14 "/>
</bind>
</comp>

<comp id="1155" class="1004" name="icmp_ln134_fu_1155">
<pin_list>
<pin id="1156" dir="0" index="0" bw="3" slack="0"/>
<pin id="1157" dir="0" index="1" bw="3" slack="0"/>
<pin id="1158" dir="1" index="2" bw="1" slack="3"/>
</pin_list>
<bind>
<opcode="icmp(45) " fcode="icmp"/>
<opset="icmp_ln134/14 "/>
</bind>
</comp>

<comp id="1161" class="1004" name="zext_ln135_fu_1161">
<pin_list>
<pin id="1162" dir="0" index="0" bw="7" slack="0"/>
<pin id="1163" dir="1" index="1" bw="64" slack="1"/>
</pin_list>
<bind>
<opcode="zext(34) " fcode="zext"/>
<opset="zext_ln135/14 "/>
</bind>
</comp>

<comp id="1165" class="1004" name="add_ln321_1_fu_1165">
<pin_list>
<pin id="1166" dir="0" index="0" bw="6" slack="1"/>
<pin id="1167" dir="0" index="1" bw="7" slack="0"/>
<pin id="1168" dir="1" index="2" bw="7" slack="0"/>
</pin_list>
<bind>
<opcode="add(8) " fcode="add"/>
<opset="add_ln321_1/14 "/>
</bind>
</comp>

<comp id="1170" class="1004" name="zext_ln321_3_fu_1170">
<pin_list>
<pin id="1171" dir="0" index="0" bw="7" slack="0"/>
<pin id="1172" dir="1" index="1" bw="64" slack="0"/>
</pin_list>
<bind>
<opcode="zext(34) " fcode="zext"/>
<opset="zext_ln321_3/14 "/>
</bind>
</comp>

<comp id="1175" class="1004" name="add_ln137_fu_1175">
<pin_list>
<pin id="1176" dir="0" index="0" bw="2" slack="0"/>
<pin id="1177" dir="0" index="1" bw="7" slack="0"/>
<pin id="1178" dir="1" index="2" bw="7" slack="0"/>
</pin_list>
<bind>
<opcode="add(8) " fcode="add"/>
<opset="add_ln137/14 "/>
</bind>
</comp>

<comp id="1181" class="1004" name="zext_ln137_fu_1181">
<pin_list>
<pin id="1182" dir="0" index="0" bw="7" slack="0"/>
<pin id="1183" dir="1" index="1" bw="64" slack="0"/>
</pin_list>
<bind>
<opcode="zext(34) " fcode="zext"/>
<opset="zext_ln137/14 "/>
</bind>
</comp>

<comp id="1186" class="1004" name="add_ln137_1_fu_1186">
<pin_list>
<pin id="1187" dir="0" index="0" bw="4" slack="0"/>
<pin id="1188" dir="0" index="1" bw="7" slack="0"/>
<pin id="1189" dir="1" index="2" bw="7" slack="0"/>
</pin_list>
<bind>
<opcode="add(8) " fcode="add"/>
<opset="add_ln137_1/14 "/>
</bind>
</comp>

<comp id="1192" class="1004" name="zext_ln137_1_fu_1192">
<pin_list>
<pin id="1193" dir="0" index="0" bw="7" slack="0"/>
<pin id="1194" dir="1" index="1" bw="64" slack="0"/>
</pin_list>
<bind>
<opcode="zext(34) " fcode="zext"/>
<opset="zext_ln137_1/14 "/>
</bind>
</comp>

<comp id="1197" class="1004" name="tmp_10_fu_1197">
<pin_list>
<pin id="1198" dir="0" index="0" bw="5" slack="0"/>
<pin id="1199" dir="0" index="1" bw="2" slack="5"/>
<pin id="1200" dir="0" index="2" bw="1" slack="0"/>
<pin id="1201" dir="1" index="3" bw="5" slack="0"/>
</pin_list>
<bind>
<opcode="bitconcatenate(1004) " fcode="bitconcatenate"/>
<opset="tmp_10/14 "/>
</bind>
</comp>

<comp id="1205" class="1004" name="zext_ln321_2_fu_1205">
<pin_list>
<pin id="1206" dir="0" index="0" bw="5" slack="0"/>
<pin id="1207" dir="1" index="1" bw="64" slack="0"/>
</pin_list>
<bind>
<opcode="zext(34) " fcode="zext"/>
<opset="zext_ln321_2/14 "/>
</bind>
</comp>

<comp id="1210" class="1004" name="or_ln321_fu_1210">
<pin_list>
<pin id="1211" dir="0" index="0" bw="5" slack="0"/>
<pin id="1212" dir="0" index="1" bw="5" slack="0"/>
<pin id="1213" dir="1" index="2" bw="5" slack="0"/>
</pin_list>
<bind>
<opcode="or(24) " fcode="or"/>
<opset="or_ln321/14 "/>
</bind>
</comp>

<comp id="1216" class="1004" name="tmp_11_fu_1216">
<pin_list>
<pin id="1217" dir="0" index="0" bw="64" slack="0"/>
<pin id="1218" dir="0" index="1" bw="1" slack="0"/>
<pin id="1219" dir="0" index="2" bw="5" slack="0"/>
<pin id="1220" dir="1" index="3" bw="64" slack="0"/>
</pin_list>
<bind>
<opcode="bitconcatenate(1004) " fcode="bitconcatenate"/>
<opset="tmp_11/14 "/>
</bind>
</comp>

<comp id="1225" class="1004" name="add_ln209_fu_1225">
<pin_list>
<pin id="1226" dir="0" index="0" bw="32" slack="0"/>
<pin id="1227" dir="0" index="1" bw="32" slack="4"/>
<pin id="1228" dir="1" index="2" bw="32" slack="0"/>
</pin_list>
<bind>
<opcode="add(8) " fcode="add"/>
<opset="add_ln209/14 "/>
</bind>
</comp>

<comp id="1231" class="1004" name="add_ln209_1_fu_1231">
<pin_list>
<pin id="1232" dir="0" index="0" bw="32" slack="0"/>
<pin id="1233" dir="0" index="1" bw="32" slack="4"/>
<pin id="1234" dir="1" index="2" bw="32" slack="0"/>
</pin_list>
<bind>
<opcode="add(8) " fcode="add"/>
<opset="add_ln209_1/14 "/>
</bind>
</comp>

<comp id="1237" class="1004" name="add_ln209_2_fu_1237">
<pin_list>
<pin id="1238" dir="0" index="0" bw="32" slack="0"/>
<pin id="1239" dir="0" index="1" bw="32" slack="3"/>
<pin id="1240" dir="1" index="2" bw="32" slack="1"/>
</pin_list>
<bind>
<opcode="add(8) " fcode="add"/>
<opset="add_ln209_2/14 "/>
</bind>
</comp>

<comp id="1242" class="1004" name="add_ln209_4_fu_1242">
<pin_list>
<pin id="1243" dir="0" index="0" bw="32" slack="0"/>
<pin id="1244" dir="0" index="1" bw="32" slack="2"/>
<pin id="1245" dir="1" index="2" bw="32" slack="2"/>
</pin_list>
<bind>
<opcode="add(8) " fcode="add"/>
<opset="add_ln209_4/14 "/>
</bind>
</comp>

<comp id="1247" class="1004" name="add_ln209_5_fu_1247">
<pin_list>
<pin id="1248" dir="0" index="0" bw="32" slack="0"/>
<pin id="1249" dir="0" index="1" bw="32" slack="2"/>
<pin id="1250" dir="1" index="2" bw="32" slack="2"/>
</pin_list>
<bind>
<opcode="add(8) " fcode="add"/>
<opset="add_ln209_5/14 "/>
</bind>
</comp>

<comp id="1252" class="1004" name="add_ln209_6_fu_1252">
<pin_list>
<pin id="1253" dir="0" index="0" bw="32" slack="0"/>
<pin id="1254" dir="0" index="1" bw="32" slack="1"/>
<pin id="1255" dir="1" index="2" bw="32" slack="3"/>
</pin_list>
<bind>
<opcode="add(8) " fcode="add"/>
<opset="add_ln209_6/14 "/>
</bind>
</comp>

<comp id="1257" class="1004" name="i_9_fu_1257">
<pin_list>
<pin id="1258" dir="0" index="0" bw="2" slack="5"/>
<pin id="1259" dir="0" index="1" bw="1" slack="0"/>
<pin id="1260" dir="1" index="2" bw="2" slack="1"/>
</pin_list>
<bind>
<opcode="add(8) " fcode="add"/>
<opset="i_9/14 "/>
</bind>
</comp>

<comp id="1263" class="1004" name="add_ln137_2_fu_1263">
<pin_list>
<pin id="1264" dir="0" index="0" bw="5" slack="0"/>
<pin id="1265" dir="0" index="1" bw="7" slack="1"/>
<pin id="1266" dir="1" index="2" bw="7" slack="0"/>
</pin_list>
<bind>
<opcode="add(8) " fcode="add"/>
<opset="add_ln137_2/15 "/>
</bind>
</comp>

<comp id="1269" class="1004" name="zext_ln137_2_fu_1269">
<pin_list>
<pin id="1270" dir="0" index="0" bw="7" slack="0"/>
<pin id="1271" dir="1" index="1" bw="64" slack="0"/>
</pin_list>
<bind>
<opcode="zext(34) " fcode="zext"/>
<opset="zext_ln137_2/15 "/>
</bind>
</comp>

<comp id="1274" class="1004" name="add_ln137_3_fu_1274">
<pin_list>
<pin id="1275" dir="0" index="0" bw="5" slack="0"/>
<pin id="1276" dir="0" index="1" bw="7" slack="1"/>
<pin id="1277" dir="1" index="2" bw="7" slack="0"/>
</pin_list>
<bind>
<opcode="add(8) " fcode="add"/>
<opset="add_ln137_3/15 "/>
</bind>
</comp>

<comp id="1280" class="1004" name="zext_ln137_3_fu_1280">
<pin_list>
<pin id="1281" dir="0" index="0" bw="7" slack="0"/>
<pin id="1282" dir="1" index="1" bw="64" slack="0"/>
</pin_list>
<bind>
<opcode="zext(34) " fcode="zext"/>
<opset="zext_ln137_3/15 "/>
</bind>
</comp>

<comp id="1285" class="1004" name="r_V_5_fu_1285">
<pin_list>
<pin id="1286" dir="0" index="0" bw="15" slack="0"/>
<pin id="1287" dir="0" index="1" bw="32" slack="1"/>
<pin id="1288" dir="0" index="2" bw="6" slack="0"/>
<pin id="1289" dir="0" index="3" bw="6" slack="0"/>
<pin id="1290" dir="1" index="4" bw="15" slack="0"/>
</pin_list>
<bind>
<opcode="partselect(1002) " fcode="partselect"/>
<opset="r_V_5/16 "/>
</bind>
</comp>

<comp id="1295" class="1004" name="trunc_ln1503_6_fu_1295">
<pin_list>
<pin id="1296" dir="0" index="0" bw="32" slack="1"/>
<pin id="1297" dir="1" index="1" bw="17" slack="0"/>
</pin_list>
<bind>
<opcode="trunc(33) " fcode="trunc"/>
<opset="trunc_ln1503_6/16 "/>
</bind>
</comp>

<comp id="1299" class="1004" name="ret_V_22_fu_1299">
<pin_list>
<pin id="1300" dir="0" index="0" bw="32" slack="0"/>
<pin id="1301" dir="0" index="1" bw="17" slack="0"/>
<pin id="1302" dir="0" index="2" bw="15" slack="0"/>
<pin id="1303" dir="1" index="3" bw="32" slack="0"/>
</pin_list>
<bind>
<opcode="bitconcatenate(1004) " fcode="bitconcatenate"/>
<opset="ret_V_22/16 "/>
</bind>
</comp>

<comp id="1307" class="1004" name="r_V_6_fu_1307">
<pin_list>
<pin id="1308" dir="0" index="0" bw="13" slack="0"/>
<pin id="1309" dir="0" index="1" bw="32" slack="1"/>
<pin id="1310" dir="0" index="2" bw="6" slack="0"/>
<pin id="1311" dir="0" index="3" bw="6" slack="0"/>
<pin id="1312" dir="1" index="4" bw="13" slack="0"/>
</pin_list>
<bind>
<opcode="partselect(1002) " fcode="partselect"/>
<opset="r_V_6/16 "/>
</bind>
</comp>

<comp id="1317" class="1004" name="trunc_ln1503_7_fu_1317">
<pin_list>
<pin id="1318" dir="0" index="0" bw="32" slack="1"/>
<pin id="1319" dir="1" index="1" bw="19" slack="0"/>
</pin_list>
<bind>
<opcode="trunc(33) " fcode="trunc"/>
<opset="trunc_ln1503_7/16 "/>
</bind>
</comp>

<comp id="1321" class="1004" name="ret_V_23_fu_1321">
<pin_list>
<pin id="1322" dir="0" index="0" bw="32" slack="0"/>
<pin id="1323" dir="0" index="1" bw="19" slack="0"/>
<pin id="1324" dir="0" index="2" bw="13" slack="0"/>
<pin id="1325" dir="1" index="3" bw="32" slack="0"/>
</pin_list>
<bind>
<opcode="bitconcatenate(1004) " fcode="bitconcatenate"/>
<opset="ret_V_23/16 "/>
</bind>
</comp>

<comp id="1329" class="1004" name="r_V_7_fu_1329">
<pin_list>
<pin id="1330" dir="0" index="0" bw="22" slack="0"/>
<pin id="1331" dir="0" index="1" bw="32" slack="1"/>
<pin id="1332" dir="0" index="2" bw="5" slack="0"/>
<pin id="1333" dir="0" index="3" bw="6" slack="0"/>
<pin id="1334" dir="1" index="4" bw="22" slack="0"/>
</pin_list>
<bind>
<opcode="partselect(1002) " fcode="partselect"/>
<opset="r_V_7/16 "/>
</bind>
</comp>

<comp id="1339" class="1004" name="r_V_13_fu_1339">
<pin_list>
<pin id="1340" dir="0" index="0" bw="22" slack="0"/>
<pin id="1341" dir="1" index="1" bw="32" slack="0"/>
</pin_list>
<bind>
<opcode="zext(34) " fcode="zext"/>
<opset="r_V_13/16 "/>
</bind>
</comp>

<comp id="1343" class="1004" name="xor_ln1357_4_fu_1343">
<pin_list>
<pin id="1344" dir="0" index="0" bw="32" slack="0"/>
<pin id="1345" dir="0" index="1" bw="32" slack="0"/>
<pin id="1346" dir="1" index="2" bw="32" slack="0"/>
</pin_list>
<bind>
<opcode="xor(25) " fcode="xor"/>
<opset="xor_ln1357_4/16 "/>
</bind>
</comp>

<comp id="1349" class="1004" name="ret_V_fu_1349">
<pin_list>
<pin id="1350" dir="0" index="0" bw="32" slack="0"/>
<pin id="1351" dir="0" index="1" bw="32" slack="0"/>
<pin id="1352" dir="1" index="2" bw="32" slack="0"/>
</pin_list>
<bind>
<opcode="xor(25) " fcode="xor"/>
<opset="ret_V/16 "/>
</bind>
</comp>

<comp id="1355" class="1004" name="r_V_8_fu_1355">
<pin_list>
<pin id="1356" dir="0" index="0" bw="25" slack="0"/>
<pin id="1357" dir="0" index="1" bw="32" slack="0"/>
<pin id="1358" dir="0" index="2" bw="4" slack="0"/>
<pin id="1359" dir="0" index="3" bw="6" slack="0"/>
<pin id="1360" dir="1" index="4" bw="25" slack="0"/>
</pin_list>
<bind>
<opcode="partselect(1002) " fcode="partselect"/>
<opset="r_V_8/16 "/>
</bind>
</comp>

<comp id="1365" class="1004" name="trunc_ln1503_8_fu_1365">
<pin_list>
<pin id="1366" dir="0" index="0" bw="32" slack="0"/>
<pin id="1367" dir="1" index="1" bw="7" slack="0"/>
</pin_list>
<bind>
<opcode="trunc(33) " fcode="trunc"/>
<opset="trunc_ln1503_8/16 "/>
</bind>
</comp>

<comp id="1369" class="1004" name="ret_V_24_fu_1369">
<pin_list>
<pin id="1370" dir="0" index="0" bw="32" slack="0"/>
<pin id="1371" dir="0" index="1" bw="7" slack="0"/>
<pin id="1372" dir="0" index="2" bw="25" slack="0"/>
<pin id="1373" dir="1" index="3" bw="32" slack="0"/>
</pin_list>
<bind>
<opcode="bitconcatenate(1004) " fcode="bitconcatenate"/>
<opset="ret_V_24/16 "/>
</bind>
</comp>

<comp id="1377" class="1004" name="r_V_9_fu_1377">
<pin_list>
<pin id="1378" dir="0" index="0" bw="14" slack="0"/>
<pin id="1379" dir="0" index="1" bw="32" slack="0"/>
<pin id="1380" dir="0" index="2" bw="6" slack="0"/>
<pin id="1381" dir="0" index="3" bw="6" slack="0"/>
<pin id="1382" dir="1" index="4" bw="14" slack="0"/>
</pin_list>
<bind>
<opcode="partselect(1002) " fcode="partselect"/>
<opset="r_V_9/16 "/>
</bind>
</comp>

<comp id="1387" class="1004" name="trunc_ln1503_9_fu_1387">
<pin_list>
<pin id="1388" dir="0" index="0" bw="32" slack="0"/>
<pin id="1389" dir="1" index="1" bw="18" slack="0"/>
</pin_list>
<bind>
<opcode="trunc(33) " fcode="trunc"/>
<opset="trunc_ln1503_9/16 "/>
</bind>
</comp>

<comp id="1391" class="1004" name="ret_V_25_fu_1391">
<pin_list>
<pin id="1392" dir="0" index="0" bw="32" slack="0"/>
<pin id="1393" dir="0" index="1" bw="18" slack="0"/>
<pin id="1394" dir="0" index="2" bw="14" slack="0"/>
<pin id="1395" dir="1" index="3" bw="32" slack="0"/>
</pin_list>
<bind>
<opcode="bitconcatenate(1004) " fcode="bitconcatenate"/>
<opset="ret_V_25/16 "/>
</bind>
</comp>

<comp id="1399" class="1004" name="r_V_10_fu_1399">
<pin_list>
<pin id="1400" dir="0" index="0" bw="29" slack="0"/>
<pin id="1401" dir="0" index="1" bw="32" slack="0"/>
<pin id="1402" dir="0" index="2" bw="3" slack="0"/>
<pin id="1403" dir="0" index="3" bw="6" slack="0"/>
<pin id="1404" dir="1" index="4" bw="29" slack="0"/>
</pin_list>
<bind>
<opcode="partselect(1002) " fcode="partselect"/>
<opset="r_V_10/16 "/>
</bind>
</comp>

<comp id="1409" class="1004" name="r_V_14_fu_1409">
<pin_list>
<pin id="1410" dir="0" index="0" bw="29" slack="0"/>
<pin id="1411" dir="1" index="1" bw="32" slack="0"/>
</pin_list>
<bind>
<opcode="zext(34) " fcode="zext"/>
<opset="r_V_14/16 "/>
</bind>
</comp>

<comp id="1413" class="1004" name="xor_ln1357_6_fu_1413">
<pin_list>
<pin id="1414" dir="0" index="0" bw="32" slack="0"/>
<pin id="1415" dir="0" index="1" bw="32" slack="0"/>
<pin id="1416" dir="1" index="2" bw="32" slack="0"/>
</pin_list>
<bind>
<opcode="xor(25) " fcode="xor"/>
<opset="xor_ln1357_6/16 "/>
</bind>
</comp>

<comp id="1419" class="1004" name="ret_V_13_fu_1419">
<pin_list>
<pin id="1420" dir="0" index="0" bw="32" slack="0"/>
<pin id="1421" dir="0" index="1" bw="32" slack="0"/>
<pin id="1422" dir="1" index="2" bw="32" slack="0"/>
</pin_list>
<bind>
<opcode="xor(25) " fcode="xor"/>
<opset="ret_V_13/16 "/>
</bind>
</comp>

<comp id="1425" class="1004" name="add_ln209_9_fu_1425">
<pin_list>
<pin id="1426" dir="0" index="0" bw="32" slack="0"/>
<pin id="1427" dir="0" index="1" bw="32" slack="0"/>
<pin id="1428" dir="1" index="2" bw="32" slack="1"/>
</pin_list>
<bind>
<opcode="add(8) " fcode="add"/>
<opset="add_ln209_9/16 "/>
</bind>
</comp>

<comp id="1431" class="1004" name="add_ln209_8_fu_1431">
<pin_list>
<pin id="1432" dir="0" index="0" bw="32" slack="2"/>
<pin id="1433" dir="0" index="1" bw="32" slack="1"/>
<pin id="1434" dir="1" index="2" bw="32" slack="0"/>
</pin_list>
<bind>
<opcode="add(8) " fcode="add"/>
<opset="add_ln209_8/17 "/>
</bind>
</comp>

<comp id="1436" class="1004" name="add_ln209_10_fu_1436">
<pin_list>
<pin id="1437" dir="0" index="0" bw="32" slack="1"/>
<pin id="1438" dir="0" index="1" bw="32" slack="0"/>
<pin id="1439" dir="1" index="2" bw="32" slack="0"/>
</pin_list>
<bind>
<opcode="add(8) " fcode="add"/>
<opset="add_ln209_10/17 "/>
</bind>
</comp>

<comp id="1442" class="1004" name="add_ln209_12_fu_1442">
<pin_list>
<pin id="1443" dir="0" index="0" bw="32" slack="3"/>
<pin id="1444" dir="0" index="1" bw="32" slack="3"/>
<pin id="1445" dir="1" index="2" bw="32" slack="0"/>
</pin_list>
<bind>
<opcode="add(8) " fcode="add"/>
<opset="add_ln209_12/17 "/>
</bind>
</comp>

<comp id="1447" class="1004" name="add_ln209_13_fu_1447">
<pin_list>
<pin id="1448" dir="0" index="0" bw="32" slack="0"/>
<pin id="1449" dir="0" index="1" bw="32" slack="3"/>
<pin id="1450" dir="1" index="2" bw="32" slack="2"/>
</pin_list>
<bind>
<opcode="add(8) " fcode="add"/>
<opset="add_ln209_13/17 "/>
</bind>
</comp>

<comp id="1452" class="1004" name="add_ln209_11_fu_1452">
<pin_list>
<pin id="1453" dir="0" index="0" bw="32" slack="0"/>
<pin id="1454" dir="0" index="1" bw="32" slack="0"/>
<pin id="1455" dir="1" index="2" bw="32" slack="0"/>
</pin_list>
<bind>
<opcode="add(8) " fcode="add"/>
<opset="add_ln209_11/20 "/>
</bind>
</comp>

<comp id="1458" class="1004" name="T1_V_fu_1458">
<pin_list>
<pin id="1459" dir="0" index="0" bw="32" slack="2"/>
<pin id="1460" dir="0" index="1" bw="32" slack="0"/>
<pin id="1461" dir="1" index="2" bw="32" slack="1"/>
</pin_list>
<bind>
<opcode="add(8) " fcode="add"/>
<opset="T1_V/20 "/>
</bind>
</comp>

<comp id="1463" class="1004" name="e_V_1_fu_1463">
<pin_list>
<pin id="1464" dir="0" index="0" bw="32" slack="6"/>
<pin id="1465" dir="0" index="1" bw="32" slack="1"/>
<pin id="1466" dir="1" index="2" bw="32" slack="1"/>
</pin_list>
<bind>
<opcode="add(8) " fcode="add"/>
<opset="e_V_1/21 "/>
</bind>
</comp>

<comp id="1468" class="1004" name="add_ln209_16_fu_1468">
<pin_list>
<pin id="1469" dir="0" index="0" bw="32" slack="6"/>
<pin id="1470" dir="0" index="1" bw="32" slack="1"/>
<pin id="1471" dir="1" index="2" bw="32" slack="0"/>
</pin_list>
<bind>
<opcode="add(8) " fcode="add"/>
<opset="add_ln209_16/21 "/>
</bind>
</comp>

<comp id="1472" class="1004" name="a_V_1_fu_1472">
<pin_list>
<pin id="1473" dir="0" index="0" bw="32" slack="0"/>
<pin id="1474" dir="0" index="1" bw="32" slack="6"/>
<pin id="1475" dir="1" index="2" bw="32" slack="1"/>
</pin_list>
<bind>
<opcode="add(8) " fcode="add"/>
<opset="a_V_1/21 "/>
</bind>
</comp>

<comp id="1477" class="1004" name="or_ln321_1_fu_1477">
<pin_list>
<pin id="1478" dir="0" index="0" bw="5" slack="1"/>
<pin id="1479" dir="0" index="1" bw="5" slack="0"/>
<pin id="1480" dir="1" index="2" bw="5" slack="0"/>
</pin_list>
<bind>
<opcode="or(24) " fcode="or"/>
<opset="or_ln321_1/22 "/>
</bind>
</comp>

<comp id="1482" class="1004" name="tmp_12_fu_1482">
<pin_list>
<pin id="1483" dir="0" index="0" bw="64" slack="0"/>
<pin id="1484" dir="0" index="1" bw="1" slack="0"/>
<pin id="1485" dir="0" index="2" bw="5" slack="0"/>
<pin id="1486" dir="1" index="3" bw="64" slack="0"/>
</pin_list>
<bind>
<opcode="bitconcatenate(1004) " fcode="bitconcatenate"/>
<opset="tmp_12/22 "/>
</bind>
</comp>

<comp id="1491" class="1004" name="or_ln321_2_fu_1491">
<pin_list>
<pin id="1492" dir="0" index="0" bw="5" slack="1"/>
<pin id="1493" dir="0" index="1" bw="5" slack="0"/>
<pin id="1494" dir="1" index="2" bw="5" slack="0"/>
</pin_list>
<bind>
<opcode="or(24) " fcode="or"/>
<opset="or_ln321_2/22 "/>
</bind>
</comp>

<comp id="1496" class="1004" name="tmp_13_fu_1496">
<pin_list>
<pin id="1497" dir="0" index="0" bw="64" slack="0"/>
<pin id="1498" dir="0" index="1" bw="1" slack="0"/>
<pin id="1499" dir="0" index="2" bw="5" slack="0"/>
<pin id="1500" dir="1" index="3" bw="64" slack="0"/>
</pin_list>
<bind>
<opcode="bitconcatenate(1004) " fcode="bitconcatenate"/>
<opset="tmp_13/22 "/>
</bind>
</comp>

<comp id="1505" class="1004" name="add_ln209_3_fu_1505">
<pin_list>
<pin id="1506" dir="0" index="0" bw="32" slack="1"/>
<pin id="1507" dir="0" index="1" bw="32" slack="4"/>
<pin id="1508" dir="1" index="2" bw="32" slack="0"/>
</pin_list>
<bind>
<opcode="add(8) " fcode="add"/>
<opset="add_ln209_3/22 "/>
</bind>
</comp>

<comp id="1511" class="1004" name="or_ln321_3_fu_1511">
<pin_list>
<pin id="1512" dir="0" index="0" bw="5" slack="2"/>
<pin id="1513" dir="0" index="1" bw="5" slack="0"/>
<pin id="1514" dir="1" index="2" bw="5" slack="0"/>
</pin_list>
<bind>
<opcode="or(24) " fcode="or"/>
<opset="or_ln321_3/23 "/>
</bind>
</comp>

<comp id="1516" class="1004" name="tmp_14_fu_1516">
<pin_list>
<pin id="1517" dir="0" index="0" bw="64" slack="0"/>
<pin id="1518" dir="0" index="1" bw="1" slack="0"/>
<pin id="1519" dir="0" index="2" bw="5" slack="0"/>
<pin id="1520" dir="1" index="3" bw="64" slack="0"/>
</pin_list>
<bind>
<opcode="bitconcatenate(1004) " fcode="bitconcatenate"/>
<opset="tmp_14/23 "/>
</bind>
</comp>

<comp id="1525" class="1004" name="or_ln321_4_fu_1525">
<pin_list>
<pin id="1526" dir="0" index="0" bw="5" slack="2"/>
<pin id="1527" dir="0" index="1" bw="5" slack="0"/>
<pin id="1528" dir="1" index="2" bw="5" slack="0"/>
</pin_list>
<bind>
<opcode="or(24) " fcode="or"/>
<opset="or_ln321_4/23 "/>
</bind>
</comp>

<comp id="1530" class="1004" name="tmp_15_fu_1530">
<pin_list>
<pin id="1531" dir="0" index="0" bw="64" slack="0"/>
<pin id="1532" dir="0" index="1" bw="1" slack="0"/>
<pin id="1533" dir="0" index="2" bw="5" slack="0"/>
<pin id="1534" dir="1" index="3" bw="64" slack="0"/>
</pin_list>
<bind>
<opcode="bitconcatenate(1004) " fcode="bitconcatenate"/>
<opset="tmp_15/23 "/>
</bind>
</comp>

<comp id="1539" class="1004" name="or_ln321_5_fu_1539">
<pin_list>
<pin id="1540" dir="0" index="0" bw="5" slack="3"/>
<pin id="1541" dir="0" index="1" bw="5" slack="0"/>
<pin id="1542" dir="1" index="2" bw="5" slack="0"/>
</pin_list>
<bind>
<opcode="or(24) " fcode="or"/>
<opset="or_ln321_5/24 "/>
</bind>
</comp>

<comp id="1544" class="1004" name="tmp_16_fu_1544">
<pin_list>
<pin id="1545" dir="0" index="0" bw="64" slack="0"/>
<pin id="1546" dir="0" index="1" bw="1" slack="0"/>
<pin id="1547" dir="0" index="2" bw="5" slack="0"/>
<pin id="1548" dir="1" index="3" bw="64" slack="0"/>
</pin_list>
<bind>
<opcode="bitconcatenate(1004) " fcode="bitconcatenate"/>
<opset="tmp_16/24 "/>
</bind>
</comp>

<comp id="1553" class="1004" name="or_ln321_6_fu_1553">
<pin_list>
<pin id="1554" dir="0" index="0" bw="5" slack="3"/>
<pin id="1555" dir="0" index="1" bw="5" slack="0"/>
<pin id="1556" dir="1" index="2" bw="5" slack="0"/>
</pin_list>
<bind>
<opcode="or(24) " fcode="or"/>
<opset="or_ln321_6/24 "/>
</bind>
</comp>

<comp id="1558" class="1004" name="tmp_17_fu_1558">
<pin_list>
<pin id="1559" dir="0" index="0" bw="64" slack="0"/>
<pin id="1560" dir="0" index="1" bw="1" slack="0"/>
<pin id="1561" dir="0" index="2" bw="5" slack="0"/>
<pin id="1562" dir="1" index="3" bw="64" slack="0"/>
</pin_list>
<bind>
<opcode="bitconcatenate(1004) " fcode="bitconcatenate"/>
<opset="tmp_17/24 "/>
</bind>
</comp>

<comp id="1567" class="1004" name="add_ln209_7_fu_1567">
<pin_list>
<pin id="1568" dir="0" index="0" bw="32" slack="3"/>
<pin id="1569" dir="0" index="1" bw="32" slack="4"/>
<pin id="1570" dir="1" index="2" bw="32" slack="0"/>
</pin_list>
<bind>
<opcode="add(8) " fcode="add"/>
<opset="add_ln209_7/24 "/>
</bind>
</comp>

<comp id="1573" class="1004" name="icmp_ln161_fu_1573">
<pin_list>
<pin id="1574" dir="0" index="0" bw="4" slack="0"/>
<pin id="1575" dir="0" index="1" bw="4" slack="0"/>
<pin id="1576" dir="1" index="2" bw="1" slack="2147483647"/>
</pin_list>
<bind>
<opcode="icmp(45) " fcode="icmp"/>
<opset="icmp_ln161/25 "/>
</bind>
</comp>

<comp id="1579" class="1004" name="i_8_fu_1579">
<pin_list>
<pin id="1580" dir="0" index="0" bw="4" slack="0"/>
<pin id="1581" dir="0" index="1" bw="1" slack="0"/>
<pin id="1582" dir="1" index="2" bw="4" slack="0"/>
</pin_list>
<bind>
<opcode="add(8) " fcode="add"/>
<opset="i_8/25 "/>
</bind>
</comp>

<comp id="1585" class="1004" name="tmp_s_fu_1585">
<pin_list>
<pin id="1586" dir="0" index="0" bw="64" slack="0"/>
<pin id="1587" dir="0" index="1" bw="1" slack="0"/>
<pin id="1588" dir="0" index="2" bw="4" slack="0"/>
<pin id="1589" dir="1" index="3" bw="64" slack="0"/>
</pin_list>
<bind>
<opcode="bitconcatenate(1004) " fcode="bitconcatenate"/>
<opset="tmp_s/25 "/>
</bind>
</comp>

<comp id="1594" class="1004" name="zext_ln162_fu_1594">
<pin_list>
<pin id="1595" dir="0" index="0" bw="4" slack="1"/>
<pin id="1596" dir="1" index="1" bw="64" slack="0"/>
</pin_list>
<bind>
<opcode="zext(34) " fcode="zext"/>
<opset="zext_ln162/26 "/>
</bind>
</comp>

<comp id="1599" class="1005" name="M_V_addr_reg_1599">
<pin_list>
<pin id="1600" dir="0" index="0" bw="9" slack="1"/>
<pin id="1601" dir="1" index="1" bw="9" slack="1"/>
</pin_list>
<bind>
<opset="M_V_addr "/>
</bind>
</comp>

<comp id="1604" class="1005" name="H_V_addr_reg_1604">
<pin_list>
<pin id="1605" dir="0" index="0" bw="8" slack="2"/>
<pin id="1606" dir="1" index="1" bw="8" slack="2"/>
</pin_list>
<bind>
<opset="H_V_addr "/>
</bind>
</comp>

<comp id="1612" class="1005" name="i_reg_1612">
<pin_list>
<pin id="1613" dir="0" index="0" bw="5" slack="0"/>
<pin id="1614" dir="1" index="1" bw="5" slack="0"/>
</pin_list>
<bind>
<opset="i "/>
</bind>
</comp>

<comp id="1617" class="1005" name="zext_ln80_reg_1617">
<pin_list>
<pin id="1618" dir="0" index="0" bw="64" slack="1"/>
<pin id="1619" dir="1" index="1" bw="64" slack="1"/>
</pin_list>
<bind>
<opset="zext_ln80 "/>
</bind>
</comp>

<comp id="1622" class="1005" name="input_V_addr_reg_1622">
<pin_list>
<pin id="1623" dir="0" index="0" bw="5" slack="1"/>
<pin id="1624" dir="1" index="1" bw="5" slack="1"/>
</pin_list>
<bind>
<opset="input_V_addr "/>
</bind>
</comp>

<comp id="1627" class="1005" name="zext_ln104_reg_1627">
<pin_list>
<pin id="1628" dir="0" index="0" bw="6" slack="1"/>
<pin id="1629" dir="1" index="1" bw="6" slack="1"/>
</pin_list>
<bind>
<opset="zext_ln104 "/>
</bind>
</comp>

<comp id="1635" class="1005" name="i_4_reg_1635">
<pin_list>
<pin id="1636" dir="0" index="0" bw="5" slack="0"/>
<pin id="1637" dir="1" index="1" bw="5" slack="0"/>
</pin_list>
<bind>
<opset="i_4 "/>
</bind>
</comp>

<comp id="1640" class="1005" name="zext_ln1598_reg_1640">
<pin_list>
<pin id="1641" dir="0" index="0" bw="7" slack="1"/>
<pin id="1642" dir="1" index="1" bw="7" slack="1"/>
</pin_list>
<bind>
<opset="zext_ln1598 "/>
</bind>
</comp>

<comp id="1648" class="1005" name="j_reg_1648">
<pin_list>
<pin id="1649" dir="0" index="0" bw="2" slack="0"/>
<pin id="1650" dir="1" index="1" bw="2" slack="0"/>
</pin_list>
<bind>
<opset="j "/>
</bind>
</comp>

<comp id="1653" class="1005" name="add_ln321_reg_1653">
<pin_list>
<pin id="1654" dir="0" index="0" bw="7" slack="1"/>
<pin id="1655" dir="1" index="1" bw="7" slack="1"/>
</pin_list>
<bind>
<opset="add_ln321 "/>
</bind>
</comp>

<comp id="1658" class="1005" name="message_V_addr_4_reg_1658">
<pin_list>
<pin id="1659" dir="0" index="0" bw="14" slack="1"/>
<pin id="1660" dir="1" index="1" bw="14" slack="1"/>
</pin_list>
<bind>
<opset="message_V_addr_4 "/>
</bind>
</comp>

<comp id="1666" class="1005" name="i_7_reg_1666">
<pin_list>
<pin id="1667" dir="0" index="0" bw="4" slack="0"/>
<pin id="1668" dir="1" index="1" bw="4" slack="0"/>
</pin_list>
<bind>
<opset="i_7 "/>
</bind>
</comp>

<comp id="1671" class="1005" name="zext_ln111_reg_1671">
<pin_list>
<pin id="1672" dir="0" index="0" bw="64" slack="1"/>
<pin id="1673" dir="1" index="1" bw="64" slack="1"/>
</pin_list>
<bind>
<opset="zext_ln111 "/>
</bind>
</comp>

<comp id="1676" class="1005" name="H_0_V_addr_reg_1676">
<pin_list>
<pin id="1677" dir="0" index="0" bw="3" slack="1"/>
<pin id="1678" dir="1" index="1" bw="3" slack="1"/>
</pin_list>
<bind>
<opset="H_0_V_addr "/>
</bind>
</comp>

<comp id="1684" class="1005" name="add_ln116_reg_1684">
<pin_list>
<pin id="1685" dir="0" index="0" bw="2" slack="4"/>
<pin id="1686" dir="1" index="1" bw="2" slack="4"/>
</pin_list>
<bind>
<opset="add_ln116 "/>
</bind>
</comp>

<comp id="1689" class="1005" name="tmp_2_reg_1689">
<pin_list>
<pin id="1690" dir="0" index="0" bw="5" slack="1"/>
<pin id="1691" dir="1" index="1" bw="5" slack="1"/>
</pin_list>
<bind>
<opset="tmp_2 "/>
</bind>
</comp>

<comp id="1699" class="1005" name="H_V_addr_2_reg_1699">
<pin_list>
<pin id="1700" dir="0" index="0" bw="8" slack="1"/>
<pin id="1701" dir="1" index="1" bw="8" slack="1"/>
</pin_list>
<bind>
<opset="H_V_addr_2 "/>
</bind>
</comp>

<comp id="1704" class="1005" name="H_V_addr_3_reg_1704">
<pin_list>
<pin id="1705" dir="0" index="0" bw="8" slack="1"/>
<pin id="1706" dir="1" index="1" bw="8" slack="1"/>
</pin_list>
<bind>
<opset="H_V_addr_3 "/>
</bind>
</comp>

<comp id="1709" class="1005" name="H_V_addr_4_reg_1709">
<pin_list>
<pin id="1710" dir="0" index="0" bw="8" slack="1"/>
<pin id="1711" dir="1" index="1" bw="8" slack="1"/>
</pin_list>
<bind>
<opset="H_V_addr_4 "/>
</bind>
</comp>

<comp id="1714" class="1005" name="H_V_addr_5_reg_1714">
<pin_list>
<pin id="1715" dir="0" index="0" bw="8" slack="1"/>
<pin id="1716" dir="1" index="1" bw="8" slack="1"/>
</pin_list>
<bind>
<opset="H_V_addr_5 "/>
</bind>
</comp>

<comp id="1719" class="1005" name="a_V_reg_1719">
<pin_list>
<pin id="1720" dir="0" index="0" bw="32" slack="4"/>
<pin id="1721" dir="1" index="1" bw="32" slack="4"/>
</pin_list>
<bind>
<opset="a_V "/>
</bind>
</comp>

<comp id="1725" class="1005" name="b_V_reg_1725">
<pin_list>
<pin id="1726" dir="0" index="0" bw="32" slack="4"/>
<pin id="1727" dir="1" index="1" bw="32" slack="4"/>
</pin_list>
<bind>
<opset="b_V "/>
</bind>
</comp>

<comp id="1731" class="1005" name="H_V_addr_6_reg_1731">
<pin_list>
<pin id="1732" dir="0" index="0" bw="8" slack="1"/>
<pin id="1733" dir="1" index="1" bw="8" slack="1"/>
</pin_list>
<bind>
<opset="H_V_addr_6 "/>
</bind>
</comp>

<comp id="1736" class="1005" name="H_V_addr_7_reg_1736">
<pin_list>
<pin id="1737" dir="0" index="0" bw="8" slack="1"/>
<pin id="1738" dir="1" index="1" bw="8" slack="1"/>
</pin_list>
<bind>
<opset="H_V_addr_7 "/>
</bind>
</comp>

<comp id="1741" class="1005" name="c_V_reg_1741">
<pin_list>
<pin id="1742" dir="0" index="0" bw="32" slack="3"/>
<pin id="1743" dir="1" index="1" bw="32" slack="3"/>
</pin_list>
<bind>
<opset="c_V "/>
</bind>
</comp>

<comp id="1747" class="1005" name="d_V_reg_1747">
<pin_list>
<pin id="1748" dir="0" index="0" bw="32" slack="3"/>
<pin id="1749" dir="1" index="1" bw="32" slack="3"/>
</pin_list>
<bind>
<opset="d_V "/>
</bind>
</comp>

<comp id="1753" class="1005" name="H_V_addr_8_reg_1753">
<pin_list>
<pin id="1754" dir="0" index="0" bw="8" slack="1"/>
<pin id="1755" dir="1" index="1" bw="8" slack="1"/>
</pin_list>
<bind>
<opset="H_V_addr_8 "/>
</bind>
</comp>

<comp id="1758" class="1005" name="H_V_addr_9_reg_1758">
<pin_list>
<pin id="1759" dir="0" index="0" bw="8" slack="1"/>
<pin id="1760" dir="1" index="1" bw="8" slack="1"/>
</pin_list>
<bind>
<opset="H_V_addr_9 "/>
</bind>
</comp>

<comp id="1763" class="1005" name="e_V_reg_1763">
<pin_list>
<pin id="1764" dir="0" index="0" bw="32" slack="2"/>
<pin id="1765" dir="1" index="1" bw="32" slack="2"/>
</pin_list>
<bind>
<opset="e_V "/>
</bind>
</comp>

<comp id="1769" class="1005" name="f_V_reg_1769">
<pin_list>
<pin id="1770" dir="0" index="0" bw="32" slack="2"/>
<pin id="1771" dir="1" index="1" bw="32" slack="2"/>
</pin_list>
<bind>
<opset="f_V "/>
</bind>
</comp>

<comp id="1775" class="1005" name="zext_ln116_1_reg_1775">
<pin_list>
<pin id="1776" dir="0" index="0" bw="7" slack="1"/>
<pin id="1777" dir="1" index="1" bw="7" slack="1"/>
</pin_list>
<bind>
<opset="zext_ln116_1 "/>
</bind>
</comp>

<comp id="1780" class="1005" name="g_V_reg_1780">
<pin_list>
<pin id="1781" dir="0" index="0" bw="32" slack="1"/>
<pin id="1782" dir="1" index="1" bw="32" slack="1"/>
</pin_list>
<bind>
<opset="g_V "/>
</bind>
</comp>

<comp id="1786" class="1005" name="h_V_reg_1786">
<pin_list>
<pin id="1787" dir="0" index="0" bw="32" slack="1"/>
<pin id="1788" dir="1" index="1" bw="32" slack="1"/>
</pin_list>
<bind>
<opset="h_V "/>
</bind>
</comp>

<comp id="1795" class="1005" name="j_1_reg_1795">
<pin_list>
<pin id="1796" dir="0" index="0" bw="7" slack="0"/>
<pin id="1797" dir="1" index="1" bw="7" slack="0"/>
</pin_list>
<bind>
<opset="j_1 "/>
</bind>
</comp>

<comp id="1800" class="1005" name="ch_V_reg_1800">
<pin_list>
<pin id="1801" dir="0" index="0" bw="32" slack="3"/>
<pin id="1802" dir="1" index="1" bw="32" slack="3"/>
</pin_list>
<bind>
<opset="ch_V "/>
</bind>
</comp>

<comp id="1805" class="1005" name="maj_V_reg_1805">
<pin_list>
<pin id="1806" dir="0" index="0" bw="32" slack="6"/>
<pin id="1807" dir="1" index="1" bw="32" slack="6"/>
</pin_list>
<bind>
<opset="maj_V "/>
</bind>
</comp>

<comp id="1810" class="1005" name="ret_V_17_reg_1810">
<pin_list>
<pin id="1811" dir="0" index="0" bw="32" slack="6"/>
<pin id="1812" dir="1" index="1" bw="32" slack="6"/>
</pin_list>
<bind>
<opset="ret_V_17 "/>
</bind>
</comp>

<comp id="1815" class="1005" name="ret_V_21_reg_1815">
<pin_list>
<pin id="1816" dir="0" index="0" bw="32" slack="3"/>
<pin id="1817" dir="1" index="1" bw="32" slack="3"/>
</pin_list>
<bind>
<opset="ret_V_21 "/>
</bind>
</comp>

<comp id="1820" class="1005" name="icmp_ln134_reg_1820">
<pin_list>
<pin id="1821" dir="0" index="0" bw="1" slack="3"/>
<pin id="1822" dir="1" index="1" bw="1" slack="2147483647"/>
</pin_list>
<bind>
<opset="icmp_ln134 "/>
</bind>
</comp>

<comp id="1824" class="1005" name="zext_ln135_reg_1824">
<pin_list>
<pin id="1825" dir="0" index="0" bw="64" slack="1"/>
<pin id="1826" dir="1" index="1" bw="64" slack="1"/>
</pin_list>
<bind>
<opset="zext_ln135 "/>
</bind>
</comp>

<comp id="1832" class="1005" name="M_V_addr_2_reg_1832">
<pin_list>
<pin id="1833" dir="0" index="0" bw="9" slack="1"/>
<pin id="1834" dir="1" index="1" bw="9" slack="1"/>
</pin_list>
<bind>
<opset="M_V_addr_2 "/>
</bind>
</comp>

<comp id="1837" class="1005" name="W_V_addr_1_reg_1837">
<pin_list>
<pin id="1838" dir="0" index="0" bw="6" slack="1"/>
<pin id="1839" dir="1" index="1" bw="6" slack="1"/>
</pin_list>
<bind>
<opset="W_V_addr_1 "/>
</bind>
</comp>

<comp id="1842" class="1005" name="W_V_addr_2_reg_1842">
<pin_list>
<pin id="1843" dir="0" index="0" bw="6" slack="1"/>
<pin id="1844" dir="1" index="1" bw="6" slack="1"/>
</pin_list>
<bind>
<opset="W_V_addr_2 "/>
</bind>
</comp>

<comp id="1847" class="1005" name="tmp_10_reg_1847">
<pin_list>
<pin id="1848" dir="0" index="0" bw="5" slack="1"/>
<pin id="1849" dir="1" index="1" bw="5" slack="1"/>
</pin_list>
<bind>
<opset="tmp_10 "/>
</bind>
</comp>

<comp id="1857" class="1005" name="add_ln209_2_reg_1857">
<pin_list>
<pin id="1858" dir="0" index="0" bw="32" slack="1"/>
<pin id="1859" dir="1" index="1" bw="32" slack="1"/>
</pin_list>
<bind>
<opset="add_ln209_2 "/>
</bind>
</comp>

<comp id="1862" class="1005" name="add_ln209_4_reg_1862">
<pin_list>
<pin id="1863" dir="0" index="0" bw="32" slack="2"/>
<pin id="1864" dir="1" index="1" bw="32" slack="2"/>
</pin_list>
<bind>
<opset="add_ln209_4 "/>
</bind>
</comp>

<comp id="1867" class="1005" name="add_ln209_5_reg_1867">
<pin_list>
<pin id="1868" dir="0" index="0" bw="32" slack="2"/>
<pin id="1869" dir="1" index="1" bw="32" slack="2"/>
</pin_list>
<bind>
<opset="add_ln209_5 "/>
</bind>
</comp>

<comp id="1872" class="1005" name="add_ln209_6_reg_1872">
<pin_list>
<pin id="1873" dir="0" index="0" bw="32" slack="3"/>
<pin id="1874" dir="1" index="1" bw="32" slack="3"/>
</pin_list>
<bind>
<opset="add_ln209_6 "/>
</bind>
</comp>

<comp id="1877" class="1005" name="i_9_reg_1877">
<pin_list>
<pin id="1878" dir="0" index="0" bw="2" slack="1"/>
<pin id="1879" dir="1" index="1" bw="2" slack="1"/>
</pin_list>
<bind>
<opset="i_9 "/>
</bind>
</comp>

<comp id="1882" class="1005" name="W_V_load_reg_1882">
<pin_list>
<pin id="1883" dir="0" index="0" bw="32" slack="2"/>
<pin id="1884" dir="1" index="1" bw="32" slack="2"/>
</pin_list>
<bind>
<opset="W_V_load "/>
</bind>
</comp>

<comp id="1887" class="1005" name="W_V_addr_3_reg_1887">
<pin_list>
<pin id="1888" dir="0" index="0" bw="6" slack="1"/>
<pin id="1889" dir="1" index="1" bw="6" slack="1"/>
</pin_list>
<bind>
<opset="W_V_addr_3 "/>
</bind>
</comp>

<comp id="1892" class="1005" name="W_V_addr_4_reg_1892">
<pin_list>
<pin id="1893" dir="0" index="0" bw="6" slack="1"/>
<pin id="1894" dir="1" index="1" bw="6" slack="1"/>
</pin_list>
<bind>
<opset="W_V_addr_4 "/>
</bind>
</comp>

<comp id="1897" class="1005" name="add_ln209_9_reg_1897">
<pin_list>
<pin id="1898" dir="0" index="0" bw="32" slack="1"/>
<pin id="1899" dir="1" index="1" bw="32" slack="1"/>
</pin_list>
<bind>
<opset="add_ln209_9 "/>
</bind>
</comp>

<comp id="1902" class="1005" name="add_ln209_13_reg_1902">
<pin_list>
<pin id="1903" dir="0" index="0" bw="32" slack="2"/>
<pin id="1904" dir="1" index="1" bw="32" slack="2"/>
</pin_list>
<bind>
<opset="add_ln209_13 "/>
</bind>
</comp>

<comp id="1907" class="1005" name="K_addr_reg_1907">
<pin_list>
<pin id="1908" dir="0" index="0" bw="6" slack="1"/>
<pin id="1909" dir="1" index="1" bw="6" slack="1"/>
</pin_list>
<bind>
<opset="K_addr "/>
</bind>
</comp>

<comp id="1912" class="1005" name="W_V_addr_6_reg_1912">
<pin_list>
<pin id="1913" dir="0" index="0" bw="6" slack="1"/>
<pin id="1914" dir="1" index="1" bw="6" slack="1"/>
</pin_list>
<bind>
<opset="W_V_addr_6 "/>
</bind>
</comp>

<comp id="1917" class="1005" name="T1_V_reg_1917">
<pin_list>
<pin id="1918" dir="0" index="0" bw="32" slack="1"/>
<pin id="1919" dir="1" index="1" bw="32" slack="1"/>
</pin_list>
<bind>
<opset="T1_V "/>
</bind>
</comp>

<comp id="1923" class="1005" name="e_V_1_reg_1923">
<pin_list>
<pin id="1924" dir="0" index="0" bw="32" slack="1"/>
<pin id="1925" dir="1" index="1" bw="32" slack="1"/>
</pin_list>
<bind>
<opset="e_V_1 "/>
</bind>
</comp>

<comp id="1928" class="1005" name="a_V_1_reg_1928">
<pin_list>
<pin id="1929" dir="0" index="0" bw="32" slack="1"/>
<pin id="1930" dir="1" index="1" bw="32" slack="1"/>
</pin_list>
<bind>
<opset="a_V_1 "/>
</bind>
</comp>

<comp id="1936" class="1005" name="i_8_reg_1936">
<pin_list>
<pin id="1937" dir="0" index="0" bw="4" slack="0"/>
<pin id="1938" dir="1" index="1" bw="4" slack="0"/>
</pin_list>
<bind>
<opset="i_8 "/>
</bind>
</comp>

<comp id="1941" class="1005" name="H_V_addr_10_reg_1941">
<pin_list>
<pin id="1942" dir="0" index="0" bw="8" slack="1"/>
<pin id="1943" dir="1" index="1" bw="8" slack="1"/>
</pin_list>
<bind>
<opset="H_V_addr_10 "/>
</bind>
</comp>

</comp_list>

<net_list>
<net id="175"><net_src comp="8" pin="0"/><net_sink comp="172" pin=0"/></net>

<net id="179"><net_src comp="8" pin="0"/><net_sink comp="176" pin=0"/></net>

<net id="183"><net_src comp="8" pin="0"/><net_sink comp="180" pin=0"/></net>

<net id="187"><net_src comp="8" pin="0"/><net_sink comp="184" pin=0"/></net>

<net id="193"><net_src comp="176" pin="1"/><net_sink comp="188" pin=0"/></net>

<net id="194"><net_src comp="10" pin="0"/><net_sink comp="188" pin=1"/></net>

<net id="195"><net_src comp="10" pin="0"/><net_sink comp="188" pin=2"/></net>

<net id="201"><net_src comp="180" pin="1"/><net_sink comp="196" pin=0"/></net>

<net id="202"><net_src comp="10" pin="0"/><net_sink comp="196" pin=1"/></net>

<net id="203"><net_src comp="10" pin="0"/><net_sink comp="196" pin=2"/></net>

<net id="209"><net_src comp="172" pin="1"/><net_sink comp="204" pin=0"/></net>

<net id="210"><net_src comp="10" pin="0"/><net_sink comp="204" pin=1"/></net>

<net id="211"><net_src comp="10" pin="0"/><net_sink comp="204" pin=2"/></net>

<net id="217"><net_src comp="12" pin="0"/><net_sink comp="212" pin=1"/></net>

<net id="218"><net_src comp="204" pin="3"/><net_sink comp="212" pin=0"/></net>

<net id="224"><net_src comp="0" pin="0"/><net_sink comp="219" pin=0"/></net>

<net id="225"><net_src comp="10" pin="0"/><net_sink comp="219" pin=1"/></net>

<net id="231"><net_src comp="219" pin="3"/><net_sink comp="226" pin=0"/></net>

<net id="237"><net_src comp="10" pin="0"/><net_sink comp="232" pin=1"/></net>

<net id="238"><net_src comp="24" pin="0"/><net_sink comp="232" pin=2"/></net>

<net id="239"><net_src comp="26" pin="0"/><net_sink comp="212" pin=1"/></net>

<net id="240"><net_src comp="232" pin="3"/><net_sink comp="212" pin=0"/></net>

<net id="246"><net_src comp="10" pin="0"/><net_sink comp="241" pin=1"/></net>

<net id="247"><net_src comp="28" pin="0"/><net_sink comp="241" pin=2"/></net>

<net id="252"><net_src comp="30" pin="0"/><net_sink comp="212" pin=4"/></net>

<net id="253"><net_src comp="241" pin="3"/><net_sink comp="212" pin=2"/></net>

<net id="259"><net_src comp="12" pin="0"/><net_sink comp="254" pin=1"/></net>

<net id="265"><net_src comp="10" pin="0"/><net_sink comp="260" pin=1"/></net>

<net id="266"><net_src comp="226" pin="3"/><net_sink comp="212" pin=4"/></net>

<net id="267"><net_src comp="260" pin="3"/><net_sink comp="212" pin=2"/></net>

<net id="273"><net_src comp="12" pin="0"/><net_sink comp="268" pin=1"/></net>

<net id="279"><net_src comp="10" pin="0"/><net_sink comp="274" pin=1"/></net>

<net id="280"><net_src comp="274" pin="3"/><net_sink comp="212" pin=0"/></net>

<net id="286"><net_src comp="10" pin="0"/><net_sink comp="281" pin=1"/></net>

<net id="287"><net_src comp="212" pin="3"/><net_sink comp="254" pin=1"/></net>

<net id="288"><net_src comp="281" pin="3"/><net_sink comp="254" pin=0"/></net>

<net id="294"><net_src comp="4" pin="0"/><net_sink comp="289" pin=0"/></net>

<net id="295"><net_src comp="10" pin="0"/><net_sink comp="289" pin=1"/></net>

<net id="301"><net_src comp="289" pin="3"/><net_sink comp="296" pin=0"/></net>

<net id="307"><net_src comp="10" pin="0"/><net_sink comp="302" pin=1"/></net>

<net id="308"><net_src comp="296" pin="3"/><net_sink comp="268" pin=1"/></net>

<net id="309"><net_src comp="302" pin="3"/><net_sink comp="268" pin=0"/></net>

<net id="315"><net_src comp="10" pin="0"/><net_sink comp="310" pin=1"/></net>

<net id="321"><net_src comp="10" pin="0"/><net_sink comp="316" pin=1"/></net>

<net id="322"><net_src comp="310" pin="3"/><net_sink comp="268" pin=0"/></net>

<net id="327"><net_src comp="316" pin="3"/><net_sink comp="268" pin=2"/></net>

<net id="333"><net_src comp="10" pin="0"/><net_sink comp="328" pin=1"/></net>

<net id="339"><net_src comp="10" pin="0"/><net_sink comp="334" pin=1"/></net>

<net id="340"><net_src comp="328" pin="3"/><net_sink comp="268" pin=2"/></net>

<net id="341"><net_src comp="334" pin="3"/><net_sink comp="268" pin=0"/></net>

<net id="347"><net_src comp="10" pin="0"/><net_sink comp="342" pin=1"/></net>

<net id="353"><net_src comp="10" pin="0"/><net_sink comp="348" pin=1"/></net>

<net id="354"><net_src comp="342" pin="3"/><net_sink comp="268" pin=2"/></net>

<net id="355"><net_src comp="348" pin="3"/><net_sink comp="268" pin=0"/></net>

<net id="361"><net_src comp="10" pin="0"/><net_sink comp="356" pin=1"/></net>

<net id="367"><net_src comp="10" pin="0"/><net_sink comp="362" pin=1"/></net>

<net id="368"><net_src comp="356" pin="3"/><net_sink comp="268" pin=2"/></net>

<net id="369"><net_src comp="362" pin="3"/><net_sink comp="268" pin=0"/></net>

<net id="375"><net_src comp="10" pin="0"/><net_sink comp="370" pin=1"/></net>

<net id="381"><net_src comp="10" pin="0"/><net_sink comp="376" pin=1"/></net>

<net id="387"><net_src comp="376" pin="3"/><net_sink comp="382" pin=0"/></net>

<net id="393"><net_src comp="10" pin="0"/><net_sink comp="388" pin=1"/></net>

<net id="398"><net_src comp="388" pin="3"/><net_sink comp="382" pin=2"/></net>

<net id="399"><net_src comp="370" pin="3"/><net_sink comp="254" pin=0"/></net>

<net id="405"><net_src comp="10" pin="0"/><net_sink comp="400" pin=1"/></net>

<net id="411"><net_src comp="10" pin="0"/><net_sink comp="406" pin=1"/></net>

<net id="412"><net_src comp="400" pin="3"/><net_sink comp="268" pin=2"/></net>

<net id="413"><net_src comp="406" pin="3"/><net_sink comp="268" pin=0"/></net>

<net id="419"><net_src comp="10" pin="0"/><net_sink comp="414" pin=1"/></net>

<net id="420"><net_src comp="414" pin="3"/><net_sink comp="382" pin=0"/></net>

<net id="426"><net_src comp="10" pin="0"/><net_sink comp="421" pin=1"/></net>

<net id="427"><net_src comp="421" pin="3"/><net_sink comp="382" pin=2"/></net>

<net id="433"><net_src comp="10" pin="0"/><net_sink comp="428" pin=1"/></net>

<net id="434"><net_src comp="428" pin="3"/><net_sink comp="382" pin=0"/></net>

<net id="440"><net_src comp="10" pin="0"/><net_sink comp="435" pin=1"/></net>

<net id="441"><net_src comp="254" pin="3"/><net_sink comp="382" pin=4"/></net>

<net id="442"><net_src comp="435" pin="3"/><net_sink comp="382" pin=2"/></net>

<net id="448"><net_src comp="6" pin="0"/><net_sink comp="443" pin=0"/></net>

<net id="449"><net_src comp="10" pin="0"/><net_sink comp="443" pin=1"/></net>

<net id="455"><net_src comp="443" pin="3"/><net_sink comp="450" pin=0"/></net>

<net id="461"><net_src comp="10" pin="0"/><net_sink comp="456" pin=1"/></net>

<net id="462"><net_src comp="456" pin="3"/><net_sink comp="382" pin=0"/></net>

<net id="468"><net_src comp="10" pin="0"/><net_sink comp="463" pin=1"/></net>

<net id="474"><net_src comp="10" pin="0"/><net_sink comp="469" pin=1"/></net>

<net id="475"><net_src comp="463" pin="3"/><net_sink comp="268" pin=2"/></net>

<net id="476"><net_src comp="469" pin="3"/><net_sink comp="268" pin=0"/></net>

<net id="482"><net_src comp="10" pin="0"/><net_sink comp="477" pin=1"/></net>

<net id="488"><net_src comp="10" pin="0"/><net_sink comp="483" pin=1"/></net>

<net id="489"><net_src comp="477" pin="3"/><net_sink comp="268" pin=2"/></net>

<net id="490"><net_src comp="483" pin="3"/><net_sink comp="268" pin=0"/></net>

<net id="496"><net_src comp="10" pin="0"/><net_sink comp="491" pin=1"/></net>

<net id="502"><net_src comp="10" pin="0"/><net_sink comp="497" pin=1"/></net>

<net id="503"><net_src comp="491" pin="3"/><net_sink comp="268" pin=2"/></net>

<net id="504"><net_src comp="497" pin="3"/><net_sink comp="268" pin=0"/></net>

<net id="510"><net_src comp="10" pin="0"/><net_sink comp="505" pin=1"/></net>

<net id="511"><net_src comp="505" pin="3"/><net_sink comp="268" pin=2"/></net>

<net id="517"><net_src comp="2" pin="0"/><net_sink comp="512" pin=0"/></net>

<net id="518"><net_src comp="10" pin="0"/><net_sink comp="512" pin=1"/></net>

<net id="524"><net_src comp="268" pin="7"/><net_sink comp="519" pin=1"/></net>

<net id="525"><net_src comp="512" pin="3"/><net_sink comp="519" pin=0"/></net>

<net id="529"><net_src comp="14" pin="0"/><net_sink comp="526" pin=0"/></net>

<net id="536"><net_src comp="526" pin="1"/><net_sink comp="530" pin=2"/></net>

<net id="540"><net_src comp="14" pin="0"/><net_sink comp="537" pin=0"/></net>

<net id="547"><net_src comp="537" pin="1"/><net_sink comp="541" pin=0"/></net>

<net id="551"><net_src comp="36" pin="0"/><net_sink comp="548" pin=0"/></net>

<net id="558"><net_src comp="548" pin="1"/><net_sink comp="552" pin=2"/></net>

<net id="562"><net_src comp="46" pin="0"/><net_sink comp="559" pin=0"/></net>

<net id="569"><net_src comp="559" pin="1"/><net_sink comp="563" pin=2"/></net>

<net id="573"><net_src comp="42" pin="0"/><net_sink comp="570" pin=0"/></net>

<net id="580"><net_src comp="570" pin="1"/><net_sink comp="574" pin=2"/></net>

<net id="581"><net_src comp="574" pin="4"/><net_sink comp="570" pin=0"/></net>

<net id="591"><net_src comp="585" pin="4"/><net_sink comp="582" pin=0"/></net>

<net id="601"><net_src comp="582" pin="1"/><net_sink comp="595" pin=0"/></net>

<net id="602"><net_src comp="595" pin="4"/><net_sink comp="592" pin=0"/></net>

<net id="612"><net_src comp="592" pin="1"/><net_sink comp="606" pin=0"/></net>

<net id="613"><net_src comp="606" pin="4"/><net_sink comp="603" pin=0"/></net>

<net id="623"><net_src comp="603" pin="1"/><net_sink comp="617" pin=0"/></net>

<net id="624"><net_src comp="617" pin="4"/><net_sink comp="614" pin=0"/></net>

<net id="634"><net_src comp="628" pin="4"/><net_sink comp="625" pin=0"/></net>

<net id="644"><net_src comp="625" pin="1"/><net_sink comp="638" pin=0"/></net>

<net id="645"><net_src comp="638" pin="4"/><net_sink comp="635" pin=0"/></net>

<net id="655"><net_src comp="635" pin="1"/><net_sink comp="649" pin=0"/></net>

<net id="656"><net_src comp="649" pin="4"/><net_sink comp="646" pin=0"/></net>

<net id="666"><net_src comp="646" pin="1"/><net_sink comp="660" pin=0"/></net>

<net id="667"><net_src comp="660" pin="4"/><net_sink comp="657" pin=0"/></net>

<net id="671"><net_src comp="76" pin="0"/><net_sink comp="668" pin=0"/></net>

<net id="678"><net_src comp="668" pin="1"/><net_sink comp="672" pin=2"/></net>

<net id="679"><net_src comp="672" pin="4"/><net_sink comp="668" pin=0"/></net>

<net id="683"><net_src comp="46" pin="0"/><net_sink comp="680" pin=0"/></net>

<net id="690"><net_src comp="680" pin="1"/><net_sink comp="684" pin=2"/></net>

<net id="691"><net_src comp="684" pin="4"/><net_sink comp="680" pin=0"/></net>

<net id="695"><net_src comp="382" pin="3"/><net_sink comp="692" pin=0"/></net>

<net id="696"><net_src comp="382" pin="7"/><net_sink comp="692" pin=0"/></net>

<net id="701"><net_src comp="530" pin="4"/><net_sink comp="697" pin=0"/></net>

<net id="702"><net_src comp="20" pin="0"/><net_sink comp="697" pin=1"/></net>

<net id="707"><net_src comp="530" pin="4"/><net_sink comp="703" pin=0"/></net>

<net id="708"><net_src comp="22" pin="0"/><net_sink comp="703" pin=1"/></net>

<net id="712"><net_src comp="530" pin="4"/><net_sink comp="709" pin=0"/></net>

<net id="713"><net_src comp="709" pin="1"/><net_sink comp="219" pin=2"/></net>

<net id="717"><net_src comp="541" pin="4"/><net_sink comp="714" pin=0"/></net>

<net id="722"><net_src comp="541" pin="4"/><net_sink comp="718" pin=0"/></net>

<net id="723"><net_src comp="32" pin="0"/><net_sink comp="718" pin=1"/></net>

<net id="728"><net_src comp="541" pin="4"/><net_sink comp="724" pin=0"/></net>

<net id="729"><net_src comp="22" pin="0"/><net_sink comp="724" pin=1"/></net>

<net id="733"><net_src comp="541" pin="4"/><net_sink comp="730" pin=0"/></net>

<net id="738"><net_src comp="552" pin="4"/><net_sink comp="734" pin=0"/></net>

<net id="739"><net_src comp="38" pin="0"/><net_sink comp="734" pin=1"/></net>

<net id="744"><net_src comp="552" pin="4"/><net_sink comp="740" pin=0"/></net>

<net id="745"><net_src comp="42" pin="0"/><net_sink comp="740" pin=1"/></net>

<net id="751"><net_src comp="44" pin="0"/><net_sink comp="746" pin=0"/></net>

<net id="752"><net_src comp="552" pin="4"/><net_sink comp="746" pin=1"/></net>

<net id="753"><net_src comp="46" pin="0"/><net_sink comp="746" pin=2"/></net>

<net id="757"><net_src comp="746" pin="3"/><net_sink comp="754" pin=0"/></net>

<net id="762"><net_src comp="754" pin="1"/><net_sink comp="758" pin=1"/></net>

<net id="767"><net_src comp="746" pin="3"/><net_sink comp="763" pin=1"/></net>

<net id="771"><net_src comp="763" pin="2"/><net_sink comp="768" pin=0"/></net>

<net id="772"><net_src comp="768" pin="1"/><net_sink comp="274" pin=2"/></net>

<net id="776"><net_src comp="773" pin="1"/><net_sink comp="281" pin=2"/></net>

<net id="781"><net_src comp="563" pin="4"/><net_sink comp="777" pin=0"/></net>

<net id="782"><net_src comp="48" pin="0"/><net_sink comp="777" pin=1"/></net>

<net id="787"><net_src comp="563" pin="4"/><net_sink comp="783" pin=0"/></net>

<net id="788"><net_src comp="52" pin="0"/><net_sink comp="783" pin=1"/></net>

<net id="792"><net_src comp="563" pin="4"/><net_sink comp="789" pin=0"/></net>

<net id="793"><net_src comp="789" pin="1"/><net_sink comp="289" pin=2"/></net>

<net id="798"><net_src comp="574" pin="4"/><net_sink comp="794" pin=0"/></net>

<net id="799"><net_src comp="38" pin="0"/><net_sink comp="794" pin=1"/></net>

<net id="804"><net_src comp="574" pin="4"/><net_sink comp="800" pin=0"/></net>

<net id="805"><net_src comp="38" pin="0"/><net_sink comp="800" pin=1"/></net>

<net id="811"><net_src comp="56" pin="0"/><net_sink comp="806" pin=0"/></net>

<net id="812"><net_src comp="800" pin="2"/><net_sink comp="806" pin=1"/></net>

<net id="813"><net_src comp="58" pin="0"/><net_sink comp="806" pin=2"/></net>

<net id="817"><net_src comp="806" pin="3"/><net_sink comp="814" pin=0"/></net>

<net id="818"><net_src comp="814" pin="1"/><net_sink comp="310" pin=2"/></net>

<net id="823"><net_src comp="806" pin="3"/><net_sink comp="819" pin=0"/></net>

<net id="824"><net_src comp="22" pin="0"/><net_sink comp="819" pin=1"/></net>

<net id="830"><net_src comp="60" pin="0"/><net_sink comp="825" pin=0"/></net>

<net id="831"><net_src comp="62" pin="0"/><net_sink comp="825" pin=1"/></net>

<net id="832"><net_src comp="819" pin="2"/><net_sink comp="825" pin=2"/></net>

<net id="833"><net_src comp="825" pin="3"/><net_sink comp="316" pin=2"/></net>

<net id="838"><net_src comp="64" pin="0"/><net_sink comp="834" pin=1"/></net>

<net id="844"><net_src comp="60" pin="0"/><net_sink comp="839" pin=0"/></net>

<net id="845"><net_src comp="62" pin="0"/><net_sink comp="839" pin=1"/></net>

<net id="846"><net_src comp="834" pin="2"/><net_sink comp="839" pin=2"/></net>

<net id="847"><net_src comp="839" pin="3"/><net_sink comp="328" pin=2"/></net>

<net id="852"><net_src comp="66" pin="0"/><net_sink comp="848" pin=1"/></net>

<net id="858"><net_src comp="60" pin="0"/><net_sink comp="853" pin=0"/></net>

<net id="859"><net_src comp="62" pin="0"/><net_sink comp="853" pin=1"/></net>

<net id="860"><net_src comp="848" pin="2"/><net_sink comp="853" pin=2"/></net>

<net id="861"><net_src comp="853" pin="3"/><net_sink comp="334" pin=2"/></net>

<net id="866"><net_src comp="68" pin="0"/><net_sink comp="862" pin=1"/></net>

<net id="872"><net_src comp="60" pin="0"/><net_sink comp="867" pin=0"/></net>

<net id="873"><net_src comp="62" pin="0"/><net_sink comp="867" pin=1"/></net>

<net id="874"><net_src comp="862" pin="2"/><net_sink comp="867" pin=2"/></net>

<net id="875"><net_src comp="867" pin="3"/><net_sink comp="342" pin=2"/></net>

<net id="880"><net_src comp="70" pin="0"/><net_sink comp="876" pin=1"/></net>

<net id="886"><net_src comp="60" pin="0"/><net_sink comp="881" pin=0"/></net>

<net id="887"><net_src comp="62" pin="0"/><net_sink comp="881" pin=1"/></net>

<net id="888"><net_src comp="876" pin="2"/><net_sink comp="881" pin=2"/></net>

<net id="889"><net_src comp="881" pin="3"/><net_sink comp="348" pin=2"/></net>

<net id="894"><net_src comp="72" pin="0"/><net_sink comp="890" pin=1"/></net>

<net id="900"><net_src comp="60" pin="0"/><net_sink comp="895" pin=0"/></net>

<net id="901"><net_src comp="62" pin="0"/><net_sink comp="895" pin=1"/></net>

<net id="902"><net_src comp="890" pin="2"/><net_sink comp="895" pin=2"/></net>

<net id="903"><net_src comp="895" pin="3"/><net_sink comp="356" pin=2"/></net>

<net id="908"><net_src comp="74" pin="0"/><net_sink comp="904" pin=1"/></net>

<net id="914"><net_src comp="60" pin="0"/><net_sink comp="909" pin=0"/></net>

<net id="915"><net_src comp="62" pin="0"/><net_sink comp="909" pin=1"/></net>

<net id="916"><net_src comp="904" pin="2"/><net_sink comp="909" pin=2"/></net>

<net id="917"><net_src comp="909" pin="3"/><net_sink comp="362" pin=2"/></net>

<net id="923"><net_src comp="44" pin="0"/><net_sink comp="918" pin=0"/></net>

<net id="924"><net_src comp="46" pin="0"/><net_sink comp="918" pin=2"/></net>

<net id="928"><net_src comp="918" pin="3"/><net_sink comp="925" pin=0"/></net>

<net id="933"><net_src comp="672" pin="4"/><net_sink comp="929" pin=0"/></net>

<net id="934"><net_src comp="78" pin="0"/><net_sink comp="929" pin=1"/></net>

<net id="939"><net_src comp="672" pin="4"/><net_sink comp="935" pin=0"/></net>

<net id="940"><net_src comp="82" pin="0"/><net_sink comp="935" pin=1"/></net>

<net id="945"><net_src comp="638" pin="4"/><net_sink comp="941" pin=0"/></net>

<net id="946"><net_src comp="628" pin="4"/><net_sink comp="941" pin=1"/></net>

<net id="951"><net_src comp="628" pin="4"/><net_sink comp="947" pin=0"/></net>

<net id="952"><net_src comp="84" pin="0"/><net_sink comp="947" pin=1"/></net>

<net id="957"><net_src comp="649" pin="4"/><net_sink comp="953" pin=0"/></net>

<net id="958"><net_src comp="947" pin="2"/><net_sink comp="953" pin=1"/></net>

<net id="963"><net_src comp="953" pin="2"/><net_sink comp="959" pin=0"/></net>

<net id="964"><net_src comp="941" pin="2"/><net_sink comp="959" pin=1"/></net>

<net id="969"><net_src comp="606" pin="4"/><net_sink comp="965" pin=0"/></net>

<net id="970"><net_src comp="595" pin="4"/><net_sink comp="965" pin=1"/></net>

<net id="975"><net_src comp="965" pin="2"/><net_sink comp="971" pin=0"/></net>

<net id="976"><net_src comp="585" pin="4"/><net_sink comp="971" pin=1"/></net>

<net id="981"><net_src comp="606" pin="4"/><net_sink comp="977" pin=0"/></net>

<net id="982"><net_src comp="595" pin="4"/><net_sink comp="977" pin=1"/></net>

<net id="987"><net_src comp="971" pin="2"/><net_sink comp="983" pin=0"/></net>

<net id="988"><net_src comp="977" pin="2"/><net_sink comp="983" pin=1"/></net>

<net id="995"><net_src comp="86" pin="0"/><net_sink comp="989" pin=0"/></net>

<net id="996"><net_src comp="585" pin="4"/><net_sink comp="989" pin=1"/></net>

<net id="997"><net_src comp="88" pin="0"/><net_sink comp="989" pin=2"/></net>

<net id="998"><net_src comp="90" pin="0"/><net_sink comp="989" pin=3"/></net>

<net id="1002"><net_src comp="585" pin="4"/><net_sink comp="999" pin=0"/></net>

<net id="1008"><net_src comp="92" pin="0"/><net_sink comp="1003" pin=0"/></net>

<net id="1009"><net_src comp="999" pin="1"/><net_sink comp="1003" pin=1"/></net>

<net id="1010"><net_src comp="989" pin="4"/><net_sink comp="1003" pin=2"/></net>

<net id="1017"><net_src comp="94" pin="0"/><net_sink comp="1011" pin=0"/></net>

<net id="1018"><net_src comp="585" pin="4"/><net_sink comp="1011" pin=1"/></net>

<net id="1019"><net_src comp="96" pin="0"/><net_sink comp="1011" pin=2"/></net>

<net id="1020"><net_src comp="90" pin="0"/><net_sink comp="1011" pin=3"/></net>

<net id="1024"><net_src comp="585" pin="4"/><net_sink comp="1021" pin=0"/></net>

<net id="1030"><net_src comp="98" pin="0"/><net_sink comp="1025" pin=0"/></net>

<net id="1031"><net_src comp="1021" pin="1"/><net_sink comp="1025" pin=1"/></net>

<net id="1032"><net_src comp="1011" pin="4"/><net_sink comp="1025" pin=2"/></net>

<net id="1039"><net_src comp="100" pin="0"/><net_sink comp="1033" pin=0"/></net>

<net id="1040"><net_src comp="585" pin="4"/><net_sink comp="1033" pin=1"/></net>

<net id="1041"><net_src comp="102" pin="0"/><net_sink comp="1033" pin=2"/></net>

<net id="1042"><net_src comp="90" pin="0"/><net_sink comp="1033" pin=3"/></net>

<net id="1046"><net_src comp="585" pin="4"/><net_sink comp="1043" pin=0"/></net>

<net id="1052"><net_src comp="104" pin="0"/><net_sink comp="1047" pin=0"/></net>

<net id="1053"><net_src comp="1043" pin="1"/><net_sink comp="1047" pin=1"/></net>

<net id="1054"><net_src comp="1033" pin="4"/><net_sink comp="1047" pin=2"/></net>

<net id="1059"><net_src comp="1003" pin="3"/><net_sink comp="1055" pin=0"/></net>

<net id="1060"><net_src comp="1047" pin="3"/><net_sink comp="1055" pin=1"/></net>

<net id="1065"><net_src comp="1055" pin="2"/><net_sink comp="1061" pin=0"/></net>

<net id="1066"><net_src comp="1025" pin="3"/><net_sink comp="1061" pin=1"/></net>

<net id="1073"><net_src comp="106" pin="0"/><net_sink comp="1067" pin=0"/></net>

<net id="1074"><net_src comp="628" pin="4"/><net_sink comp="1067" pin=1"/></net>

<net id="1075"><net_src comp="108" pin="0"/><net_sink comp="1067" pin=2"/></net>

<net id="1076"><net_src comp="90" pin="0"/><net_sink comp="1067" pin=3"/></net>

<net id="1080"><net_src comp="628" pin="4"/><net_sink comp="1077" pin=0"/></net>

<net id="1086"><net_src comp="110" pin="0"/><net_sink comp="1081" pin=0"/></net>

<net id="1087"><net_src comp="1077" pin="1"/><net_sink comp="1081" pin=1"/></net>

<net id="1088"><net_src comp="1067" pin="4"/><net_sink comp="1081" pin=2"/></net>

<net id="1095"><net_src comp="112" pin="0"/><net_sink comp="1089" pin=0"/></net>

<net id="1096"><net_src comp="628" pin="4"/><net_sink comp="1089" pin=1"/></net>

<net id="1097"><net_src comp="114" pin="0"/><net_sink comp="1089" pin=2"/></net>

<net id="1098"><net_src comp="90" pin="0"/><net_sink comp="1089" pin=3"/></net>

<net id="1102"><net_src comp="628" pin="4"/><net_sink comp="1099" pin=0"/></net>

<net id="1108"><net_src comp="116" pin="0"/><net_sink comp="1103" pin=0"/></net>

<net id="1109"><net_src comp="1099" pin="1"/><net_sink comp="1103" pin=1"/></net>

<net id="1110"><net_src comp="1089" pin="4"/><net_sink comp="1103" pin=2"/></net>

<net id="1117"><net_src comp="118" pin="0"/><net_sink comp="1111" pin=0"/></net>

<net id="1118"><net_src comp="628" pin="4"/><net_sink comp="1111" pin=1"/></net>

<net id="1119"><net_src comp="120" pin="0"/><net_sink comp="1111" pin=2"/></net>

<net id="1120"><net_src comp="90" pin="0"/><net_sink comp="1111" pin=3"/></net>

<net id="1124"><net_src comp="628" pin="4"/><net_sink comp="1121" pin=0"/></net>

<net id="1130"><net_src comp="122" pin="0"/><net_sink comp="1125" pin=0"/></net>

<net id="1131"><net_src comp="1121" pin="1"/><net_sink comp="1125" pin=1"/></net>

<net id="1132"><net_src comp="1111" pin="4"/><net_sink comp="1125" pin=2"/></net>

<net id="1137"><net_src comp="1081" pin="3"/><net_sink comp="1133" pin=0"/></net>

<net id="1138"><net_src comp="1125" pin="3"/><net_sink comp="1133" pin=1"/></net>

<net id="1143"><net_src comp="1133" pin="2"/><net_sink comp="1139" pin=0"/></net>

<net id="1144"><net_src comp="1103" pin="3"/><net_sink comp="1139" pin=1"/></net>

<net id="1151"><net_src comp="124" pin="0"/><net_sink comp="1145" pin=0"/></net>

<net id="1152"><net_src comp="672" pin="4"/><net_sink comp="1145" pin=1"/></net>

<net id="1153"><net_src comp="126" pin="0"/><net_sink comp="1145" pin=2"/></net>

<net id="1154"><net_src comp="108" pin="0"/><net_sink comp="1145" pin=3"/></net>

<net id="1159"><net_src comp="1145" pin="4"/><net_sink comp="1155" pin=0"/></net>

<net id="1160"><net_src comp="58" pin="0"/><net_sink comp="1155" pin=1"/></net>

<net id="1164"><net_src comp="672" pin="4"/><net_sink comp="1161" pin=0"/></net>

<net id="1169"><net_src comp="672" pin="4"/><net_sink comp="1165" pin=1"/></net>

<net id="1173"><net_src comp="1165" pin="2"/><net_sink comp="1170" pin=0"/></net>

<net id="1174"><net_src comp="1170" pin="1"/><net_sink comp="370" pin=2"/></net>

<net id="1179"><net_src comp="128" pin="0"/><net_sink comp="1175" pin=0"/></net>

<net id="1180"><net_src comp="672" pin="4"/><net_sink comp="1175" pin=1"/></net>

<net id="1184"><net_src comp="1175" pin="2"/><net_sink comp="1181" pin=0"/></net>

<net id="1185"><net_src comp="1181" pin="1"/><net_sink comp="376" pin=2"/></net>

<net id="1190"><net_src comp="130" pin="0"/><net_sink comp="1186" pin=0"/></net>

<net id="1191"><net_src comp="672" pin="4"/><net_sink comp="1186" pin=1"/></net>

<net id="1195"><net_src comp="1186" pin="2"/><net_sink comp="1192" pin=0"/></net>

<net id="1196"><net_src comp="1192" pin="1"/><net_sink comp="388" pin=2"/></net>

<net id="1202"><net_src comp="56" pin="0"/><net_sink comp="1197" pin=0"/></net>

<net id="1203"><net_src comp="570" pin="1"/><net_sink comp="1197" pin=1"/></net>

<net id="1204"><net_src comp="58" pin="0"/><net_sink comp="1197" pin=2"/></net>

<net id="1208"><net_src comp="1197" pin="3"/><net_sink comp="1205" pin=0"/></net>

<net id="1209"><net_src comp="1205" pin="1"/><net_sink comp="400" pin=2"/></net>

<net id="1214"><net_src comp="1197" pin="3"/><net_sink comp="1210" pin=0"/></net>

<net id="1215"><net_src comp="22" pin="0"/><net_sink comp="1210" pin=1"/></net>

<net id="1221"><net_src comp="60" pin="0"/><net_sink comp="1216" pin=0"/></net>

<net id="1222"><net_src comp="62" pin="0"/><net_sink comp="1216" pin=1"/></net>

<net id="1223"><net_src comp="1210" pin="2"/><net_sink comp="1216" pin=2"/></net>

<net id="1224"><net_src comp="1216" pin="3"/><net_sink comp="406" pin=2"/></net>

<net id="1229"><net_src comp="585" pin="4"/><net_sink comp="1225" pin=0"/></net>

<net id="1230"><net_src comp="1225" pin="2"/><net_sink comp="268" pin=4"/></net>

<net id="1235"><net_src comp="595" pin="4"/><net_sink comp="1231" pin=0"/></net>

<net id="1236"><net_src comp="1231" pin="2"/><net_sink comp="268" pin=1"/></net>

<net id="1241"><net_src comp="606" pin="4"/><net_sink comp="1237" pin=0"/></net>

<net id="1246"><net_src comp="628" pin="4"/><net_sink comp="1242" pin=0"/></net>

<net id="1251"><net_src comp="638" pin="4"/><net_sink comp="1247" pin=0"/></net>

<net id="1256"><net_src comp="649" pin="4"/><net_sink comp="1252" pin=0"/></net>

<net id="1261"><net_src comp="570" pin="1"/><net_sink comp="1257" pin=0"/></net>

<net id="1262"><net_src comp="42" pin="0"/><net_sink comp="1257" pin=1"/></net>

<net id="1267"><net_src comp="132" pin="0"/><net_sink comp="1263" pin=0"/></net>

<net id="1268"><net_src comp="668" pin="1"/><net_sink comp="1263" pin=1"/></net>

<net id="1272"><net_src comp="1263" pin="2"/><net_sink comp="1269" pin=0"/></net>

<net id="1273"><net_src comp="1269" pin="1"/><net_sink comp="414" pin=2"/></net>

<net id="1278"><net_src comp="134" pin="0"/><net_sink comp="1274" pin=0"/></net>

<net id="1279"><net_src comp="668" pin="1"/><net_sink comp="1274" pin=1"/></net>

<net id="1283"><net_src comp="1274" pin="2"/><net_sink comp="1280" pin=0"/></net>

<net id="1284"><net_src comp="1280" pin="1"/><net_sink comp="421" pin=2"/></net>

<net id="1291"><net_src comp="136" pin="0"/><net_sink comp="1285" pin=0"/></net>

<net id="1292"><net_src comp="692" pin="1"/><net_sink comp="1285" pin=1"/></net>

<net id="1293"><net_src comp="138" pin="0"/><net_sink comp="1285" pin=2"/></net>

<net id="1294"><net_src comp="90" pin="0"/><net_sink comp="1285" pin=3"/></net>

<net id="1298"><net_src comp="692" pin="1"/><net_sink comp="1295" pin=0"/></net>

<net id="1304"><net_src comp="140" pin="0"/><net_sink comp="1299" pin=0"/></net>

<net id="1305"><net_src comp="1295" pin="1"/><net_sink comp="1299" pin=1"/></net>

<net id="1306"><net_src comp="1285" pin="4"/><net_sink comp="1299" pin=2"/></net>

<net id="1313"><net_src comp="142" pin="0"/><net_sink comp="1307" pin=0"/></net>

<net id="1314"><net_src comp="692" pin="1"/><net_sink comp="1307" pin=1"/></net>

<net id="1315"><net_src comp="144" pin="0"/><net_sink comp="1307" pin=2"/></net>

<net id="1316"><net_src comp="90" pin="0"/><net_sink comp="1307" pin=3"/></net>

<net id="1320"><net_src comp="692" pin="1"/><net_sink comp="1317" pin=0"/></net>

<net id="1326"><net_src comp="146" pin="0"/><net_sink comp="1321" pin=0"/></net>

<net id="1327"><net_src comp="1317" pin="1"/><net_sink comp="1321" pin=1"/></net>

<net id="1328"><net_src comp="1307" pin="4"/><net_sink comp="1321" pin=2"/></net>

<net id="1335"><net_src comp="148" pin="0"/><net_sink comp="1329" pin=0"/></net>

<net id="1336"><net_src comp="692" pin="1"/><net_sink comp="1329" pin=1"/></net>

<net id="1337"><net_src comp="150" pin="0"/><net_sink comp="1329" pin=2"/></net>

<net id="1338"><net_src comp="90" pin="0"/><net_sink comp="1329" pin=3"/></net>

<net id="1342"><net_src comp="1329" pin="4"/><net_sink comp="1339" pin=0"/></net>

<net id="1347"><net_src comp="1339" pin="1"/><net_sink comp="1343" pin=0"/></net>

<net id="1348"><net_src comp="1321" pin="3"/><net_sink comp="1343" pin=1"/></net>

<net id="1353"><net_src comp="1343" pin="2"/><net_sink comp="1349" pin=0"/></net>

<net id="1354"><net_src comp="1299" pin="3"/><net_sink comp="1349" pin=1"/></net>

<net id="1361"><net_src comp="152" pin="0"/><net_sink comp="1355" pin=0"/></net>

<net id="1362"><net_src comp="382" pin="3"/><net_sink comp="1355" pin=1"/></net>

<net id="1363"><net_src comp="154" pin="0"/><net_sink comp="1355" pin=2"/></net>

<net id="1364"><net_src comp="90" pin="0"/><net_sink comp="1355" pin=3"/></net>

<net id="1368"><net_src comp="382" pin="3"/><net_sink comp="1365" pin=0"/></net>

<net id="1374"><net_src comp="156" pin="0"/><net_sink comp="1369" pin=0"/></net>

<net id="1375"><net_src comp="1365" pin="1"/><net_sink comp="1369" pin=1"/></net>

<net id="1376"><net_src comp="1355" pin="4"/><net_sink comp="1369" pin=2"/></net>

<net id="1383"><net_src comp="158" pin="0"/><net_sink comp="1377" pin=0"/></net>

<net id="1384"><net_src comp="382" pin="3"/><net_sink comp="1377" pin=1"/></net>

<net id="1385"><net_src comp="160" pin="0"/><net_sink comp="1377" pin=2"/></net>

<net id="1386"><net_src comp="90" pin="0"/><net_sink comp="1377" pin=3"/></net>

<net id="1390"><net_src comp="382" pin="3"/><net_sink comp="1387" pin=0"/></net>

<net id="1396"><net_src comp="162" pin="0"/><net_sink comp="1391" pin=0"/></net>

<net id="1397"><net_src comp="1387" pin="1"/><net_sink comp="1391" pin=1"/></net>

<net id="1398"><net_src comp="1377" pin="4"/><net_sink comp="1391" pin=2"/></net>

<net id="1405"><net_src comp="164" pin="0"/><net_sink comp="1399" pin=0"/></net>

<net id="1406"><net_src comp="382" pin="3"/><net_sink comp="1399" pin=1"/></net>

<net id="1407"><net_src comp="166" pin="0"/><net_sink comp="1399" pin=2"/></net>

<net id="1408"><net_src comp="90" pin="0"/><net_sink comp="1399" pin=3"/></net>

<net id="1412"><net_src comp="1399" pin="4"/><net_sink comp="1409" pin=0"/></net>

<net id="1417"><net_src comp="1409" pin="1"/><net_sink comp="1413" pin=0"/></net>

<net id="1418"><net_src comp="1391" pin="3"/><net_sink comp="1413" pin=1"/></net>

<net id="1423"><net_src comp="1413" pin="2"/><net_sink comp="1419" pin=0"/></net>

<net id="1424"><net_src comp="1369" pin="3"/><net_sink comp="1419" pin=1"/></net>

<net id="1429"><net_src comp="1349" pin="2"/><net_sink comp="1425" pin=0"/></net>

<net id="1430"><net_src comp="1419" pin="2"/><net_sink comp="1425" pin=1"/></net>

<net id="1435"><net_src comp="692" pin="1"/><net_sink comp="1431" pin=1"/></net>

<net id="1440"><net_src comp="1431" pin="2"/><net_sink comp="1436" pin=1"/></net>

<net id="1441"><net_src comp="1436" pin="2"/><net_sink comp="382" pin=1"/></net>

<net id="1446"><net_src comp="657" pin="1"/><net_sink comp="1442" pin=1"/></net>

<net id="1451"><net_src comp="1442" pin="2"/><net_sink comp="1447" pin=0"/></net>

<net id="1456"><net_src comp="450" pin="3"/><net_sink comp="1452" pin=0"/></net>

<net id="1457"><net_src comp="382" pin="3"/><net_sink comp="1452" pin=1"/></net>

<net id="1462"><net_src comp="1452" pin="2"/><net_sink comp="1458" pin=1"/></net>

<net id="1467"><net_src comp="614" pin="1"/><net_sink comp="1463" pin=0"/></net>

<net id="1476"><net_src comp="1468" pin="2"/><net_sink comp="1472" pin=0"/></net>

<net id="1481"><net_src comp="64" pin="0"/><net_sink comp="1477" pin=1"/></net>

<net id="1487"><net_src comp="60" pin="0"/><net_sink comp="1482" pin=0"/></net>

<net id="1488"><net_src comp="62" pin="0"/><net_sink comp="1482" pin=1"/></net>

<net id="1489"><net_src comp="1477" pin="2"/><net_sink comp="1482" pin=2"/></net>

<net id="1490"><net_src comp="1482" pin="3"/><net_sink comp="463" pin=2"/></net>

<net id="1495"><net_src comp="66" pin="0"/><net_sink comp="1491" pin=1"/></net>

<net id="1501"><net_src comp="60" pin="0"/><net_sink comp="1496" pin=0"/></net>

<net id="1502"><net_src comp="62" pin="0"/><net_sink comp="1496" pin=1"/></net>

<net id="1503"><net_src comp="1491" pin="2"/><net_sink comp="1496" pin=2"/></net>

<net id="1504"><net_src comp="1496" pin="3"/><net_sink comp="469" pin=2"/></net>

<net id="1509"><net_src comp="614" pin="1"/><net_sink comp="1505" pin=0"/></net>

<net id="1510"><net_src comp="1505" pin="2"/><net_sink comp="268" pin=1"/></net>

<net id="1515"><net_src comp="68" pin="0"/><net_sink comp="1511" pin=1"/></net>

<net id="1521"><net_src comp="60" pin="0"/><net_sink comp="1516" pin=0"/></net>

<net id="1522"><net_src comp="62" pin="0"/><net_sink comp="1516" pin=1"/></net>

<net id="1523"><net_src comp="1511" pin="2"/><net_sink comp="1516" pin=2"/></net>

<net id="1524"><net_src comp="1516" pin="3"/><net_sink comp="477" pin=2"/></net>

<net id="1529"><net_src comp="70" pin="0"/><net_sink comp="1525" pin=1"/></net>

<net id="1535"><net_src comp="60" pin="0"/><net_sink comp="1530" pin=0"/></net>

<net id="1536"><net_src comp="62" pin="0"/><net_sink comp="1530" pin=1"/></net>

<net id="1537"><net_src comp="1525" pin="2"/><net_sink comp="1530" pin=2"/></net>

<net id="1538"><net_src comp="1530" pin="3"/><net_sink comp="483" pin=2"/></net>

<net id="1543"><net_src comp="72" pin="0"/><net_sink comp="1539" pin=1"/></net>

<net id="1549"><net_src comp="60" pin="0"/><net_sink comp="1544" pin=0"/></net>

<net id="1550"><net_src comp="62" pin="0"/><net_sink comp="1544" pin=1"/></net>

<net id="1551"><net_src comp="1539" pin="2"/><net_sink comp="1544" pin=2"/></net>

<net id="1552"><net_src comp="1544" pin="3"/><net_sink comp="491" pin=2"/></net>

<net id="1557"><net_src comp="74" pin="0"/><net_sink comp="1553" pin=1"/></net>

<net id="1563"><net_src comp="60" pin="0"/><net_sink comp="1558" pin=0"/></net>

<net id="1564"><net_src comp="62" pin="0"/><net_sink comp="1558" pin=1"/></net>

<net id="1565"><net_src comp="1553" pin="2"/><net_sink comp="1558" pin=2"/></net>

<net id="1566"><net_src comp="1558" pin="3"/><net_sink comp="497" pin=2"/></net>

<net id="1571"><net_src comp="657" pin="1"/><net_sink comp="1567" pin=0"/></net>

<net id="1572"><net_src comp="1567" pin="2"/><net_sink comp="268" pin=1"/></net>

<net id="1577"><net_src comp="684" pin="4"/><net_sink comp="1573" pin=0"/></net>

<net id="1578"><net_src comp="48" pin="0"/><net_sink comp="1573" pin=1"/></net>

<net id="1583"><net_src comp="684" pin="4"/><net_sink comp="1579" pin=0"/></net>

<net id="1584"><net_src comp="52" pin="0"/><net_sink comp="1579" pin=1"/></net>

<net id="1590"><net_src comp="168" pin="0"/><net_sink comp="1585" pin=0"/></net>

<net id="1591"><net_src comp="170" pin="0"/><net_sink comp="1585" pin=1"/></net>

<net id="1592"><net_src comp="684" pin="4"/><net_sink comp="1585" pin=2"/></net>

<net id="1593"><net_src comp="1585" pin="3"/><net_sink comp="505" pin=2"/></net>

<net id="1597"><net_src comp="680" pin="1"/><net_sink comp="1594" pin=0"/></net>

<net id="1598"><net_src comp="1594" pin="1"/><net_sink comp="512" pin=2"/></net>

<net id="1602"><net_src comp="188" pin="3"/><net_sink comp="1599" pin=0"/></net>

<net id="1603"><net_src comp="1599" pin="1"/><net_sink comp="254" pin=0"/></net>

<net id="1607"><net_src comp="196" pin="3"/><net_sink comp="1604" pin=0"/></net>

<net id="1608"><net_src comp="1604" pin="1"/><net_sink comp="268" pin=0"/></net>

<net id="1615"><net_src comp="703" pin="2"/><net_sink comp="1612" pin=0"/></net>

<net id="1616"><net_src comp="1612" pin="1"/><net_sink comp="530" pin=0"/></net>

<net id="1620"><net_src comp="709" pin="1"/><net_sink comp="1617" pin=0"/></net>

<net id="1621"><net_src comp="1617" pin="1"/><net_sink comp="260" pin=2"/></net>

<net id="1625"><net_src comp="219" pin="3"/><net_sink comp="1622" pin=0"/></net>

<net id="1626"><net_src comp="1622" pin="1"/><net_sink comp="226" pin=0"/></net>

<net id="1630"><net_src comp="714" pin="1"/><net_sink comp="1627" pin=0"/></net>

<net id="1631"><net_src comp="1627" pin="1"/><net_sink comp="763" pin=0"/></net>

<net id="1638"><net_src comp="724" pin="2"/><net_sink comp="1635" pin=0"/></net>

<net id="1639"><net_src comp="1635" pin="1"/><net_sink comp="541" pin=2"/></net>

<net id="1643"><net_src comp="730" pin="1"/><net_sink comp="1640" pin=0"/></net>

<net id="1644"><net_src comp="1640" pin="1"/><net_sink comp="758" pin=0"/></net>

<net id="1651"><net_src comp="740" pin="2"/><net_sink comp="1648" pin=0"/></net>

<net id="1652"><net_src comp="1648" pin="1"/><net_sink comp="552" pin=0"/></net>

<net id="1656"><net_src comp="758" pin="2"/><net_sink comp="1653" pin=0"/></net>

<net id="1657"><net_src comp="1653" pin="1"/><net_sink comp="773" pin=0"/></net>

<net id="1661"><net_src comp="274" pin="3"/><net_sink comp="1658" pin=0"/></net>

<net id="1662"><net_src comp="1658" pin="1"/><net_sink comp="212" pin=0"/></net>

<net id="1669"><net_src comp="783" pin="2"/><net_sink comp="1666" pin=0"/></net>

<net id="1670"><net_src comp="1666" pin="1"/><net_sink comp="563" pin=0"/></net>

<net id="1674"><net_src comp="789" pin="1"/><net_sink comp="1671" pin=0"/></net>

<net id="1675"><net_src comp="1671" pin="1"/><net_sink comp="302" pin=2"/></net>

<net id="1679"><net_src comp="289" pin="3"/><net_sink comp="1676" pin=0"/></net>

<net id="1680"><net_src comp="1676" pin="1"/><net_sink comp="296" pin=0"/></net>

<net id="1687"><net_src comp="800" pin="2"/><net_sink comp="1684" pin=0"/></net>

<net id="1688"><net_src comp="1684" pin="1"/><net_sink comp="918" pin=1"/></net>

<net id="1692"><net_src comp="806" pin="3"/><net_sink comp="1689" pin=0"/></net>

<net id="1693"><net_src comp="1689" pin="1"/><net_sink comp="834" pin=0"/></net>

<net id="1694"><net_src comp="1689" pin="1"/><net_sink comp="848" pin=0"/></net>

<net id="1695"><net_src comp="1689" pin="1"/><net_sink comp="862" pin=0"/></net>

<net id="1696"><net_src comp="1689" pin="1"/><net_sink comp="876" pin=0"/></net>

<net id="1697"><net_src comp="1689" pin="1"/><net_sink comp="890" pin=0"/></net>

<net id="1698"><net_src comp="1689" pin="1"/><net_sink comp="904" pin=0"/></net>

<net id="1702"><net_src comp="310" pin="3"/><net_sink comp="1699" pin=0"/></net>

<net id="1703"><net_src comp="1699" pin="1"/><net_sink comp="268" pin=0"/></net>

<net id="1707"><net_src comp="316" pin="3"/><net_sink comp="1704" pin=0"/></net>

<net id="1708"><net_src comp="1704" pin="1"/><net_sink comp="268" pin=2"/></net>

<net id="1712"><net_src comp="328" pin="3"/><net_sink comp="1709" pin=0"/></net>

<net id="1713"><net_src comp="1709" pin="1"/><net_sink comp="268" pin=2"/></net>

<net id="1717"><net_src comp="334" pin="3"/><net_sink comp="1714" pin=0"/></net>

<net id="1718"><net_src comp="1714" pin="1"/><net_sink comp="268" pin=0"/></net>

<net id="1722"><net_src comp="268" pin="3"/><net_sink comp="1719" pin=0"/></net>

<net id="1723"><net_src comp="1719" pin="1"/><net_sink comp="585" pin=2"/></net>

<net id="1724"><net_src comp="1719" pin="1"/><net_sink comp="1225" pin=1"/></net>

<net id="1728"><net_src comp="268" pin="7"/><net_sink comp="1725" pin=0"/></net>

<net id="1729"><net_src comp="1725" pin="1"/><net_sink comp="595" pin=2"/></net>

<net id="1730"><net_src comp="1725" pin="1"/><net_sink comp="1231" pin=1"/></net>

<net id="1734"><net_src comp="342" pin="3"/><net_sink comp="1731" pin=0"/></net>

<net id="1735"><net_src comp="1731" pin="1"/><net_sink comp="268" pin=2"/></net>

<net id="1739"><net_src comp="348" pin="3"/><net_sink comp="1736" pin=0"/></net>

<net id="1740"><net_src comp="1736" pin="1"/><net_sink comp="268" pin=0"/></net>

<net id="1744"><net_src comp="268" pin="7"/><net_sink comp="1741" pin=0"/></net>

<net id="1745"><net_src comp="1741" pin="1"/><net_sink comp="606" pin=2"/></net>

<net id="1746"><net_src comp="1741" pin="1"/><net_sink comp="1237" pin=1"/></net>

<net id="1750"><net_src comp="268" pin="3"/><net_sink comp="1747" pin=0"/></net>

<net id="1751"><net_src comp="1747" pin="1"/><net_sink comp="617" pin=2"/></net>

<net id="1752"><net_src comp="1747" pin="1"/><net_sink comp="1505" pin=1"/></net>

<net id="1756"><net_src comp="356" pin="3"/><net_sink comp="1753" pin=0"/></net>

<net id="1757"><net_src comp="1753" pin="1"/><net_sink comp="268" pin=2"/></net>

<net id="1761"><net_src comp="362" pin="3"/><net_sink comp="1758" pin=0"/></net>

<net id="1762"><net_src comp="1758" pin="1"/><net_sink comp="268" pin=0"/></net>

<net id="1766"><net_src comp="268" pin="7"/><net_sink comp="1763" pin=0"/></net>

<net id="1767"><net_src comp="1763" pin="1"/><net_sink comp="628" pin=2"/></net>

<net id="1768"><net_src comp="1763" pin="1"/><net_sink comp="1242" pin=1"/></net>

<net id="1772"><net_src comp="268" pin="3"/><net_sink comp="1769" pin=0"/></net>

<net id="1773"><net_src comp="1769" pin="1"/><net_sink comp="638" pin=2"/></net>

<net id="1774"><net_src comp="1769" pin="1"/><net_sink comp="1247" pin=1"/></net>

<net id="1778"><net_src comp="925" pin="1"/><net_sink comp="1775" pin=0"/></net>

<net id="1779"><net_src comp="1775" pin="1"/><net_sink comp="1165" pin=0"/></net>

<net id="1783"><net_src comp="268" pin="7"/><net_sink comp="1780" pin=0"/></net>

<net id="1784"><net_src comp="1780" pin="1"/><net_sink comp="649" pin=2"/></net>

<net id="1785"><net_src comp="1780" pin="1"/><net_sink comp="1252" pin=1"/></net>

<net id="1789"><net_src comp="268" pin="3"/><net_sink comp="1786" pin=0"/></net>

<net id="1790"><net_src comp="1786" pin="1"/><net_sink comp="660" pin=2"/></net>

<net id="1791"><net_src comp="1786" pin="1"/><net_sink comp="1567" pin=1"/></net>

<net id="1798"><net_src comp="935" pin="2"/><net_sink comp="1795" pin=0"/></net>

<net id="1799"><net_src comp="1795" pin="1"/><net_sink comp="672" pin=0"/></net>

<net id="1803"><net_src comp="959" pin="2"/><net_sink comp="1800" pin=0"/></net>

<net id="1804"><net_src comp="1800" pin="1"/><net_sink comp="1447" pin=1"/></net>

<net id="1808"><net_src comp="983" pin="2"/><net_sink comp="1805" pin=0"/></net>

<net id="1809"><net_src comp="1805" pin="1"/><net_sink comp="1472" pin=1"/></net>

<net id="1813"><net_src comp="1061" pin="2"/><net_sink comp="1810" pin=0"/></net>

<net id="1814"><net_src comp="1810" pin="1"/><net_sink comp="1468" pin=0"/></net>

<net id="1818"><net_src comp="1139" pin="2"/><net_sink comp="1815" pin=0"/></net>

<net id="1819"><net_src comp="1815" pin="1"/><net_sink comp="1442" pin=0"/></net>

<net id="1823"><net_src comp="1155" pin="2"/><net_sink comp="1820" pin=0"/></net>

<net id="1827"><net_src comp="1161" pin="1"/><net_sink comp="1824" pin=0"/></net>

<net id="1828"><net_src comp="1824" pin="1"/><net_sink comp="428" pin=2"/></net>

<net id="1829"><net_src comp="1824" pin="1"/><net_sink comp="435" pin=2"/></net>

<net id="1830"><net_src comp="1824" pin="1"/><net_sink comp="443" pin=2"/></net>

<net id="1831"><net_src comp="1824" pin="1"/><net_sink comp="456" pin=2"/></net>

<net id="1835"><net_src comp="370" pin="3"/><net_sink comp="1832" pin=0"/></net>

<net id="1836"><net_src comp="1832" pin="1"/><net_sink comp="254" pin=0"/></net>

<net id="1840"><net_src comp="376" pin="3"/><net_sink comp="1837" pin=0"/></net>

<net id="1841"><net_src comp="1837" pin="1"/><net_sink comp="382" pin=0"/></net>

<net id="1845"><net_src comp="388" pin="3"/><net_sink comp="1842" pin=0"/></net>

<net id="1846"><net_src comp="1842" pin="1"/><net_sink comp="382" pin=2"/></net>

<net id="1850"><net_src comp="1197" pin="3"/><net_sink comp="1847" pin=0"/></net>

<net id="1851"><net_src comp="1847" pin="1"/><net_sink comp="1477" pin=0"/></net>

<net id="1852"><net_src comp="1847" pin="1"/><net_sink comp="1491" pin=0"/></net>

<net id="1853"><net_src comp="1847" pin="1"/><net_sink comp="1511" pin=0"/></net>

<net id="1854"><net_src comp="1847" pin="1"/><net_sink comp="1525" pin=0"/></net>

<net id="1855"><net_src comp="1847" pin="1"/><net_sink comp="1539" pin=0"/></net>

<net id="1856"><net_src comp="1847" pin="1"/><net_sink comp="1553" pin=0"/></net>

<net id="1860"><net_src comp="1237" pin="2"/><net_sink comp="1857" pin=0"/></net>

<net id="1861"><net_src comp="1857" pin="1"/><net_sink comp="268" pin=4"/></net>

<net id="1865"><net_src comp="1242" pin="2"/><net_sink comp="1862" pin=0"/></net>

<net id="1866"><net_src comp="1862" pin="1"/><net_sink comp="268" pin=4"/></net>

<net id="1870"><net_src comp="1247" pin="2"/><net_sink comp="1867" pin=0"/></net>

<net id="1871"><net_src comp="1867" pin="1"/><net_sink comp="268" pin=1"/></net>

<net id="1875"><net_src comp="1252" pin="2"/><net_sink comp="1872" pin=0"/></net>

<net id="1876"><net_src comp="1872" pin="1"/><net_sink comp="268" pin=4"/></net>

<net id="1880"><net_src comp="1257" pin="2"/><net_sink comp="1877" pin=0"/></net>

<net id="1881"><net_src comp="1877" pin="1"/><net_sink comp="574" pin=0"/></net>

<net id="1885"><net_src comp="382" pin="7"/><net_sink comp="1882" pin=0"/></net>

<net id="1886"><net_src comp="1882" pin="1"/><net_sink comp="1431" pin=0"/></net>

<net id="1890"><net_src comp="414" pin="3"/><net_sink comp="1887" pin=0"/></net>

<net id="1891"><net_src comp="1887" pin="1"/><net_sink comp="382" pin=0"/></net>

<net id="1895"><net_src comp="421" pin="3"/><net_sink comp="1892" pin=0"/></net>

<net id="1896"><net_src comp="1892" pin="1"/><net_sink comp="382" pin=2"/></net>

<net id="1900"><net_src comp="1425" pin="2"/><net_sink comp="1897" pin=0"/></net>

<net id="1901"><net_src comp="1897" pin="1"/><net_sink comp="1436" pin=0"/></net>

<net id="1905"><net_src comp="1447" pin="2"/><net_sink comp="1902" pin=0"/></net>

<net id="1906"><net_src comp="1902" pin="1"/><net_sink comp="1458" pin=0"/></net>

<net id="1910"><net_src comp="443" pin="3"/><net_sink comp="1907" pin=0"/></net>

<net id="1911"><net_src comp="1907" pin="1"/><net_sink comp="450" pin=0"/></net>

<net id="1915"><net_src comp="456" pin="3"/><net_sink comp="1912" pin=0"/></net>

<net id="1916"><net_src comp="1912" pin="1"/><net_sink comp="382" pin=0"/></net>

<net id="1920"><net_src comp="1458" pin="2"/><net_sink comp="1917" pin=0"/></net>

<net id="1921"><net_src comp="1917" pin="1"/><net_sink comp="1463" pin=1"/></net>

<net id="1922"><net_src comp="1917" pin="1"/><net_sink comp="1468" pin=1"/></net>

<net id="1926"><net_src comp="1463" pin="2"/><net_sink comp="1923" pin=0"/></net>

<net id="1927"><net_src comp="1923" pin="1"/><net_sink comp="628" pin=0"/></net>

<net id="1931"><net_src comp="1472" pin="2"/><net_sink comp="1928" pin=0"/></net>

<net id="1932"><net_src comp="1928" pin="1"/><net_sink comp="585" pin=0"/></net>

<net id="1939"><net_src comp="1579" pin="2"/><net_sink comp="1936" pin=0"/></net>

<net id="1940"><net_src comp="1936" pin="1"/><net_sink comp="684" pin=0"/></net>

<net id="1944"><net_src comp="505" pin="3"/><net_sink comp="1941" pin=0"/></net>

<net id="1945"><net_src comp="1941" pin="1"/><net_sink comp="268" pin=2"/></net>

</net_list>

</model> 
---------------- Datapath Model END ------------------

* FSMD analyzer results:
  - Output states:
	Port: outputlocation_V | {26 }
	Port: H_0_V | {}
	Port: K | {}
 - Input state : 
	Port: hash1.1 : input_V | {2 3 }
	Port: hash1.1 : H_0_V | {7 8 }
	Port: hash1.1 : K | {19 20 }
  - Chain level:
	State 1
		M_V_addr : 1
		H_V_addr : 1
		message_V_addr : 1
		store_ln77 : 2
	State 2
		icmp_ln79 : 1
		i : 1
		br_ln79 : 2
		zext_ln80 : 1
		input_V_addr : 2
		input_V_load : 3
		store_ln85 : 1
		store_ln98 : 1
	State 3
		store_ln80 : 1
	State 4
		zext_ln104 : 1
		icmp_ln104 : 1
		i_4 : 1
		br_ln104 : 2
		zext_ln1598 : 1
	State 5
		icmp_ln105 : 1
		j : 1
		br_ln105 : 2
		tmp : 1
		zext_ln321 : 2
		add_ln321 : 3
		add_ln106 : 2
		zext_ln106 : 3
		message_V_addr_4 : 4
		message_V_load : 5
	State 6
		M_V_addr_1 : 1
		store_ln106 : 2
	State 7
		icmp_ln110 : 1
		i_7 : 1
		br_ln110 : 2
		zext_ln111 : 1
		H_0_V_addr : 2
		H_0_V_load : 3
	State 8
		store_ln111 : 1
	State 9
		icmp_ln114 : 1
		br_ln114 : 2
		add_ln116 : 1
		tmp_2 : 2
		zext_ln116 : 3
		H_V_addr_2 : 4
		or_ln117 : 3
		tmp_3 : 3
		H_V_addr_3 : 4
		a_V : 5
		b_V : 5
	State 10
		H_V_addr_4 : 1
		H_V_addr_5 : 1
		c_V : 2
		d_V : 2
	State 11
		H_V_addr_6 : 1
		H_V_addr_7 : 1
		e_V : 2
		f_V : 2
	State 12
		H_V_addr_8 : 1
		H_V_addr_9 : 1
		g_V : 2
		h_V : 2
	State 13
		zext_ln116_1 : 1
	State 14
		icmp_ln127 : 1
		j_1 : 1
		br_ln127 : 2
		and_ln26 : 1
		xor_ln26 : 1
		and_ln26_1 : 1
		ch_V : 1
		xor_ln31 : 1
		and_ln31 : 1
		and_ln31_1 : 1
		maj_V : 1
		r_V : 1
		trunc_ln1503 : 1
		ret_V_14 : 2
		r_V_s : 1
		trunc_ln1503_1 : 1
		ret_V_15 : 2
		r_V_1 : 1
		trunc_ln1503_2 : 1
		ret_V_16 : 2
		xor_ln1357 : 3
		ret_V_17 : 3
		r_V_2 : 1
		trunc_ln1503_3 : 1
		ret_V_18 : 2
		r_V_3 : 1
		trunc_ln1503_4 : 1
		ret_V_19 : 2
		r_V_4 : 1
		trunc_ln1503_5 : 1
		ret_V_20 : 2
		xor_ln1357_2 : 3
		ret_V_21 : 3
		tmp_18 : 1
		icmp_ln134 : 2
		zext_ln135 : 1
		add_ln321_1 : 1
		zext_ln321_3 : 2
		M_V_addr_2 : 3
		br_ln134 : 3
		add_ln137 : 1
		zext_ln137 : 2
		W_V_addr_1 : 3
		tempWord_V : 4
		add_ln137_1 : 1
		zext_ln137_1 : 2
		W_V_addr_2 : 3
		W_V_load : 4
		M_V_load : 4
		zext_ln321_2 : 1
		H_V_addr_11 : 2
		or_ln321 : 1
		tmp_11 : 1
		H_V_addr_12 : 2
		add_ln209 : 1
		store_ln151 : 3
		add_ln209_1 : 1
		store_ln152 : 3
		add_ln209_2 : 1
		add_ln209_4 : 1
		add_ln209_5 : 1
		add_ln209_6 : 1
	State 15
		zext_ln137_2 : 1
		W_V_addr_3 : 2
		tempWord_V_3 : 3
		zext_ln137_3 : 1
		W_V_addr_4 : 2
		W_V_load_2 : 3
	State 16
		ret_V_22 : 1
		ret_V_23 : 1
		r_V_13 : 1
		xor_ln1357_4 : 2
		ret_V : 2
		r_V_8 : 1
		trunc_ln1503_8 : 1
		ret_V_24 : 2
		r_V_9 : 1
		trunc_ln1503_9 : 1
		ret_V_25 : 2
		r_V_10 : 1
		r_V_14 : 2
		xor_ln1357_6 : 3
		ret_V_13 : 3
		add_ln209_9 : 3
	State 17
		add_ln209_10 : 1
		store_ln137 : 2
		add_ln209_13 : 1
	State 18
		store_ln135 : 1
	State 19
		K_load : 1
		W_V_load_3 : 1
	State 20
		add_ln209_11 : 1
		T1_V : 2
	State 21
		a_V_1 : 1
	State 22
		H_V_addr_13 : 1
		H_V_addr_14 : 1
		store_ln153 : 2
		store_ln154 : 2
	State 23
		H_V_addr_15 : 1
		H_V_addr_16 : 1
		store_ln155 : 2
		store_ln156 : 2
	State 24
		H_V_addr_17 : 1
		H_V_addr_18 : 1
		store_ln157 : 2
		store_ln158 : 2
	State 25
		icmp_ln161 : 1
		i_8 : 1
		br_ln161 : 2
		tmp_s : 1
		H_V_addr_10 : 2
		H_V_load : 3
	State 26
		outputlocation_V_add : 1
		store_ln162 : 2


============================================================
+ Verbose Summary: Datapath Resource usage 
============================================================

* Functional unit list:
|----------|------------------------|---------|---------|
| Operation|     Functional Unit    |    FF   |   LUT   |
|----------|------------------------|---------|---------|
|          |        i_fu_703        |    0    |    15   |
|          |       i_4_fu_724       |    0    |    15   |
|          |        j_fu_740        |    0    |    10   |
|          |    add_ln321_fu_758    |    0    |    15   |
|          |    add_ln106_fu_763    |    0    |    15   |
|          |       i_7_fu_783       |    0    |    13   |
|          |    add_ln116_fu_800    |    0    |    10   |
|          |       j_1_fu_935       |    0    |    15   |
|          |   add_ln321_1_fu_1165  |    0    |    15   |
|          |    add_ln137_fu_1175   |    0    |    15   |
|          |   add_ln137_1_fu_1186  |    0    |    15   |
|          |    add_ln209_fu_1225   |    0    |    39   |
|          |   add_ln209_1_fu_1231  |    0    |    39   |
|          |   add_ln209_2_fu_1237  |    0    |    39   |
|          |   add_ln209_4_fu_1242  |    0    |    39   |
|          |   add_ln209_5_fu_1247  |    0    |    39   |
|    add   |   add_ln209_6_fu_1252  |    0    |    39   |
|          |       i_9_fu_1257      |    0    |    10   |
|          |   add_ln137_2_fu_1263  |    0    |    15   |
|          |   add_ln137_3_fu_1274  |    0    |    15   |
|          |   add_ln209_9_fu_1425  |    0    |    39   |
|          |   add_ln209_8_fu_1431  |    0    |    32   |
|          |  add_ln209_10_fu_1436  |    0    |    32   |
|          |  add_ln209_12_fu_1442  |    0    |    32   |
|          |  add_ln209_13_fu_1447  |    0    |    32   |
|          |  add_ln209_11_fu_1452  |    0    |    32   |
|          |      T1_V_fu_1458      |    0    |    32   |
|          |      e_V_1_fu_1463     |    0    |    39   |
|          |  add_ln209_16_fu_1468  |    0    |    32   |
|          |      a_V_1_fu_1472     |    0    |    32   |
|          |   add_ln209_3_fu_1505  |    0    |    39   |
|          |   add_ln209_7_fu_1567  |    0    |    39   |
|          |       i_8_fu_1579      |    0    |    13   |
|----------|------------------------|---------|---------|
|          |     xor_ln26_fu_947    |    0    |    32   |
|          |       ch_V_fu_959      |    0    |    32   |
|          |     xor_ln31_fu_965    |    0    |    32   |
|          |      maj_V_fu_983      |    0    |    32   |
|          |   xor_ln1357_fu_1055   |    0    |    32   |
|    xor   |    ret_V_17_fu_1061    |    0    |    32   |
|          |  xor_ln1357_2_fu_1133  |    0    |    32   |
|          |    ret_V_21_fu_1139    |    0    |    32   |
|          |  xor_ln1357_4_fu_1343  |    0    |    32   |
|          |      ret_V_fu_1349     |    0    |    32   |
|          |  xor_ln1357_6_fu_1413  |    0    |    32   |
|          |    ret_V_13_fu_1419    |    0    |    32   |
|----------|------------------------|---------|---------|
|          |     and_ln26_fu_941    |    0    |    32   |
|    and   |    and_ln26_1_fu_953   |    0    |    32   |
|          |     and_ln31_fu_971    |    0    |    32   |
|          |    and_ln31_1_fu_977   |    0    |    32   |
|----------|------------------------|---------|---------|
|          |    icmp_ln79_fu_697    |    0    |    11   |
|          |    icmp_ln104_fu_718   |    0    |    11   |
|          |    icmp_ln105_fu_734   |    0    |    8    |
|   icmp   |    icmp_ln110_fu_777   |    0    |    9    |
|          |    icmp_ln114_fu_794   |    0    |    8    |
|          |    icmp_ln127_fu_929   |    0    |    11   |
|          |   icmp_ln134_fu_1155   |    0    |    9    |
|          |   icmp_ln161_fu_1573   |    0    |    9    |
|----------|------------------------|---------|---------|
|          |    zext_ln80_fu_709    |    0    |    0    |
|          |    zext_ln104_fu_714   |    0    |    0    |
|          |   zext_ln1598_fu_730   |    0    |    0    |
|          |    zext_ln321_fu_754   |    0    |    0    |
|          |    zext_ln106_fu_768   |    0    |    0    |
|          |   zext_ln321_1_fu_773  |    0    |    0    |
|          |    zext_ln111_fu_789   |    0    |    0    |
|          |    zext_ln116_fu_814   |    0    |    0    |
|          |   zext_ln116_1_fu_925  |    0    |    0    |
|   zext   |   zext_ln135_fu_1161   |    0    |    0    |
|          |  zext_ln321_3_fu_1170  |    0    |    0    |
|          |   zext_ln137_fu_1181   |    0    |    0    |
|          |  zext_ln137_1_fu_1192  |    0    |    0    |
|          |  zext_ln321_2_fu_1205  |    0    |    0    |
|          |  zext_ln137_2_fu_1269  |    0    |    0    |
|          |  zext_ln137_3_fu_1280  |    0    |    0    |
|          |     r_V_13_fu_1339     |    0    |    0    |
|          |     r_V_14_fu_1409     |    0    |    0    |
|          |   zext_ln162_fu_1594   |    0    |    0    |
|----------|------------------------|---------|---------|
|          |       tmp_fu_746       |    0    |    0    |
|          |      tmp_2_fu_806      |    0    |    0    |
|          |      tmp_3_fu_825      |    0    |    0    |
|          |      tmp_4_fu_839      |    0    |    0    |
|          |      tmp_5_fu_853      |    0    |    0    |
|          |      tmp_6_fu_867      |    0    |    0    |
|          |      tmp_7_fu_881      |    0    |    0    |
|          |      tmp_8_fu_895      |    0    |    0    |
|          |      tmp_9_fu_909      |    0    |    0    |
|          |      tmp_1_fu_918      |    0    |    0    |
|          |    ret_V_14_fu_1003    |    0    |    0    |
|          |    ret_V_15_fu_1025    |    0    |    0    |
|          |    ret_V_16_fu_1047    |    0    |    0    |
|          |    ret_V_18_fu_1081    |    0    |    0    |
|bitconcatenate|    ret_V_19_fu_1103    |    0    |    0    |
|          |    ret_V_20_fu_1125    |    0    |    0    |
|          |     tmp_10_fu_1197     |    0    |    0    |
|          |     tmp_11_fu_1216     |    0    |    0    |
|          |    ret_V_22_fu_1299    |    0    |    0    |
|          |    ret_V_23_fu_1321    |    0    |    0    |
|          |    ret_V_24_fu_1369    |    0    |    0    |
|          |    ret_V_25_fu_1391    |    0    |    0    |
|          |     tmp_12_fu_1482     |    0    |    0    |
|          |     tmp_13_fu_1496     |    0    |    0    |
|          |     tmp_14_fu_1516     |    0    |    0    |
|          |     tmp_15_fu_1530     |    0    |    0    |
|          |     tmp_16_fu_1544     |    0    |    0    |
|          |     tmp_17_fu_1558     |    0    |    0    |
|          |      tmp_s_fu_1585     |    0    |    0    |
|----------|------------------------|---------|---------|
|          |     or_ln117_fu_819    |    0    |    0    |
|          |     or_ln118_fu_834    |    0    |    0    |
|          |     or_ln119_fu_848    |    0    |    0    |
|          |     or_ln120_fu_862    |    0    |    0    |
|          |     or_ln121_fu_876    |    0    |    0    |
|          |     or_ln122_fu_890    |    0    |    0    |
|    or    |     or_ln123_fu_904    |    0    |    0    |
|          |    or_ln321_fu_1210    |    0    |    0    |
|          |   or_ln321_1_fu_1477   |    0    |    0    |
|          |   or_ln321_2_fu_1491   |    0    |    0    |
|          |   or_ln321_3_fu_1511   |    0    |    0    |
|          |   or_ln321_4_fu_1525   |    0    |    0    |
|          |   or_ln321_5_fu_1539   |    0    |    0    |
|          |   or_ln321_6_fu_1553   |    0    |    0    |
|----------|------------------------|---------|---------|
|          |       r_V_fu_989       |    0    |    0    |
|          |      r_V_s_fu_1011     |    0    |    0    |
|          |      r_V_1_fu_1033     |    0    |    0    |
|          |      r_V_2_fu_1067     |    0    |    0    |
|          |      r_V_3_fu_1089     |    0    |    0    |
|          |      r_V_4_fu_1111     |    0    |    0    |
|partselect|     tmp_18_fu_1145     |    0    |    0    |
|          |      r_V_5_fu_1285     |    0    |    0    |
|          |      r_V_6_fu_1307     |    0    |    0    |
|          |      r_V_7_fu_1329     |    0    |    0    |
|          |      r_V_8_fu_1355     |    0    |    0    |
|          |      r_V_9_fu_1377     |    0    |    0    |
|          |     r_V_10_fu_1399     |    0    |    0    |
|----------|------------------------|---------|---------|
|          |   trunc_ln1503_fu_999  |    0    |    0    |
|          | trunc_ln1503_1_fu_1021 |    0    |    0    |
|          | trunc_ln1503_2_fu_1043 |    0    |    0    |
|          | trunc_ln1503_3_fu_1077 |    0    |    0    |
|   trunc  | trunc_ln1503_4_fu_1099 |    0    |    0    |
|          | trunc_ln1503_5_fu_1121 |    0    |    0    |
|          | trunc_ln1503_6_fu_1295 |    0    |    0    |
|          | trunc_ln1503_7_fu_1317 |    0    |    0    |
|          | trunc_ln1503_8_fu_1365 |    0    |    0    |
|          | trunc_ln1503_9_fu_1387 |    0    |    0    |
|----------|------------------------|---------|---------|
|   Total  |                        |    0    |   1440  |
|----------|------------------------|---------|---------|

Memories:
+---------+--------+--------+--------+--------+
|         |  BRAM  |   FF   |   LUT  |  URAM  |
+---------+--------+--------+--------+--------+
|   H_V   |    2   |    0   |    0   |    0   |
|   M_V   |    1   |    0   |    0   |    0   |
|   W_V   |    2   |    0   |    0   |    0   |
|message_V|   32   |    0   |    0   |    0   |
+---------+--------+--------+--------+--------+
|  Total  |   37   |    0   |    0   |    0   |
+---------+--------+--------+--------+--------+

* Register list:
+-------------------------+--------+
|                         |   FF   |
+-------------------------+--------+
|   H_0_V_addr_reg_1676   |    3   |
|   H_V_addr_10_reg_1941  |    8   |
|   H_V_addr_2_reg_1699   |    8   |
|   H_V_addr_3_reg_1704   |    8   |
|   H_V_addr_4_reg_1709   |    8   |
|   H_V_addr_5_reg_1714   |    8   |
|   H_V_addr_6_reg_1731   |    8   |
|   H_V_addr_7_reg_1736   |    8   |
|   H_V_addr_8_reg_1753   |    8   |
|   H_V_addr_9_reg_1758   |    8   |
|    H_V_addr_reg_1604    |    8   |
|     K_addr_reg_1907     |    6   |
|   M_V_addr_2_reg_1832   |    9   |
|    M_V_addr_reg_1599    |    9   |
|      T1_V_reg_1917      |   32   |
|   W_V_addr_1_reg_1837   |    6   |
|   W_V_addr_2_reg_1842   |    6   |
|   W_V_addr_3_reg_1887   |    6   |
|   W_V_addr_4_reg_1892   |    6   |
|   W_V_addr_6_reg_1912   |    6   |
|    W_V_load_reg_1882    |   32   |
|      a_V_1_reg_1928     |   32   |
|       a_V_reg_1719      |   32   |
|    add_ln116_reg_1684   |    2   |
|  add_ln209_13_reg_1902  |   32   |
|   add_ln209_2_reg_1857  |   32   |
|   add_ln209_4_reg_1862  |   32   |
|   add_ln209_5_reg_1867  |   32   |
|   add_ln209_6_reg_1872  |   32   |
|   add_ln209_9_reg_1897  |   32   |
|    add_ln321_reg_1653   |    7   |
|      b_V_1_reg_582      |   32   |
|       b_V_reg_1725      |   32   |
|      c_V_1_reg_592      |   32   |
|       c_V_reg_1741      |   32   |
|      ch_V_reg_1800      |   32   |
|      d_V_1_reg_603      |   32   |
|       d_V_reg_1747      |   32   |
|      e_V_1_reg_1923     |   32   |
|       e_V_reg_1763      |   32   |
|      f_V_1_reg_625      |   32   |
|       f_V_reg_1769      |   32   |
|      g_V_1_reg_635      |   32   |
|       g_V_reg_1780      |   32   |
|      h_V_1_reg_646      |   32   |
|       h_V_reg_1786      |   32   |
|       i1_0_reg_537      |    5   |
|       i3_0_reg_559      |    4   |
|       i7_0_reg_680      |    4   |
|       i_0_reg_526       |    5   |
|       i_4_reg_1635      |    5   |
|       i_7_reg_1666      |    4   |
|       i_8_reg_1936      |    4   |
|       i_9_reg_1877      |    2   |
|  i_op_assign_1_reg_570  |    2   |
|   i_op_assign_reg_548   |    2   |
|        i_reg_1612       |    5   |
|   icmp_ln134_reg_1820   |    1   |
|  input_V_addr_reg_1622  |    5   |
|       j6_0_reg_668      |    7   |
|       j_1_reg_1795      |    7   |
|        j_reg_1648       |    2   |
|      maj_V_reg_1805     |   32   |
|message_V_addr_4_reg_1658|   14   |
|     p_0625_0_reg_657    |   32   |
|     p_0792_0_reg_614    |   32   |
|         reg_692         |   32   |
|    ret_V_17_reg_1810    |   32   |
|    ret_V_21_reg_1815    |   32   |
|     tmp_10_reg_1847     |    5   |
|      tmp_2_reg_1689     |    5   |
|   zext_ln104_reg_1627   |    6   |
|   zext_ln111_reg_1671   |   64   |
|  zext_ln116_1_reg_1775  |    7   |
|   zext_ln135_reg_1824   |   64   |
|   zext_ln1598_reg_1640  |    7   |
|    zext_ln80_reg_1617   |   64   |
+-------------------------+--------+
|          Total          |  1438  |
+-------------------------+--------+

* Multiplexer (MUX) list: 
|-----------------------|------|------|------|--------||---------||---------|
|          Comp         |  Pin | Size |  BW  | S x BW ||  Delay  ||   LUT   |
|-----------------------|------|------|------|--------||---------||---------|
|   grp_access_fu_212   |  p0  |   4  |  14  |   56   ||    21   |
|   grp_access_fu_212   |  p1  |   2  |  32  |   64   |
|   grp_access_fu_212   |  p2  |   2  |   0  |    0   ||    9    |
|   grp_access_fu_212   |  p4  |   2  |  14  |   28   ||    9    |
|   grp_access_fu_226   |  p0  |   2  |   5  |   10   ||    9    |
|   grp_access_fu_254   |  p0  |   4  |   9  |   36   ||    21   |
|   grp_access_fu_254   |  p1  |   2  |  32  |   64   ||    9    |
|   grp_access_fu_268   |  p0  |  14  |   8  |   112  ||    59   |
|   grp_access_fu_268   |  p1  |   6  |  32  |   192  ||    33   |
|   grp_access_fu_268   |  p2  |  14  |   0  |    0   ||    59   |
|   grp_access_fu_268   |  p4  |   4  |   8  |   32   ||    21   |
|   grp_access_fu_296   |  p0  |   2  |   3  |    6   ||    9    |
|   grp_access_fu_382   |  p0  |   7  |   6  |   42   ||    38   |
|   grp_access_fu_382   |  p2  |   5  |   0  |    0   ||    27   |
|   grp_access_fu_450   |  p0  |   2  |   6  |   12   ||    9    |
| i_op_assign_1_reg_570 |  p0  |   2  |   2  |    4   ||    9    |
|      j6_0_reg_668     |  p0  |   2  |   7  |   14   ||    9    |
|      i7_0_reg_680     |  p0  |   2  |   4  |    8   ||    9    |
|        reg_692        |  p0  |   2  |  32  |   64   ||    9    |
|-----------------------|------|------|------|--------||---------||---------|
|         Total         |      |      |      |   744  || 35.1746 ||   369   |
|-----------------------|------|------|------|--------||---------||---------|



* Summary:
+-----------+--------+--------+--------+--------+--------+
|           |  BRAM  |  Delay |   FF   |   LUT  |  URAM  |
+-----------+--------+--------+--------+--------+--------+
|  Function |    -   |    -   |    0   |  1440  |    -   |
|   Memory  |   37   |    -   |    0   |    0   |    0   |
|Multiplexer|    -   |   35   |    -   |   369  |    -   |
|  Register |    -   |    -   |  1438  |    -   |    -   |
+-----------+--------+--------+--------+--------+--------+
|   Total   |   37   |   35   |  1438  |  1809  |    0   |
+-----------+--------+--------+--------+--------+--------+
