

================================================================
== Vivado HLS Report for 'hash1_1'
================================================================
* Date:           Thu Nov 21 20:50:33 2024

* Version:        2019.2 (Build 2704478 on Wed Nov 06 22:10:23 MST 2019)
* Project:        sha.prj
* Solution:       solution1
* Product family: zynq
* Target device:  xc7z020-clg484-1


================================================================
== Performance Estimates
================================================================
+ Timing: 
    * Summary: 
    +--------+----------+----------+------------+
    |  Clock |  Target  | Estimated| Uncertainty|
    +--------+----------+----------+------------+
    |ap_clk  | 10.00 ns | 7.625 ns |   1.25 ns  |
    +--------+----------+----------+------------+

+ Latency: 
    * Summary: 
    +---------+---------+----------+-----------+-----+------+---------+
    |  Latency (cycles) |  Latency (absolute)  |  Interval  | Pipeline|
    |   min   |   max   |    min   |    max    | min |  max |   Type  |
    +---------+---------+----------+-----------+-----+------+---------+
    |      993|     1121| 9.930 us | 11.210 us |  993|  1121|   none  |
    +---------+---------+----------+-----------+-----+------+---------+

    + Detail: 
        * Instance: 
        N/A

        * Loop: 
        +-------------+---------+---------+-----------+-----------+-----------+------+----------+
        |             |  Latency (cycles) | Iteration |  Initiation Interval  | Trip |          |
        |  Loop Name  |   min   |   max   |  Latency  |  achieved |   target  | Count| Pipelined|
        +-------------+---------+---------+-----------+-----------+-----------+------+----------+
        |- Loop 1     |       42|       42|          2|          -|          -|    21|    no    |
        |- Loop 2     |      128|      128|          8|          -|          -|    16|    no    |
        | + Loop 2.1  |        6|        6|          2|          -|          -|     3|    no    |
        |- Loop 3     |       16|       16|          2|          -|          -|     8|    no    |
        |- Loop 4     |      786|      914| 393 ~ 457 |          -|          -|     2|    no    |
        | + Loop 4.1  |      384|      448|   6 ~ 7   |          -|          -|    64|    no    |
        |- Loop 5     |       16|       16|          2|          -|          -|     8|    no    |
        +-------------+---------+---------+-----------+-----------+-----------+------+----------+

============================================================
+ Verbose Summary: Synthesis Manager
============================================================
InlineROM: 1
ExposeGlobal: 0
============================================================
+ Verbose Summary: CDFG Model
============================================================
IsTopModel: 0
ResetActiveHigh: 1
IsCombinational: 0
IsDatapathOnly: 0
HasWiredReturn: 1
HasMFsm: 0
HasVarLatency: 1
IsPipeline: 0
IsRtlPipelined: 0
IsInstanceOverlapped: 0
IsDontTouch: 0
HasImplIP: 0
IsGatedGlobalClock: 0


============================================================
+ Verbose Summary: Schedule
============================================================
* Number of FSM states : 26
* Pipeline : 0
* Dataflow Pipeline: 0

* FSM state transitions: 
1 --> 2 
2 --> 3 4 
3 --> 2 
4 --> 5 7 
5 --> 6 4 
6 --> 5 
7 --> 8 9 
8 --> 7 
9 --> 10 25 
10 --> 11 
11 --> 12 
12 --> 13 
13 --> 14 
14 --> 22 15 18 
15 --> 16 
16 --> 17 
17 --> 19 
18 --> 17 
19 --> 20 
20 --> 21 
21 --> 14 
22 --> 23 
23 --> 24 
24 --> 9 
25 --> 26 
26 --> 25 

* FSM state operations: 

State 1 <SV = 0> <Delay = 3.25>
ST_1 : Operation 27 [1/1] (3.25ns)   --->   "%message_V = alloca [10000 x i32], align 4" [sha256.cpp:77]   --->   Operation 27 'alloca' 'message_V' <Predicate = true> <Delay = 3.25> <Core = "RAM">   --->   Core 37 'RAM' <Latency = 1> <II = 1> <Delay = 3.25> <Storage> <Opcode : 'load' 'store'> <Ports = 2> <Width = 32> <Depth = 64> <RAM>
ST_1 : Operation 28 [1/1] (3.25ns)   --->   "%M_V = alloca [512 x i32], align 4" [sha256.cpp:102]   --->   Operation 28 'alloca' 'M_V' <Predicate = true> <Delay = 3.25> <Core = "RAM">   --->   Core 37 'RAM' <Latency = 1> <II = 1> <Delay = 3.25> <Storage> <Opcode : 'load' 'store'> <Ports = 2> <Width = 32> <Depth = 64> <RAM>
ST_1 : Operation 29 [1/1] (3.25ns)   --->   "%H_V = alloca [256 x i32], align 4" [sha256.cpp:108]   --->   Operation 29 'alloca' 'H_V' <Predicate = true> <Delay = 3.25> <Core = "RAM">   --->   Core 37 'RAM' <Latency = 1> <II = 1> <Delay = 3.25> <Storage> <Opcode : 'load' 'store'> <Ports = 2> <Width = 32> <Depth = 64> <RAM>
ST_1 : Operation 30 [1/1] (3.25ns)   --->   "%W_V = alloca [64 x i32], align 4" [sha256.cpp:125]   --->   Operation 30 'alloca' 'W_V' <Predicate = true> <Delay = 3.25> <Core = "RAM">   --->   Core 37 'RAM' <Latency = 1> <II = 1> <Delay = 3.25> <Storage> <Opcode : 'load' 'store'> <Ports = 2> <Width = 32> <Depth = 64> <RAM>
ST_1 : Operation 31 [1/1] (1.76ns)   --->   "br label %.preheader1321" [sha256.cpp:79]   --->   Operation 31 'br' <Predicate = true> <Delay = 1.76>

State 2 <SV = 1> <Delay = 3.25>
ST_2 : Operation 32 [1/1] (0.00ns)   --->   "%i_0 = phi i5 [ %i, %0 ], [ 0, %.preheader1321.preheader ]"   --->   Operation 32 'phi' 'i_0' <Predicate = true> <Delay = 0.00>
ST_2 : Operation 33 [1/1] (0.00ns)   --->   "%empty = call i32 (...)* @_ssdm_op_SpecLoopTripCount(i64 21, i64 21, i64 21)"   --->   Operation 33 'speclooptripcount' 'empty' <Predicate = true> <Delay = 0.00>
ST_2 : Operation 34 [1/1] (1.36ns)   --->   "%icmp_ln79 = icmp eq i5 %i_0, -11" [sha256.cpp:79]   --->   Operation 34 'icmp' 'icmp_ln79' <Predicate = true> <Delay = 1.36> <Core = "Cmp">   --->   Core 25 'Cmp' <Latency = 0> <II = 1> <Delay = 1.30> <FuncUnit> <Opcode : 'icmp'> <InPorts = 2> <OutPorts = 1>
ST_2 : Operation 35 [1/1] (1.78ns)   --->   "%i = add i5 %i_0, 1" [sha256.cpp:79]   --->   Operation 35 'add' 'i' <Predicate = true> <Delay = 1.78> <Core = "AddSub">   --->   Core 14 'AddSub' <Latency = 0> <II = 1> <Delay = 1.73> <FuncUnit> <Opcode : 'add' 'sub'> <InPorts = 2> <OutPorts = 1>
ST_2 : Operation 36 [1/1] (0.00ns)   --->   "br i1 %icmp_ln79, label %1, label %0" [sha256.cpp:79]   --->   Operation 36 'br' <Predicate = true> <Delay = 0.00>
ST_2 : Operation 37 [1/1] (0.00ns)   --->   "%zext_ln80 = zext i5 %i_0 to i64" [sha256.cpp:80]   --->   Operation 37 'zext' 'zext_ln80' <Predicate = (!icmp_ln79)> <Delay = 0.00>
ST_2 : Operation 38 [1/1] (0.00ns)   --->   "%input_V_addr = getelementptr [20 x i32]* %input_V, i64 0, i64 %zext_ln80" [sha256.cpp:80]   --->   Operation 38 'getelementptr' 'input_V_addr' <Predicate = (!icmp_ln79)> <Delay = 0.00>
ST_2 : Operation 39 [2/2] (2.32ns)   --->   "%input_V_load = load i32* %input_V_addr, align 4" [sha256.cpp:80]   --->   Operation 39 'load' 'input_V_load' <Predicate = (!icmp_ln79)> <Delay = 2.32> <Core = "RAM">   --->   Core 37 'RAM' <Latency = 1> <II = 1> <Delay = 3.25> <Storage> <Opcode : 'load' 'store'> <Ports = 2> <Width = 32> <Depth = 64> <RAM>
ST_2 : Operation 40 [1/1] (0.00ns)   --->   "%message_V_addr_1 = getelementptr [10000 x i32]* %message_V, i64 0, i64 20" [sha256.cpp:85]   --->   Operation 40 'getelementptr' 'message_V_addr_1' <Predicate = (icmp_ln79)> <Delay = 0.00>
ST_2 : Operation 41 [1/1] (3.25ns)   --->   "store i32 -2147483648, i32* %message_V_addr_1, align 4" [sha256.cpp:85]   --->   Operation 41 'store' <Predicate = (icmp_ln79)> <Delay = 3.25> <Core = "RAM">   --->   Core 37 'RAM' <Latency = 1> <II = 1> <Delay = 3.25> <Storage> <Opcode : 'load' 'store'> <Ports = 2> <Width = 32> <Depth = 64> <RAM>
ST_2 : Operation 42 [1/1] (0.00ns)   --->   "%message_V_addr_2 = getelementptr [10000 x i32]* %message_V, i64 0, i64 31" [sha256.cpp:98]   --->   Operation 42 'getelementptr' 'message_V_addr_2' <Predicate = (icmp_ln79)> <Delay = 0.00>
ST_2 : Operation 43 [1/1] (3.25ns)   --->   "store i32 640, i32* %message_V_addr_2, align 4" [sha256.cpp:98]   --->   Operation 43 'store' <Predicate = (icmp_ln79)> <Delay = 3.25> <Core = "RAM">   --->   Core 37 'RAM' <Latency = 1> <II = 1> <Delay = 3.25> <Storage> <Opcode : 'load' 'store'> <Ports = 2> <Width = 32> <Depth = 64> <RAM>
ST_2 : Operation 44 [1/1] (1.76ns)   --->   "br label %.loopexit" [sha256.cpp:104]   --->   Operation 44 'br' <Predicate = (icmp_ln79)> <Delay = 1.76>

State 3 <SV = 2> <Delay = 5.57>
ST_3 : Operation 45 [1/2] (2.32ns)   --->   "%input_V_load = load i32* %input_V_addr, align 4" [sha256.cpp:80]   --->   Operation 45 'load' 'input_V_load' <Predicate = true> <Delay = 2.32> <Core = "RAM">   --->   Core 37 'RAM' <Latency = 1> <II = 1> <Delay = 3.25> <Storage> <Opcode : 'load' 'store'> <Ports = 2> <Width = 32> <Depth = 64> <RAM>
ST_3 : Operation 46 [1/1] (0.00ns)   --->   "%message_V_addr = getelementptr [10000 x i32]* %message_V, i64 0, i64 %zext_ln80" [sha256.cpp:80]   --->   Operation 46 'getelementptr' 'message_V_addr' <Predicate = true> <Delay = 0.00>
ST_3 : Operation 47 [1/1] (3.25ns)   --->   "store i32 %input_V_load, i32* %message_V_addr, align 4" [sha256.cpp:80]   --->   Operation 47 'store' <Predicate = true> <Delay = 3.25> <Core = "RAM">   --->   Core 37 'RAM' <Latency = 1> <II = 1> <Delay = 3.25> <Storage> <Opcode : 'load' 'store'> <Ports = 2> <Width = 32> <Depth = 64> <RAM>
ST_3 : Operation 48 [1/1] (0.00ns)   --->   "br label %.preheader1321" [sha256.cpp:79]   --->   Operation 48 'br' <Predicate = true> <Delay = 0.00>

State 4 <SV = 2> <Delay = 1.78>
ST_4 : Operation 49 [1/1] (0.00ns)   --->   "%i4_0 = phi i5 [ 0, %1 ], [ %i_4, %.loopexit.loopexit ]"   --->   Operation 49 'phi' 'i4_0' <Predicate = true> <Delay = 0.00>
ST_4 : Operation 50 [1/1] (0.00ns)   --->   "%zext_ln104 = zext i5 %i4_0 to i6" [sha256.cpp:104]   --->   Operation 50 'zext' 'zext_ln104' <Predicate = true> <Delay = 0.00>
ST_4 : Operation 51 [1/1] (1.36ns)   --->   "%icmp_ln104 = icmp eq i5 %i4_0, -16" [sha256.cpp:104]   --->   Operation 51 'icmp' 'icmp_ln104' <Predicate = true> <Delay = 1.36> <Core = "Cmp">   --->   Core 25 'Cmp' <Latency = 0> <II = 1> <Delay = 1.30> <FuncUnit> <Opcode : 'icmp'> <InPorts = 2> <OutPorts = 1>
ST_4 : Operation 52 [1/1] (0.00ns)   --->   "%empty_11 = call i32 (...)* @_ssdm_op_SpecLoopTripCount(i64 16, i64 16, i64 16)"   --->   Operation 52 'speclooptripcount' 'empty_11' <Predicate = true> <Delay = 0.00>
ST_4 : Operation 53 [1/1] (1.78ns)   --->   "%i_4 = add i5 %i4_0, 1" [sha256.cpp:104]   --->   Operation 53 'add' 'i_4' <Predicate = true> <Delay = 1.78> <Core = "AddSub">   --->   Core 14 'AddSub' <Latency = 0> <II = 1> <Delay = 1.73> <FuncUnit> <Opcode : 'add' 'sub'> <InPorts = 2> <OutPorts = 1>
ST_4 : Operation 54 [1/1] (0.00ns)   --->   "br i1 %icmp_ln104, label %.preheader1319.preheader, label %.preheader1320.preheader" [sha256.cpp:104]   --->   Operation 54 'br' <Predicate = true> <Delay = 0.00>
ST_4 : Operation 55 [1/1] (0.00ns)   --->   "%zext_ln1598 = zext i5 %i4_0 to i7" [sha256.cpp:105]   --->   Operation 55 'zext' 'zext_ln1598' <Predicate = (!icmp_ln104)> <Delay = 0.00>
ST_4 : Operation 56 [1/1] (1.76ns)   --->   "br label %.preheader1320" [sha256.cpp:105]   --->   Operation 56 'br' <Predicate = (!icmp_ln104)> <Delay = 1.76>
ST_4 : Operation 57 [1/1] (1.76ns)   --->   "br label %.preheader1319" [sha256.cpp:110]   --->   Operation 57 'br' <Predicate = (icmp_ln104)> <Delay = 1.76>

State 5 <SV = 3> <Delay = 5.07>
ST_5 : Operation 58 [1/1] (0.00ns)   --->   "%i_op_assign = phi i2 [ %j, %2 ], [ 0, %.preheader1320.preheader ]"   --->   Operation 58 'phi' 'i_op_assign' <Predicate = true> <Delay = 0.00>
ST_5 : Operation 59 [1/1] (0.95ns)   --->   "%icmp_ln105 = icmp eq i2 %i_op_assign, -1" [sha256.cpp:105]   --->   Operation 59 'icmp' 'icmp_ln105' <Predicate = true> <Delay = 0.95> <Core = "Cmp">   --->   Core 25 'Cmp' <Latency = 0> <II = 1> <Delay = 1.30> <FuncUnit> <Opcode : 'icmp'> <InPorts = 2> <OutPorts = 1>
ST_5 : Operation 60 [1/1] (0.00ns)   --->   "%empty_12 = call i32 (...)* @_ssdm_op_SpecLoopTripCount(i64 3, i64 3, i64 3)"   --->   Operation 60 'speclooptripcount' 'empty_12' <Predicate = true> <Delay = 0.00>
ST_5 : Operation 61 [1/1] (1.56ns)   --->   "%j = add i2 %i_op_assign, 1" [sha256.cpp:105]   --->   Operation 61 'add' 'j' <Predicate = true> <Delay = 1.56> <Core = "AddSub">   --->   Core 14 'AddSub' <Latency = 0> <II = 1> <Delay = 1.73> <FuncUnit> <Opcode : 'add' 'sub'> <InPorts = 2> <OutPorts = 1>
ST_5 : Operation 62 [1/1] (0.00ns)   --->   "br i1 %icmp_ln105, label %.loopexit.loopexit, label %2" [sha256.cpp:105]   --->   Operation 62 'br' <Predicate = true> <Delay = 0.00>
ST_5 : Operation 63 [1/1] (0.00ns)   --->   "%tmp = call i6 @_ssdm_op_BitConcatenate.i6.i2.i4(i2 %i_op_assign, i4 0)" [sha256.cpp:106]   --->   Operation 63 'bitconcatenate' 'tmp' <Predicate = (!icmp_ln105)> <Delay = 0.00>
ST_5 : Operation 64 [1/1] (0.00ns)   --->   "%zext_ln321 = zext i6 %tmp to i7" [sha256.cpp:106]   --->   Operation 64 'zext' 'zext_ln321' <Predicate = (!icmp_ln105)> <Delay = 0.00>
ST_5 : Operation 65 [1/1] (1.82ns)   --->   "%add_ln321 = add i7 %zext_ln1598, %zext_ln321" [sha256.cpp:106]   --->   Operation 65 'add' 'add_ln321' <Predicate = (!icmp_ln105)> <Delay = 1.82> <Core = "AddSub">   --->   Core 14 'AddSub' <Latency = 0> <II = 1> <Delay = 1.73> <FuncUnit> <Opcode : 'add' 'sub'> <InPorts = 2> <OutPorts = 1>
ST_5 : Operation 66 [1/1] (1.82ns)   --->   "%add_ln106 = add i6 %zext_ln104, %tmp" [sha256.cpp:106]   --->   Operation 66 'add' 'add_ln106' <Predicate = (!icmp_ln105)> <Delay = 1.82> <Core = "AddSub">   --->   Core 14 'AddSub' <Latency = 0> <II = 1> <Delay = 1.73> <FuncUnit> <Opcode : 'add' 'sub'> <InPorts = 2> <OutPorts = 1>
ST_5 : Operation 67 [1/1] (0.00ns)   --->   "%zext_ln106 = zext i6 %add_ln106 to i64" [sha256.cpp:106]   --->   Operation 67 'zext' 'zext_ln106' <Predicate = (!icmp_ln105)> <Delay = 0.00>
ST_5 : Operation 68 [1/1] (0.00ns)   --->   "%message_V_addr_3 = getelementptr [10000 x i32]* %message_V, i64 0, i64 %zext_ln106" [sha256.cpp:106]   --->   Operation 68 'getelementptr' 'message_V_addr_3' <Predicate = (!icmp_ln105)> <Delay = 0.00>
ST_5 : Operation 69 [2/2] (3.25ns)   --->   "%message_V_load = load i32* %message_V_addr_3, align 4" [sha256.cpp:106]   --->   Operation 69 'load' 'message_V_load' <Predicate = (!icmp_ln105)> <Delay = 3.25> <Core = "RAM">   --->   Core 37 'RAM' <Latency = 1> <II = 1> <Delay = 3.25> <Storage> <Opcode : 'load' 'store'> <Ports = 2> <Width = 32> <Depth = 64> <RAM>
ST_5 : Operation 70 [1/1] (0.00ns)   --->   "br label %.loopexit"   --->   Operation 70 'br' <Predicate = (icmp_ln105)> <Delay = 0.00>

State 6 <SV = 4> <Delay = 6.50>
ST_6 : Operation 71 [1/1] (0.00ns)   --->   "%zext_ln321_1 = zext i7 %add_ln321 to i64" [sha256.cpp:106]   --->   Operation 71 'zext' 'zext_ln321_1' <Predicate = true> <Delay = 0.00>
ST_6 : Operation 72 [1/1] (0.00ns)   --->   "%M_V_addr = getelementptr [512 x i32]* %M_V, i64 0, i64 %zext_ln321_1" [sha256.cpp:106]   --->   Operation 72 'getelementptr' 'M_V_addr' <Predicate = true> <Delay = 0.00>
ST_6 : Operation 73 [1/2] (3.25ns)   --->   "%message_V_load = load i32* %message_V_addr_3, align 4" [sha256.cpp:106]   --->   Operation 73 'load' 'message_V_load' <Predicate = true> <Delay = 3.25> <Core = "RAM">   --->   Core 37 'RAM' <Latency = 1> <II = 1> <Delay = 3.25> <Storage> <Opcode : 'load' 'store'> <Ports = 2> <Width = 32> <Depth = 64> <RAM>
ST_6 : Operation 74 [1/1] (3.25ns)   --->   "store i32 %message_V_load, i32* %M_V_addr, align 4" [sha256.cpp:106]   --->   Operation 74 'store' <Predicate = true> <Delay = 3.25> <Core = "RAM">   --->   Core 37 'RAM' <Latency = 1> <II = 1> <Delay = 3.25> <Storage> <Opcode : 'load' 'store'> <Ports = 2> <Width = 32> <Depth = 64> <RAM>
ST_6 : Operation 75 [1/1] (0.00ns)   --->   "br label %.preheader1320" [sha256.cpp:105]   --->   Operation 75 'br' <Predicate = true> <Delay = 0.00>

State 7 <SV = 3> <Delay = 3.25>
ST_7 : Operation 76 [1/1] (0.00ns)   --->   "%i9_0 = phi i4 [ %i_7, %3 ], [ 0, %.preheader1319.preheader ]"   --->   Operation 76 'phi' 'i9_0' <Predicate = true> <Delay = 0.00>
ST_7 : Operation 77 [1/1] (1.30ns)   --->   "%icmp_ln110 = icmp eq i4 %i9_0, -8" [sha256.cpp:110]   --->   Operation 77 'icmp' 'icmp_ln110' <Predicate = true> <Delay = 1.30> <Core = "Cmp">   --->   Core 25 'Cmp' <Latency = 0> <II = 1> <Delay = 1.30> <FuncUnit> <Opcode : 'icmp'> <InPorts = 2> <OutPorts = 1>
ST_7 : Operation 78 [1/1] (0.00ns)   --->   "%empty_13 = call i32 (...)* @_ssdm_op_SpecLoopTripCount(i64 8, i64 8, i64 8)"   --->   Operation 78 'speclooptripcount' 'empty_13' <Predicate = true> <Delay = 0.00>
ST_7 : Operation 79 [1/1] (1.73ns)   --->   "%i_7 = add i4 %i9_0, 1" [sha256.cpp:110]   --->   Operation 79 'add' 'i_7' <Predicate = true> <Delay = 1.73> <Core = "AddSub">   --->   Core 14 'AddSub' <Latency = 0> <II = 1> <Delay = 1.73> <FuncUnit> <Opcode : 'add' 'sub'> <InPorts = 2> <OutPorts = 1>
ST_7 : Operation 80 [1/1] (0.00ns)   --->   "br i1 %icmp_ln110, label %.preheader9.preheader, label %3" [sha256.cpp:110]   --->   Operation 80 'br' <Predicate = true> <Delay = 0.00>
ST_7 : Operation 81 [1/1] (0.00ns)   --->   "%zext_ln111 = zext i4 %i9_0 to i64" [sha256.cpp:111]   --->   Operation 81 'zext' 'zext_ln111' <Predicate = (!icmp_ln110)> <Delay = 0.00>
ST_7 : Operation 82 [1/1] (0.00ns)   --->   "%H_0_V_addr = getelementptr [8 x i32]* @H_0_V, i64 0, i64 %zext_ln111" [sha256.cpp:111]   --->   Operation 82 'getelementptr' 'H_0_V_addr' <Predicate = (!icmp_ln110)> <Delay = 0.00>
ST_7 : Operation 83 [2/2] (3.25ns)   --->   "%H_0_V_load = load i32* %H_0_V_addr, align 4" [sha256.cpp:111]   --->   Operation 83 'load' 'H_0_V_load' <Predicate = (!icmp_ln110)> <Delay = 3.25> <Core = "ROM_nP">   --->   Core 52 'ROM_nP' <Latency = 1> <II = 1> <Delay = 3.25> <Storage> <Opcode : 'load'> <Ports = 0> <Width = 32> <Depth = 64> <ROM>
ST_7 : Operation 84 [1/1] (1.76ns)   --->   "br label %.preheader9" [sha256.cpp:114]   --->   Operation 84 'br' <Predicate = (icmp_ln110)> <Delay = 1.76>

State 8 <SV = 4> <Delay = 6.50>
ST_8 : Operation 85 [1/1] (0.00ns)   --->   "%H_V_addr = getelementptr [256 x i32]* %H_V, i64 0, i64 %zext_ln111" [sha256.cpp:111]   --->   Operation 85 'getelementptr' 'H_V_addr' <Predicate = true> <Delay = 0.00>
ST_8 : Operation 86 [1/2] (3.25ns)   --->   "%H_0_V_load = load i32* %H_0_V_addr, align 4" [sha256.cpp:111]   --->   Operation 86 'load' 'H_0_V_load' <Predicate = true> <Delay = 3.25> <Core = "ROM_nP">   --->   Core 52 'ROM_nP' <Latency = 1> <II = 1> <Delay = 3.25> <Storage> <Opcode : 'load'> <Ports = 0> <Width = 32> <Depth = 64> <ROM>
ST_8 : Operation 87 [1/1] (3.25ns)   --->   "store i32 %H_0_V_load, i32* %H_V_addr, align 4" [sha256.cpp:111]   --->   Operation 87 'store' <Predicate = true> <Delay = 3.25> <Core = "RAM">   --->   Core 37 'RAM' <Latency = 1> <II = 1> <Delay = 3.25> <Storage> <Opcode : 'load' 'store'> <Ports = 2> <Width = 32> <Depth = 64> <RAM>
ST_8 : Operation 88 [1/1] (0.00ns)   --->   "br label %.preheader1319" [sha256.cpp:110]   --->   Operation 88 'br' <Predicate = true> <Delay = 0.00>

State 9 <SV = 4> <Delay = 4.81>
ST_9 : Operation 89 [1/1] (0.00ns)   --->   "%i_op_assign_1 = phi i2 [ %i_9, %8 ], [ 1, %.preheader9.preheader ]"   --->   Operation 89 'phi' 'i_op_assign_1' <Predicate = true> <Delay = 0.00>
ST_9 : Operation 90 [1/1] (0.95ns)   --->   "%icmp_ln114 = icmp eq i2 %i_op_assign_1, -1" [sha256.cpp:114]   --->   Operation 90 'icmp' 'icmp_ln114' <Predicate = true> <Delay = 0.95> <Core = "Cmp">   --->   Core 25 'Cmp' <Latency = 0> <II = 1> <Delay = 1.30> <FuncUnit> <Opcode : 'icmp'> <InPorts = 2> <OutPorts = 1>
ST_9 : Operation 91 [1/1] (0.00ns)   --->   "%empty_14 = call i32 (...)* @_ssdm_op_SpecLoopTripCount(i64 2, i64 2, i64 2)"   --->   Operation 91 'speclooptripcount' 'empty_14' <Predicate = true> <Delay = 0.00>
ST_9 : Operation 92 [1/1] (0.00ns)   --->   "br i1 %icmp_ln114, label %.preheader.preheader, label %.preheader1318.preheader" [sha256.cpp:114]   --->   Operation 92 'br' <Predicate = true> <Delay = 0.00>
ST_9 : Operation 93 [1/1] (1.56ns)   --->   "%add_ln116 = add i2 %i_op_assign_1, -1" [sha256.cpp:116]   --->   Operation 93 'add' 'add_ln116' <Predicate = (!icmp_ln114)> <Delay = 1.56> <Core = "AddSub">   --->   Core 14 'AddSub' <Latency = 0> <II = 1> <Delay = 1.73> <FuncUnit> <Opcode : 'add' 'sub'> <InPorts = 2> <OutPorts = 1>
ST_9 : Operation 94 [1/1] (0.00ns)   --->   "%tmp_2 = call i5 @_ssdm_op_BitConcatenate.i5.i2.i3(i2 %add_ln116, i3 0)" [sha256.cpp:116]   --->   Operation 94 'bitconcatenate' 'tmp_2' <Predicate = (!icmp_ln114)> <Delay = 0.00>
ST_9 : Operation 95 [1/1] (0.00ns)   --->   "%zext_ln116 = zext i5 %tmp_2 to i64" [sha256.cpp:116]   --->   Operation 95 'zext' 'zext_ln116' <Predicate = (!icmp_ln114)> <Delay = 0.00>
ST_9 : Operation 96 [1/1] (0.00ns)   --->   "%H_V_addr_1 = getelementptr [256 x i32]* %H_V, i64 0, i64 %zext_ln116" [sha256.cpp:116]   --->   Operation 96 'getelementptr' 'H_V_addr_1' <Predicate = (!icmp_ln114)> <Delay = 0.00>
ST_9 : Operation 97 [1/1] (0.00ns)   --->   "%or_ln117 = or i5 %tmp_2, 1" [sha256.cpp:117]   --->   Operation 97 'or' 'or_ln117' <Predicate = (!icmp_ln114)> <Delay = 0.00>
ST_9 : Operation 98 [1/1] (0.00ns)   --->   "%tmp_3 = call i64 @_ssdm_op_BitConcatenate.i64.i59.i5(i59 0, i5 %or_ln117)" [sha256.cpp:117]   --->   Operation 98 'bitconcatenate' 'tmp_3' <Predicate = (!icmp_ln114)> <Delay = 0.00>
ST_9 : Operation 99 [1/1] (0.00ns)   --->   "%H_V_addr_2 = getelementptr [256 x i32]* %H_V, i64 0, i64 %tmp_3" [sha256.cpp:117]   --->   Operation 99 'getelementptr' 'H_V_addr_2' <Predicate = (!icmp_ln114)> <Delay = 0.00>
ST_9 : Operation 100 [2/2] (3.25ns)   --->   "%a_V = load i32* %H_V_addr_1, align 16" [sha256.cpp:116]   --->   Operation 100 'load' 'a_V' <Predicate = (!icmp_ln114)> <Delay = 3.25> <Core = "RAM">   --->   Core 37 'RAM' <Latency = 1> <II = 1> <Delay = 3.25> <Storage> <Opcode : 'load' 'store'> <Ports = 2> <Width = 32> <Depth = 64> <RAM>
ST_9 : Operation 101 [2/2] (3.25ns)   --->   "%b_V = load i32* %H_V_addr_2, align 4" [sha256.cpp:117]   --->   Operation 101 'load' 'b_V' <Predicate = (!icmp_ln114)> <Delay = 3.25> <Core = "RAM">   --->   Core 37 'RAM' <Latency = 1> <II = 1> <Delay = 3.25> <Storage> <Opcode : 'load' 'store'> <Ports = 2> <Width = 32> <Depth = 64> <RAM>
ST_9 : Operation 102 [1/1] (1.76ns)   --->   "br label %.preheader" [sha256.cpp:161]   --->   Operation 102 'br' <Predicate = (icmp_ln114)> <Delay = 1.76>

State 10 <SV = 5> <Delay = 3.25>
ST_10 : Operation 103 [1/1] (0.00ns)   --->   "%or_ln118 = or i5 %tmp_2, 2" [sha256.cpp:118]   --->   Operation 103 'or' 'or_ln118' <Predicate = true> <Delay = 0.00>
ST_10 : Operation 104 [1/1] (0.00ns)   --->   "%tmp_4 = call i64 @_ssdm_op_BitConcatenate.i64.i59.i5(i59 0, i5 %or_ln118)" [sha256.cpp:118]   --->   Operation 104 'bitconcatenate' 'tmp_4' <Predicate = true> <Delay = 0.00>
ST_10 : Operation 105 [1/1] (0.00ns)   --->   "%H_V_addr_3 = getelementptr [256 x i32]* %H_V, i64 0, i64 %tmp_4" [sha256.cpp:118]   --->   Operation 105 'getelementptr' 'H_V_addr_3' <Predicate = true> <Delay = 0.00>
ST_10 : Operation 106 [1/1] (0.00ns)   --->   "%or_ln119 = or i5 %tmp_2, 3" [sha256.cpp:119]   --->   Operation 106 'or' 'or_ln119' <Predicate = true> <Delay = 0.00>
ST_10 : Operation 107 [1/1] (0.00ns)   --->   "%tmp_5 = call i64 @_ssdm_op_BitConcatenate.i64.i59.i5(i59 0, i5 %or_ln119)" [sha256.cpp:119]   --->   Operation 107 'bitconcatenate' 'tmp_5' <Predicate = true> <Delay = 0.00>
ST_10 : Operation 108 [1/1] (0.00ns)   --->   "%H_V_addr_4 = getelementptr [256 x i32]* %H_V, i64 0, i64 %tmp_5" [sha256.cpp:119]   --->   Operation 108 'getelementptr' 'H_V_addr_4' <Predicate = true> <Delay = 0.00>
ST_10 : Operation 109 [1/2] (3.25ns)   --->   "%a_V = load i32* %H_V_addr_1, align 16" [sha256.cpp:116]   --->   Operation 109 'load' 'a_V' <Predicate = true> <Delay = 3.25> <Core = "RAM">   --->   Core 37 'RAM' <Latency = 1> <II = 1> <Delay = 3.25> <Storage> <Opcode : 'load' 'store'> <Ports = 2> <Width = 32> <Depth = 64> <RAM>
ST_10 : Operation 110 [1/2] (3.25ns)   --->   "%b_V = load i32* %H_V_addr_2, align 4" [sha256.cpp:117]   --->   Operation 110 'load' 'b_V' <Predicate = true> <Delay = 3.25> <Core = "RAM">   --->   Core 37 'RAM' <Latency = 1> <II = 1> <Delay = 3.25> <Storage> <Opcode : 'load' 'store'> <Ports = 2> <Width = 32> <Depth = 64> <RAM>
ST_10 : Operation 111 [2/2] (3.25ns)   --->   "%c_V = load i32* %H_V_addr_3, align 8" [sha256.cpp:118]   --->   Operation 111 'load' 'c_V' <Predicate = true> <Delay = 3.25> <Core = "RAM">   --->   Core 37 'RAM' <Latency = 1> <II = 1> <Delay = 3.25> <Storage> <Opcode : 'load' 'store'> <Ports = 2> <Width = 32> <Depth = 64> <RAM>
ST_10 : Operation 112 [2/2] (3.25ns)   --->   "%d_V = load i32* %H_V_addr_4, align 4" [sha256.cpp:119]   --->   Operation 112 'load' 'd_V' <Predicate = true> <Delay = 3.25> <Core = "RAM">   --->   Core 37 'RAM' <Latency = 1> <II = 1> <Delay = 3.25> <Storage> <Opcode : 'load' 'store'> <Ports = 2> <Width = 32> <Depth = 64> <RAM>

State 11 <SV = 6> <Delay = 3.25>
ST_11 : Operation 113 [1/1] (0.00ns)   --->   "%or_ln120 = or i5 %tmp_2, 4" [sha256.cpp:120]   --->   Operation 113 'or' 'or_ln120' <Predicate = true> <Delay = 0.00>
ST_11 : Operation 114 [1/1] (0.00ns)   --->   "%tmp_6 = call i64 @_ssdm_op_BitConcatenate.i64.i59.i5(i59 0, i5 %or_ln120)" [sha256.cpp:120]   --->   Operation 114 'bitconcatenate' 'tmp_6' <Predicate = true> <Delay = 0.00>
ST_11 : Operation 115 [1/1] (0.00ns)   --->   "%H_V_addr_5 = getelementptr [256 x i32]* %H_V, i64 0, i64 %tmp_6" [sha256.cpp:120]   --->   Operation 115 'getelementptr' 'H_V_addr_5' <Predicate = true> <Delay = 0.00>
ST_11 : Operation 116 [1/1] (0.00ns)   --->   "%or_ln121 = or i5 %tmp_2, 5" [sha256.cpp:121]   --->   Operation 116 'or' 'or_ln121' <Predicate = true> <Delay = 0.00>
ST_11 : Operation 117 [1/1] (0.00ns)   --->   "%tmp_7 = call i64 @_ssdm_op_BitConcatenate.i64.i59.i5(i59 0, i5 %or_ln121)" [sha256.cpp:121]   --->   Operation 117 'bitconcatenate' 'tmp_7' <Predicate = true> <Delay = 0.00>
ST_11 : Operation 118 [1/1] (0.00ns)   --->   "%H_V_addr_6 = getelementptr [256 x i32]* %H_V, i64 0, i64 %tmp_7" [sha256.cpp:121]   --->   Operation 118 'getelementptr' 'H_V_addr_6' <Predicate = true> <Delay = 0.00>
ST_11 : Operation 119 [1/2] (3.25ns)   --->   "%c_V = load i32* %H_V_addr_3, align 8" [sha256.cpp:118]   --->   Operation 119 'load' 'c_V' <Predicate = true> <Delay = 3.25> <Core = "RAM">   --->   Core 37 'RAM' <Latency = 1> <II = 1> <Delay = 3.25> <Storage> <Opcode : 'load' 'store'> <Ports = 2> <Width = 32> <Depth = 64> <RAM>
ST_11 : Operation 120 [1/2] (3.25ns)   --->   "%d_V = load i32* %H_V_addr_4, align 4" [sha256.cpp:119]   --->   Operation 120 'load' 'd_V' <Predicate = true> <Delay = 3.25> <Core = "RAM">   --->   Core 37 'RAM' <Latency = 1> <II = 1> <Delay = 3.25> <Storage> <Opcode : 'load' 'store'> <Ports = 2> <Width = 32> <Depth = 64> <RAM>
ST_11 : Operation 121 [2/2] (3.25ns)   --->   "%e_V = load i32* %H_V_addr_5, align 16" [sha256.cpp:120]   --->   Operation 121 'load' 'e_V' <Predicate = true> <Delay = 3.25> <Core = "RAM">   --->   Core 37 'RAM' <Latency = 1> <II = 1> <Delay = 3.25> <Storage> <Opcode : 'load' 'store'> <Ports = 2> <Width = 32> <Depth = 64> <RAM>
ST_11 : Operation 122 [2/2] (3.25ns)   --->   "%f_V = load i32* %H_V_addr_6, align 4" [sha256.cpp:121]   --->   Operation 122 'load' 'f_V' <Predicate = true> <Delay = 3.25> <Core = "RAM">   --->   Core 37 'RAM' <Latency = 1> <II = 1> <Delay = 3.25> <Storage> <Opcode : 'load' 'store'> <Ports = 2> <Width = 32> <Depth = 64> <RAM>

State 12 <SV = 7> <Delay = 3.25>
ST_12 : Operation 123 [1/1] (0.00ns)   --->   "%or_ln122 = or i5 %tmp_2, 6" [sha256.cpp:122]   --->   Operation 123 'or' 'or_ln122' <Predicate = true> <Delay = 0.00>
ST_12 : Operation 124 [1/1] (0.00ns)   --->   "%tmp_8 = call i64 @_ssdm_op_BitConcatenate.i64.i59.i5(i59 0, i5 %or_ln122)" [sha256.cpp:122]   --->   Operation 124 'bitconcatenate' 'tmp_8' <Predicate = true> <Delay = 0.00>
ST_12 : Operation 125 [1/1] (0.00ns)   --->   "%H_V_addr_7 = getelementptr [256 x i32]* %H_V, i64 0, i64 %tmp_8" [sha256.cpp:122]   --->   Operation 125 'getelementptr' 'H_V_addr_7' <Predicate = true> <Delay = 0.00>
ST_12 : Operation 126 [1/1] (0.00ns)   --->   "%or_ln123 = or i5 %tmp_2, 7" [sha256.cpp:123]   --->   Operation 126 'or' 'or_ln123' <Predicate = true> <Delay = 0.00>
ST_12 : Operation 127 [1/1] (0.00ns)   --->   "%tmp_9 = call i64 @_ssdm_op_BitConcatenate.i64.i59.i5(i59 0, i5 %or_ln123)" [sha256.cpp:123]   --->   Operation 127 'bitconcatenate' 'tmp_9' <Predicate = true> <Delay = 0.00>
ST_12 : Operation 128 [1/1] (0.00ns)   --->   "%H_V_addr_8 = getelementptr [256 x i32]* %H_V, i64 0, i64 %tmp_9" [sha256.cpp:123]   --->   Operation 128 'getelementptr' 'H_V_addr_8' <Predicate = true> <Delay = 0.00>
ST_12 : Operation 129 [1/2] (3.25ns)   --->   "%e_V = load i32* %H_V_addr_5, align 16" [sha256.cpp:120]   --->   Operation 129 'load' 'e_V' <Predicate = true> <Delay = 3.25> <Core = "RAM">   --->   Core 37 'RAM' <Latency = 1> <II = 1> <Delay = 3.25> <Storage> <Opcode : 'load' 'store'> <Ports = 2> <Width = 32> <Depth = 64> <RAM>
ST_12 : Operation 130 [1/2] (3.25ns)   --->   "%f_V = load i32* %H_V_addr_6, align 4" [sha256.cpp:121]   --->   Operation 130 'load' 'f_V' <Predicate = true> <Delay = 3.25> <Core = "RAM">   --->   Core 37 'RAM' <Latency = 1> <II = 1> <Delay = 3.25> <Storage> <Opcode : 'load' 'store'> <Ports = 2> <Width = 32> <Depth = 64> <RAM>
ST_12 : Operation 131 [2/2] (3.25ns)   --->   "%g_V = load i32* %H_V_addr_7, align 8" [sha256.cpp:122]   --->   Operation 131 'load' 'g_V' <Predicate = true> <Delay = 3.25> <Core = "RAM">   --->   Core 37 'RAM' <Latency = 1> <II = 1> <Delay = 3.25> <Storage> <Opcode : 'load' 'store'> <Ports = 2> <Width = 32> <Depth = 64> <RAM>
ST_12 : Operation 132 [2/2] (3.25ns)   --->   "%h_V = load i32* %H_V_addr_8, align 4" [sha256.cpp:123]   --->   Operation 132 'load' 'h_V' <Predicate = true> <Delay = 3.25> <Core = "RAM">   --->   Core 37 'RAM' <Latency = 1> <II = 1> <Delay = 3.25> <Storage> <Opcode : 'load' 'store'> <Ports = 2> <Width = 32> <Depth = 64> <RAM>

State 13 <SV = 8> <Delay = 3.25>
ST_13 : Operation 133 [1/1] (0.00ns)   --->   "%tmp_1 = call i6 @_ssdm_op_BitConcatenate.i6.i2.i4(i2 %add_ln116, i4 0)" [sha256.cpp:135]   --->   Operation 133 'bitconcatenate' 'tmp_1' <Predicate = true> <Delay = 0.00>
ST_13 : Operation 134 [1/1] (0.00ns)   --->   "%zext_ln116_1 = zext i6 %tmp_1 to i7" [sha256.cpp:116]   --->   Operation 134 'zext' 'zext_ln116_1' <Predicate = true> <Delay = 0.00>
ST_13 : Operation 135 [1/2] (3.25ns)   --->   "%g_V = load i32* %H_V_addr_7, align 8" [sha256.cpp:122]   --->   Operation 135 'load' 'g_V' <Predicate = true> <Delay = 3.25> <Core = "RAM">   --->   Core 37 'RAM' <Latency = 1> <II = 1> <Delay = 3.25> <Storage> <Opcode : 'load' 'store'> <Ports = 2> <Width = 32> <Depth = 64> <RAM>
ST_13 : Operation 136 [1/2] (3.25ns)   --->   "%h_V = load i32* %H_V_addr_8, align 4" [sha256.cpp:123]   --->   Operation 136 'load' 'h_V' <Predicate = true> <Delay = 3.25> <Core = "RAM">   --->   Core 37 'RAM' <Latency = 1> <II = 1> <Delay = 3.25> <Storage> <Opcode : 'load' 'store'> <Ports = 2> <Width = 32> <Depth = 64> <RAM>
ST_13 : Operation 137 [1/1] (1.76ns)   --->   "br label %.preheader1318" [sha256.cpp:127]   --->   Operation 137 'br' <Predicate = true> <Delay = 1.76>

State 14 <SV = 9> <Delay = 5.80>
ST_14 : Operation 138 [1/1] (0.00ns)   --->   "%b_V_1 = phi i32 [ %a_V_1, %7 ], [ %a_V, %.preheader1318.preheader ]"   --->   Operation 138 'phi' 'b_V_1' <Predicate = true> <Delay = 0.00>
ST_14 : Operation 139 [1/1] (0.00ns)   --->   "%c_V_1 = phi i32 [ %b_V_1, %7 ], [ %b_V, %.preheader1318.preheader ]"   --->   Operation 139 'phi' 'c_V_1' <Predicate = true> <Delay = 0.00>
ST_14 : Operation 140 [1/1] (0.00ns)   --->   "%d_V_1 = phi i32 [ %c_V_1, %7 ], [ %c_V, %.preheader1318.preheader ]"   --->   Operation 140 'phi' 'd_V_1' <Predicate = true> <Delay = 0.00>
ST_14 : Operation 141 [1/1] (0.00ns)   --->   "%p_0622_0 = phi i32 [ %d_V_1, %7 ], [ %d_V, %.preheader1318.preheader ]"   --->   Operation 141 'phi' 'p_0622_0' <Predicate = true> <Delay = 0.00>
ST_14 : Operation 142 [1/1] (0.00ns)   --->   "%f_V_1 = phi i32 [ %e_V_1, %7 ], [ %e_V, %.preheader1318.preheader ]"   --->   Operation 142 'phi' 'f_V_1' <Predicate = true> <Delay = 0.00>
ST_14 : Operation 143 [1/1] (0.00ns)   --->   "%g_V_1 = phi i32 [ %f_V_1, %7 ], [ %f_V, %.preheader1318.preheader ]"   --->   Operation 143 'phi' 'g_V_1' <Predicate = true> <Delay = 0.00>
ST_14 : Operation 144 [1/1] (0.00ns)   --->   "%h_V_1 = phi i32 [ %g_V_1, %7 ], [ %g_V, %.preheader1318.preheader ]"   --->   Operation 144 'phi' 'h_V_1' <Predicate = true> <Delay = 0.00>
ST_14 : Operation 145 [1/1] (0.00ns)   --->   "%p_0657_0 = phi i32 [ %h_V_1, %7 ], [ %h_V, %.preheader1318.preheader ]"   --->   Operation 145 'phi' 'p_0657_0' <Predicate = true> <Delay = 0.00>
ST_14 : Operation 146 [1/1] (0.00ns)   --->   "%j12_0 = phi i7 [ %j_1, %7 ], [ 0, %.preheader1318.preheader ]"   --->   Operation 146 'phi' 'j12_0' <Predicate = true> <Delay = 0.00>
ST_14 : Operation 147 [1/1] (1.48ns)   --->   "%icmp_ln127 = icmp eq i7 %j12_0, -64" [sha256.cpp:127]   --->   Operation 147 'icmp' 'icmp_ln127' <Predicate = true> <Delay = 1.48> <Core = "Cmp">   --->   Core 25 'Cmp' <Latency = 0> <II = 1> <Delay = 1.30> <FuncUnit> <Opcode : 'icmp'> <InPorts = 2> <OutPorts = 1>
ST_14 : Operation 148 [1/1] (0.00ns)   --->   "%empty_15 = call i32 (...)* @_ssdm_op_SpecLoopTripCount(i64 64, i64 64, i64 64)"   --->   Operation 148 'speclooptripcount' 'empty_15' <Predicate = true> <Delay = 0.00>
ST_14 : Operation 149 [1/1] (1.87ns)   --->   "%j_1 = add i7 %j12_0, 1" [sha256.cpp:127]   --->   Operation 149 'add' 'j_1' <Predicate = true> <Delay = 1.87> <Core = "AddSub">   --->   Core 14 'AddSub' <Latency = 0> <II = 1> <Delay = 1.73> <FuncUnit> <Opcode : 'add' 'sub'> <InPorts = 2> <OutPorts = 1>
ST_14 : Operation 150 [1/1] (0.00ns)   --->   "br i1 %icmp_ln127, label %8, label %4" [sha256.cpp:127]   --->   Operation 150 'br' <Predicate = true> <Delay = 0.00>
ST_14 : Operation 151 [1/1] (0.00ns) (grouped into LUT with out node ch_V)   --->   "%and_ln26 = and i32 %g_V_1, %f_V_1" [sha256.cpp:26->sha256.cpp:129]   --->   Operation 151 'and' 'and_ln26' <Predicate = (!icmp_ln127)> <Delay = 0.00> <Core = "LogicGate">   --->   Core 27 'LogicGate' <Latency = 0> <II = 1> <Delay = 0.99> <FuncUnit> <Opcode : 'and' 'or' 'xor'> <InPorts = 2> <OutPorts = 1>
ST_14 : Operation 152 [1/1] (0.00ns) (grouped into LUT with out node ch_V)   --->   "%xor_ln26 = xor i32 %f_V_1, -1" [sha256.cpp:26->sha256.cpp:129]   --->   Operation 152 'xor' 'xor_ln26' <Predicate = (!icmp_ln127)> <Delay = 0.00> <Core = "LogicGate">   --->   Core 27 'LogicGate' <Latency = 0> <II = 1> <Delay = 0.99> <FuncUnit> <Opcode : 'and' 'or' 'xor'> <InPorts = 2> <OutPorts = 1>
ST_14 : Operation 153 [1/1] (0.00ns) (grouped into LUT with out node ch_V)   --->   "%and_ln26_1 = and i32 %h_V_1, %xor_ln26" [sha256.cpp:26->sha256.cpp:129]   --->   Operation 153 'and' 'and_ln26_1' <Predicate = (!icmp_ln127)> <Delay = 0.00> <Core = "LogicGate">   --->   Core 27 'LogicGate' <Latency = 0> <II = 1> <Delay = 0.99> <FuncUnit> <Opcode : 'and' 'or' 'xor'> <InPorts = 2> <OutPorts = 1>
ST_14 : Operation 154 [1/1] (0.99ns) (out node of the LUT)   --->   "%ch_V = xor i32 %and_ln26_1, %and_ln26" [sha256.cpp:26->sha256.cpp:129]   --->   Operation 154 'xor' 'ch_V' <Predicate = (!icmp_ln127)> <Delay = 0.99> <Core = "LogicGate">   --->   Core 27 'LogicGate' <Latency = 0> <II = 1> <Delay = 0.99> <FuncUnit> <Opcode : 'and' 'or' 'xor'> <InPorts = 2> <OutPorts = 1>
ST_14 : Operation 155 [1/1] (0.00ns) (grouped into LUT with out node maj_V)   --->   "%xor_ln31 = xor i32 %d_V_1, %c_V_1" [sha256.cpp:31->sha256.cpp:130]   --->   Operation 155 'xor' 'xor_ln31' <Predicate = (!icmp_ln127)> <Delay = 0.00> <Core = "LogicGate">   --->   Core 27 'LogicGate' <Latency = 0> <II = 1> <Delay = 0.99> <FuncUnit> <Opcode : 'and' 'or' 'xor'> <InPorts = 2> <OutPorts = 1>
ST_14 : Operation 156 [1/1] (0.00ns) (grouped into LUT with out node maj_V)   --->   "%and_ln31 = and i32 %xor_ln31, %b_V_1" [sha256.cpp:31->sha256.cpp:130]   --->   Operation 156 'and' 'and_ln31' <Predicate = (!icmp_ln127)> <Delay = 0.00> <Core = "LogicGate">   --->   Core 27 'LogicGate' <Latency = 0> <II = 1> <Delay = 0.99> <FuncUnit> <Opcode : 'and' 'or' 'xor'> <InPorts = 2> <OutPorts = 1>
ST_14 : Operation 157 [1/1] (0.00ns) (grouped into LUT with out node maj_V)   --->   "%and_ln31_1 = and i32 %d_V_1, %c_V_1" [sha256.cpp:31->sha256.cpp:130]   --->   Operation 157 'and' 'and_ln31_1' <Predicate = (!icmp_ln127)> <Delay = 0.00> <Core = "LogicGate">   --->   Core 27 'LogicGate' <Latency = 0> <II = 1> <Delay = 0.99> <FuncUnit> <Opcode : 'and' 'or' 'xor'> <InPorts = 2> <OutPorts = 1>
ST_14 : Operation 158 [1/1] (0.99ns) (out node of the LUT)   --->   "%maj_V = xor i32 %and_ln31, %and_ln31_1" [sha256.cpp:31->sha256.cpp:130]   --->   Operation 158 'xor' 'maj_V' <Predicate = (!icmp_ln127)> <Delay = 0.99> <Core = "LogicGate">   --->   Core 27 'LogicGate' <Latency = 0> <II = 1> <Delay = 0.99> <FuncUnit> <Opcode : 'and' 'or' 'xor'> <InPorts = 2> <OutPorts = 1>
ST_14 : Operation 159 [1/1] (0.00ns) (grouped into LUT with out node ret_V_17)   --->   "%r_V = call i30 @_ssdm_op_PartSelect.i30.i32.i32.i32(i32 %b_V_1, i32 2, i32 31)" [sha256.cpp:16->sha256.cpp:36->sha256.cpp:131]   --->   Operation 159 'partselect' 'r_V' <Predicate = (!icmp_ln127)> <Delay = 0.00>
ST_14 : Operation 160 [1/1] (0.00ns) (grouped into LUT with out node ret_V_17)   --->   "%trunc_ln1503 = trunc i32 %b_V_1 to i2" [sha256.cpp:19->sha256.cpp:36->sha256.cpp:131]   --->   Operation 160 'trunc' 'trunc_ln1503' <Predicate = (!icmp_ln127)> <Delay = 0.00>
ST_14 : Operation 161 [1/1] (0.00ns) (grouped into LUT with out node ret_V_17)   --->   "%ret_V_14 = call i32 @_ssdm_op_BitConcatenate.i32.i2.i30(i2 %trunc_ln1503, i30 %r_V)" [sha256.cpp:21->sha256.cpp:36->sha256.cpp:131]   --->   Operation 161 'bitconcatenate' 'ret_V_14' <Predicate = (!icmp_ln127)> <Delay = 0.00>
ST_14 : Operation 162 [1/1] (0.00ns) (grouped into LUT with out node ret_V_17)   --->   "%r_V_s = call i19 @_ssdm_op_PartSelect.i19.i32.i32.i32(i32 %b_V_1, i32 13, i32 31)" [sha256.cpp:16->sha256.cpp:36->sha256.cpp:131]   --->   Operation 162 'partselect' 'r_V_s' <Predicate = (!icmp_ln127)> <Delay = 0.00>
ST_14 : Operation 163 [1/1] (0.00ns) (grouped into LUT with out node ret_V_17)   --->   "%trunc_ln1503_1 = trunc i32 %b_V_1 to i13" [sha256.cpp:19->sha256.cpp:36->sha256.cpp:131]   --->   Operation 163 'trunc' 'trunc_ln1503_1' <Predicate = (!icmp_ln127)> <Delay = 0.00>
ST_14 : Operation 164 [1/1] (0.00ns) (grouped into LUT with out node ret_V_17)   --->   "%ret_V_15 = call i32 @_ssdm_op_BitConcatenate.i32.i13.i19(i13 %trunc_ln1503_1, i19 %r_V_s)" [sha256.cpp:21->sha256.cpp:36->sha256.cpp:131]   --->   Operation 164 'bitconcatenate' 'ret_V_15' <Predicate = (!icmp_ln127)> <Delay = 0.00>
ST_14 : Operation 165 [1/1] (0.00ns) (grouped into LUT with out node ret_V_17)   --->   "%r_V_1 = call i10 @_ssdm_op_PartSelect.i10.i32.i32.i32(i32 %b_V_1, i32 22, i32 31)" [sha256.cpp:16->sha256.cpp:36->sha256.cpp:131]   --->   Operation 165 'partselect' 'r_V_1' <Predicate = (!icmp_ln127)> <Delay = 0.00>
ST_14 : Operation 166 [1/1] (0.00ns) (grouped into LUT with out node ret_V_17)   --->   "%trunc_ln1503_2 = trunc i32 %b_V_1 to i22" [sha256.cpp:19->sha256.cpp:36->sha256.cpp:131]   --->   Operation 166 'trunc' 'trunc_ln1503_2' <Predicate = (!icmp_ln127)> <Delay = 0.00>
ST_14 : Operation 167 [1/1] (0.00ns) (grouped into LUT with out node ret_V_17)   --->   "%ret_V_16 = call i32 @_ssdm_op_BitConcatenate.i32.i22.i10(i22 %trunc_ln1503_2, i10 %r_V_1)" [sha256.cpp:21->sha256.cpp:36->sha256.cpp:131]   --->   Operation 167 'bitconcatenate' 'ret_V_16' <Predicate = (!icmp_ln127)> <Delay = 0.00>
ST_14 : Operation 168 [1/1] (0.00ns) (grouped into LUT with out node ret_V_17)   --->   "%xor_ln1357 = xor i32 %ret_V_14, %ret_V_16" [sha256.cpp:36->sha256.cpp:131]   --->   Operation 168 'xor' 'xor_ln1357' <Predicate = (!icmp_ln127)> <Delay = 0.00> <Core = "LogicGate">   --->   Core 27 'LogicGate' <Latency = 0> <II = 1> <Delay = 0.99> <FuncUnit> <Opcode : 'and' 'or' 'xor'> <InPorts = 2> <OutPorts = 1>
ST_14 : Operation 169 [1/1] (0.99ns) (out node of the LUT)   --->   "%ret_V_17 = xor i32 %xor_ln1357, %ret_V_15" [sha256.cpp:36->sha256.cpp:131]   --->   Operation 169 'xor' 'ret_V_17' <Predicate = (!icmp_ln127)> <Delay = 0.99> <Core = "LogicGate">   --->   Core 27 'LogicGate' <Latency = 0> <II = 1> <Delay = 0.99> <FuncUnit> <Opcode : 'and' 'or' 'xor'> <InPorts = 2> <OutPorts = 1>
ST_14 : Operation 170 [1/1] (0.00ns) (grouped into LUT with out node ret_V_21)   --->   "%r_V_2 = call i26 @_ssdm_op_PartSelect.i26.i32.i32.i32(i32 %f_V_1, i32 6, i32 31)" [sha256.cpp:16->sha256.cpp:41->sha256.cpp:132]   --->   Operation 170 'partselect' 'r_V_2' <Predicate = (!icmp_ln127)> <Delay = 0.00>
ST_14 : Operation 171 [1/1] (0.00ns) (grouped into LUT with out node ret_V_21)   --->   "%trunc_ln1503_3 = trunc i32 %f_V_1 to i6" [sha256.cpp:19->sha256.cpp:41->sha256.cpp:132]   --->   Operation 171 'trunc' 'trunc_ln1503_3' <Predicate = (!icmp_ln127)> <Delay = 0.00>
ST_14 : Operation 172 [1/1] (0.00ns) (grouped into LUT with out node ret_V_21)   --->   "%ret_V_18 = call i32 @_ssdm_op_BitConcatenate.i32.i6.i26(i6 %trunc_ln1503_3, i26 %r_V_2)" [sha256.cpp:21->sha256.cpp:41->sha256.cpp:132]   --->   Operation 172 'bitconcatenate' 'ret_V_18' <Predicate = (!icmp_ln127)> <Delay = 0.00>
ST_14 : Operation 173 [1/1] (0.00ns) (grouped into LUT with out node ret_V_21)   --->   "%r_V_3 = call i21 @_ssdm_op_PartSelect.i21.i32.i32.i32(i32 %f_V_1, i32 11, i32 31)" [sha256.cpp:16->sha256.cpp:41->sha256.cpp:132]   --->   Operation 173 'partselect' 'r_V_3' <Predicate = (!icmp_ln127)> <Delay = 0.00>
ST_14 : Operation 174 [1/1] (0.00ns) (grouped into LUT with out node ret_V_21)   --->   "%trunc_ln1503_4 = trunc i32 %f_V_1 to i11" [sha256.cpp:19->sha256.cpp:41->sha256.cpp:132]   --->   Operation 174 'trunc' 'trunc_ln1503_4' <Predicate = (!icmp_ln127)> <Delay = 0.00>
ST_14 : Operation 175 [1/1] (0.00ns) (grouped into LUT with out node ret_V_21)   --->   "%ret_V_19 = call i32 @_ssdm_op_BitConcatenate.i32.i11.i21(i11 %trunc_ln1503_4, i21 %r_V_3)" [sha256.cpp:21->sha256.cpp:41->sha256.cpp:132]   --->   Operation 175 'bitconcatenate' 'ret_V_19' <Predicate = (!icmp_ln127)> <Delay = 0.00>
ST_14 : Operation 176 [1/1] (0.00ns) (grouped into LUT with out node ret_V_21)   --->   "%r_V_4 = call i7 @_ssdm_op_PartSelect.i7.i32.i32.i32(i32 %f_V_1, i32 25, i32 31)" [sha256.cpp:16->sha256.cpp:41->sha256.cpp:132]   --->   Operation 176 'partselect' 'r_V_4' <Predicate = (!icmp_ln127)> <Delay = 0.00>
ST_14 : Operation 177 [1/1] (0.00ns) (grouped into LUT with out node ret_V_21)   --->   "%trunc_ln1503_5 = trunc i32 %f_V_1 to i25" [sha256.cpp:19->sha256.cpp:41->sha256.cpp:132]   --->   Operation 177 'trunc' 'trunc_ln1503_5' <Predicate = (!icmp_ln127)> <Delay = 0.00>
ST_14 : Operation 178 [1/1] (0.00ns) (grouped into LUT with out node ret_V_21)   --->   "%ret_V_20 = call i32 @_ssdm_op_BitConcatenate.i32.i25.i7(i25 %trunc_ln1503_5, i7 %r_V_4)" [sha256.cpp:21->sha256.cpp:41->sha256.cpp:132]   --->   Operation 178 'bitconcatenate' 'ret_V_20' <Predicate = (!icmp_ln127)> <Delay = 0.00>
ST_14 : Operation 179 [1/1] (0.00ns) (grouped into LUT with out node ret_V_21)   --->   "%xor_ln1357_2 = xor i32 %ret_V_18, %ret_V_20" [sha256.cpp:41->sha256.cpp:132]   --->   Operation 179 'xor' 'xor_ln1357_2' <Predicate = (!icmp_ln127)> <Delay = 0.00> <Core = "LogicGate">   --->   Core 27 'LogicGate' <Latency = 0> <II = 1> <Delay = 0.99> <FuncUnit> <Opcode : 'and' 'or' 'xor'> <InPorts = 2> <OutPorts = 1>
ST_14 : Operation 180 [1/1] (0.99ns) (out node of the LUT)   --->   "%ret_V_21 = xor i32 %xor_ln1357_2, %ret_V_19" [sha256.cpp:41->sha256.cpp:132]   --->   Operation 180 'xor' 'ret_V_21' <Predicate = (!icmp_ln127)> <Delay = 0.99> <Core = "LogicGate">   --->   Core 27 'LogicGate' <Latency = 0> <II = 1> <Delay = 0.99> <FuncUnit> <Opcode : 'and' 'or' 'xor'> <InPorts = 2> <OutPorts = 1>
ST_14 : Operation 181 [1/1] (0.00ns)   --->   "%tmp_18 = call i3 @_ssdm_op_PartSelect.i3.i7.i32.i32(i7 %j12_0, i32 4, i32 6)" [sha256.cpp:134]   --->   Operation 181 'partselect' 'tmp_18' <Predicate = (!icmp_ln127)> <Delay = 0.00>
ST_14 : Operation 182 [1/1] (1.13ns)   --->   "%icmp_ln134 = icmp eq i3 %tmp_18, 0" [sha256.cpp:134]   --->   Operation 182 'icmp' 'icmp_ln134' <Predicate = (!icmp_ln127)> <Delay = 1.13> <Core = "Cmp">   --->   Core 25 'Cmp' <Latency = 0> <II = 1> <Delay = 1.30> <FuncUnit> <Opcode : 'icmp'> <InPorts = 2> <OutPorts = 1>
ST_14 : Operation 183 [1/1] (0.00ns)   --->   "%zext_ln135 = zext i7 %j12_0 to i64" [sha256.cpp:135]   --->   Operation 183 'zext' 'zext_ln135' <Predicate = (!icmp_ln127)> <Delay = 0.00>
ST_14 : Operation 184 [1/1] (1.87ns)   --->   "%add_ln321_1 = add i7 %zext_ln116_1, %j12_0" [sha256.cpp:135]   --->   Operation 184 'add' 'add_ln321_1' <Predicate = (!icmp_ln127)> <Delay = 1.87> <Core = "AddSub">   --->   Core 14 'AddSub' <Latency = 0> <II = 1> <Delay = 1.73> <FuncUnit> <Opcode : 'add' 'sub'> <InPorts = 2> <OutPorts = 1>
ST_14 : Operation 185 [1/1] (0.00ns)   --->   "%zext_ln321_3 = zext i7 %add_ln321_1 to i64" [sha256.cpp:135]   --->   Operation 185 'zext' 'zext_ln321_3' <Predicate = (!icmp_ln127)> <Delay = 0.00>
ST_14 : Operation 186 [1/1] (0.00ns)   --->   "%M_V_addr_1 = getelementptr [512 x i32]* %M_V, i64 0, i64 %zext_ln321_3" [sha256.cpp:135]   --->   Operation 186 'getelementptr' 'M_V_addr_1' <Predicate = (!icmp_ln127)> <Delay = 0.00>
ST_14 : Operation 187 [1/1] (0.00ns)   --->   "br i1 %icmp_ln134, label %5, label %6" [sha256.cpp:134]   --->   Operation 187 'br' <Predicate = (!icmp_ln127)> <Delay = 0.00>
ST_14 : Operation 188 [1/1] (1.87ns)   --->   "%add_ln137 = add i7 -2, %j12_0" [sha256.cpp:137]   --->   Operation 188 'add' 'add_ln137' <Predicate = (!icmp_ln127 & !icmp_ln134)> <Delay = 1.87> <Core = "AddSub">   --->   Core 14 'AddSub' <Latency = 0> <II = 1> <Delay = 1.73> <FuncUnit> <Opcode : 'add' 'sub'> <InPorts = 2> <OutPorts = 1>
ST_14 : Operation 189 [1/1] (0.00ns)   --->   "%zext_ln137 = zext i7 %add_ln137 to i64" [sha256.cpp:137]   --->   Operation 189 'zext' 'zext_ln137' <Predicate = (!icmp_ln127 & !icmp_ln134)> <Delay = 0.00>
ST_14 : Operation 190 [1/1] (0.00ns)   --->   "%W_V_addr_1 = getelementptr [64 x i32]* %W_V, i64 0, i64 %zext_ln137" [sha256.cpp:137]   --->   Operation 190 'getelementptr' 'W_V_addr_1' <Predicate = (!icmp_ln127 & !icmp_ln134)> <Delay = 0.00>
ST_14 : Operation 191 [2/2] (3.25ns)   --->   "%tempWord_V = load i32* %W_V_addr_1, align 4" [sha256.cpp:137]   --->   Operation 191 'load' 'tempWord_V' <Predicate = (!icmp_ln127 & !icmp_ln134)> <Delay = 3.25> <Core = "RAM">   --->   Core 37 'RAM' <Latency = 1> <II = 1> <Delay = 3.25> <Storage> <Opcode : 'load' 'store'> <Ports = 2> <Width = 32> <Depth = 64> <RAM>
ST_14 : Operation 192 [1/1] (1.87ns)   --->   "%add_ln137_1 = add i7 -7, %j12_0" [sha256.cpp:137]   --->   Operation 192 'add' 'add_ln137_1' <Predicate = (!icmp_ln127 & !icmp_ln134)> <Delay = 1.87> <Core = "AddSub">   --->   Core 14 'AddSub' <Latency = 0> <II = 1> <Delay = 1.73> <FuncUnit> <Opcode : 'add' 'sub'> <InPorts = 2> <OutPorts = 1>
ST_14 : Operation 193 [1/1] (0.00ns)   --->   "%zext_ln137_1 = zext i7 %add_ln137_1 to i64" [sha256.cpp:137]   --->   Operation 193 'zext' 'zext_ln137_1' <Predicate = (!icmp_ln127 & !icmp_ln134)> <Delay = 0.00>
ST_14 : Operation 194 [1/1] (0.00ns)   --->   "%W_V_addr_2 = getelementptr [64 x i32]* %W_V, i64 0, i64 %zext_ln137_1" [sha256.cpp:137]   --->   Operation 194 'getelementptr' 'W_V_addr_2' <Predicate = (!icmp_ln127 & !icmp_ln134)> <Delay = 0.00>
ST_14 : Operation 195 [2/2] (3.25ns)   --->   "%W_V_load = load i32* %W_V_addr_2, align 4" [sha256.cpp:137]   --->   Operation 195 'load' 'W_V_load' <Predicate = (!icmp_ln127 & !icmp_ln134)> <Delay = 3.25> <Core = "RAM">   --->   Core 37 'RAM' <Latency = 1> <II = 1> <Delay = 3.25> <Storage> <Opcode : 'load' 'store'> <Ports = 2> <Width = 32> <Depth = 64> <RAM>
ST_14 : Operation 196 [2/2] (3.25ns)   --->   "%M_V_load = load i32* %M_V_addr_1, align 4" [sha256.cpp:135]   --->   Operation 196 'load' 'M_V_load' <Predicate = (!icmp_ln127 & icmp_ln134)> <Delay = 3.25> <Core = "RAM">   --->   Core 37 'RAM' <Latency = 1> <II = 1> <Delay = 3.25> <Storage> <Opcode : 'load' 'store'> <Ports = 2> <Width = 32> <Depth = 64> <RAM>
ST_14 : Operation 197 [1/1] (0.00ns)   --->   "%tmp_10 = call i5 @_ssdm_op_BitConcatenate.i5.i2.i3(i2 %i_op_assign_1, i3 0)" [sha256.cpp:151]   --->   Operation 197 'bitconcatenate' 'tmp_10' <Predicate = (icmp_ln127)> <Delay = 0.00>
ST_14 : Operation 198 [1/1] (0.00ns)   --->   "%zext_ln321_2 = zext i5 %tmp_10 to i64" [sha256.cpp:151]   --->   Operation 198 'zext' 'zext_ln321_2' <Predicate = (icmp_ln127)> <Delay = 0.00>
ST_14 : Operation 199 [1/1] (0.00ns)   --->   "%H_V_addr_10 = getelementptr [256 x i32]* %H_V, i64 0, i64 %zext_ln321_2" [sha256.cpp:151]   --->   Operation 199 'getelementptr' 'H_V_addr_10' <Predicate = (icmp_ln127)> <Delay = 0.00>
ST_14 : Operation 200 [1/1] (0.00ns)   --->   "%or_ln321 = or i5 %tmp_10, 1" [sha256.cpp:152]   --->   Operation 200 'or' 'or_ln321' <Predicate = (icmp_ln127)> <Delay = 0.00>
ST_14 : Operation 201 [1/1] (0.00ns)   --->   "%tmp_11 = call i64 @_ssdm_op_BitConcatenate.i64.i59.i5(i59 0, i5 %or_ln321)" [sha256.cpp:152]   --->   Operation 201 'bitconcatenate' 'tmp_11' <Predicate = (icmp_ln127)> <Delay = 0.00>
ST_14 : Operation 202 [1/1] (0.00ns)   --->   "%H_V_addr_11 = getelementptr [256 x i32]* %H_V, i64 0, i64 %tmp_11" [sha256.cpp:152]   --->   Operation 202 'getelementptr' 'H_V_addr_11' <Predicate = (icmp_ln127)> <Delay = 0.00>
ST_14 : Operation 203 [1/1] (2.55ns)   --->   "%add_ln209 = add i32 %b_V_1, %a_V" [sha256.cpp:151]   --->   Operation 203 'add' 'add_ln209' <Predicate = (icmp_ln127)> <Delay = 2.55> <Core = "AddSub">   --->   Core 14 'AddSub' <Latency = 0> <II = 1> <Delay = 1.73> <FuncUnit> <Opcode : 'add' 'sub'> <InPorts = 2> <OutPorts = 1>
ST_14 : Operation 204 [1/1] (3.25ns)   --->   "store i32 %add_ln209, i32* %H_V_addr_10, align 16" [sha256.cpp:151]   --->   Operation 204 'store' <Predicate = (icmp_ln127)> <Delay = 3.25> <Core = "RAM">   --->   Core 37 'RAM' <Latency = 1> <II = 1> <Delay = 3.25> <Storage> <Opcode : 'load' 'store'> <Ports = 2> <Width = 32> <Depth = 64> <RAM>
ST_14 : Operation 205 [1/1] (2.55ns)   --->   "%add_ln209_1 = add i32 %c_V_1, %b_V" [sha256.cpp:152]   --->   Operation 205 'add' 'add_ln209_1' <Predicate = (icmp_ln127)> <Delay = 2.55> <Core = "AddSub">   --->   Core 14 'AddSub' <Latency = 0> <II = 1> <Delay = 1.73> <FuncUnit> <Opcode : 'add' 'sub'> <InPorts = 2> <OutPorts = 1>
ST_14 : Operation 206 [1/1] (3.25ns)   --->   "store i32 %add_ln209_1, i32* %H_V_addr_11, align 4" [sha256.cpp:152]   --->   Operation 206 'store' <Predicate = (icmp_ln127)> <Delay = 3.25> <Core = "RAM">   --->   Core 37 'RAM' <Latency = 1> <II = 1> <Delay = 3.25> <Storage> <Opcode : 'load' 'store'> <Ports = 2> <Width = 32> <Depth = 64> <RAM>
ST_14 : Operation 207 [1/1] (2.55ns)   --->   "%add_ln209_2 = add i32 %d_V_1, %c_V" [sha256.cpp:153]   --->   Operation 207 'add' 'add_ln209_2' <Predicate = (icmp_ln127)> <Delay = 2.55> <Core = "AddSub">   --->   Core 14 'AddSub' <Latency = 0> <II = 1> <Delay = 1.73> <FuncUnit> <Opcode : 'add' 'sub'> <InPorts = 2> <OutPorts = 1>
ST_14 : Operation 208 [1/1] (2.55ns)   --->   "%add_ln209_4 = add i32 %f_V_1, %e_V" [sha256.cpp:155]   --->   Operation 208 'add' 'add_ln209_4' <Predicate = (icmp_ln127)> <Delay = 2.55> <Core = "AddSub">   --->   Core 14 'AddSub' <Latency = 0> <II = 1> <Delay = 1.73> <FuncUnit> <Opcode : 'add' 'sub'> <InPorts = 2> <OutPorts = 1>
ST_14 : Operation 209 [1/1] (2.55ns)   --->   "%add_ln209_5 = add i32 %g_V_1, %f_V" [sha256.cpp:156]   --->   Operation 209 'add' 'add_ln209_5' <Predicate = (icmp_ln127)> <Delay = 2.55> <Core = "AddSub">   --->   Core 14 'AddSub' <Latency = 0> <II = 1> <Delay = 1.73> <FuncUnit> <Opcode : 'add' 'sub'> <InPorts = 2> <OutPorts = 1>
ST_14 : Operation 210 [1/1] (2.55ns)   --->   "%add_ln209_6 = add i32 %h_V_1, %g_V" [sha256.cpp:157]   --->   Operation 210 'add' 'add_ln209_6' <Predicate = (icmp_ln127)> <Delay = 2.55> <Core = "AddSub">   --->   Core 14 'AddSub' <Latency = 0> <II = 1> <Delay = 1.73> <FuncUnit> <Opcode : 'add' 'sub'> <InPorts = 2> <OutPorts = 1>
ST_14 : Operation 211 [1/1] (1.56ns)   --->   "%i_9 = add i2 %i_op_assign_1, 1" [sha256.cpp:114]   --->   Operation 211 'add' 'i_9' <Predicate = (icmp_ln127)> <Delay = 1.56> <Core = "AddSub">   --->   Core 14 'AddSub' <Latency = 0> <II = 1> <Delay = 1.73> <FuncUnit> <Opcode : 'add' 'sub'> <InPorts = 2> <OutPorts = 1>

State 15 <SV = 10> <Delay = 5.12>
ST_15 : Operation 212 [1/2] (3.25ns)   --->   "%tempWord_V = load i32* %W_V_addr_1, align 4" [sha256.cpp:137]   --->   Operation 212 'load' 'tempWord_V' <Predicate = true> <Delay = 3.25> <Core = "RAM">   --->   Core 37 'RAM' <Latency = 1> <II = 1> <Delay = 3.25> <Storage> <Opcode : 'load' 'store'> <Ports = 2> <Width = 32> <Depth = 64> <RAM>
ST_15 : Operation 213 [1/2] (3.25ns)   --->   "%W_V_load = load i32* %W_V_addr_2, align 4" [sha256.cpp:137]   --->   Operation 213 'load' 'W_V_load' <Predicate = true> <Delay = 3.25> <Core = "RAM">   --->   Core 37 'RAM' <Latency = 1> <II = 1> <Delay = 3.25> <Storage> <Opcode : 'load' 'store'> <Ports = 2> <Width = 32> <Depth = 64> <RAM>
ST_15 : Operation 214 [1/1] (1.87ns)   --->   "%add_ln137_2 = add i7 -15, %j12_0" [sha256.cpp:137]   --->   Operation 214 'add' 'add_ln137_2' <Predicate = true> <Delay = 1.87> <Core = "AddSub">   --->   Core 14 'AddSub' <Latency = 0> <II = 1> <Delay = 1.73> <FuncUnit> <Opcode : 'add' 'sub'> <InPorts = 2> <OutPorts = 1>
ST_15 : Operation 215 [1/1] (0.00ns)   --->   "%zext_ln137_2 = zext i7 %add_ln137_2 to i64" [sha256.cpp:137]   --->   Operation 215 'zext' 'zext_ln137_2' <Predicate = true> <Delay = 0.00>
ST_15 : Operation 216 [1/1] (0.00ns)   --->   "%W_V_addr_3 = getelementptr [64 x i32]* %W_V, i64 0, i64 %zext_ln137_2" [sha256.cpp:137]   --->   Operation 216 'getelementptr' 'W_V_addr_3' <Predicate = true> <Delay = 0.00>
ST_15 : Operation 217 [2/2] (3.25ns)   --->   "%tempWord_V_3 = load i32* %W_V_addr_3, align 4" [sha256.cpp:137]   --->   Operation 217 'load' 'tempWord_V_3' <Predicate = true> <Delay = 3.25> <Core = "RAM">   --->   Core 37 'RAM' <Latency = 1> <II = 1> <Delay = 3.25> <Storage> <Opcode : 'load' 'store'> <Ports = 2> <Width = 32> <Depth = 64> <RAM>
ST_15 : Operation 218 [1/1] (1.87ns)   --->   "%add_ln137_3 = add i7 -16, %j12_0" [sha256.cpp:137]   --->   Operation 218 'add' 'add_ln137_3' <Predicate = true> <Delay = 1.87> <Core = "AddSub">   --->   Core 14 'AddSub' <Latency = 0> <II = 1> <Delay = 1.73> <FuncUnit> <Opcode : 'add' 'sub'> <InPorts = 2> <OutPorts = 1>
ST_15 : Operation 219 [1/1] (0.00ns)   --->   "%zext_ln137_3 = zext i7 %add_ln137_3 to i64" [sha256.cpp:137]   --->   Operation 219 'zext' 'zext_ln137_3' <Predicate = true> <Delay = 0.00>
ST_15 : Operation 220 [1/1] (0.00ns)   --->   "%W_V_addr_4 = getelementptr [64 x i32]* %W_V, i64 0, i64 %zext_ln137_3" [sha256.cpp:137]   --->   Operation 220 'getelementptr' 'W_V_addr_4' <Predicate = true> <Delay = 0.00>
ST_15 : Operation 221 [2/2] (3.25ns)   --->   "%W_V_load_2 = load i32* %W_V_addr_4, align 4" [sha256.cpp:137]   --->   Operation 221 'load' 'W_V_load_2' <Predicate = true> <Delay = 3.25> <Core = "RAM">   --->   Core 37 'RAM' <Latency = 1> <II = 1> <Delay = 3.25> <Storage> <Opcode : 'load' 'store'> <Ports = 2> <Width = 32> <Depth = 64> <RAM>

State 16 <SV = 11> <Delay = 5.80>
ST_16 : Operation 222 [1/1] (0.00ns) (grouped into LUT with out node add_ln209_9)   --->   "%r_V_5 = call i15 @_ssdm_op_PartSelect.i15.i32.i32.i32(i32 %tempWord_V, i32 17, i32 31)" [sha256.cpp:16->sha256.cpp:51->sha256.cpp:137]   --->   Operation 222 'partselect' 'r_V_5' <Predicate = true> <Delay = 0.00>
ST_16 : Operation 223 [1/1] (0.00ns) (grouped into LUT with out node add_ln209_9)   --->   "%trunc_ln1503_6 = trunc i32 %tempWord_V to i17" [sha256.cpp:19->sha256.cpp:51->sha256.cpp:137]   --->   Operation 223 'trunc' 'trunc_ln1503_6' <Predicate = true> <Delay = 0.00>
ST_16 : Operation 224 [1/1] (0.00ns) (grouped into LUT with out node add_ln209_9)   --->   "%ret_V_22 = call i32 @_ssdm_op_BitConcatenate.i32.i17.i15(i17 %trunc_ln1503_6, i15 %r_V_5)" [sha256.cpp:21->sha256.cpp:51->sha256.cpp:137]   --->   Operation 224 'bitconcatenate' 'ret_V_22' <Predicate = true> <Delay = 0.00>
ST_16 : Operation 225 [1/1] (0.00ns) (grouped into LUT with out node add_ln209_9)   --->   "%r_V_6 = call i13 @_ssdm_op_PartSelect.i13.i32.i32.i32(i32 %tempWord_V, i32 19, i32 31)" [sha256.cpp:16->sha256.cpp:51->sha256.cpp:137]   --->   Operation 225 'partselect' 'r_V_6' <Predicate = true> <Delay = 0.00>
ST_16 : Operation 226 [1/1] (0.00ns) (grouped into LUT with out node add_ln209_9)   --->   "%trunc_ln1503_7 = trunc i32 %tempWord_V to i19" [sha256.cpp:19->sha256.cpp:51->sha256.cpp:137]   --->   Operation 226 'trunc' 'trunc_ln1503_7' <Predicate = true> <Delay = 0.00>
ST_16 : Operation 227 [1/1] (0.00ns) (grouped into LUT with out node add_ln209_9)   --->   "%ret_V_23 = call i32 @_ssdm_op_BitConcatenate.i32.i19.i13(i19 %trunc_ln1503_7, i13 %r_V_6)" [sha256.cpp:21->sha256.cpp:51->sha256.cpp:137]   --->   Operation 227 'bitconcatenate' 'ret_V_23' <Predicate = true> <Delay = 0.00>
ST_16 : Operation 228 [1/1] (0.00ns) (grouped into LUT with out node add_ln209_9)   --->   "%r_V_7 = call i22 @_ssdm_op_PartSelect.i22.i32.i32.i32(i32 %tempWord_V, i32 10, i32 31)" [sha256.cpp:51->sha256.cpp:137]   --->   Operation 228 'partselect' 'r_V_7' <Predicate = true> <Delay = 0.00>
ST_16 : Operation 229 [1/1] (0.00ns) (grouped into LUT with out node add_ln209_9)   --->   "%r_V_13 = zext i22 %r_V_7 to i32" [sha256.cpp:51->sha256.cpp:137]   --->   Operation 229 'zext' 'r_V_13' <Predicate = true> <Delay = 0.00>
ST_16 : Operation 230 [1/1] (0.00ns) (grouped into LUT with out node add_ln209_9)   --->   "%xor_ln1357_4 = xor i32 %r_V_13, %ret_V_23" [sha256.cpp:51->sha256.cpp:137]   --->   Operation 230 'xor' 'xor_ln1357_4' <Predicate = true> <Delay = 0.00> <Core = "LogicGate">   --->   Core 27 'LogicGate' <Latency = 0> <II = 1> <Delay = 0.99> <FuncUnit> <Opcode : 'and' 'or' 'xor'> <InPorts = 2> <OutPorts = 1>
ST_16 : Operation 231 [1/1] (0.00ns) (grouped into LUT with out node add_ln209_9)   --->   "%ret_V = xor i32 %xor_ln1357_4, %ret_V_22" [sha256.cpp:51->sha256.cpp:137]   --->   Operation 231 'xor' 'ret_V' <Predicate = true> <Delay = 0.00> <Core = "LogicGate">   --->   Core 27 'LogicGate' <Latency = 0> <II = 1> <Delay = 0.99> <FuncUnit> <Opcode : 'and' 'or' 'xor'> <InPorts = 2> <OutPorts = 1>
ST_16 : Operation 232 [1/2] (3.25ns)   --->   "%tempWord_V_3 = load i32* %W_V_addr_3, align 4" [sha256.cpp:137]   --->   Operation 232 'load' 'tempWord_V_3' <Predicate = true> <Delay = 3.25> <Core = "RAM">   --->   Core 37 'RAM' <Latency = 1> <II = 1> <Delay = 3.25> <Storage> <Opcode : 'load' 'store'> <Ports = 2> <Width = 32> <Depth = 64> <RAM>
ST_16 : Operation 233 [1/1] (0.00ns) (grouped into LUT with out node add_ln209_9)   --->   "%r_V_8 = call i25 @_ssdm_op_PartSelect.i25.i32.i32.i32(i32 %tempWord_V_3, i32 7, i32 31)" [sha256.cpp:16->sha256.cpp:46->sha256.cpp:137]   --->   Operation 233 'partselect' 'r_V_8' <Predicate = true> <Delay = 0.00>
ST_16 : Operation 234 [1/1] (0.00ns) (grouped into LUT with out node add_ln209_9)   --->   "%trunc_ln1503_8 = trunc i32 %tempWord_V_3 to i7" [sha256.cpp:19->sha256.cpp:46->sha256.cpp:137]   --->   Operation 234 'trunc' 'trunc_ln1503_8' <Predicate = true> <Delay = 0.00>
ST_16 : Operation 235 [1/1] (0.00ns) (grouped into LUT with out node add_ln209_9)   --->   "%ret_V_24 = call i32 @_ssdm_op_BitConcatenate.i32.i7.i25(i7 %trunc_ln1503_8, i25 %r_V_8)" [sha256.cpp:21->sha256.cpp:46->sha256.cpp:137]   --->   Operation 235 'bitconcatenate' 'ret_V_24' <Predicate = true> <Delay = 0.00>
ST_16 : Operation 236 [1/1] (0.00ns) (grouped into LUT with out node add_ln209_9)   --->   "%r_V_9 = call i14 @_ssdm_op_PartSelect.i14.i32.i32.i32(i32 %tempWord_V_3, i32 18, i32 31)" [sha256.cpp:16->sha256.cpp:46->sha256.cpp:137]   --->   Operation 236 'partselect' 'r_V_9' <Predicate = true> <Delay = 0.00>
ST_16 : Operation 237 [1/1] (0.00ns) (grouped into LUT with out node add_ln209_9)   --->   "%trunc_ln1503_9 = trunc i32 %tempWord_V_3 to i18" [sha256.cpp:19->sha256.cpp:46->sha256.cpp:137]   --->   Operation 237 'trunc' 'trunc_ln1503_9' <Predicate = true> <Delay = 0.00>
ST_16 : Operation 238 [1/1] (0.00ns) (grouped into LUT with out node add_ln209_9)   --->   "%ret_V_25 = call i32 @_ssdm_op_BitConcatenate.i32.i18.i14(i18 %trunc_ln1503_9, i14 %r_V_9)" [sha256.cpp:21->sha256.cpp:46->sha256.cpp:137]   --->   Operation 238 'bitconcatenate' 'ret_V_25' <Predicate = true> <Delay = 0.00>
ST_16 : Operation 239 [1/1] (0.00ns) (grouped into LUT with out node add_ln209_9)   --->   "%r_V_10 = call i29 @_ssdm_op_PartSelect.i29.i32.i32.i32(i32 %tempWord_V_3, i32 3, i32 31)" [sha256.cpp:46->sha256.cpp:137]   --->   Operation 239 'partselect' 'r_V_10' <Predicate = true> <Delay = 0.00>
ST_16 : Operation 240 [1/1] (0.00ns) (grouped into LUT with out node add_ln209_9)   --->   "%r_V_14 = zext i29 %r_V_10 to i32" [sha256.cpp:46->sha256.cpp:137]   --->   Operation 240 'zext' 'r_V_14' <Predicate = true> <Delay = 0.00>
ST_16 : Operation 241 [1/1] (0.00ns) (grouped into LUT with out node add_ln209_9)   --->   "%xor_ln1357_6 = xor i32 %r_V_14, %ret_V_25" [sha256.cpp:46->sha256.cpp:137]   --->   Operation 241 'xor' 'xor_ln1357_6' <Predicate = true> <Delay = 0.00> <Core = "LogicGate">   --->   Core 27 'LogicGate' <Latency = 0> <II = 1> <Delay = 0.99> <FuncUnit> <Opcode : 'and' 'or' 'xor'> <InPorts = 2> <OutPorts = 1>
ST_16 : Operation 242 [1/1] (0.00ns) (grouped into LUT with out node add_ln209_9)   --->   "%ret_V_13 = xor i32 %xor_ln1357_6, %ret_V_24" [sha256.cpp:46->sha256.cpp:137]   --->   Operation 242 'xor' 'ret_V_13' <Predicate = true> <Delay = 0.00> <Core = "LogicGate">   --->   Core 27 'LogicGate' <Latency = 0> <II = 1> <Delay = 0.99> <FuncUnit> <Opcode : 'and' 'or' 'xor'> <InPorts = 2> <OutPorts = 1>
ST_16 : Operation 243 [1/2] (3.25ns)   --->   "%W_V_load_2 = load i32* %W_V_addr_4, align 4" [sha256.cpp:137]   --->   Operation 243 'load' 'W_V_load_2' <Predicate = true> <Delay = 3.25> <Core = "RAM">   --->   Core 37 'RAM' <Latency = 1> <II = 1> <Delay = 3.25> <Storage> <Opcode : 'load' 'store'> <Ports = 2> <Width = 32> <Depth = 64> <RAM>
ST_16 : Operation 244 [1/1] (2.55ns) (out node of the LUT)   --->   "%add_ln209_9 = add i32 %ret_V, %ret_V_13" [sha256.cpp:137]   --->   Operation 244 'add' 'add_ln209_9' <Predicate = true> <Delay = 2.55> <Core = "AddSub">   --->   Core 14 'AddSub' <Latency = 0> <II = 1> <Delay = 1.73> <FuncUnit> <Opcode : 'add' 'sub'> <InPorts = 2> <OutPorts = 1>

State 17 <SV = 12> <Delay = 7.62>
ST_17 : Operation 245 [1/1] (0.00ns) (grouped into TernaryAdder)   --->   "%add_ln209_8 = add i32 %W_V_load, %W_V_load_2" [sha256.cpp:137]   --->   Operation 245 'add' 'add_ln209_8' <Predicate = (!icmp_ln134)> <Delay = 0.00> <Core = "TAddSub">   --->   Core 83 'TAddSub' <Latency = 0> <II = 1> <Delay = 2.18> <IPBlock> <Opcode : 'add' 'sub'> <InPorts = 3> <OutPorts = 1> <Sync> <CReg>
ST_17 : Operation 246 [1/1] (4.37ns) (root node of TernaryAdder)   --->   "%add_ln209_10 = add i32 %add_ln209_9, %add_ln209_8" [sha256.cpp:137]   --->   Operation 246 'add' 'add_ln209_10' <Predicate = (!icmp_ln134)> <Delay = 4.37> <Core = "TAddSub">   --->   Core 83 'TAddSub' <Latency = 0> <II = 1> <Delay = 2.18> <IPBlock> <Opcode : 'add' 'sub'> <InPorts = 3> <OutPorts = 1> <Sync> <CReg>
ST_17 : Operation 247 [1/1] (0.00ns)   --->   "%W_V_addr_5 = getelementptr [64 x i32]* %W_V, i64 0, i64 %zext_ln135" [sha256.cpp:137]   --->   Operation 247 'getelementptr' 'W_V_addr_5' <Predicate = (!icmp_ln134)> <Delay = 0.00>
ST_17 : Operation 248 [1/1] (3.25ns)   --->   "store i32 %add_ln209_10, i32* %W_V_addr_5, align 4" [sha256.cpp:137]   --->   Operation 248 'store' <Predicate = (!icmp_ln134)> <Delay = 3.25> <Core = "RAM">   --->   Core 37 'RAM' <Latency = 1> <II = 1> <Delay = 3.25> <Storage> <Opcode : 'load' 'store'> <Ports = 2> <Width = 32> <Depth = 64> <RAM>
ST_17 : Operation 249 [1/1] (0.00ns)   --->   "br label %7"   --->   Operation 249 'br' <Predicate = (!icmp_ln134)> <Delay = 0.00>
ST_17 : Operation 250 [1/1] (0.00ns) (grouped into TernaryAdder)   --->   "%add_ln209_12 = add i32 %ret_V_21, %p_0657_0" [sha256.cpp:139]   --->   Operation 250 'add' 'add_ln209_12' <Predicate = true> <Delay = 0.00> <Core = "TAddSub">   --->   Core 83 'TAddSub' <Latency = 0> <II = 1> <Delay = 2.18> <IPBlock> <Opcode : 'add' 'sub'> <InPorts = 3> <OutPorts = 1> <Sync> <CReg>
ST_17 : Operation 251 [1/1] (4.37ns) (root node of TernaryAdder)   --->   "%add_ln209_13 = add i32 %add_ln209_12, %ch_V" [sha256.cpp:139]   --->   Operation 251 'add' 'add_ln209_13' <Predicate = true> <Delay = 4.37> <Core = "TAddSub">   --->   Core 83 'TAddSub' <Latency = 0> <II = 1> <Delay = 2.18> <IPBlock> <Opcode : 'add' 'sub'> <InPorts = 3> <OutPorts = 1> <Sync> <CReg>

State 18 <SV = 10> <Delay = 6.50>
ST_18 : Operation 252 [1/2] (3.25ns)   --->   "%M_V_load = load i32* %M_V_addr_1, align 4" [sha256.cpp:135]   --->   Operation 252 'load' 'M_V_load' <Predicate = true> <Delay = 3.25> <Core = "RAM">   --->   Core 37 'RAM' <Latency = 1> <II = 1> <Delay = 3.25> <Storage> <Opcode : 'load' 'store'> <Ports = 2> <Width = 32> <Depth = 64> <RAM>
ST_18 : Operation 253 [1/1] (0.00ns)   --->   "%W_V_addr = getelementptr [64 x i32]* %W_V, i64 0, i64 %zext_ln135" [sha256.cpp:135]   --->   Operation 253 'getelementptr' 'W_V_addr' <Predicate = true> <Delay = 0.00>
ST_18 : Operation 254 [1/1] (3.25ns)   --->   "store i32 %M_V_load, i32* %W_V_addr, align 4" [sha256.cpp:135]   --->   Operation 254 'store' <Predicate = true> <Delay = 3.25> <Core = "RAM">   --->   Core 37 'RAM' <Latency = 1> <II = 1> <Delay = 3.25> <Storage> <Opcode : 'load' 'store'> <Ports = 2> <Width = 32> <Depth = 64> <RAM>
ST_18 : Operation 255 [1/1] (0.00ns)   --->   "br label %7" [sha256.cpp:135]   --->   Operation 255 'br' <Predicate = true> <Delay = 0.00>

State 19 <SV = 13> <Delay = 3.25>
ST_19 : Operation 256 [1/1] (0.00ns)   --->   "%K_addr = getelementptr [64 x i32]* @K, i64 0, i64 %zext_ln135" [sha256.cpp:139]   --->   Operation 256 'getelementptr' 'K_addr' <Predicate = true> <Delay = 0.00>
ST_19 : Operation 257 [2/2] (3.25ns)   --->   "%K_load = load i32* %K_addr, align 4" [sha256.cpp:139]   --->   Operation 257 'load' 'K_load' <Predicate = true> <Delay = 3.25> <Core = "ROM_nP">   --->   Core 52 'ROM_nP' <Latency = 1> <II = 1> <Delay = 3.25> <Storage> <Opcode : 'load'> <Ports = 0> <Width = 32> <Depth = 64> <ROM>
ST_19 : Operation 258 [1/1] (0.00ns)   --->   "%W_V_addr_6 = getelementptr [64 x i32]* %W_V, i64 0, i64 %zext_ln135" [sha256.cpp:139]   --->   Operation 258 'getelementptr' 'W_V_addr_6' <Predicate = true> <Delay = 0.00>
ST_19 : Operation 259 [2/2] (3.25ns)   --->   "%W_V_load_3 = load i32* %W_V_addr_6, align 4" [sha256.cpp:139]   --->   Operation 259 'load' 'W_V_load_3' <Predicate = true> <Delay = 3.25> <Core = "RAM">   --->   Core 37 'RAM' <Latency = 1> <II = 1> <Delay = 3.25> <Storage> <Opcode : 'load' 'store'> <Ports = 2> <Width = 32> <Depth = 64> <RAM>

State 20 <SV = 14> <Delay = 7.62>
ST_20 : Operation 260 [1/2] (3.25ns)   --->   "%K_load = load i32* %K_addr, align 4" [sha256.cpp:139]   --->   Operation 260 'load' 'K_load' <Predicate = true> <Delay = 3.25> <Core = "ROM_nP">   --->   Core 52 'ROM_nP' <Latency = 1> <II = 1> <Delay = 3.25> <Storage> <Opcode : 'load'> <Ports = 0> <Width = 32> <Depth = 64> <ROM>
ST_20 : Operation 261 [1/2] (3.25ns)   --->   "%W_V_load_3 = load i32* %W_V_addr_6, align 4" [sha256.cpp:139]   --->   Operation 261 'load' 'W_V_load_3' <Predicate = true> <Delay = 3.25> <Core = "RAM">   --->   Core 37 'RAM' <Latency = 1> <II = 1> <Delay = 3.25> <Storage> <Opcode : 'load' 'store'> <Ports = 2> <Width = 32> <Depth = 64> <RAM>
ST_20 : Operation 262 [1/1] (0.00ns) (grouped into TernaryAdder)   --->   "%add_ln209_11 = add i32 %K_load, %W_V_load_3" [sha256.cpp:139]   --->   Operation 262 'add' 'add_ln209_11' <Predicate = true> <Delay = 0.00> <Core = "TAddSub">   --->   Core 83 'TAddSub' <Latency = 0> <II = 1> <Delay = 2.18> <IPBlock> <Opcode : 'add' 'sub'> <InPorts = 3> <OutPorts = 1> <Sync> <CReg>
ST_20 : Operation 263 [1/1] (4.37ns) (root node of TernaryAdder)   --->   "%T1_V = add i32 %add_ln209_13, %add_ln209_11" [sha256.cpp:139]   --->   Operation 263 'add' 'T1_V' <Predicate = true> <Delay = 4.37> <Core = "TAddSub">   --->   Core 83 'TAddSub' <Latency = 0> <II = 1> <Delay = 2.18> <IPBlock> <Opcode : 'add' 'sub'> <InPorts = 3> <OutPorts = 1> <Sync> <CReg>

State 21 <SV = 15> <Delay = 4.37>
ST_21 : Operation 264 [1/1] (2.55ns)   --->   "%e_V_1 = add i32 %p_0622_0, %T1_V" [sha256.cpp:144]   --->   Operation 264 'add' 'e_V_1' <Predicate = true> <Delay = 2.55> <Core = "AddSub">   --->   Core 14 'AddSub' <Latency = 0> <II = 1> <Delay = 1.73> <FuncUnit> <Opcode : 'add' 'sub'> <InPorts = 2> <OutPorts = 1>
ST_21 : Operation 265 [1/1] (0.00ns) (grouped into TernaryAdder)   --->   "%add_ln209_16 = add i32 %ret_V_17, %T1_V" [sha256.cpp:148]   --->   Operation 265 'add' 'add_ln209_16' <Predicate = true> <Delay = 0.00> <Core = "TAddSub">   --->   Core 83 'TAddSub' <Latency = 0> <II = 1> <Delay = 2.18> <IPBlock> <Opcode : 'add' 'sub'> <InPorts = 3> <OutPorts = 1> <Sync> <CReg>
ST_21 : Operation 266 [1/1] (4.37ns) (root node of TernaryAdder)   --->   "%a_V_1 = add i32 %add_ln209_16, %maj_V" [sha256.cpp:148]   --->   Operation 266 'add' 'a_V_1' <Predicate = true> <Delay = 4.37> <Core = "TAddSub">   --->   Core 83 'TAddSub' <Latency = 0> <II = 1> <Delay = 2.18> <IPBlock> <Opcode : 'add' 'sub'> <InPorts = 3> <OutPorts = 1> <Sync> <CReg>
ST_21 : Operation 267 [1/1] (0.00ns)   --->   "br label %.preheader1318" [sha256.cpp:127]   --->   Operation 267 'br' <Predicate = true> <Delay = 0.00>

State 22 <SV = 10> <Delay = 5.80>
ST_22 : Operation 268 [1/1] (0.00ns)   --->   "%or_ln321_1 = or i5 %tmp_10, 2" [sha256.cpp:153]   --->   Operation 268 'or' 'or_ln321_1' <Predicate = true> <Delay = 0.00>
ST_22 : Operation 269 [1/1] (0.00ns)   --->   "%tmp_12 = call i64 @_ssdm_op_BitConcatenate.i64.i59.i5(i59 0, i5 %or_ln321_1)" [sha256.cpp:153]   --->   Operation 269 'bitconcatenate' 'tmp_12' <Predicate = true> <Delay = 0.00>
ST_22 : Operation 270 [1/1] (0.00ns)   --->   "%H_V_addr_12 = getelementptr [256 x i32]* %H_V, i64 0, i64 %tmp_12" [sha256.cpp:153]   --->   Operation 270 'getelementptr' 'H_V_addr_12' <Predicate = true> <Delay = 0.00>
ST_22 : Operation 271 [1/1] (0.00ns)   --->   "%or_ln321_2 = or i5 %tmp_10, 3" [sha256.cpp:154]   --->   Operation 271 'or' 'or_ln321_2' <Predicate = true> <Delay = 0.00>
ST_22 : Operation 272 [1/1] (0.00ns)   --->   "%tmp_13 = call i64 @_ssdm_op_BitConcatenate.i64.i59.i5(i59 0, i5 %or_ln321_2)" [sha256.cpp:154]   --->   Operation 272 'bitconcatenate' 'tmp_13' <Predicate = true> <Delay = 0.00>
ST_22 : Operation 273 [1/1] (0.00ns)   --->   "%H_V_addr_13 = getelementptr [256 x i32]* %H_V, i64 0, i64 %tmp_13" [sha256.cpp:154]   --->   Operation 273 'getelementptr' 'H_V_addr_13' <Predicate = true> <Delay = 0.00>
ST_22 : Operation 274 [1/1] (3.25ns)   --->   "store i32 %add_ln209_2, i32* %H_V_addr_12, align 8" [sha256.cpp:153]   --->   Operation 274 'store' <Predicate = true> <Delay = 3.25> <Core = "RAM">   --->   Core 37 'RAM' <Latency = 1> <II = 1> <Delay = 3.25> <Storage> <Opcode : 'load' 'store'> <Ports = 2> <Width = 32> <Depth = 64> <RAM>
ST_22 : Operation 275 [1/1] (2.55ns)   --->   "%add_ln209_3 = add i32 %p_0622_0, %d_V" [sha256.cpp:154]   --->   Operation 275 'add' 'add_ln209_3' <Predicate = true> <Delay = 2.55> <Core = "AddSub">   --->   Core 14 'AddSub' <Latency = 0> <II = 1> <Delay = 1.73> <FuncUnit> <Opcode : 'add' 'sub'> <InPorts = 2> <OutPorts = 1>
ST_22 : Operation 276 [1/1] (3.25ns)   --->   "store i32 %add_ln209_3, i32* %H_V_addr_13, align 4" [sha256.cpp:154]   --->   Operation 276 'store' <Predicate = true> <Delay = 3.25> <Core = "RAM">   --->   Core 37 'RAM' <Latency = 1> <II = 1> <Delay = 3.25> <Storage> <Opcode : 'load' 'store'> <Ports = 2> <Width = 32> <Depth = 64> <RAM>

State 23 <SV = 11> <Delay = 3.25>
ST_23 : Operation 277 [1/1] (0.00ns)   --->   "%or_ln321_3 = or i5 %tmp_10, 4" [sha256.cpp:155]   --->   Operation 277 'or' 'or_ln321_3' <Predicate = true> <Delay = 0.00>
ST_23 : Operation 278 [1/1] (0.00ns)   --->   "%tmp_14 = call i64 @_ssdm_op_BitConcatenate.i64.i59.i5(i59 0, i5 %or_ln321_3)" [sha256.cpp:155]   --->   Operation 278 'bitconcatenate' 'tmp_14' <Predicate = true> <Delay = 0.00>
ST_23 : Operation 279 [1/1] (0.00ns)   --->   "%H_V_addr_14 = getelementptr [256 x i32]* %H_V, i64 0, i64 %tmp_14" [sha256.cpp:155]   --->   Operation 279 'getelementptr' 'H_V_addr_14' <Predicate = true> <Delay = 0.00>
ST_23 : Operation 280 [1/1] (0.00ns)   --->   "%or_ln321_4 = or i5 %tmp_10, 5" [sha256.cpp:156]   --->   Operation 280 'or' 'or_ln321_4' <Predicate = true> <Delay = 0.00>
ST_23 : Operation 281 [1/1] (0.00ns)   --->   "%tmp_15 = call i64 @_ssdm_op_BitConcatenate.i64.i59.i5(i59 0, i5 %or_ln321_4)" [sha256.cpp:156]   --->   Operation 281 'bitconcatenate' 'tmp_15' <Predicate = true> <Delay = 0.00>
ST_23 : Operation 282 [1/1] (0.00ns)   --->   "%H_V_addr_15 = getelementptr [256 x i32]* %H_V, i64 0, i64 %tmp_15" [sha256.cpp:156]   --->   Operation 282 'getelementptr' 'H_V_addr_15' <Predicate = true> <Delay = 0.00>
ST_23 : Operation 283 [1/1] (3.25ns)   --->   "store i32 %add_ln209_4, i32* %H_V_addr_14, align 16" [sha256.cpp:155]   --->   Operation 283 'store' <Predicate = true> <Delay = 3.25> <Core = "RAM">   --->   Core 37 'RAM' <Latency = 1> <II = 1> <Delay = 3.25> <Storage> <Opcode : 'load' 'store'> <Ports = 2> <Width = 32> <Depth = 64> <RAM>
ST_23 : Operation 284 [1/1] (3.25ns)   --->   "store i32 %add_ln209_5, i32* %H_V_addr_15, align 4" [sha256.cpp:156]   --->   Operation 284 'store' <Predicate = true> <Delay = 3.25> <Core = "RAM">   --->   Core 37 'RAM' <Latency = 1> <II = 1> <Delay = 3.25> <Storage> <Opcode : 'load' 'store'> <Ports = 2> <Width = 32> <Depth = 64> <RAM>

State 24 <SV = 12> <Delay = 5.80>
ST_24 : Operation 285 [1/1] (0.00ns)   --->   "%or_ln321_5 = or i5 %tmp_10, 6" [sha256.cpp:157]   --->   Operation 285 'or' 'or_ln321_5' <Predicate = true> <Delay = 0.00>
ST_24 : Operation 286 [1/1] (0.00ns)   --->   "%tmp_16 = call i64 @_ssdm_op_BitConcatenate.i64.i59.i5(i59 0, i5 %or_ln321_5)" [sha256.cpp:157]   --->   Operation 286 'bitconcatenate' 'tmp_16' <Predicate = true> <Delay = 0.00>
ST_24 : Operation 287 [1/1] (0.00ns)   --->   "%H_V_addr_16 = getelementptr [256 x i32]* %H_V, i64 0, i64 %tmp_16" [sha256.cpp:157]   --->   Operation 287 'getelementptr' 'H_V_addr_16' <Predicate = true> <Delay = 0.00>
ST_24 : Operation 288 [1/1] (0.00ns)   --->   "%or_ln321_6 = or i5 %tmp_10, 7" [sha256.cpp:158]   --->   Operation 288 'or' 'or_ln321_6' <Predicate = true> <Delay = 0.00>
ST_24 : Operation 289 [1/1] (0.00ns)   --->   "%tmp_17 = call i64 @_ssdm_op_BitConcatenate.i64.i59.i5(i59 0, i5 %or_ln321_6)" [sha256.cpp:158]   --->   Operation 289 'bitconcatenate' 'tmp_17' <Predicate = true> <Delay = 0.00>
ST_24 : Operation 290 [1/1] (0.00ns)   --->   "%H_V_addr_17 = getelementptr [256 x i32]* %H_V, i64 0, i64 %tmp_17" [sha256.cpp:158]   --->   Operation 290 'getelementptr' 'H_V_addr_17' <Predicate = true> <Delay = 0.00>
ST_24 : Operation 291 [1/1] (3.25ns)   --->   "store i32 %add_ln209_6, i32* %H_V_addr_16, align 8" [sha256.cpp:157]   --->   Operation 291 'store' <Predicate = true> <Delay = 3.25> <Core = "RAM">   --->   Core 37 'RAM' <Latency = 1> <II = 1> <Delay = 3.25> <Storage> <Opcode : 'load' 'store'> <Ports = 2> <Width = 32> <Depth = 64> <RAM>
ST_24 : Operation 292 [1/1] (2.55ns)   --->   "%add_ln209_7 = add i32 %p_0657_0, %h_V" [sha256.cpp:158]   --->   Operation 292 'add' 'add_ln209_7' <Predicate = true> <Delay = 2.55> <Core = "AddSub">   --->   Core 14 'AddSub' <Latency = 0> <II = 1> <Delay = 1.73> <FuncUnit> <Opcode : 'add' 'sub'> <InPorts = 2> <OutPorts = 1>
ST_24 : Operation 293 [1/1] (3.25ns)   --->   "store i32 %add_ln209_7, i32* %H_V_addr_17, align 4" [sha256.cpp:158]   --->   Operation 293 'store' <Predicate = true> <Delay = 3.25> <Core = "RAM">   --->   Core 37 'RAM' <Latency = 1> <II = 1> <Delay = 3.25> <Storage> <Opcode : 'load' 'store'> <Ports = 2> <Width = 32> <Depth = 64> <RAM>
ST_24 : Operation 294 [1/1] (0.00ns)   --->   "br label %.preheader9" [sha256.cpp:114]   --->   Operation 294 'br' <Predicate = true> <Delay = 0.00>

State 25 <SV = 5> <Delay = 3.25>
ST_25 : Operation 295 [1/1] (0.00ns)   --->   "%i13_0 = phi i4 [ %i_8, %9 ], [ 0, %.preheader.preheader ]"   --->   Operation 295 'phi' 'i13_0' <Predicate = true> <Delay = 0.00>
ST_25 : Operation 296 [1/1] (1.30ns)   --->   "%icmp_ln161 = icmp eq i4 %i13_0, -8" [sha256.cpp:161]   --->   Operation 296 'icmp' 'icmp_ln161' <Predicate = true> <Delay = 1.30> <Core = "Cmp">   --->   Core 25 'Cmp' <Latency = 0> <II = 1> <Delay = 1.30> <FuncUnit> <Opcode : 'icmp'> <InPorts = 2> <OutPorts = 1>
ST_25 : Operation 297 [1/1] (0.00ns)   --->   "%empty_16 = call i32 (...)* @_ssdm_op_SpecLoopTripCount(i64 8, i64 8, i64 8)"   --->   Operation 297 'speclooptripcount' 'empty_16' <Predicate = true> <Delay = 0.00>
ST_25 : Operation 298 [1/1] (1.73ns)   --->   "%i_8 = add i4 %i13_0, 1" [sha256.cpp:161]   --->   Operation 298 'add' 'i_8' <Predicate = true> <Delay = 1.73> <Core = "AddSub">   --->   Core 14 'AddSub' <Latency = 0> <II = 1> <Delay = 1.73> <FuncUnit> <Opcode : 'add' 'sub'> <InPorts = 2> <OutPorts = 1>
ST_25 : Operation 299 [1/1] (0.00ns)   --->   "br i1 %icmp_ln161, label %10, label %9" [sha256.cpp:161]   --->   Operation 299 'br' <Predicate = true> <Delay = 0.00>
ST_25 : Operation 300 [1/1] (0.00ns)   --->   "%tmp_s = call i64 @_ssdm_op_BitConcatenate.i64.i60.i4(i60 1, i4 %i13_0)" [sha256.cpp:162]   --->   Operation 300 'bitconcatenate' 'tmp_s' <Predicate = (!icmp_ln161)> <Delay = 0.00>
ST_25 : Operation 301 [1/1] (0.00ns)   --->   "%H_V_addr_9 = getelementptr [256 x i32]* %H_V, i64 0, i64 %tmp_s" [sha256.cpp:162]   --->   Operation 301 'getelementptr' 'H_V_addr_9' <Predicate = (!icmp_ln161)> <Delay = 0.00>
ST_25 : Operation 302 [2/2] (3.25ns)   --->   "%H_V_load = load i32* %H_V_addr_9, align 4" [sha256.cpp:162]   --->   Operation 302 'load' 'H_V_load' <Predicate = (!icmp_ln161)> <Delay = 3.25> <Core = "RAM">   --->   Core 37 'RAM' <Latency = 1> <II = 1> <Delay = 3.25> <Storage> <Opcode : 'load' 'store'> <Ports = 2> <Width = 32> <Depth = 64> <RAM>
ST_25 : Operation 303 [1/1] (0.00ns)   --->   "ret void" [sha256.cpp:169]   --->   Operation 303 'ret' <Predicate = (icmp_ln161)> <Delay = 0.00>

State 26 <SV = 6> <Delay = 5.57>
ST_26 : Operation 304 [1/1] (0.00ns)   --->   "%zext_ln162 = zext i4 %i13_0 to i64" [sha256.cpp:162]   --->   Operation 304 'zext' 'zext_ln162' <Predicate = true> <Delay = 0.00>
ST_26 : Operation 305 [1/2] (3.25ns)   --->   "%H_V_load = load i32* %H_V_addr_9, align 4" [sha256.cpp:162]   --->   Operation 305 'load' 'H_V_load' <Predicate = true> <Delay = 3.25> <Core = "RAM">   --->   Core 37 'RAM' <Latency = 1> <II = 1> <Delay = 3.25> <Storage> <Opcode : 'load' 'store'> <Ports = 2> <Width = 32> <Depth = 64> <RAM>
ST_26 : Operation 306 [1/1] (0.00ns)   --->   "%outputlocation_V_add = getelementptr [8 x i32]* %outputlocation_V, i64 0, i64 %zext_ln162" [sha256.cpp:162]   --->   Operation 306 'getelementptr' 'outputlocation_V_add' <Predicate = true> <Delay = 0.00>
ST_26 : Operation 307 [1/1] (2.32ns)   --->   "store i32 %H_V_load, i32* %outputlocation_V_add, align 4" [sha256.cpp:162]   --->   Operation 307 'store' <Predicate = true> <Delay = 2.32> <Core = "RAM">   --->   Core 37 'RAM' <Latency = 1> <II = 1> <Delay = 3.25> <Storage> <Opcode : 'load' 'store'> <Ports = 2> <Width = 32> <Depth = 64> <RAM>
ST_26 : Operation 308 [1/1] (0.00ns)   --->   "br label %.preheader" [sha256.cpp:161]   --->   Operation 308 'br' <Predicate = true> <Delay = 0.00>


============================================================
+ Verbose Summary: Binding
============================================================
STG Binding: 
---------------- STG Properties BEGIN ----------------
- Is combinational: 0
- Is one-state seq: 0
- Is datapath-only: 0
- Is pipelined: 0
- Is top level: 0
Port [ Return ] is wired: 1; IO mode=ap_ctrl_hs:ce=0
Port [ input_V]:  wired=1; compound=1; hidden=0; nouse=0; global=0; static=0; extern=0; dir=0; type=1; pingpong=0; private_global=0; MemPort=[13]; IO mode=ap_memory:ce=0
Port [ outputlocation_V]:  wired=1; compound=1; hidden=0; nouse=0; global=0; static=0; extern=0; dir=1; type=1; pingpong=0; private_global=0; MemPort=[03]; IO mode=ap_memory:ce=0
Port [ H_0_V]:  wired=0; compound=1; hidden=1; nouse=0; global=1; static=1; extern=0; dir=0; type=1; pingpong=0; private_global=0; linkage=7; visibility=0; MemPort=[1]; IO mode=ap_memory:ce=0
Port [ K]:  wired=0; compound=1; hidden=1; nouse=0; global=1; static=1; extern=0; dir=0; type=1; pingpong=0; private_global=0; linkage=7; visibility=0; MemPort=[1]; IO mode=ap_memory:ce=0
---------------- STG Properties END ------------------

---------------- Datapath Model BEGIN ----------------

<LifeTime>
<method=bitvector/>
message_V            (alloca           ) [ 001111100000000000000000000]
M_V                  (alloca           ) [ 001111111111111111111111100]
H_V                  (alloca           ) [ 001111111111111111111111111]
W_V                  (alloca           ) [ 001111111111111111111111100]
br_ln79              (br               ) [ 011100000000000000000000000]
i_0                  (phi              ) [ 001000000000000000000000000]
empty                (speclooptripcount) [ 000000000000000000000000000]
icmp_ln79            (icmp             ) [ 001100000000000000000000000]
i                    (add              ) [ 011100000000000000000000000]
br_ln79              (br               ) [ 000000000000000000000000000]
zext_ln80            (zext             ) [ 000100000000000000000000000]
input_V_addr         (getelementptr    ) [ 000100000000000000000000000]
message_V_addr_1     (getelementptr    ) [ 000000000000000000000000000]
store_ln85           (store            ) [ 000000000000000000000000000]
message_V_addr_2     (getelementptr    ) [ 000000000000000000000000000]
store_ln98           (store            ) [ 000000000000000000000000000]
br_ln104             (br               ) [ 001111100000000000000000000]
input_V_load         (load             ) [ 000000000000000000000000000]
message_V_addr       (getelementptr    ) [ 000000000000000000000000000]
store_ln80           (store            ) [ 000000000000000000000000000]
br_ln79              (br               ) [ 011100000000000000000000000]
i4_0                 (phi              ) [ 000010000000000000000000000]
zext_ln104           (zext             ) [ 000001100000000000000000000]
icmp_ln104           (icmp             ) [ 000011100000000000000000000]
empty_11             (speclooptripcount) [ 000000000000000000000000000]
i_4                  (add              ) [ 001011100000000000000000000]
br_ln104             (br               ) [ 000000000000000000000000000]
zext_ln1598          (zext             ) [ 000001100000000000000000000]
br_ln105             (br               ) [ 000011100000000000000000000]
br_ln110             (br               ) [ 000011111000000000000000000]
i_op_assign          (phi              ) [ 000001000000000000000000000]
icmp_ln105           (icmp             ) [ 000011100000000000000000000]
empty_12             (speclooptripcount) [ 000000000000000000000000000]
j                    (add              ) [ 000011100000000000000000000]
br_ln105             (br               ) [ 000000000000000000000000000]
tmp                  (bitconcatenate   ) [ 000000000000000000000000000]
zext_ln321           (zext             ) [ 000000000000000000000000000]
add_ln321            (add              ) [ 000000100000000000000000000]
add_ln106            (add              ) [ 000000000000000000000000000]
zext_ln106           (zext             ) [ 000000000000000000000000000]
message_V_addr_3     (getelementptr    ) [ 000000100000000000000000000]
br_ln0               (br               ) [ 001011100000000000000000000]
zext_ln321_1         (zext             ) [ 000000000000000000000000000]
M_V_addr             (getelementptr    ) [ 000000000000000000000000000]
message_V_load       (load             ) [ 000000000000000000000000000]
store_ln106          (store            ) [ 000000000000000000000000000]
br_ln105             (br               ) [ 000011100000000000000000000]
i9_0                 (phi              ) [ 000000010000000000000000000]
icmp_ln110           (icmp             ) [ 000000011000000000000000000]
empty_13             (speclooptripcount) [ 000000000000000000000000000]
i_7                  (add              ) [ 000010011000000000000000000]
br_ln110             (br               ) [ 000000000000000000000000000]
zext_ln111           (zext             ) [ 000000001000000000000000000]
H_0_V_addr           (getelementptr    ) [ 000000001000000000000000000]
br_ln114             (br               ) [ 000000011111111111111111100]
H_V_addr             (getelementptr    ) [ 000000000000000000000000000]
H_0_V_load           (load             ) [ 000000000000000000000000000]
store_ln111          (store            ) [ 000000000000000000000000000]
br_ln110             (br               ) [ 000010011000000000000000000]
i_op_assign_1        (phi              ) [ 000000000111111111111100000]
icmp_ln114           (icmp             ) [ 000000000111111111111111100]
empty_14             (speclooptripcount) [ 000000000000000000000000000]
br_ln114             (br               ) [ 000000000000000000000000000]
add_ln116            (add              ) [ 000000000011110000000000000]
tmp_2                (bitconcatenate   ) [ 000000000011100000000000000]
zext_ln116           (zext             ) [ 000000000000000000000000000]
H_V_addr_1           (getelementptr    ) [ 000000000010000000000000000]
or_ln117             (or               ) [ 000000000000000000000000000]
tmp_3                (bitconcatenate   ) [ 000000000000000000000000000]
H_V_addr_2           (getelementptr    ) [ 000000000010000000000000000]
br_ln161             (br               ) [ 000000000111111111111111111]
or_ln118             (or               ) [ 000000000000000000000000000]
tmp_4                (bitconcatenate   ) [ 000000000000000000000000000]
H_V_addr_3           (getelementptr    ) [ 000000000001000000000000000]
or_ln119             (or               ) [ 000000000000000000000000000]
tmp_5                (bitconcatenate   ) [ 000000000000000000000000000]
H_V_addr_4           (getelementptr    ) [ 000000000001000000000000000]
a_V                  (load             ) [ 000000000001111111111100000]
b_V                  (load             ) [ 000000000001111111111100000]
or_ln120             (or               ) [ 000000000000000000000000000]
tmp_6                (bitconcatenate   ) [ 000000000000000000000000000]
H_V_addr_5           (getelementptr    ) [ 000000000000100000000000000]
or_ln121             (or               ) [ 000000000000000000000000000]
tmp_7                (bitconcatenate   ) [ 000000000000000000000000000]
H_V_addr_6           (getelementptr    ) [ 000000000000100000000000000]
c_V                  (load             ) [ 000000000000111111111100000]
d_V                  (load             ) [ 000000000000111111111110000]
or_ln122             (or               ) [ 000000000000000000000000000]
tmp_8                (bitconcatenate   ) [ 000000000000000000000000000]
H_V_addr_7           (getelementptr    ) [ 000000000000010000000000000]
or_ln123             (or               ) [ 000000000000000000000000000]
tmp_9                (bitconcatenate   ) [ 000000000000000000000000000]
H_V_addr_8           (getelementptr    ) [ 000000000000010000000000000]
e_V                  (load             ) [ 000000000000011111111100000]
f_V                  (load             ) [ 000000000000011111111100000]
tmp_1                (bitconcatenate   ) [ 000000000000000000000000000]
zext_ln116_1         (zext             ) [ 000000000000001111111100000]
g_V                  (load             ) [ 000000000111111111111111100]
h_V                  (load             ) [ 000000000111111111111111100]
br_ln127             (br               ) [ 000000000111111111111111100]
b_V_1                (phi              ) [ 000000000111111111111111100]
c_V_1                (phi              ) [ 000000000111111111111111100]
d_V_1                (phi              ) [ 000000000111111111111111100]
p_0622_0             (phi              ) [ 000000000000001111111110000]
f_V_1                (phi              ) [ 000000000111111111111111100]
g_V_1                (phi              ) [ 000000000111111111111111100]
h_V_1                (phi              ) [ 000000000111111111111111100]
p_0657_0             (phi              ) [ 000000000000001111100011100]
j12_0                (phi              ) [ 000000000000001100000000000]
icmp_ln127           (icmp             ) [ 000000000111111111111111100]
empty_15             (speclooptripcount) [ 000000000000000000000000000]
j_1                  (add              ) [ 000000000111111111111111100]
br_ln127             (br               ) [ 000000000000000000000000000]
and_ln26             (and              ) [ 000000000000000000000000000]
xor_ln26             (xor              ) [ 000000000000000000000000000]
and_ln26_1           (and              ) [ 000000000000000000000000000]
ch_V                 (xor              ) [ 000000000000000111100000000]
xor_ln31             (xor              ) [ 000000000000000000000000000]
and_ln31             (and              ) [ 000000000000000000000000000]
and_ln31_1           (and              ) [ 000000000000000000000000000]
maj_V                (xor              ) [ 000000000000000111111100000]
r_V                  (partselect       ) [ 000000000000000000000000000]
trunc_ln1503         (trunc            ) [ 000000000000000000000000000]
ret_V_14             (bitconcatenate   ) [ 000000000000000000000000000]
r_V_s                (partselect       ) [ 000000000000000000000000000]
trunc_ln1503_1       (trunc            ) [ 000000000000000000000000000]
ret_V_15             (bitconcatenate   ) [ 000000000000000000000000000]
r_V_1                (partselect       ) [ 000000000000000000000000000]
trunc_ln1503_2       (trunc            ) [ 000000000000000000000000000]
ret_V_16             (bitconcatenate   ) [ 000000000000000000000000000]
xor_ln1357           (xor              ) [ 000000000000000000000000000]
ret_V_17             (xor              ) [ 000000000000000111111100000]
r_V_2                (partselect       ) [ 000000000000000000000000000]
trunc_ln1503_3       (trunc            ) [ 000000000000000000000000000]
ret_V_18             (bitconcatenate   ) [ 000000000000000000000000000]
r_V_3                (partselect       ) [ 000000000000000000000000000]
trunc_ln1503_4       (trunc            ) [ 000000000000000000000000000]
ret_V_19             (bitconcatenate   ) [ 000000000000000000000000000]
r_V_4                (partselect       ) [ 000000000000000000000000000]
trunc_ln1503_5       (trunc            ) [ 000000000000000000000000000]
ret_V_20             (bitconcatenate   ) [ 000000000000000000000000000]
xor_ln1357_2         (xor              ) [ 000000000000000000000000000]
ret_V_21             (xor              ) [ 000000000000000111100000000]
tmp_18               (partselect       ) [ 000000000000000000000000000]
icmp_ln134           (icmp             ) [ 000000000111111111111111100]
zext_ln135           (zext             ) [ 000000000000000111110000000]
add_ln321_1          (add              ) [ 000000000000000000000000000]
zext_ln321_3         (zext             ) [ 000000000000000000000000000]
M_V_addr_1           (getelementptr    ) [ 000000000000000000100000000]
br_ln134             (br               ) [ 000000000000000000000000000]
add_ln137            (add              ) [ 000000000000000000000000000]
zext_ln137           (zext             ) [ 000000000000000000000000000]
W_V_addr_1           (getelementptr    ) [ 000000000000000100000000000]
add_ln137_1          (add              ) [ 000000000000000000000000000]
zext_ln137_1         (zext             ) [ 000000000000000000000000000]
W_V_addr_2           (getelementptr    ) [ 000000000000000100000000000]
tmp_10               (bitconcatenate   ) [ 000000000000000000000011100]
zext_ln321_2         (zext             ) [ 000000000000000000000000000]
H_V_addr_10          (getelementptr    ) [ 000000000000000000000000000]
or_ln321             (or               ) [ 000000000000000000000000000]
tmp_11               (bitconcatenate   ) [ 000000000000000000000000000]
H_V_addr_11          (getelementptr    ) [ 000000000000000000000000000]
add_ln209            (add              ) [ 000000000000000000000000000]
store_ln151          (store            ) [ 000000000000000000000000000]
add_ln209_1          (add              ) [ 000000000000000000000000000]
store_ln152          (store            ) [ 000000000000000000000000000]
add_ln209_2          (add              ) [ 000000000000000000000010000]
add_ln209_4          (add              ) [ 000000000000000000000011000]
add_ln209_5          (add              ) [ 000000000000000000000011000]
add_ln209_6          (add              ) [ 000000000000000000000011100]
i_9                  (add              ) [ 000000010100000000000011100]
tempWord_V           (load             ) [ 000000000000000010000000000]
W_V_load             (load             ) [ 000000000111111011111111100]
add_ln137_2          (add              ) [ 000000000000000000000000000]
zext_ln137_2         (zext             ) [ 000000000000000000000000000]
W_V_addr_3           (getelementptr    ) [ 000000000000000010000000000]
add_ln137_3          (add              ) [ 000000000000000000000000000]
zext_ln137_3         (zext             ) [ 000000000000000000000000000]
W_V_addr_4           (getelementptr    ) [ 000000000000000010000000000]
r_V_5                (partselect       ) [ 000000000000000000000000000]
trunc_ln1503_6       (trunc            ) [ 000000000000000000000000000]
ret_V_22             (bitconcatenate   ) [ 000000000000000000000000000]
r_V_6                (partselect       ) [ 000000000000000000000000000]
trunc_ln1503_7       (trunc            ) [ 000000000000000000000000000]
ret_V_23             (bitconcatenate   ) [ 000000000000000000000000000]
r_V_7                (partselect       ) [ 000000000000000000000000000]
r_V_13               (zext             ) [ 000000000000000000000000000]
xor_ln1357_4         (xor              ) [ 000000000000000000000000000]
ret_V                (xor              ) [ 000000000000000000000000000]
tempWord_V_3         (load             ) [ 000000000000000000000000000]
r_V_8                (partselect       ) [ 000000000000000000000000000]
trunc_ln1503_8       (trunc            ) [ 000000000000000000000000000]
ret_V_24             (bitconcatenate   ) [ 000000000000000000000000000]
r_V_9                (partselect       ) [ 000000000000000000000000000]
trunc_ln1503_9       (trunc            ) [ 000000000000000000000000000]
ret_V_25             (bitconcatenate   ) [ 000000000000000000000000000]
r_V_10               (partselect       ) [ 000000000000000000000000000]
r_V_14               (zext             ) [ 000000000000000000000000000]
xor_ln1357_6         (xor              ) [ 000000000000000000000000000]
ret_V_13             (xor              ) [ 000000000000000000000000000]
W_V_load_2           (load             ) [ 000000000111111001111111100]
add_ln209_9          (add              ) [ 000000000111111001111111100]
add_ln209_8          (add              ) [ 000000000000000000000000000]
add_ln209_10         (add              ) [ 000000000000000000000000000]
W_V_addr_5           (getelementptr    ) [ 000000000000000000000000000]
store_ln137          (store            ) [ 000000000000000000000000000]
br_ln0               (br               ) [ 000000000000000000000000000]
add_ln209_12         (add              ) [ 000000000000000000000000000]
add_ln209_13         (add              ) [ 000000000000000000011000000]
M_V_load             (load             ) [ 000000000000000000000000000]
W_V_addr             (getelementptr    ) [ 000000000000000000000000000]
store_ln135          (store            ) [ 000000000000000000000000000]
br_ln135             (br               ) [ 000000000000000000000000000]
K_addr               (getelementptr    ) [ 000000000000000000001000000]
W_V_addr_6           (getelementptr    ) [ 000000000000000000001000000]
K_load               (load             ) [ 000000000000000000000000000]
W_V_load_3           (load             ) [ 000000000000000000000000000]
add_ln209_11         (add              ) [ 000000000000000000000000000]
T1_V                 (add              ) [ 000000000000000000000100000]
e_V_1                (add              ) [ 000000000111111111111111100]
add_ln209_16         (add              ) [ 000000000000000000000000000]
a_V_1                (add              ) [ 000000000111111111111111100]
br_ln127             (br               ) [ 000000000111111111111111100]
or_ln321_1           (or               ) [ 000000000000000000000000000]
tmp_12               (bitconcatenate   ) [ 000000000000000000000000000]
H_V_addr_12          (getelementptr    ) [ 000000000000000000000000000]
or_ln321_2           (or               ) [ 000000000000000000000000000]
tmp_13               (bitconcatenate   ) [ 000000000000000000000000000]
H_V_addr_13          (getelementptr    ) [ 000000000000000000000000000]
store_ln153          (store            ) [ 000000000000000000000000000]
add_ln209_3          (add              ) [ 000000000000000000000000000]
store_ln154          (store            ) [ 000000000000000000000000000]
or_ln321_3           (or               ) [ 000000000000000000000000000]
tmp_14               (bitconcatenate   ) [ 000000000000000000000000000]
H_V_addr_14          (getelementptr    ) [ 000000000000000000000000000]
or_ln321_4           (or               ) [ 000000000000000000000000000]
tmp_15               (bitconcatenate   ) [ 000000000000000000000000000]
H_V_addr_15          (getelementptr    ) [ 000000000000000000000000000]
store_ln155          (store            ) [ 000000000000000000000000000]
store_ln156          (store            ) [ 000000000000000000000000000]
or_ln321_5           (or               ) [ 000000000000000000000000000]
tmp_16               (bitconcatenate   ) [ 000000000000000000000000000]
H_V_addr_16          (getelementptr    ) [ 000000000000000000000000000]
or_ln321_6           (or               ) [ 000000000000000000000000000]
tmp_17               (bitconcatenate   ) [ 000000000000000000000000000]
H_V_addr_17          (getelementptr    ) [ 000000000000000000000000000]
store_ln157          (store            ) [ 000000000000000000000000000]
add_ln209_7          (add              ) [ 000000000000000000000000000]
store_ln158          (store            ) [ 000000000000000000000000000]
br_ln114             (br               ) [ 000000010111111111111111100]
i13_0                (phi              ) [ 000000000000000000000000011]
icmp_ln161           (icmp             ) [ 000000000000000000000000011]
empty_16             (speclooptripcount) [ 000000000000000000000000000]
i_8                  (add              ) [ 000000000100000000000000011]
br_ln161             (br               ) [ 000000000000000000000000000]
tmp_s                (bitconcatenate   ) [ 000000000000000000000000000]
H_V_addr_9           (getelementptr    ) [ 000000000000000000000000001]
ret_ln169            (ret              ) [ 000000000000000000000000000]
zext_ln162           (zext             ) [ 000000000000000000000000000]
H_V_load             (load             ) [ 000000000000000000000000000]
outputlocation_V_add (getelementptr    ) [ 000000000000000000000000000]
store_ln162          (store            ) [ 000000000000000000000000000]
br_ln161             (br               ) [ 000000000100000000000000011]
</LifeTime>

<model>

<comp_list>
<comp id="0" class="1000" name="input_V">
<pin_list>
<pin id="1" dir="1" index="0" bw="1" slack="0"/>
</pin_list>
<bind>
<StgValue><ssdm name="input_V"/><MemPortTyVec>1 3 </MemPortTyVec>
</StgValue>
</bind>
</comp>

<comp id="2" class="1000" name="outputlocation_V">
<pin_list>
<pin id="3" dir="1" index="0" bw="1" slack="0"/>
</pin_list>
<bind>
<StgValue><ssdm name="outputlocation_V"/><MemPortTyVec>0 3 </MemPortTyVec>
</StgValue>
</bind>
</comp>

<comp id="4" class="1000" name="H_0_V">
<pin_list>
<pin id="5" dir="1" index="0" bw="1" slack="0"/>
</pin_list>
<bind>
<StgValue><ssdm name="H_0_V"/><MemPortTyVec>1 </MemPortTyVec>
</StgValue>
</bind>
</comp>

<comp id="6" class="1000" name="K">
<pin_list>
<pin id="7" dir="1" index="0" bw="1" slack="0"/>
</pin_list>
<bind>
<StgValue><ssdm name="K"/><MemPortTyVec>1 </MemPortTyVec>
</StgValue>
</bind>
</comp>

<comp id="8" class="1001" name="const_8">
<pin_list>
<pin id="9" dir="1" index="0" bw="1" slack="0"/>
</pin_list>
<bind>
<StgValue><ssdm name=""/></StgValue>
</bind>
</comp>

<comp id="10" class="1001" name="const_10">
<pin_list>
<pin id="11" dir="1" index="0" bw="1" slack="1"/>
</pin_list>
<bind>
<StgValue><ssdm name=""/></StgValue>
</bind>
</comp>

<comp id="12" class="1001" name="const_12">
<pin_list>
<pin id="13" dir="1" index="0" bw="1" slack="2147483647"/>
</pin_list>
<bind>
<StgValue><ssdm name="_ssdm_op_SpecLoopTripCount"/></StgValue>
</bind>
</comp>

<comp id="14" class="1001" name="const_14">
<pin_list>
<pin id="15" dir="1" index="0" bw="1" slack="2147483647"/>
</pin_list>
<bind>
<StgValue><ssdm name=""/></StgValue>
</bind>
</comp>

<comp id="16" class="1001" name="const_16">
<pin_list>
<pin id="17" dir="1" index="0" bw="1" slack="0"/>
</pin_list>
<bind>
<StgValue><ssdm name=""/></StgValue>
</bind>
</comp>

<comp id="18" class="1001" name="const_18">
<pin_list>
<pin id="19" dir="1" index="0" bw="1" slack="0"/>
</pin_list>
<bind>
<StgValue><ssdm name=""/></StgValue>
</bind>
</comp>

<comp id="20" class="1001" name="const_20">
<pin_list>
<pin id="21" dir="1" index="0" bw="1" slack="0"/>
</pin_list>
<bind>
<StgValue><ssdm name=""/></StgValue>
</bind>
</comp>

<comp id="22" class="1001" name="const_22">
<pin_list>
<pin id="23" dir="1" index="0" bw="1" slack="0"/>
</pin_list>
<bind>
<StgValue><ssdm name=""/></StgValue>
</bind>
</comp>

<comp id="24" class="1001" name="const_24">
<pin_list>
<pin id="25" dir="1" index="0" bw="1" slack="0"/>
</pin_list>
<bind>
<StgValue><ssdm name=""/></StgValue>
</bind>
</comp>

<comp id="26" class="1001" name="const_26">
<pin_list>
<pin id="27" dir="1" index="0" bw="1" slack="0"/>
</pin_list>
<bind>
<StgValue><ssdm name=""/></StgValue>
</bind>
</comp>

<comp id="28" class="1001" name="const_28">
<pin_list>
<pin id="29" dir="1" index="0" bw="1" slack="0"/>
</pin_list>
<bind>
<StgValue><ssdm name=""/></StgValue>
</bind>
</comp>

<comp id="30" class="1001" name="const_30">
<pin_list>
<pin id="31" dir="1" index="0" bw="1" slack="0"/>
</pin_list>
<bind>
<StgValue><ssdm name=""/></StgValue>
</bind>
</comp>

<comp id="32" class="1001" name="const_32">
<pin_list>
<pin id="33" dir="1" index="0" bw="1" slack="2147483647"/>
</pin_list>
<bind>
<StgValue><ssdm name=""/></StgValue>
</bind>
</comp>

<comp id="34" class="1001" name="const_34">
<pin_list>
<pin id="35" dir="1" index="0" bw="1" slack="1"/>
</pin_list>
<bind>
<StgValue><ssdm name=""/></StgValue>
</bind>
</comp>

<comp id="36" class="1001" name="const_36">
<pin_list>
<pin id="37" dir="1" index="0" bw="1" slack="0"/>
</pin_list>
<bind>
<StgValue><ssdm name=""/></StgValue>
</bind>
</comp>

<comp id="38" class="1001" name="const_38">
<pin_list>
<pin id="39" dir="1" index="0" bw="1" slack="2147483647"/>
</pin_list>
<bind>
<StgValue><ssdm name=""/></StgValue>
</bind>
</comp>

<comp id="40" class="1001" name="const_40">
<pin_list>
<pin id="41" dir="1" index="0" bw="1" slack="0"/>
</pin_list>
<bind>
<StgValue><ssdm name=""/></StgValue>
</bind>
</comp>

<comp id="42" class="1001" name="const_42">
<pin_list>
<pin id="43" dir="1" index="0" bw="1" slack="0"/>
</pin_list>
<bind>
<StgValue><ssdm name="_ssdm_op_BitConcatenate.i6.i2.i4"/></StgValue>
</bind>
</comp>

<comp id="44" class="1001" name="const_44">
<pin_list>
<pin id="45" dir="1" index="0" bw="1" slack="0"/>
</pin_list>
<bind>
<StgValue><ssdm name=""/></StgValue>
</bind>
</comp>

<comp id="46" class="1001" name="const_46">
<pin_list>
<pin id="47" dir="1" index="0" bw="1" slack="0"/>
</pin_list>
<bind>
<StgValue><ssdm name=""/></StgValue>
</bind>
</comp>

<comp id="48" class="1001" name="const_48">
<pin_list>
<pin id="49" dir="1" index="0" bw="1" slack="2147483647"/>
</pin_list>
<bind>
<StgValue><ssdm name=""/></StgValue>
</bind>
</comp>

<comp id="50" class="1001" name="const_50">
<pin_list>
<pin id="51" dir="1" index="0" bw="1" slack="0"/>
</pin_list>
<bind>
<StgValue><ssdm name=""/></StgValue>
</bind>
</comp>

<comp id="52" class="1001" name="const_52">
<pin_list>
<pin id="53" dir="1" index="0" bw="1" slack="2147483647"/>
</pin_list>
<bind>
<StgValue><ssdm name=""/></StgValue>
</bind>
</comp>

<comp id="54" class="1001" name="const_54">
<pin_list>
<pin id="55" dir="1" index="0" bw="1" slack="0"/>
</pin_list>
<bind>
<StgValue><ssdm name="_ssdm_op_BitConcatenate.i5.i2.i3"/></StgValue>
</bind>
</comp>

<comp id="56" class="1001" name="const_56">
<pin_list>
<pin id="57" dir="1" index="0" bw="1" slack="0"/>
</pin_list>
<bind>
<StgValue><ssdm name=""/></StgValue>
</bind>
</comp>

<comp id="58" class="1001" name="const_58">
<pin_list>
<pin id="59" dir="1" index="0" bw="1" slack="0"/>
</pin_list>
<bind>
<StgValue><ssdm name="_ssdm_op_BitConcatenate.i64.i59.i5"/></StgValue>
</bind>
</comp>

<comp id="60" class="1001" name="const_60">
<pin_list>
<pin id="61" dir="1" index="0" bw="1" slack="0"/>
</pin_list>
<bind>
<StgValue><ssdm name=""/></StgValue>
</bind>
</comp>

<comp id="62" class="1001" name="const_62">
<pin_list>
<pin id="63" dir="1" index="0" bw="1" slack="0"/>
</pin_list>
<bind>
<StgValue><ssdm name=""/></StgValue>
</bind>
</comp>

<comp id="64" class="1001" name="const_64">
<pin_list>
<pin id="65" dir="1" index="0" bw="1" slack="0"/>
</pin_list>
<bind>
<StgValue><ssdm name=""/></StgValue>
</bind>
</comp>

<comp id="66" class="1001" name="const_66">
<pin_list>
<pin id="67" dir="1" index="0" bw="1" slack="0"/>
</pin_list>
<bind>
<StgValue><ssdm name=""/></StgValue>
</bind>
</comp>

<comp id="68" class="1001" name="const_68">
<pin_list>
<pin id="69" dir="1" index="0" bw="1" slack="0"/>
</pin_list>
<bind>
<StgValue><ssdm name=""/></StgValue>
</bind>
</comp>

<comp id="70" class="1001" name="const_70">
<pin_list>
<pin id="71" dir="1" index="0" bw="1" slack="0"/>
</pin_list>
<bind>
<StgValue><ssdm name=""/></StgValue>
</bind>
</comp>

<comp id="72" class="1001" name="const_72">
<pin_list>
<pin id="73" dir="1" index="0" bw="1" slack="0"/>
</pin_list>
<bind>
<StgValue><ssdm name=""/></StgValue>
</bind>
</comp>

<comp id="74" class="1001" name="const_74">
<pin_list>
<pin id="75" dir="1" index="0" bw="1" slack="1"/>
</pin_list>
<bind>
<StgValue><ssdm name=""/></StgValue>
</bind>
</comp>

<comp id="76" class="1001" name="const_76">
<pin_list>
<pin id="77" dir="1" index="0" bw="1" slack="0"/>
</pin_list>
<bind>
<StgValue><ssdm name=""/></StgValue>
</bind>
</comp>

<comp id="78" class="1001" name="const_78">
<pin_list>
<pin id="79" dir="1" index="0" bw="1" slack="2147483647"/>
</pin_list>
<bind>
<StgValue><ssdm name=""/></StgValue>
</bind>
</comp>

<comp id="80" class="1001" name="const_80">
<pin_list>
<pin id="81" dir="1" index="0" bw="1" slack="0"/>
</pin_list>
<bind>
<StgValue><ssdm name=""/></StgValue>
</bind>
</comp>

<comp id="82" class="1001" name="const_82">
<pin_list>
<pin id="83" dir="1" index="0" bw="1" slack="0"/>
</pin_list>
<bind>
<StgValue><ssdm name=""/></StgValue>
</bind>
</comp>

<comp id="84" class="1001" name="const_84">
<pin_list>
<pin id="85" dir="1" index="0" bw="1" slack="0"/>
</pin_list>
<bind>
<StgValue><ssdm name="_ssdm_op_PartSelect.i30.i32.i32.i32"/></StgValue>
</bind>
</comp>

<comp id="86" class="1001" name="const_86">
<pin_list>
<pin id="87" dir="1" index="0" bw="1" slack="0"/>
</pin_list>
<bind>
<StgValue><ssdm name=""/></StgValue>
</bind>
</comp>

<comp id="88" class="1001" name="const_88">
<pin_list>
<pin id="89" dir="1" index="0" bw="1" slack="0"/>
</pin_list>
<bind>
<StgValue><ssdm name=""/></StgValue>
</bind>
</comp>

<comp id="90" class="1001" name="const_90">
<pin_list>
<pin id="91" dir="1" index="0" bw="1" slack="0"/>
</pin_list>
<bind>
<StgValue><ssdm name="_ssdm_op_BitConcatenate.i32.i2.i30"/></StgValue>
</bind>
</comp>

<comp id="92" class="1001" name="const_92">
<pin_list>
<pin id="93" dir="1" index="0" bw="1" slack="0"/>
</pin_list>
<bind>
<StgValue><ssdm name="_ssdm_op_PartSelect.i19.i32.i32.i32"/></StgValue>
</bind>
</comp>

<comp id="94" class="1001" name="const_94">
<pin_list>
<pin id="95" dir="1" index="0" bw="1" slack="0"/>
</pin_list>
<bind>
<StgValue><ssdm name=""/></StgValue>
</bind>
</comp>

<comp id="96" class="1001" name="const_96">
<pin_list>
<pin id="97" dir="1" index="0" bw="1" slack="0"/>
</pin_list>
<bind>
<StgValue><ssdm name="_ssdm_op_BitConcatenate.i32.i13.i19"/></StgValue>
</bind>
</comp>

<comp id="98" class="1001" name="const_98">
<pin_list>
<pin id="99" dir="1" index="0" bw="1" slack="0"/>
</pin_list>
<bind>
<StgValue><ssdm name="_ssdm_op_PartSelect.i10.i32.i32.i32"/></StgValue>
</bind>
</comp>

<comp id="100" class="1001" name="const_100">
<pin_list>
<pin id="101" dir="1" index="0" bw="1" slack="0"/>
</pin_list>
<bind>
<StgValue><ssdm name=""/></StgValue>
</bind>
</comp>

<comp id="102" class="1001" name="const_102">
<pin_list>
<pin id="103" dir="1" index="0" bw="1" slack="0"/>
</pin_list>
<bind>
<StgValue><ssdm name="_ssdm_op_BitConcatenate.i32.i22.i10"/></StgValue>
</bind>
</comp>

<comp id="104" class="1001" name="const_104">
<pin_list>
<pin id="105" dir="1" index="0" bw="1" slack="0"/>
</pin_list>
<bind>
<StgValue><ssdm name="_ssdm_op_PartSelect.i26.i32.i32.i32"/></StgValue>
</bind>
</comp>

<comp id="106" class="1001" name="const_106">
<pin_list>
<pin id="107" dir="1" index="0" bw="1" slack="0"/>
</pin_list>
<bind>
<StgValue><ssdm name=""/></StgValue>
</bind>
</comp>

<comp id="108" class="1001" name="const_108">
<pin_list>
<pin id="109" dir="1" index="0" bw="1" slack="0"/>
</pin_list>
<bind>
<StgValue><ssdm name="_ssdm_op_BitConcatenate.i32.i6.i26"/></StgValue>
</bind>
</comp>

<comp id="110" class="1001" name="const_110">
<pin_list>
<pin id="111" dir="1" index="0" bw="1" slack="0"/>
</pin_list>
<bind>
<StgValue><ssdm name="_ssdm_op_PartSelect.i21.i32.i32.i32"/></StgValue>
</bind>
</comp>

<comp id="112" class="1001" name="const_112">
<pin_list>
<pin id="113" dir="1" index="0" bw="1" slack="0"/>
</pin_list>
<bind>
<StgValue><ssdm name=""/></StgValue>
</bind>
</comp>

<comp id="114" class="1001" name="const_114">
<pin_list>
<pin id="115" dir="1" index="0" bw="1" slack="0"/>
</pin_list>
<bind>
<StgValue><ssdm name="_ssdm_op_BitConcatenate.i32.i11.i21"/></StgValue>
</bind>
</comp>

<comp id="116" class="1001" name="const_116">
<pin_list>
<pin id="117" dir="1" index="0" bw="1" slack="0"/>
</pin_list>
<bind>
<StgValue><ssdm name="_ssdm_op_PartSelect.i7.i32.i32.i32"/></StgValue>
</bind>
</comp>

<comp id="118" class="1001" name="const_118">
<pin_list>
<pin id="119" dir="1" index="0" bw="1" slack="0"/>
</pin_list>
<bind>
<StgValue><ssdm name=""/></StgValue>
</bind>
</comp>

<comp id="120" class="1001" name="const_120">
<pin_list>
<pin id="121" dir="1" index="0" bw="1" slack="0"/>
</pin_list>
<bind>
<StgValue><ssdm name="_ssdm_op_BitConcatenate.i32.i25.i7"/></StgValue>
</bind>
</comp>

<comp id="122" class="1001" name="const_122">
<pin_list>
<pin id="123" dir="1" index="0" bw="1" slack="0"/>
</pin_list>
<bind>
<StgValue><ssdm name="_ssdm_op_PartSelect.i3.i7.i32.i32"/></StgValue>
</bind>
</comp>

<comp id="124" class="1001" name="const_124">
<pin_list>
<pin id="125" dir="1" index="0" bw="1" slack="0"/>
</pin_list>
<bind>
<StgValue><ssdm name=""/></StgValue>
</bind>
</comp>

<comp id="126" class="1001" name="const_126">
<pin_list>
<pin id="127" dir="1" index="0" bw="1" slack="0"/>
</pin_list>
<bind>
<StgValue><ssdm name=""/></StgValue>
</bind>
</comp>

<comp id="128" class="1001" name="const_128">
<pin_list>
<pin id="129" dir="1" index="0" bw="1" slack="0"/>
</pin_list>
<bind>
<StgValue><ssdm name=""/></StgValue>
</bind>
</comp>

<comp id="130" class="1001" name="const_130">
<pin_list>
<pin id="131" dir="1" index="0" bw="1" slack="0"/>
</pin_list>
<bind>
<StgValue><ssdm name=""/></StgValue>
</bind>
</comp>

<comp id="132" class="1001" name="const_132">
<pin_list>
<pin id="133" dir="1" index="0" bw="1" slack="0"/>
</pin_list>
<bind>
<StgValue><ssdm name=""/></StgValue>
</bind>
</comp>

<comp id="134" class="1001" name="const_134">
<pin_list>
<pin id="135" dir="1" index="0" bw="1" slack="0"/>
</pin_list>
<bind>
<StgValue><ssdm name="_ssdm_op_PartSelect.i15.i32.i32.i32"/></StgValue>
</bind>
</comp>

<comp id="136" class="1001" name="const_136">
<pin_list>
<pin id="137" dir="1" index="0" bw="1" slack="0"/>
</pin_list>
<bind>
<StgValue><ssdm name=""/></StgValue>
</bind>
</comp>

<comp id="138" class="1001" name="const_138">
<pin_list>
<pin id="139" dir="1" index="0" bw="1" slack="0"/>
</pin_list>
<bind>
<StgValue><ssdm name="_ssdm_op_BitConcatenate.i32.i17.i15"/></StgValue>
</bind>
</comp>

<comp id="140" class="1001" name="const_140">
<pin_list>
<pin id="141" dir="1" index="0" bw="1" slack="0"/>
</pin_list>
<bind>
<StgValue><ssdm name="_ssdm_op_PartSelect.i13.i32.i32.i32"/></StgValue>
</bind>
</comp>

<comp id="142" class="1001" name="const_142">
<pin_list>
<pin id="143" dir="1" index="0" bw="1" slack="0"/>
</pin_list>
<bind>
<StgValue><ssdm name=""/></StgValue>
</bind>
</comp>

<comp id="144" class="1001" name="const_144">
<pin_list>
<pin id="145" dir="1" index="0" bw="1" slack="0"/>
</pin_list>
<bind>
<StgValue><ssdm name="_ssdm_op_BitConcatenate.i32.i19.i13"/></StgValue>
</bind>
</comp>

<comp id="146" class="1001" name="const_146">
<pin_list>
<pin id="147" dir="1" index="0" bw="1" slack="0"/>
</pin_list>
<bind>
<StgValue><ssdm name="_ssdm_op_PartSelect.i22.i32.i32.i32"/></StgValue>
</bind>
</comp>

<comp id="148" class="1001" name="const_148">
<pin_list>
<pin id="149" dir="1" index="0" bw="1" slack="0"/>
</pin_list>
<bind>
<StgValue><ssdm name=""/></StgValue>
</bind>
</comp>

<comp id="150" class="1001" name="const_150">
<pin_list>
<pin id="151" dir="1" index="0" bw="1" slack="0"/>
</pin_list>
<bind>
<StgValue><ssdm name="_ssdm_op_PartSelect.i25.i32.i32.i32"/></StgValue>
</bind>
</comp>

<comp id="152" class="1001" name="const_152">
<pin_list>
<pin id="153" dir="1" index="0" bw="1" slack="0"/>
</pin_list>
<bind>
<StgValue><ssdm name=""/></StgValue>
</bind>
</comp>

<comp id="154" class="1001" name="const_154">
<pin_list>
<pin id="155" dir="1" index="0" bw="1" slack="0"/>
</pin_list>
<bind>
<StgValue><ssdm name="_ssdm_op_BitConcatenate.i32.i7.i25"/></StgValue>
</bind>
</comp>

<comp id="156" class="1001" name="const_156">
<pin_list>
<pin id="157" dir="1" index="0" bw="1" slack="0"/>
</pin_list>
<bind>
<StgValue><ssdm name="_ssdm_op_PartSelect.i14.i32.i32.i32"/></StgValue>
</bind>
</comp>

<comp id="158" class="1001" name="const_158">
<pin_list>
<pin id="159" dir="1" index="0" bw="1" slack="0"/>
</pin_list>
<bind>
<StgValue><ssdm name=""/></StgValue>
</bind>
</comp>

<comp id="160" class="1001" name="const_160">
<pin_list>
<pin id="161" dir="1" index="0" bw="1" slack="0"/>
</pin_list>
<bind>
<StgValue><ssdm name="_ssdm_op_BitConcatenate.i32.i18.i14"/></StgValue>
</bind>
</comp>

<comp id="162" class="1001" name="const_162">
<pin_list>
<pin id="163" dir="1" index="0" bw="1" slack="0"/>
</pin_list>
<bind>
<StgValue><ssdm name="_ssdm_op_PartSelect.i29.i32.i32.i32"/></StgValue>
</bind>
</comp>

<comp id="164" class="1001" name="const_164">
<pin_list>
<pin id="165" dir="1" index="0" bw="1" slack="0"/>
</pin_list>
<bind>
<StgValue><ssdm name=""/></StgValue>
</bind>
</comp>

<comp id="166" class="1001" name="const_166">
<pin_list>
<pin id="167" dir="1" index="0" bw="1" slack="0"/>
</pin_list>
<bind>
<StgValue><ssdm name="_ssdm_op_BitConcatenate.i64.i60.i4"/></StgValue>
</bind>
</comp>

<comp id="168" class="1001" name="const_168">
<pin_list>
<pin id="169" dir="1" index="0" bw="1" slack="0"/>
</pin_list>
<bind>
<StgValue><ssdm name=""/></StgValue>
</bind>
</comp>

<comp id="170" class="1004" name="message_V_alloca_fu_170">
<pin_list>
<pin id="171" dir="0" index="0" bw="1" slack="0"/>
<pin id="172" dir="1" index="1" bw="32" slack="2147483647"/>
</pin_list>
<bind>
<opcode="alloca(26) " fcode="alloca"/>
<opset="message_V/1 "/>
</bind>
</comp>

<comp id="174" class="1004" name="M_V_alloca_fu_174">
<pin_list>
<pin id="175" dir="0" index="0" bw="1" slack="0"/>
<pin id="176" dir="1" index="1" bw="32" slack="2147483647"/>
</pin_list>
<bind>
<opcode="alloca(26) " fcode="alloca"/>
<opset="M_V/1 "/>
</bind>
</comp>

<comp id="178" class="1004" name="H_V_alloca_fu_178">
<pin_list>
<pin id="179" dir="0" index="0" bw="1" slack="0"/>
<pin id="180" dir="1" index="1" bw="32" slack="2147483647"/>
</pin_list>
<bind>
<opcode="alloca(26) " fcode="alloca"/>
<opset="H_V/1 "/>
</bind>
</comp>

<comp id="182" class="1004" name="W_V_alloca_fu_182">
<pin_list>
<pin id="183" dir="0" index="0" bw="1" slack="0"/>
<pin id="184" dir="1" index="1" bw="32" slack="2147483647"/>
</pin_list>
<bind>
<opcode="alloca(26) " fcode="alloca"/>
<opset="W_V/1 "/>
</bind>
</comp>

<comp id="186" class="1004" name="input_V_addr_gep_fu_186">
<pin_list>
<pin id="187" dir="0" index="0" bw="32" slack="0"/>
<pin id="188" dir="0" index="1" bw="1" slack="0"/>
<pin id="189" dir="0" index="2" bw="5" slack="0"/>
<pin id="190" dir="1" index="3" bw="5" slack="0"/>
</pin_list>
<bind>
<opcode="getelementptr(29) " fcode="getelementptr"/>
<opset="input_V_addr/2 "/>
</bind>
</comp>

<comp id="193" class="1004" name="grp_access_fu_193">
<pin_list>
<pin id="194" dir="0" index="0" bw="5" slack="0"/>
<pin id="195" dir="0" index="1" bw="32" slack="2147483647"/>
<pin id="196" dir="0" index="2" bw="0" slack="2147483647"/>
<pin id="197" dir="1" index="3" bw="32" slack="0"/>
</pin_list>
<bind>
<opcode="load(27) " fcode="load"/>
<opset="input_V_load/2 "/>
</bind>
</comp>

<comp id="199" class="1004" name="message_V_addr_1_gep_fu_199">
<pin_list>
<pin id="200" dir="0" index="0" bw="32" slack="2147483647"/>
<pin id="201" dir="0" index="1" bw="1" slack="0"/>
<pin id="202" dir="0" index="2" bw="6" slack="0"/>
<pin id="203" dir="1" index="3" bw="14" slack="0"/>
</pin_list>
<bind>
<opcode="getelementptr(29) " fcode="getelementptr"/>
<opset="message_V_addr_1/2 "/>
</bind>
</comp>

<comp id="206" class="1004" name="grp_access_fu_206">
<pin_list>
<pin id="207" dir="0" index="0" bw="14" slack="0"/>
<pin id="208" dir="0" index="1" bw="32" slack="0"/>
<pin id="209" dir="0" index="2" bw="0" slack="0"/>
<pin id="220" dir="0" index="4" bw="14" slack="0"/>
<pin id="221" dir="0" index="5" bw="32" slack="2147483647"/>
<pin id="222" dir="0" index="6" bw="0" slack="2147483647"/>
<pin id="210" dir="1" index="3" bw="32" slack="2147483647"/>
<pin id="223" dir="1" index="7" bw="32" slack="0"/>
</pin_list>
<bind>
<opcode="load(27) store(28) " fcode="load"/>
<opset="store_ln85/2 store_ln98/2 store_ln80/3 message_V_load/5 "/>
</bind>
</comp>

<comp id="213" class="1004" name="message_V_addr_2_gep_fu_213">
<pin_list>
<pin id="214" dir="0" index="0" bw="32" slack="2147483647"/>
<pin id="215" dir="0" index="1" bw="1" slack="0"/>
<pin id="216" dir="0" index="2" bw="6" slack="0"/>
<pin id="217" dir="1" index="3" bw="14" slack="0"/>
</pin_list>
<bind>
<opcode="getelementptr(29) " fcode="getelementptr"/>
<opset="message_V_addr_2/2 "/>
</bind>
</comp>

<comp id="226" class="1004" name="message_V_addr_gep_fu_226">
<pin_list>
<pin id="227" dir="0" index="0" bw="32" slack="2147483647"/>
<pin id="228" dir="0" index="1" bw="1" slack="0"/>
<pin id="229" dir="0" index="2" bw="5" slack="1"/>
<pin id="230" dir="1" index="3" bw="14" slack="0"/>
</pin_list>
<bind>
<opcode="getelementptr(29) " fcode="getelementptr"/>
<opset="message_V_addr/3 "/>
</bind>
</comp>

<comp id="234" class="1004" name="message_V_addr_3_gep_fu_234">
<pin_list>
<pin id="235" dir="0" index="0" bw="32" slack="2147483647"/>
<pin id="236" dir="0" index="1" bw="1" slack="0"/>
<pin id="237" dir="0" index="2" bw="6" slack="0"/>
<pin id="238" dir="1" index="3" bw="14" slack="0"/>
</pin_list>
<bind>
<opcode="getelementptr(29) " fcode="getelementptr"/>
<opset="message_V_addr_3/5 "/>
</bind>
</comp>

<comp id="241" class="1004" name="M_V_addr_gep_fu_241">
<pin_list>
<pin id="242" dir="0" index="0" bw="32" slack="2147483647"/>
<pin id="243" dir="0" index="1" bw="1" slack="0"/>
<pin id="244" dir="0" index="2" bw="7" slack="0"/>
<pin id="245" dir="1" index="3" bw="9" slack="0"/>
</pin_list>
<bind>
<opcode="getelementptr(29) " fcode="getelementptr"/>
<opset="M_V_addr/6 "/>
</bind>
</comp>

<comp id="247" class="1004" name="grp_access_fu_247">
<pin_list>
<pin id="248" dir="0" index="0" bw="9" slack="0"/>
<pin id="249" dir="0" index="1" bw="32" slack="0"/>
<pin id="250" dir="0" index="2" bw="0" slack="2147483647"/>
<pin id="251" dir="1" index="3" bw="32" slack="0"/>
</pin_list>
<bind>
<opcode="load(27) store(28) " fcode="load"/>
<opset="store_ln106/6 M_V_load/14 "/>
</bind>
</comp>

<comp id="254" class="1004" name="H_0_V_addr_gep_fu_254">
<pin_list>
<pin id="255" dir="0" index="0" bw="32" slack="0"/>
<pin id="256" dir="0" index="1" bw="1" slack="0"/>
<pin id="257" dir="0" index="2" bw="4" slack="0"/>
<pin id="258" dir="1" index="3" bw="3" slack="0"/>
</pin_list>
<bind>
<opcode="getelementptr(29) " fcode="getelementptr"/>
<opset="H_0_V_addr/7 "/>
</bind>
</comp>

<comp id="261" class="1004" name="grp_access_fu_261">
<pin_list>
<pin id="262" dir="0" index="0" bw="3" slack="0"/>
<pin id="263" dir="0" index="1" bw="32" slack="2147483647"/>
<pin id="264" dir="0" index="2" bw="0" slack="2147483647"/>
<pin id="265" dir="1" index="3" bw="32" slack="0"/>
</pin_list>
<bind>
<opcode="load(27) " fcode="load"/>
<opset="H_0_V_load/7 "/>
</bind>
</comp>

<comp id="267" class="1004" name="H_V_addr_gep_fu_267">
<pin_list>
<pin id="268" dir="0" index="0" bw="32" slack="2147483647"/>
<pin id="269" dir="0" index="1" bw="1" slack="0"/>
<pin id="270" dir="0" index="2" bw="4" slack="1"/>
<pin id="271" dir="1" index="3" bw="8" slack="0"/>
</pin_list>
<bind>
<opcode="getelementptr(29) " fcode="getelementptr"/>
<opset="H_V_addr/8 "/>
</bind>
</comp>

<comp id="273" class="1004" name="grp_access_fu_273">
<pin_list>
<pin id="274" dir="0" index="0" bw="8" slack="0"/>
<pin id="275" dir="0" index="1" bw="32" slack="0"/>
<pin id="276" dir="0" index="2" bw="0" slack="0"/>
<pin id="293" dir="0" index="4" bw="8" slack="0"/>
<pin id="294" dir="0" index="5" bw="32" slack="2147483647"/>
<pin id="295" dir="0" index="6" bw="0" slack="2147483647"/>
<pin id="277" dir="1" index="3" bw="32" slack="1"/>
<pin id="296" dir="1" index="7" bw="32" slack="0"/>
</pin_list>
<bind>
<opcode="load(27) store(28) " fcode="load"/>
<opset="store_ln111/8 a_V/9 b_V/9 c_V/10 d_V/10 e_V/11 f_V/11 g_V/12 h_V/12 store_ln151/14 store_ln152/14 store_ln153/22 store_ln154/22 store_ln155/23 store_ln156/23 store_ln157/24 store_ln158/24 H_V_load/25 "/>
</bind>
</comp>

<comp id="280" class="1004" name="H_V_addr_1_gep_fu_280">
<pin_list>
<pin id="281" dir="0" index="0" bw="32" slack="2147483647"/>
<pin id="282" dir="0" index="1" bw="1" slack="0"/>
<pin id="283" dir="0" index="2" bw="5" slack="0"/>
<pin id="284" dir="1" index="3" bw="8" slack="0"/>
</pin_list>
<bind>
<opcode="getelementptr(29) " fcode="getelementptr"/>
<opset="H_V_addr_1/9 "/>
</bind>
</comp>

<comp id="286" class="1004" name="H_V_addr_2_gep_fu_286">
<pin_list>
<pin id="287" dir="0" index="0" bw="32" slack="2147483647"/>
<pin id="288" dir="0" index="1" bw="1" slack="0"/>
<pin id="289" dir="0" index="2" bw="64" slack="0"/>
<pin id="290" dir="1" index="3" bw="8" slack="0"/>
</pin_list>
<bind>
<opcode="getelementptr(29) " fcode="getelementptr"/>
<opset="H_V_addr_2/9 "/>
</bind>
</comp>

<comp id="298" class="1004" name="H_V_addr_3_gep_fu_298">
<pin_list>
<pin id="299" dir="0" index="0" bw="32" slack="2147483647"/>
<pin id="300" dir="0" index="1" bw="1" slack="0"/>
<pin id="301" dir="0" index="2" bw="64" slack="0"/>
<pin id="302" dir="1" index="3" bw="8" slack="0"/>
</pin_list>
<bind>
<opcode="getelementptr(29) " fcode="getelementptr"/>
<opset="H_V_addr_3/10 "/>
</bind>
</comp>

<comp id="304" class="1004" name="H_V_addr_4_gep_fu_304">
<pin_list>
<pin id="305" dir="0" index="0" bw="32" slack="2147483647"/>
<pin id="306" dir="0" index="1" bw="1" slack="0"/>
<pin id="307" dir="0" index="2" bw="64" slack="0"/>
<pin id="308" dir="1" index="3" bw="8" slack="0"/>
</pin_list>
<bind>
<opcode="getelementptr(29) " fcode="getelementptr"/>
<opset="H_V_addr_4/10 "/>
</bind>
</comp>

<comp id="312" class="1004" name="H_V_addr_5_gep_fu_312">
<pin_list>
<pin id="313" dir="0" index="0" bw="32" slack="2147483647"/>
<pin id="314" dir="0" index="1" bw="1" slack="0"/>
<pin id="315" dir="0" index="2" bw="64" slack="0"/>
<pin id="316" dir="1" index="3" bw="8" slack="0"/>
</pin_list>
<bind>
<opcode="getelementptr(29) " fcode="getelementptr"/>
<opset="H_V_addr_5/11 "/>
</bind>
</comp>

<comp id="318" class="1004" name="H_V_addr_6_gep_fu_318">
<pin_list>
<pin id="319" dir="0" index="0" bw="32" slack="2147483647"/>
<pin id="320" dir="0" index="1" bw="1" slack="0"/>
<pin id="321" dir="0" index="2" bw="64" slack="0"/>
<pin id="322" dir="1" index="3" bw="8" slack="0"/>
</pin_list>
<bind>
<opcode="getelementptr(29) " fcode="getelementptr"/>
<opset="H_V_addr_6/11 "/>
</bind>
</comp>

<comp id="326" class="1004" name="H_V_addr_7_gep_fu_326">
<pin_list>
<pin id="327" dir="0" index="0" bw="32" slack="2147483647"/>
<pin id="328" dir="0" index="1" bw="1" slack="0"/>
<pin id="329" dir="0" index="2" bw="64" slack="0"/>
<pin id="330" dir="1" index="3" bw="8" slack="0"/>
</pin_list>
<bind>
<opcode="getelementptr(29) " fcode="getelementptr"/>
<opset="H_V_addr_7/12 "/>
</bind>
</comp>

<comp id="332" class="1004" name="H_V_addr_8_gep_fu_332">
<pin_list>
<pin id="333" dir="0" index="0" bw="32" slack="2147483647"/>
<pin id="334" dir="0" index="1" bw="1" slack="0"/>
<pin id="335" dir="0" index="2" bw="64" slack="0"/>
<pin id="336" dir="1" index="3" bw="8" slack="0"/>
</pin_list>
<bind>
<opcode="getelementptr(29) " fcode="getelementptr"/>
<opset="H_V_addr_8/12 "/>
</bind>
</comp>

<comp id="340" class="1004" name="M_V_addr_1_gep_fu_340">
<pin_list>
<pin id="341" dir="0" index="0" bw="32" slack="2147483647"/>
<pin id="342" dir="0" index="1" bw="1" slack="0"/>
<pin id="343" dir="0" index="2" bw="7" slack="0"/>
<pin id="344" dir="1" index="3" bw="9" slack="0"/>
</pin_list>
<bind>
<opcode="getelementptr(29) " fcode="getelementptr"/>
<opset="M_V_addr_1/14 "/>
</bind>
</comp>

<comp id="346" class="1004" name="W_V_addr_1_gep_fu_346">
<pin_list>
<pin id="347" dir="0" index="0" bw="32" slack="2147483647"/>
<pin id="348" dir="0" index="1" bw="1" slack="0"/>
<pin id="349" dir="0" index="2" bw="7" slack="0"/>
<pin id="350" dir="1" index="3" bw="6" slack="0"/>
</pin_list>
<bind>
<opcode="getelementptr(29) " fcode="getelementptr"/>
<opset="W_V_addr_1/14 "/>
</bind>
</comp>

<comp id="352" class="1004" name="grp_access_fu_352">
<pin_list>
<pin id="353" dir="0" index="0" bw="6" slack="0"/>
<pin id="354" dir="0" index="1" bw="32" slack="0"/>
<pin id="355" dir="0" index="2" bw="0" slack="0"/>
<pin id="364" dir="0" index="4" bw="6" slack="0"/>
<pin id="365" dir="0" index="5" bw="32" slack="2147483647"/>
<pin id="366" dir="0" index="6" bw="0" slack="2147483647"/>
<pin id="356" dir="1" index="3" bw="32" slack="0"/>
<pin id="367" dir="1" index="7" bw="32" slack="1"/>
</pin_list>
<bind>
<opcode="load(27) store(28) " fcode="load"/>
<opset="tempWord_V/14 W_V_load/14 tempWord_V_3/15 W_V_load_2/15 store_ln137/17 store_ln135/18 W_V_load_3/19 "/>
</bind>
</comp>

<comp id="358" class="1004" name="W_V_addr_2_gep_fu_358">
<pin_list>
<pin id="359" dir="0" index="0" bw="32" slack="2147483647"/>
<pin id="360" dir="0" index="1" bw="1" slack="0"/>
<pin id="361" dir="0" index="2" bw="7" slack="0"/>
<pin id="362" dir="1" index="3" bw="6" slack="0"/>
</pin_list>
<bind>
<opcode="getelementptr(29) " fcode="getelementptr"/>
<opset="W_V_addr_2/14 "/>
</bind>
</comp>

<comp id="370" class="1004" name="H_V_addr_10_gep_fu_370">
<pin_list>
<pin id="371" dir="0" index="0" bw="32" slack="2147483647"/>
<pin id="372" dir="0" index="1" bw="1" slack="0"/>
<pin id="373" dir="0" index="2" bw="5" slack="0"/>
<pin id="374" dir="1" index="3" bw="8" slack="0"/>
</pin_list>
<bind>
<opcode="getelementptr(29) " fcode="getelementptr"/>
<opset="H_V_addr_10/14 "/>
</bind>
</comp>

<comp id="376" class="1004" name="H_V_addr_11_gep_fu_376">
<pin_list>
<pin id="377" dir="0" index="0" bw="32" slack="2147483647"/>
<pin id="378" dir="0" index="1" bw="1" slack="0"/>
<pin id="379" dir="0" index="2" bw="64" slack="0"/>
<pin id="380" dir="1" index="3" bw="8" slack="0"/>
</pin_list>
<bind>
<opcode="getelementptr(29) " fcode="getelementptr"/>
<opset="H_V_addr_11/14 "/>
</bind>
</comp>

<comp id="384" class="1004" name="W_V_addr_3_gep_fu_384">
<pin_list>
<pin id="385" dir="0" index="0" bw="32" slack="2147483647"/>
<pin id="386" dir="0" index="1" bw="1" slack="0"/>
<pin id="387" dir="0" index="2" bw="7" slack="0"/>
<pin id="388" dir="1" index="3" bw="6" slack="0"/>
</pin_list>
<bind>
<opcode="getelementptr(29) " fcode="getelementptr"/>
<opset="W_V_addr_3/15 "/>
</bind>
</comp>

<comp id="391" class="1004" name="W_V_addr_4_gep_fu_391">
<pin_list>
<pin id="392" dir="0" index="0" bw="32" slack="2147483647"/>
<pin id="393" dir="0" index="1" bw="1" slack="0"/>
<pin id="394" dir="0" index="2" bw="7" slack="0"/>
<pin id="395" dir="1" index="3" bw="6" slack="0"/>
</pin_list>
<bind>
<opcode="getelementptr(29) " fcode="getelementptr"/>
<opset="W_V_addr_4/15 "/>
</bind>
</comp>

<comp id="398" class="1004" name="W_V_addr_5_gep_fu_398">
<pin_list>
<pin id="399" dir="0" index="0" bw="32" slack="2147483647"/>
<pin id="400" dir="0" index="1" bw="1" slack="0"/>
<pin id="401" dir="0" index="2" bw="7" slack="3"/>
<pin id="402" dir="1" index="3" bw="6" slack="0"/>
</pin_list>
<bind>
<opcode="getelementptr(29) " fcode="getelementptr"/>
<opset="W_V_addr_5/17 "/>
</bind>
</comp>

<comp id="405" class="1004" name="W_V_addr_gep_fu_405">
<pin_list>
<pin id="406" dir="0" index="0" bw="32" slack="2147483647"/>
<pin id="407" dir="0" index="1" bw="1" slack="0"/>
<pin id="408" dir="0" index="2" bw="7" slack="1"/>
<pin id="409" dir="1" index="3" bw="6" slack="0"/>
</pin_list>
<bind>
<opcode="getelementptr(29) " fcode="getelementptr"/>
<opset="W_V_addr/18 "/>
</bind>
</comp>

<comp id="413" class="1004" name="K_addr_gep_fu_413">
<pin_list>
<pin id="414" dir="0" index="0" bw="32" slack="0"/>
<pin id="415" dir="0" index="1" bw="1" slack="0"/>
<pin id="416" dir="0" index="2" bw="7" slack="4"/>
<pin id="417" dir="1" index="3" bw="6" slack="0"/>
</pin_list>
<bind>
<opcode="getelementptr(29) " fcode="getelementptr"/>
<opset="K_addr/19 "/>
</bind>
</comp>

<comp id="420" class="1004" name="grp_access_fu_420">
<pin_list>
<pin id="421" dir="0" index="0" bw="6" slack="0"/>
<pin id="422" dir="0" index="1" bw="32" slack="2147483647"/>
<pin id="423" dir="0" index="2" bw="0" slack="2147483647"/>
<pin id="424" dir="1" index="3" bw="32" slack="0"/>
</pin_list>
<bind>
<opcode="load(27) " fcode="load"/>
<opset="K_load/19 "/>
</bind>
</comp>

<comp id="426" class="1004" name="W_V_addr_6_gep_fu_426">
<pin_list>
<pin id="427" dir="0" index="0" bw="32" slack="2147483647"/>
<pin id="428" dir="0" index="1" bw="1" slack="0"/>
<pin id="429" dir="0" index="2" bw="7" slack="4"/>
<pin id="430" dir="1" index="3" bw="6" slack="0"/>
</pin_list>
<bind>
<opcode="getelementptr(29) " fcode="getelementptr"/>
<opset="W_V_addr_6/19 "/>
</bind>
</comp>

<comp id="433" class="1004" name="H_V_addr_12_gep_fu_433">
<pin_list>
<pin id="434" dir="0" index="0" bw="32" slack="2147483647"/>
<pin id="435" dir="0" index="1" bw="1" slack="0"/>
<pin id="436" dir="0" index="2" bw="64" slack="0"/>
<pin id="437" dir="1" index="3" bw="8" slack="0"/>
</pin_list>
<bind>
<opcode="getelementptr(29) " fcode="getelementptr"/>
<opset="H_V_addr_12/22 "/>
</bind>
</comp>

<comp id="439" class="1004" name="H_V_addr_13_gep_fu_439">
<pin_list>
<pin id="440" dir="0" index="0" bw="32" slack="2147483647"/>
<pin id="441" dir="0" index="1" bw="1" slack="0"/>
<pin id="442" dir="0" index="2" bw="64" slack="0"/>
<pin id="443" dir="1" index="3" bw="8" slack="0"/>
</pin_list>
<bind>
<opcode="getelementptr(29) " fcode="getelementptr"/>
<opset="H_V_addr_13/22 "/>
</bind>
</comp>

<comp id="447" class="1004" name="H_V_addr_14_gep_fu_447">
<pin_list>
<pin id="448" dir="0" index="0" bw="32" slack="2147483647"/>
<pin id="449" dir="0" index="1" bw="1" slack="0"/>
<pin id="450" dir="0" index="2" bw="64" slack="0"/>
<pin id="451" dir="1" index="3" bw="8" slack="0"/>
</pin_list>
<bind>
<opcode="getelementptr(29) " fcode="getelementptr"/>
<opset="H_V_addr_14/23 "/>
</bind>
</comp>

<comp id="453" class="1004" name="H_V_addr_15_gep_fu_453">
<pin_list>
<pin id="454" dir="0" index="0" bw="32" slack="2147483647"/>
<pin id="455" dir="0" index="1" bw="1" slack="0"/>
<pin id="456" dir="0" index="2" bw="64" slack="0"/>
<pin id="457" dir="1" index="3" bw="8" slack="0"/>
</pin_list>
<bind>
<opcode="getelementptr(29) " fcode="getelementptr"/>
<opset="H_V_addr_15/23 "/>
</bind>
</comp>

<comp id="461" class="1004" name="H_V_addr_16_gep_fu_461">
<pin_list>
<pin id="462" dir="0" index="0" bw="32" slack="2147483647"/>
<pin id="463" dir="0" index="1" bw="1" slack="0"/>
<pin id="464" dir="0" index="2" bw="64" slack="0"/>
<pin id="465" dir="1" index="3" bw="8" slack="0"/>
</pin_list>
<bind>
<opcode="getelementptr(29) " fcode="getelementptr"/>
<opset="H_V_addr_16/24 "/>
</bind>
</comp>

<comp id="467" class="1004" name="H_V_addr_17_gep_fu_467">
<pin_list>
<pin id="468" dir="0" index="0" bw="32" slack="2147483647"/>
<pin id="469" dir="0" index="1" bw="1" slack="0"/>
<pin id="470" dir="0" index="2" bw="64" slack="0"/>
<pin id="471" dir="1" index="3" bw="8" slack="0"/>
</pin_list>
<bind>
<opcode="getelementptr(29) " fcode="getelementptr"/>
<opset="H_V_addr_17/24 "/>
</bind>
</comp>

<comp id="475" class="1004" name="H_V_addr_9_gep_fu_475">
<pin_list>
<pin id="476" dir="0" index="0" bw="32" slack="2147483647"/>
<pin id="477" dir="0" index="1" bw="1" slack="0"/>
<pin id="478" dir="0" index="2" bw="64" slack="0"/>
<pin id="479" dir="1" index="3" bw="8" slack="0"/>
</pin_list>
<bind>
<opcode="getelementptr(29) " fcode="getelementptr"/>
<opset="H_V_addr_9/25 "/>
</bind>
</comp>

<comp id="482" class="1004" name="outputlocation_V_add_gep_fu_482">
<pin_list>
<pin id="483" dir="0" index="0" bw="32" slack="0"/>
<pin id="484" dir="0" index="1" bw="1" slack="0"/>
<pin id="485" dir="0" index="2" bw="4" slack="0"/>
<pin id="486" dir="1" index="3" bw="3" slack="0"/>
</pin_list>
<bind>
<opcode="getelementptr(29) " fcode="getelementptr"/>
<opset="outputlocation_V_add/26 "/>
</bind>
</comp>

<comp id="489" class="1004" name="store_ln162_access_fu_489">
<pin_list>
<pin id="490" dir="0" index="0" bw="3" slack="0"/>
<pin id="491" dir="0" index="1" bw="32" slack="0"/>
<pin id="492" dir="0" index="2" bw="0" slack="2147483647"/>
<pin id="493" dir="1" index="3" bw="32" slack="2147483647"/>
</pin_list>
<bind>
<opcode="store(28) " fcode="store"/>
<opset="store_ln162/26 "/>
</bind>
</comp>

<comp id="496" class="1005" name="i_0_reg_496">
<pin_list>
<pin id="497" dir="0" index="0" bw="5" slack="1"/>
<pin id="498" dir="1" index="1" bw="5" slack="1"/>
</pin_list>
<bind>
<opset="i_0 (phireg) "/>
</bind>
</comp>

<comp id="500" class="1004" name="i_0_phi_fu_500">
<pin_list>
<pin id="501" dir="0" index="0" bw="5" slack="0"/>
<pin id="502" dir="0" index="1" bw="0" slack="2147483647"/>
<pin id="503" dir="0" index="2" bw="1" slack="1"/>
<pin id="504" dir="0" index="3" bw="0" slack="2147483647"/>
<pin id="505" dir="1" index="4" bw="5" slack="0"/>
</pin_list>
<bind>
<opcode="phi(47) " fcode="phi"/>
<opset="i_0/2 "/>
</bind>
</comp>

<comp id="507" class="1005" name="i4_0_reg_507">
<pin_list>
<pin id="508" dir="0" index="0" bw="5" slack="1"/>
<pin id="509" dir="1" index="1" bw="5" slack="1"/>
</pin_list>
<bind>
<opset="i4_0 (phireg) "/>
</bind>
</comp>

<comp id="511" class="1004" name="i4_0_phi_fu_511">
<pin_list>
<pin id="512" dir="0" index="0" bw="1" slack="1"/>
<pin id="513" dir="0" index="1" bw="0" slack="2147483647"/>
<pin id="514" dir="0" index="2" bw="5" slack="0"/>
<pin id="515" dir="0" index="3" bw="0" slack="2147483647"/>
<pin id="516" dir="1" index="4" bw="5" slack="0"/>
</pin_list>
<bind>
<opcode="phi(47) " fcode="phi"/>
<opset="i4_0/4 "/>
</bind>
</comp>

<comp id="518" class="1005" name="i_op_assign_reg_518">
<pin_list>
<pin id="519" dir="0" index="0" bw="2" slack="1"/>
<pin id="520" dir="1" index="1" bw="2" slack="1"/>
</pin_list>
<bind>
<opset="i_op_assign (phireg) "/>
</bind>
</comp>

<comp id="522" class="1004" name="i_op_assign_phi_fu_522">
<pin_list>
<pin id="523" dir="0" index="0" bw="2" slack="0"/>
<pin id="524" dir="0" index="1" bw="0" slack="2147483647"/>
<pin id="525" dir="0" index="2" bw="1" slack="1"/>
<pin id="526" dir="0" index="3" bw="0" slack="2147483647"/>
<pin id="527" dir="1" index="4" bw="2" slack="0"/>
</pin_list>
<bind>
<opcode="phi(47) " fcode="phi"/>
<opset="i_op_assign/5 "/>
</bind>
</comp>

<comp id="529" class="1005" name="i9_0_reg_529">
<pin_list>
<pin id="530" dir="0" index="0" bw="4" slack="1"/>
<pin id="531" dir="1" index="1" bw="4" slack="1"/>
</pin_list>
<bind>
<opset="i9_0 (phireg) "/>
</bind>
</comp>

<comp id="533" class="1004" name="i9_0_phi_fu_533">
<pin_list>
<pin id="534" dir="0" index="0" bw="4" slack="0"/>
<pin id="535" dir="0" index="1" bw="0" slack="2147483647"/>
<pin id="536" dir="0" index="2" bw="1" slack="1"/>
<pin id="537" dir="0" index="3" bw="0" slack="2147483647"/>
<pin id="538" dir="1" index="4" bw="4" slack="0"/>
</pin_list>
<bind>
<opcode="phi(47) " fcode="phi"/>
<opset="i9_0/7 "/>
</bind>
</comp>

<comp id="540" class="1005" name="i_op_assign_1_reg_540">
<pin_list>
<pin id="541" dir="0" index="0" bw="2" slack="1"/>
<pin id="542" dir="1" index="1" bw="2" slack="1"/>
</pin_list>
<bind>
<opset="i_op_assign_1 (phireg) "/>
</bind>
</comp>

<comp id="544" class="1004" name="i_op_assign_1_phi_fu_544">
<pin_list>
<pin id="545" dir="0" index="0" bw="2" slack="1"/>
<pin id="546" dir="0" index="1" bw="0" slack="2147483647"/>
<pin id="547" dir="0" index="2" bw="1" slack="1"/>
<pin id="548" dir="0" index="3" bw="0" slack="2147483647"/>
<pin id="549" dir="1" index="4" bw="2" slack="0"/>
</pin_list>
<bind>
<opcode="phi(47) " fcode="phi"/>
<opset="i_op_assign_1/9 "/>
</bind>
</comp>

<comp id="552" class="1005" name="b_V_1_reg_552">
<pin_list>
<pin id="553" dir="0" index="0" bw="32" slack="0"/>
<pin id="554" dir="1" index="1" bw="32" slack="0"/>
</pin_list>
<bind>
<opset="b_V_1 (phireg) "/>
</bind>
</comp>

<comp id="555" class="1004" name="b_V_1_phi_fu_555">
<pin_list>
<pin id="556" dir="0" index="0" bw="32" slack="1"/>
<pin id="557" dir="0" index="1" bw="0" slack="2147483647"/>
<pin id="558" dir="0" index="2" bw="32" slack="4"/>
<pin id="559" dir="0" index="3" bw="0" slack="2147483647"/>
<pin id="560" dir="1" index="4" bw="32" slack="0"/>
</pin_list>
<bind>
<opcode="phi(47) " fcode="phi"/>
<opset="b_V_1/14 "/>
</bind>
</comp>

<comp id="562" class="1005" name="c_V_1_reg_562">
<pin_list>
<pin id="563" dir="0" index="0" bw="32" slack="0"/>
<pin id="564" dir="1" index="1" bw="32" slack="0"/>
</pin_list>
<bind>
<opset="c_V_1 (phireg) "/>
</bind>
</comp>

<comp id="565" class="1004" name="c_V_1_phi_fu_565">
<pin_list>
<pin id="566" dir="0" index="0" bw="32" slack="0"/>
<pin id="567" dir="0" index="1" bw="0" slack="2147483647"/>
<pin id="568" dir="0" index="2" bw="32" slack="4"/>
<pin id="569" dir="0" index="3" bw="0" slack="2147483647"/>
<pin id="570" dir="1" index="4" bw="32" slack="0"/>
</pin_list>
<bind>
<opcode="phi(47) " fcode="phi"/>
<opset="c_V_1/14 "/>
</bind>
</comp>

<comp id="573" class="1005" name="d_V_1_reg_573">
<pin_list>
<pin id="574" dir="0" index="0" bw="32" slack="0"/>
<pin id="575" dir="1" index="1" bw="32" slack="0"/>
</pin_list>
<bind>
<opset="d_V_1 (phireg) "/>
</bind>
</comp>

<comp id="576" class="1004" name="d_V_1_phi_fu_576">
<pin_list>
<pin id="577" dir="0" index="0" bw="32" slack="0"/>
<pin id="578" dir="0" index="1" bw="0" slack="2147483647"/>
<pin id="579" dir="0" index="2" bw="32" slack="3"/>
<pin id="580" dir="0" index="3" bw="0" slack="2147483647"/>
<pin id="581" dir="1" index="4" bw="32" slack="0"/>
</pin_list>
<bind>
<opcode="phi(47) " fcode="phi"/>
<opset="d_V_1/14 "/>
</bind>
</comp>

<comp id="584" class="1005" name="p_0622_0_reg_584">
<pin_list>
<pin id="585" dir="0" index="0" bw="32" slack="1"/>
<pin id="586" dir="1" index="1" bw="32" slack="1"/>
</pin_list>
<bind>
<opset="p_0622_0 (phireg) "/>
</bind>
</comp>

<comp id="587" class="1004" name="p_0622_0_phi_fu_587">
<pin_list>
<pin id="588" dir="0" index="0" bw="32" slack="0"/>
<pin id="589" dir="0" index="1" bw="0" slack="2147483647"/>
<pin id="590" dir="0" index="2" bw="32" slack="3"/>
<pin id="591" dir="0" index="3" bw="0" slack="2147483647"/>
<pin id="592" dir="1" index="4" bw="32" slack="1"/>
</pin_list>
<bind>
<opcode="phi(47) " fcode="phi"/>
<opset="p_0622_0/14 "/>
</bind>
</comp>

<comp id="595" class="1005" name="f_V_1_reg_595">
<pin_list>
<pin id="596" dir="0" index="0" bw="32" slack="0"/>
<pin id="597" dir="1" index="1" bw="32" slack="0"/>
</pin_list>
<bind>
<opset="f_V_1 (phireg) "/>
</bind>
</comp>

<comp id="598" class="1004" name="f_V_1_phi_fu_598">
<pin_list>
<pin id="599" dir="0" index="0" bw="32" slack="1"/>
<pin id="600" dir="0" index="1" bw="0" slack="2147483647"/>
<pin id="601" dir="0" index="2" bw="32" slack="2"/>
<pin id="602" dir="0" index="3" bw="0" slack="2147483647"/>
<pin id="603" dir="1" index="4" bw="32" slack="0"/>
</pin_list>
<bind>
<opcode="phi(47) " fcode="phi"/>
<opset="f_V_1/14 "/>
</bind>
</comp>

<comp id="605" class="1005" name="g_V_1_reg_605">
<pin_list>
<pin id="606" dir="0" index="0" bw="32" slack="0"/>
<pin id="607" dir="1" index="1" bw="32" slack="0"/>
</pin_list>
<bind>
<opset="g_V_1 (phireg) "/>
</bind>
</comp>

<comp id="608" class="1004" name="g_V_1_phi_fu_608">
<pin_list>
<pin id="609" dir="0" index="0" bw="32" slack="0"/>
<pin id="610" dir="0" index="1" bw="0" slack="2147483647"/>
<pin id="611" dir="0" index="2" bw="32" slack="2"/>
<pin id="612" dir="0" index="3" bw="0" slack="2147483647"/>
<pin id="613" dir="1" index="4" bw="32" slack="0"/>
</pin_list>
<bind>
<opcode="phi(47) " fcode="phi"/>
<opset="g_V_1/14 "/>
</bind>
</comp>

<comp id="616" class="1005" name="h_V_1_reg_616">
<pin_list>
<pin id="617" dir="0" index="0" bw="32" slack="0"/>
<pin id="618" dir="1" index="1" bw="32" slack="0"/>
</pin_list>
<bind>
<opset="h_V_1 (phireg) "/>
</bind>
</comp>

<comp id="619" class="1004" name="h_V_1_phi_fu_619">
<pin_list>
<pin id="620" dir="0" index="0" bw="32" slack="0"/>
<pin id="621" dir="0" index="1" bw="0" slack="2147483647"/>
<pin id="622" dir="0" index="2" bw="32" slack="1"/>
<pin id="623" dir="0" index="3" bw="0" slack="2147483647"/>
<pin id="624" dir="1" index="4" bw="32" slack="0"/>
</pin_list>
<bind>
<opcode="phi(47) " fcode="phi"/>
<opset="h_V_1/14 "/>
</bind>
</comp>

<comp id="627" class="1005" name="p_0657_0_reg_627">
<pin_list>
<pin id="628" dir="0" index="0" bw="32" slack="3"/>
<pin id="629" dir="1" index="1" bw="32" slack="3"/>
</pin_list>
<bind>
<opset="p_0657_0 (phireg) "/>
</bind>
</comp>

<comp id="630" class="1004" name="p_0657_0_phi_fu_630">
<pin_list>
<pin id="631" dir="0" index="0" bw="32" slack="0"/>
<pin id="632" dir="0" index="1" bw="0" slack="2147483647"/>
<pin id="633" dir="0" index="2" bw="32" slack="1"/>
<pin id="634" dir="0" index="3" bw="0" slack="2147483647"/>
<pin id="635" dir="1" index="4" bw="32" slack="3"/>
</pin_list>
<bind>
<opcode="phi(47) " fcode="phi"/>
<opset="p_0657_0/14 "/>
</bind>
</comp>

<comp id="638" class="1005" name="j12_0_reg_638">
<pin_list>
<pin id="639" dir="0" index="0" bw="7" slack="1"/>
<pin id="640" dir="1" index="1" bw="7" slack="1"/>
</pin_list>
<bind>
<opset="j12_0 (phireg) "/>
</bind>
</comp>

<comp id="642" class="1004" name="j12_0_phi_fu_642">
<pin_list>
<pin id="643" dir="0" index="0" bw="7" slack="0"/>
<pin id="644" dir="0" index="1" bw="0" slack="2147483647"/>
<pin id="645" dir="0" index="2" bw="1" slack="1"/>
<pin id="646" dir="0" index="3" bw="0" slack="2147483647"/>
<pin id="647" dir="1" index="4" bw="7" slack="0"/>
</pin_list>
<bind>
<opcode="phi(47) " fcode="phi"/>
<opset="j12_0/14 "/>
</bind>
</comp>

<comp id="650" class="1005" name="i13_0_reg_650">
<pin_list>
<pin id="651" dir="0" index="0" bw="4" slack="1"/>
<pin id="652" dir="1" index="1" bw="4" slack="1"/>
</pin_list>
<bind>
<opset="i13_0 (phireg) "/>
</bind>
</comp>

<comp id="654" class="1004" name="i13_0_phi_fu_654">
<pin_list>
<pin id="655" dir="0" index="0" bw="4" slack="0"/>
<pin id="656" dir="0" index="1" bw="0" slack="2147483647"/>
<pin id="657" dir="0" index="2" bw="1" slack="1"/>
<pin id="658" dir="0" index="3" bw="0" slack="2147483647"/>
<pin id="659" dir="1" index="4" bw="4" slack="0"/>
</pin_list>
<bind>
<opcode="phi(47) " fcode="phi"/>
<opset="i13_0/25 "/>
</bind>
</comp>

<comp id="662" class="1005" name="reg_662">
<pin_list>
<pin id="663" dir="0" index="0" bw="32" slack="1"/>
<pin id="664" dir="1" index="1" bw="32" slack="1"/>
</pin_list>
<bind>
<opset="tempWord_V W_V_load_2 "/>
</bind>
</comp>

<comp id="667" class="1004" name="icmp_ln79_fu_667">
<pin_list>
<pin id="668" dir="0" index="0" bw="5" slack="0"/>
<pin id="669" dir="0" index="1" bw="5" slack="0"/>
<pin id="670" dir="1" index="2" bw="1" slack="2147483647"/>
</pin_list>
<bind>
<opcode="icmp(45) " fcode="icmp"/>
<opset="icmp_ln79/2 "/>
</bind>
</comp>

<comp id="673" class="1004" name="i_fu_673">
<pin_list>
<pin id="674" dir="0" index="0" bw="5" slack="0"/>
<pin id="675" dir="0" index="1" bw="1" slack="0"/>
<pin id="676" dir="1" index="2" bw="5" slack="0"/>
</pin_list>
<bind>
<opcode="add(8) " fcode="add"/>
<opset="i/2 "/>
</bind>
</comp>

<comp id="679" class="1004" name="zext_ln80_fu_679">
<pin_list>
<pin id="680" dir="0" index="0" bw="5" slack="0"/>
<pin id="681" dir="1" index="1" bw="64" slack="0"/>
</pin_list>
<bind>
<opcode="zext(34) " fcode="zext"/>
<opset="zext_ln80/2 "/>
</bind>
</comp>

<comp id="684" class="1004" name="zext_ln104_fu_684">
<pin_list>
<pin id="685" dir="0" index="0" bw="5" slack="0"/>
<pin id="686" dir="1" index="1" bw="6" slack="1"/>
</pin_list>
<bind>
<opcode="zext(34) " fcode="zext"/>
<opset="zext_ln104/4 "/>
</bind>
</comp>

<comp id="688" class="1004" name="icmp_ln104_fu_688">
<pin_list>
<pin id="689" dir="0" index="0" bw="5" slack="0"/>
<pin id="690" dir="0" index="1" bw="5" slack="0"/>
<pin id="691" dir="1" index="2" bw="1" slack="2147483647"/>
</pin_list>
<bind>
<opcode="icmp(45) " fcode="icmp"/>
<opset="icmp_ln104/4 "/>
</bind>
</comp>

<comp id="694" class="1004" name="i_4_fu_694">
<pin_list>
<pin id="695" dir="0" index="0" bw="5" slack="0"/>
<pin id="696" dir="0" index="1" bw="1" slack="0"/>
<pin id="697" dir="1" index="2" bw="5" slack="0"/>
</pin_list>
<bind>
<opcode="add(8) " fcode="add"/>
<opset="i_4/4 "/>
</bind>
</comp>

<comp id="700" class="1004" name="zext_ln1598_fu_700">
<pin_list>
<pin id="701" dir="0" index="0" bw="5" slack="0"/>
<pin id="702" dir="1" index="1" bw="7" slack="1"/>
</pin_list>
<bind>
<opcode="zext(34) " fcode="zext"/>
<opset="zext_ln1598/4 "/>
</bind>
</comp>

<comp id="704" class="1004" name="icmp_ln105_fu_704">
<pin_list>
<pin id="705" dir="0" index="0" bw="2" slack="0"/>
<pin id="706" dir="0" index="1" bw="1" slack="0"/>
<pin id="707" dir="1" index="2" bw="1" slack="2147483647"/>
</pin_list>
<bind>
<opcode="icmp(45) " fcode="icmp"/>
<opset="icmp_ln105/5 "/>
</bind>
</comp>

<comp id="710" class="1004" name="j_fu_710">
<pin_list>
<pin id="711" dir="0" index="0" bw="2" slack="0"/>
<pin id="712" dir="0" index="1" bw="1" slack="0"/>
<pin id="713" dir="1" index="2" bw="2" slack="0"/>
</pin_list>
<bind>
<opcode="add(8) " fcode="add"/>
<opset="j/5 "/>
</bind>
</comp>

<comp id="716" class="1004" name="tmp_fu_716">
<pin_list>
<pin id="717" dir="0" index="0" bw="6" slack="0"/>
<pin id="718" dir="0" index="1" bw="2" slack="0"/>
<pin id="719" dir="0" index="2" bw="1" slack="0"/>
<pin id="720" dir="1" index="3" bw="6" slack="0"/>
</pin_list>
<bind>
<opcode="bitconcatenate(1004) " fcode="bitconcatenate"/>
<opset="tmp/5 "/>
</bind>
</comp>

<comp id="724" class="1004" name="zext_ln321_fu_724">
<pin_list>
<pin id="725" dir="0" index="0" bw="6" slack="0"/>
<pin id="726" dir="1" index="1" bw="7" slack="0"/>
</pin_list>
<bind>
<opcode="zext(34) " fcode="zext"/>
<opset="zext_ln321/5 "/>
</bind>
</comp>

<comp id="728" class="1004" name="add_ln321_fu_728">
<pin_list>
<pin id="729" dir="0" index="0" bw="5" slack="1"/>
<pin id="730" dir="0" index="1" bw="6" slack="0"/>
<pin id="731" dir="1" index="2" bw="7" slack="1"/>
</pin_list>
<bind>
<opcode="add(8) " fcode="add"/>
<opset="add_ln321/5 "/>
</bind>
</comp>

<comp id="733" class="1004" name="add_ln106_fu_733">
<pin_list>
<pin id="734" dir="0" index="0" bw="5" slack="1"/>
<pin id="735" dir="0" index="1" bw="6" slack="0"/>
<pin id="736" dir="1" index="2" bw="6" slack="0"/>
</pin_list>
<bind>
<opcode="add(8) " fcode="add"/>
<opset="add_ln106/5 "/>
</bind>
</comp>

<comp id="738" class="1004" name="zext_ln106_fu_738">
<pin_list>
<pin id="739" dir="0" index="0" bw="6" slack="0"/>
<pin id="740" dir="1" index="1" bw="64" slack="0"/>
</pin_list>
<bind>
<opcode="zext(34) " fcode="zext"/>
<opset="zext_ln106/5 "/>
</bind>
</comp>

<comp id="743" class="1004" name="zext_ln321_1_fu_743">
<pin_list>
<pin id="744" dir="0" index="0" bw="7" slack="1"/>
<pin id="745" dir="1" index="1" bw="64" slack="0"/>
</pin_list>
<bind>
<opcode="zext(34) " fcode="zext"/>
<opset="zext_ln321_1/6 "/>
</bind>
</comp>

<comp id="747" class="1004" name="icmp_ln110_fu_747">
<pin_list>
<pin id="748" dir="0" index="0" bw="4" slack="0"/>
<pin id="749" dir="0" index="1" bw="4" slack="0"/>
<pin id="750" dir="1" index="2" bw="1" slack="2147483647"/>
</pin_list>
<bind>
<opcode="icmp(45) " fcode="icmp"/>
<opset="icmp_ln110/7 "/>
</bind>
</comp>

<comp id="753" class="1004" name="i_7_fu_753">
<pin_list>
<pin id="754" dir="0" index="0" bw="4" slack="0"/>
<pin id="755" dir="0" index="1" bw="1" slack="0"/>
<pin id="756" dir="1" index="2" bw="4" slack="0"/>
</pin_list>
<bind>
<opcode="add(8) " fcode="add"/>
<opset="i_7/7 "/>
</bind>
</comp>

<comp id="759" class="1004" name="zext_ln111_fu_759">
<pin_list>
<pin id="760" dir="0" index="0" bw="4" slack="0"/>
<pin id="761" dir="1" index="1" bw="64" slack="0"/>
</pin_list>
<bind>
<opcode="zext(34) " fcode="zext"/>
<opset="zext_ln111/7 "/>
</bind>
</comp>

<comp id="764" class="1004" name="icmp_ln114_fu_764">
<pin_list>
<pin id="765" dir="0" index="0" bw="2" slack="0"/>
<pin id="766" dir="0" index="1" bw="1" slack="0"/>
<pin id="767" dir="1" index="2" bw="1" slack="2147483647"/>
</pin_list>
<bind>
<opcode="icmp(45) " fcode="icmp"/>
<opset="icmp_ln114/9 "/>
</bind>
</comp>

<comp id="770" class="1004" name="add_ln116_fu_770">
<pin_list>
<pin id="771" dir="0" index="0" bw="2" slack="0"/>
<pin id="772" dir="0" index="1" bw="1" slack="0"/>
<pin id="773" dir="1" index="2" bw="2" slack="0"/>
</pin_list>
<bind>
<opcode="add(8) " fcode="add"/>
<opset="add_ln116/9 "/>
</bind>
</comp>

<comp id="776" class="1004" name="tmp_2_fu_776">
<pin_list>
<pin id="777" dir="0" index="0" bw="5" slack="0"/>
<pin id="778" dir="0" index="1" bw="2" slack="0"/>
<pin id="779" dir="0" index="2" bw="1" slack="0"/>
<pin id="780" dir="1" index="3" bw="5" slack="0"/>
</pin_list>
<bind>
<opcode="bitconcatenate(1004) " fcode="bitconcatenate"/>
<opset="tmp_2/9 "/>
</bind>
</comp>

<comp id="784" class="1004" name="zext_ln116_fu_784">
<pin_list>
<pin id="785" dir="0" index="0" bw="5" slack="0"/>
<pin id="786" dir="1" index="1" bw="64" slack="0"/>
</pin_list>
<bind>
<opcode="zext(34) " fcode="zext"/>
<opset="zext_ln116/9 "/>
</bind>
</comp>

<comp id="789" class="1004" name="or_ln117_fu_789">
<pin_list>
<pin id="790" dir="0" index="0" bw="5" slack="0"/>
<pin id="791" dir="0" index="1" bw="1" slack="0"/>
<pin id="792" dir="1" index="2" bw="5" slack="0"/>
</pin_list>
<bind>
<opcode="or(24) " fcode="or"/>
<opset="or_ln117/9 "/>
</bind>
</comp>

<comp id="795" class="1004" name="tmp_3_fu_795">
<pin_list>
<pin id="796" dir="0" index="0" bw="64" slack="0"/>
<pin id="797" dir="0" index="1" bw="1" slack="0"/>
<pin id="798" dir="0" index="2" bw="5" slack="0"/>
<pin id="799" dir="1" index="3" bw="64" slack="0"/>
</pin_list>
<bind>
<opcode="bitconcatenate(1004) " fcode="bitconcatenate"/>
<opset="tmp_3/9 "/>
</bind>
</comp>

<comp id="804" class="1004" name="or_ln118_fu_804">
<pin_list>
<pin id="805" dir="0" index="0" bw="5" slack="1"/>
<pin id="806" dir="0" index="1" bw="3" slack="0"/>
<pin id="807" dir="1" index="2" bw="5" slack="0"/>
</pin_list>
<bind>
<opcode="or(24) " fcode="or"/>
<opset="or_ln118/10 "/>
</bind>
</comp>

<comp id="809" class="1004" name="tmp_4_fu_809">
<pin_list>
<pin id="810" dir="0" index="0" bw="64" slack="0"/>
<pin id="811" dir="0" index="1" bw="1" slack="0"/>
<pin id="812" dir="0" index="2" bw="5" slack="0"/>
<pin id="813" dir="1" index="3" bw="64" slack="0"/>
</pin_list>
<bind>
<opcode="bitconcatenate(1004) " fcode="bitconcatenate"/>
<opset="tmp_4/10 "/>
</bind>
</comp>

<comp id="818" class="1004" name="or_ln119_fu_818">
<pin_list>
<pin id="819" dir="0" index="0" bw="5" slack="1"/>
<pin id="820" dir="0" index="1" bw="3" slack="0"/>
<pin id="821" dir="1" index="2" bw="5" slack="0"/>
</pin_list>
<bind>
<opcode="or(24) " fcode="or"/>
<opset="or_ln119/10 "/>
</bind>
</comp>

<comp id="823" class="1004" name="tmp_5_fu_823">
<pin_list>
<pin id="824" dir="0" index="0" bw="64" slack="0"/>
<pin id="825" dir="0" index="1" bw="1" slack="0"/>
<pin id="826" dir="0" index="2" bw="5" slack="0"/>
<pin id="827" dir="1" index="3" bw="64" slack="0"/>
</pin_list>
<bind>
<opcode="bitconcatenate(1004) " fcode="bitconcatenate"/>
<opset="tmp_5/10 "/>
</bind>
</comp>

<comp id="832" class="1004" name="or_ln120_fu_832">
<pin_list>
<pin id="833" dir="0" index="0" bw="5" slack="2"/>
<pin id="834" dir="0" index="1" bw="4" slack="0"/>
<pin id="835" dir="1" index="2" bw="5" slack="0"/>
</pin_list>
<bind>
<opcode="or(24) " fcode="or"/>
<opset="or_ln120/11 "/>
</bind>
</comp>

<comp id="837" class="1004" name="tmp_6_fu_837">
<pin_list>
<pin id="838" dir="0" index="0" bw="64" slack="0"/>
<pin id="839" dir="0" index="1" bw="1" slack="0"/>
<pin id="840" dir="0" index="2" bw="5" slack="0"/>
<pin id="841" dir="1" index="3" bw="64" slack="0"/>
</pin_list>
<bind>
<opcode="bitconcatenate(1004) " fcode="bitconcatenate"/>
<opset="tmp_6/11 "/>
</bind>
</comp>

<comp id="846" class="1004" name="or_ln121_fu_846">
<pin_list>
<pin id="847" dir="0" index="0" bw="5" slack="2"/>
<pin id="848" dir="0" index="1" bw="4" slack="0"/>
<pin id="849" dir="1" index="2" bw="5" slack="0"/>
</pin_list>
<bind>
<opcode="or(24) " fcode="or"/>
<opset="or_ln121/11 "/>
</bind>
</comp>

<comp id="851" class="1004" name="tmp_7_fu_851">
<pin_list>
<pin id="852" dir="0" index="0" bw="64" slack="0"/>
<pin id="853" dir="0" index="1" bw="1" slack="0"/>
<pin id="854" dir="0" index="2" bw="5" slack="0"/>
<pin id="855" dir="1" index="3" bw="64" slack="0"/>
</pin_list>
<bind>
<opcode="bitconcatenate(1004) " fcode="bitconcatenate"/>
<opset="tmp_7/11 "/>
</bind>
</comp>

<comp id="860" class="1004" name="or_ln122_fu_860">
<pin_list>
<pin id="861" dir="0" index="0" bw="5" slack="3"/>
<pin id="862" dir="0" index="1" bw="4" slack="0"/>
<pin id="863" dir="1" index="2" bw="5" slack="0"/>
</pin_list>
<bind>
<opcode="or(24) " fcode="or"/>
<opset="or_ln122/12 "/>
</bind>
</comp>

<comp id="865" class="1004" name="tmp_8_fu_865">
<pin_list>
<pin id="866" dir="0" index="0" bw="64" slack="0"/>
<pin id="867" dir="0" index="1" bw="1" slack="0"/>
<pin id="868" dir="0" index="2" bw="5" slack="0"/>
<pin id="869" dir="1" index="3" bw="64" slack="0"/>
</pin_list>
<bind>
<opcode="bitconcatenate(1004) " fcode="bitconcatenate"/>
<opset="tmp_8/12 "/>
</bind>
</comp>

<comp id="874" class="1004" name="or_ln123_fu_874">
<pin_list>
<pin id="875" dir="0" index="0" bw="5" slack="3"/>
<pin id="876" dir="0" index="1" bw="4" slack="0"/>
<pin id="877" dir="1" index="2" bw="5" slack="0"/>
</pin_list>
<bind>
<opcode="or(24) " fcode="or"/>
<opset="or_ln123/12 "/>
</bind>
</comp>

<comp id="879" class="1004" name="tmp_9_fu_879">
<pin_list>
<pin id="880" dir="0" index="0" bw="64" slack="0"/>
<pin id="881" dir="0" index="1" bw="1" slack="0"/>
<pin id="882" dir="0" index="2" bw="5" slack="0"/>
<pin id="883" dir="1" index="3" bw="64" slack="0"/>
</pin_list>
<bind>
<opcode="bitconcatenate(1004) " fcode="bitconcatenate"/>
<opset="tmp_9/12 "/>
</bind>
</comp>

<comp id="888" class="1004" name="tmp_1_fu_888">
<pin_list>
<pin id="889" dir="0" index="0" bw="6" slack="0"/>
<pin id="890" dir="0" index="1" bw="2" slack="4"/>
<pin id="891" dir="0" index="2" bw="1" slack="0"/>
<pin id="892" dir="1" index="3" bw="6" slack="0"/>
</pin_list>
<bind>
<opcode="bitconcatenate(1004) " fcode="bitconcatenate"/>
<opset="tmp_1/13 "/>
</bind>
</comp>

<comp id="895" class="1004" name="zext_ln116_1_fu_895">
<pin_list>
<pin id="896" dir="0" index="0" bw="6" slack="0"/>
<pin id="897" dir="1" index="1" bw="7" slack="1"/>
</pin_list>
<bind>
<opcode="zext(34) " fcode="zext"/>
<opset="zext_ln116_1/13 "/>
</bind>
</comp>

<comp id="899" class="1004" name="icmp_ln127_fu_899">
<pin_list>
<pin id="900" dir="0" index="0" bw="7" slack="0"/>
<pin id="901" dir="0" index="1" bw="7" slack="0"/>
<pin id="902" dir="1" index="2" bw="1" slack="2147483647"/>
</pin_list>
<bind>
<opcode="icmp(45) " fcode="icmp"/>
<opset="icmp_ln127/14 "/>
</bind>
</comp>

<comp id="905" class="1004" name="j_1_fu_905">
<pin_list>
<pin id="906" dir="0" index="0" bw="7" slack="0"/>
<pin id="907" dir="0" index="1" bw="1" slack="0"/>
<pin id="908" dir="1" index="2" bw="7" slack="0"/>
</pin_list>
<bind>
<opcode="add(8) " fcode="add"/>
<opset="j_1/14 "/>
</bind>
</comp>

<comp id="911" class="1004" name="and_ln26_fu_911">
<pin_list>
<pin id="912" dir="0" index="0" bw="32" slack="0"/>
<pin id="913" dir="0" index="1" bw="32" slack="0"/>
<pin id="914" dir="1" index="2" bw="32" slack="0"/>
</pin_list>
<bind>
<opcode="and(23) " fcode="and"/>
<opset="and_ln26/14 "/>
</bind>
</comp>

<comp id="917" class="1004" name="xor_ln26_fu_917">
<pin_list>
<pin id="918" dir="0" index="0" bw="32" slack="0"/>
<pin id="919" dir="0" index="1" bw="1" slack="0"/>
<pin id="920" dir="1" index="2" bw="32" slack="0"/>
</pin_list>
<bind>
<opcode="xor(25) " fcode="xor"/>
<opset="xor_ln26/14 "/>
</bind>
</comp>

<comp id="923" class="1004" name="and_ln26_1_fu_923">
<pin_list>
<pin id="924" dir="0" index="0" bw="32" slack="0"/>
<pin id="925" dir="0" index="1" bw="32" slack="0"/>
<pin id="926" dir="1" index="2" bw="32" slack="0"/>
</pin_list>
<bind>
<opcode="and(23) " fcode="and"/>
<opset="and_ln26_1/14 "/>
</bind>
</comp>

<comp id="929" class="1004" name="ch_V_fu_929">
<pin_list>
<pin id="930" dir="0" index="0" bw="32" slack="0"/>
<pin id="931" dir="0" index="1" bw="32" slack="0"/>
<pin id="932" dir="1" index="2" bw="32" slack="3"/>
</pin_list>
<bind>
<opcode="xor(25) " fcode="xor"/>
<opset="ch_V/14 "/>
</bind>
</comp>

<comp id="935" class="1004" name="xor_ln31_fu_935">
<pin_list>
<pin id="936" dir="0" index="0" bw="32" slack="0"/>
<pin id="937" dir="0" index="1" bw="32" slack="0"/>
<pin id="938" dir="1" index="2" bw="32" slack="0"/>
</pin_list>
<bind>
<opcode="xor(25) " fcode="xor"/>
<opset="xor_ln31/14 "/>
</bind>
</comp>

<comp id="941" class="1004" name="and_ln31_fu_941">
<pin_list>
<pin id="942" dir="0" index="0" bw="32" slack="0"/>
<pin id="943" dir="0" index="1" bw="32" slack="0"/>
<pin id="944" dir="1" index="2" bw="32" slack="0"/>
</pin_list>
<bind>
<opcode="and(23) " fcode="and"/>
<opset="and_ln31/14 "/>
</bind>
</comp>

<comp id="947" class="1004" name="and_ln31_1_fu_947">
<pin_list>
<pin id="948" dir="0" index="0" bw="32" slack="0"/>
<pin id="949" dir="0" index="1" bw="32" slack="0"/>
<pin id="950" dir="1" index="2" bw="32" slack="0"/>
</pin_list>
<bind>
<opcode="and(23) " fcode="and"/>
<opset="and_ln31_1/14 "/>
</bind>
</comp>

<comp id="953" class="1004" name="maj_V_fu_953">
<pin_list>
<pin id="954" dir="0" index="0" bw="32" slack="0"/>
<pin id="955" dir="0" index="1" bw="32" slack="0"/>
<pin id="956" dir="1" index="2" bw="32" slack="6"/>
</pin_list>
<bind>
<opcode="xor(25) " fcode="xor"/>
<opset="maj_V/14 "/>
</bind>
</comp>

<comp id="959" class="1004" name="r_V_fu_959">
<pin_list>
<pin id="960" dir="0" index="0" bw="30" slack="0"/>
<pin id="961" dir="0" index="1" bw="32" slack="0"/>
<pin id="962" dir="0" index="2" bw="3" slack="0"/>
<pin id="963" dir="0" index="3" bw="6" slack="0"/>
<pin id="964" dir="1" index="4" bw="30" slack="0"/>
</pin_list>
<bind>
<opcode="partselect(1002) " fcode="partselect"/>
<opset="r_V/14 "/>
</bind>
</comp>

<comp id="969" class="1004" name="trunc_ln1503_fu_969">
<pin_list>
<pin id="970" dir="0" index="0" bw="32" slack="0"/>
<pin id="971" dir="1" index="1" bw="2" slack="0"/>
</pin_list>
<bind>
<opcode="trunc(33) " fcode="trunc"/>
<opset="trunc_ln1503/14 "/>
</bind>
</comp>

<comp id="973" class="1004" name="ret_V_14_fu_973">
<pin_list>
<pin id="974" dir="0" index="0" bw="32" slack="0"/>
<pin id="975" dir="0" index="1" bw="2" slack="0"/>
<pin id="976" dir="0" index="2" bw="30" slack="0"/>
<pin id="977" dir="1" index="3" bw="32" slack="0"/>
</pin_list>
<bind>
<opcode="bitconcatenate(1004) " fcode="bitconcatenate"/>
<opset="ret_V_14/14 "/>
</bind>
</comp>

<comp id="981" class="1004" name="r_V_s_fu_981">
<pin_list>
<pin id="982" dir="0" index="0" bw="19" slack="0"/>
<pin id="983" dir="0" index="1" bw="32" slack="0"/>
<pin id="984" dir="0" index="2" bw="5" slack="0"/>
<pin id="985" dir="0" index="3" bw="6" slack="0"/>
<pin id="986" dir="1" index="4" bw="19" slack="0"/>
</pin_list>
<bind>
<opcode="partselect(1002) " fcode="partselect"/>
<opset="r_V_s/14 "/>
</bind>
</comp>

<comp id="991" class="1004" name="trunc_ln1503_1_fu_991">
<pin_list>
<pin id="992" dir="0" index="0" bw="32" slack="0"/>
<pin id="993" dir="1" index="1" bw="13" slack="0"/>
</pin_list>
<bind>
<opcode="trunc(33) " fcode="trunc"/>
<opset="trunc_ln1503_1/14 "/>
</bind>
</comp>

<comp id="995" class="1004" name="ret_V_15_fu_995">
<pin_list>
<pin id="996" dir="0" index="0" bw="32" slack="0"/>
<pin id="997" dir="0" index="1" bw="13" slack="0"/>
<pin id="998" dir="0" index="2" bw="19" slack="0"/>
<pin id="999" dir="1" index="3" bw="32" slack="0"/>
</pin_list>
<bind>
<opcode="bitconcatenate(1004) " fcode="bitconcatenate"/>
<opset="ret_V_15/14 "/>
</bind>
</comp>

<comp id="1003" class="1004" name="r_V_1_fu_1003">
<pin_list>
<pin id="1004" dir="0" index="0" bw="10" slack="0"/>
<pin id="1005" dir="0" index="1" bw="32" slack="0"/>
<pin id="1006" dir="0" index="2" bw="6" slack="0"/>
<pin id="1007" dir="0" index="3" bw="6" slack="0"/>
<pin id="1008" dir="1" index="4" bw="10" slack="0"/>
</pin_list>
<bind>
<opcode="partselect(1002) " fcode="partselect"/>
<opset="r_V_1/14 "/>
</bind>
</comp>

<comp id="1013" class="1004" name="trunc_ln1503_2_fu_1013">
<pin_list>
<pin id="1014" dir="0" index="0" bw="32" slack="0"/>
<pin id="1015" dir="1" index="1" bw="22" slack="0"/>
</pin_list>
<bind>
<opcode="trunc(33) " fcode="trunc"/>
<opset="trunc_ln1503_2/14 "/>
</bind>
</comp>

<comp id="1017" class="1004" name="ret_V_16_fu_1017">
<pin_list>
<pin id="1018" dir="0" index="0" bw="32" slack="0"/>
<pin id="1019" dir="0" index="1" bw="22" slack="0"/>
<pin id="1020" dir="0" index="2" bw="10" slack="0"/>
<pin id="1021" dir="1" index="3" bw="32" slack="0"/>
</pin_list>
<bind>
<opcode="bitconcatenate(1004) " fcode="bitconcatenate"/>
<opset="ret_V_16/14 "/>
</bind>
</comp>

<comp id="1025" class="1004" name="xor_ln1357_fu_1025">
<pin_list>
<pin id="1026" dir="0" index="0" bw="32" slack="0"/>
<pin id="1027" dir="0" index="1" bw="32" slack="0"/>
<pin id="1028" dir="1" index="2" bw="32" slack="0"/>
</pin_list>
<bind>
<opcode="xor(25) " fcode="xor"/>
<opset="xor_ln1357/14 "/>
</bind>
</comp>

<comp id="1031" class="1004" name="ret_V_17_fu_1031">
<pin_list>
<pin id="1032" dir="0" index="0" bw="32" slack="0"/>
<pin id="1033" dir="0" index="1" bw="32" slack="0"/>
<pin id="1034" dir="1" index="2" bw="32" slack="6"/>
</pin_list>
<bind>
<opcode="xor(25) " fcode="xor"/>
<opset="ret_V_17/14 "/>
</bind>
</comp>

<comp id="1037" class="1004" name="r_V_2_fu_1037">
<pin_list>
<pin id="1038" dir="0" index="0" bw="26" slack="0"/>
<pin id="1039" dir="0" index="1" bw="32" slack="0"/>
<pin id="1040" dir="0" index="2" bw="4" slack="0"/>
<pin id="1041" dir="0" index="3" bw="6" slack="0"/>
<pin id="1042" dir="1" index="4" bw="26" slack="0"/>
</pin_list>
<bind>
<opcode="partselect(1002) " fcode="partselect"/>
<opset="r_V_2/14 "/>
</bind>
</comp>

<comp id="1047" class="1004" name="trunc_ln1503_3_fu_1047">
<pin_list>
<pin id="1048" dir="0" index="0" bw="32" slack="0"/>
<pin id="1049" dir="1" index="1" bw="6" slack="0"/>
</pin_list>
<bind>
<opcode="trunc(33) " fcode="trunc"/>
<opset="trunc_ln1503_3/14 "/>
</bind>
</comp>

<comp id="1051" class="1004" name="ret_V_18_fu_1051">
<pin_list>
<pin id="1052" dir="0" index="0" bw="32" slack="0"/>
<pin id="1053" dir="0" index="1" bw="6" slack="0"/>
<pin id="1054" dir="0" index="2" bw="26" slack="0"/>
<pin id="1055" dir="1" index="3" bw="32" slack="0"/>
</pin_list>
<bind>
<opcode="bitconcatenate(1004) " fcode="bitconcatenate"/>
<opset="ret_V_18/14 "/>
</bind>
</comp>

<comp id="1059" class="1004" name="r_V_3_fu_1059">
<pin_list>
<pin id="1060" dir="0" index="0" bw="21" slack="0"/>
<pin id="1061" dir="0" index="1" bw="32" slack="0"/>
<pin id="1062" dir="0" index="2" bw="5" slack="0"/>
<pin id="1063" dir="0" index="3" bw="6" slack="0"/>
<pin id="1064" dir="1" index="4" bw="21" slack="0"/>
</pin_list>
<bind>
<opcode="partselect(1002) " fcode="partselect"/>
<opset="r_V_3/14 "/>
</bind>
</comp>

<comp id="1069" class="1004" name="trunc_ln1503_4_fu_1069">
<pin_list>
<pin id="1070" dir="0" index="0" bw="32" slack="0"/>
<pin id="1071" dir="1" index="1" bw="11" slack="0"/>
</pin_list>
<bind>
<opcode="trunc(33) " fcode="trunc"/>
<opset="trunc_ln1503_4/14 "/>
</bind>
</comp>

<comp id="1073" class="1004" name="ret_V_19_fu_1073">
<pin_list>
<pin id="1074" dir="0" index="0" bw="32" slack="0"/>
<pin id="1075" dir="0" index="1" bw="11" slack="0"/>
<pin id="1076" dir="0" index="2" bw="21" slack="0"/>
<pin id="1077" dir="1" index="3" bw="32" slack="0"/>
</pin_list>
<bind>
<opcode="bitconcatenate(1004) " fcode="bitconcatenate"/>
<opset="ret_V_19/14 "/>
</bind>
</comp>

<comp id="1081" class="1004" name="r_V_4_fu_1081">
<pin_list>
<pin id="1082" dir="0" index="0" bw="7" slack="0"/>
<pin id="1083" dir="0" index="1" bw="32" slack="0"/>
<pin id="1084" dir="0" index="2" bw="6" slack="0"/>
<pin id="1085" dir="0" index="3" bw="6" slack="0"/>
<pin id="1086" dir="1" index="4" bw="7" slack="0"/>
</pin_list>
<bind>
<opcode="partselect(1002) " fcode="partselect"/>
<opset="r_V_4/14 "/>
</bind>
</comp>

<comp id="1091" class="1004" name="trunc_ln1503_5_fu_1091">
<pin_list>
<pin id="1092" dir="0" index="0" bw="32" slack="0"/>
<pin id="1093" dir="1" index="1" bw="25" slack="0"/>
</pin_list>
<bind>
<opcode="trunc(33) " fcode="trunc"/>
<opset="trunc_ln1503_5/14 "/>
</bind>
</comp>

<comp id="1095" class="1004" name="ret_V_20_fu_1095">
<pin_list>
<pin id="1096" dir="0" index="0" bw="32" slack="0"/>
<pin id="1097" dir="0" index="1" bw="25" slack="0"/>
<pin id="1098" dir="0" index="2" bw="7" slack="0"/>
<pin id="1099" dir="1" index="3" bw="32" slack="0"/>
</pin_list>
<bind>
<opcode="bitconcatenate(1004) " fcode="bitconcatenate"/>
<opset="ret_V_20/14 "/>
</bind>
</comp>

<comp id="1103" class="1004" name="xor_ln1357_2_fu_1103">
<pin_list>
<pin id="1104" dir="0" index="0" bw="32" slack="0"/>
<pin id="1105" dir="0" index="1" bw="32" slack="0"/>
<pin id="1106" dir="1" index="2" bw="32" slack="0"/>
</pin_list>
<bind>
<opcode="xor(25) " fcode="xor"/>
<opset="xor_ln1357_2/14 "/>
</bind>
</comp>

<comp id="1109" class="1004" name="ret_V_21_fu_1109">
<pin_list>
<pin id="1110" dir="0" index="0" bw="32" slack="0"/>
<pin id="1111" dir="0" index="1" bw="32" slack="0"/>
<pin id="1112" dir="1" index="2" bw="32" slack="3"/>
</pin_list>
<bind>
<opcode="xor(25) " fcode="xor"/>
<opset="ret_V_21/14 "/>
</bind>
</comp>

<comp id="1115" class="1004" name="tmp_18_fu_1115">
<pin_list>
<pin id="1116" dir="0" index="0" bw="3" slack="0"/>
<pin id="1117" dir="0" index="1" bw="7" slack="0"/>
<pin id="1118" dir="0" index="2" bw="4" slack="0"/>
<pin id="1119" dir="0" index="3" bw="4" slack="0"/>
<pin id="1120" dir="1" index="4" bw="3" slack="0"/>
</pin_list>
<bind>
<opcode="partselect(1002) " fcode="partselect"/>
<opset="tmp_18/14 "/>
</bind>
</comp>

<comp id="1125" class="1004" name="icmp_ln134_fu_1125">
<pin_list>
<pin id="1126" dir="0" index="0" bw="3" slack="0"/>
<pin id="1127" dir="0" index="1" bw="1" slack="0"/>
<pin id="1128" dir="1" index="2" bw="1" slack="3"/>
</pin_list>
<bind>
<opcode="icmp(45) " fcode="icmp"/>
<opset="icmp_ln134/14 "/>
</bind>
</comp>

<comp id="1131" class="1004" name="zext_ln135_fu_1131">
<pin_list>
<pin id="1132" dir="0" index="0" bw="7" slack="0"/>
<pin id="1133" dir="1" index="1" bw="64" slack="1"/>
</pin_list>
<bind>
<opcode="zext(34) " fcode="zext"/>
<opset="zext_ln135/14 "/>
</bind>
</comp>

<comp id="1135" class="1004" name="add_ln321_1_fu_1135">
<pin_list>
<pin id="1136" dir="0" index="0" bw="6" slack="1"/>
<pin id="1137" dir="0" index="1" bw="7" slack="0"/>
<pin id="1138" dir="1" index="2" bw="7" slack="0"/>
</pin_list>
<bind>
<opcode="add(8) " fcode="add"/>
<opset="add_ln321_1/14 "/>
</bind>
</comp>

<comp id="1140" class="1004" name="zext_ln321_3_fu_1140">
<pin_list>
<pin id="1141" dir="0" index="0" bw="7" slack="0"/>
<pin id="1142" dir="1" index="1" bw="64" slack="0"/>
</pin_list>
<bind>
<opcode="zext(34) " fcode="zext"/>
<opset="zext_ln321_3/14 "/>
</bind>
</comp>

<comp id="1145" class="1004" name="add_ln137_fu_1145">
<pin_list>
<pin id="1146" dir="0" index="0" bw="2" slack="0"/>
<pin id="1147" dir="0" index="1" bw="7" slack="0"/>
<pin id="1148" dir="1" index="2" bw="7" slack="0"/>
</pin_list>
<bind>
<opcode="add(8) " fcode="add"/>
<opset="add_ln137/14 "/>
</bind>
</comp>

<comp id="1151" class="1004" name="zext_ln137_fu_1151">
<pin_list>
<pin id="1152" dir="0" index="0" bw="7" slack="0"/>
<pin id="1153" dir="1" index="1" bw="64" slack="0"/>
</pin_list>
<bind>
<opcode="zext(34) " fcode="zext"/>
<opset="zext_ln137/14 "/>
</bind>
</comp>

<comp id="1156" class="1004" name="add_ln137_1_fu_1156">
<pin_list>
<pin id="1157" dir="0" index="0" bw="4" slack="0"/>
<pin id="1158" dir="0" index="1" bw="7" slack="0"/>
<pin id="1159" dir="1" index="2" bw="7" slack="0"/>
</pin_list>
<bind>
<opcode="add(8) " fcode="add"/>
<opset="add_ln137_1/14 "/>
</bind>
</comp>

<comp id="1162" class="1004" name="zext_ln137_1_fu_1162">
<pin_list>
<pin id="1163" dir="0" index="0" bw="7" slack="0"/>
<pin id="1164" dir="1" index="1" bw="64" slack="0"/>
</pin_list>
<bind>
<opcode="zext(34) " fcode="zext"/>
<opset="zext_ln137_1/14 "/>
</bind>
</comp>

<comp id="1167" class="1004" name="tmp_10_fu_1167">
<pin_list>
<pin id="1168" dir="0" index="0" bw="5" slack="0"/>
<pin id="1169" dir="0" index="1" bw="2" slack="5"/>
<pin id="1170" dir="0" index="2" bw="1" slack="0"/>
<pin id="1171" dir="1" index="3" bw="5" slack="0"/>
</pin_list>
<bind>
<opcode="bitconcatenate(1004) " fcode="bitconcatenate"/>
<opset="tmp_10/14 "/>
</bind>
</comp>

<comp id="1175" class="1004" name="zext_ln321_2_fu_1175">
<pin_list>
<pin id="1176" dir="0" index="0" bw="5" slack="0"/>
<pin id="1177" dir="1" index="1" bw="64" slack="0"/>
</pin_list>
<bind>
<opcode="zext(34) " fcode="zext"/>
<opset="zext_ln321_2/14 "/>
</bind>
</comp>

<comp id="1180" class="1004" name="or_ln321_fu_1180">
<pin_list>
<pin id="1181" dir="0" index="0" bw="5" slack="0"/>
<pin id="1182" dir="0" index="1" bw="1" slack="0"/>
<pin id="1183" dir="1" index="2" bw="5" slack="0"/>
</pin_list>
<bind>
<opcode="or(24) " fcode="or"/>
<opset="or_ln321/14 "/>
</bind>
</comp>

<comp id="1186" class="1004" name="tmp_11_fu_1186">
<pin_list>
<pin id="1187" dir="0" index="0" bw="64" slack="0"/>
<pin id="1188" dir="0" index="1" bw="1" slack="0"/>
<pin id="1189" dir="0" index="2" bw="5" slack="0"/>
<pin id="1190" dir="1" index="3" bw="64" slack="0"/>
</pin_list>
<bind>
<opcode="bitconcatenate(1004) " fcode="bitconcatenate"/>
<opset="tmp_11/14 "/>
</bind>
</comp>

<comp id="1195" class="1004" name="add_ln209_fu_1195">
<pin_list>
<pin id="1196" dir="0" index="0" bw="32" slack="0"/>
<pin id="1197" dir="0" index="1" bw="32" slack="4"/>
<pin id="1198" dir="1" index="2" bw="32" slack="0"/>
</pin_list>
<bind>
<opcode="add(8) " fcode="add"/>
<opset="add_ln209/14 "/>
</bind>
</comp>

<comp id="1201" class="1004" name="add_ln209_1_fu_1201">
<pin_list>
<pin id="1202" dir="0" index="0" bw="32" slack="0"/>
<pin id="1203" dir="0" index="1" bw="32" slack="4"/>
<pin id="1204" dir="1" index="2" bw="32" slack="0"/>
</pin_list>
<bind>
<opcode="add(8) " fcode="add"/>
<opset="add_ln209_1/14 "/>
</bind>
</comp>

<comp id="1207" class="1004" name="add_ln209_2_fu_1207">
<pin_list>
<pin id="1208" dir="0" index="0" bw="32" slack="0"/>
<pin id="1209" dir="0" index="1" bw="32" slack="3"/>
<pin id="1210" dir="1" index="2" bw="32" slack="1"/>
</pin_list>
<bind>
<opcode="add(8) " fcode="add"/>
<opset="add_ln209_2/14 "/>
</bind>
</comp>

<comp id="1212" class="1004" name="add_ln209_4_fu_1212">
<pin_list>
<pin id="1213" dir="0" index="0" bw="32" slack="0"/>
<pin id="1214" dir="0" index="1" bw="32" slack="2"/>
<pin id="1215" dir="1" index="2" bw="32" slack="2"/>
</pin_list>
<bind>
<opcode="add(8) " fcode="add"/>
<opset="add_ln209_4/14 "/>
</bind>
</comp>

<comp id="1217" class="1004" name="add_ln209_5_fu_1217">
<pin_list>
<pin id="1218" dir="0" index="0" bw="32" slack="0"/>
<pin id="1219" dir="0" index="1" bw="32" slack="2"/>
<pin id="1220" dir="1" index="2" bw="32" slack="2"/>
</pin_list>
<bind>
<opcode="add(8) " fcode="add"/>
<opset="add_ln209_5/14 "/>
</bind>
</comp>

<comp id="1222" class="1004" name="add_ln209_6_fu_1222">
<pin_list>
<pin id="1223" dir="0" index="0" bw="32" slack="0"/>
<pin id="1224" dir="0" index="1" bw="32" slack="1"/>
<pin id="1225" dir="1" index="2" bw="32" slack="3"/>
</pin_list>
<bind>
<opcode="add(8) " fcode="add"/>
<opset="add_ln209_6/14 "/>
</bind>
</comp>

<comp id="1227" class="1004" name="i_9_fu_1227">
<pin_list>
<pin id="1228" dir="0" index="0" bw="2" slack="5"/>
<pin id="1229" dir="0" index="1" bw="1" slack="0"/>
<pin id="1230" dir="1" index="2" bw="2" slack="1"/>
</pin_list>
<bind>
<opcode="add(8) " fcode="add"/>
<opset="i_9/14 "/>
</bind>
</comp>

<comp id="1233" class="1004" name="add_ln137_2_fu_1233">
<pin_list>
<pin id="1234" dir="0" index="0" bw="5" slack="0"/>
<pin id="1235" dir="0" index="1" bw="7" slack="1"/>
<pin id="1236" dir="1" index="2" bw="7" slack="0"/>
</pin_list>
<bind>
<opcode="add(8) " fcode="add"/>
<opset="add_ln137_2/15 "/>
</bind>
</comp>

<comp id="1239" class="1004" name="zext_ln137_2_fu_1239">
<pin_list>
<pin id="1240" dir="0" index="0" bw="7" slack="0"/>
<pin id="1241" dir="1" index="1" bw="64" slack="0"/>
</pin_list>
<bind>
<opcode="zext(34) " fcode="zext"/>
<opset="zext_ln137_2/15 "/>
</bind>
</comp>

<comp id="1244" class="1004" name="add_ln137_3_fu_1244">
<pin_list>
<pin id="1245" dir="0" index="0" bw="5" slack="0"/>
<pin id="1246" dir="0" index="1" bw="7" slack="1"/>
<pin id="1247" dir="1" index="2" bw="7" slack="0"/>
</pin_list>
<bind>
<opcode="add(8) " fcode="add"/>
<opset="add_ln137_3/15 "/>
</bind>
</comp>

<comp id="1250" class="1004" name="zext_ln137_3_fu_1250">
<pin_list>
<pin id="1251" dir="0" index="0" bw="7" slack="0"/>
<pin id="1252" dir="1" index="1" bw="64" slack="0"/>
</pin_list>
<bind>
<opcode="zext(34) " fcode="zext"/>
<opset="zext_ln137_3/15 "/>
</bind>
</comp>

<comp id="1255" class="1004" name="r_V_5_fu_1255">
<pin_list>
<pin id="1256" dir="0" index="0" bw="15" slack="0"/>
<pin id="1257" dir="0" index="1" bw="32" slack="1"/>
<pin id="1258" dir="0" index="2" bw="6" slack="0"/>
<pin id="1259" dir="0" index="3" bw="6" slack="0"/>
<pin id="1260" dir="1" index="4" bw="15" slack="0"/>
</pin_list>
<bind>
<opcode="partselect(1002) " fcode="partselect"/>
<opset="r_V_5/16 "/>
</bind>
</comp>

<comp id="1265" class="1004" name="trunc_ln1503_6_fu_1265">
<pin_list>
<pin id="1266" dir="0" index="0" bw="32" slack="1"/>
<pin id="1267" dir="1" index="1" bw="17" slack="0"/>
</pin_list>
<bind>
<opcode="trunc(33) " fcode="trunc"/>
<opset="trunc_ln1503_6/16 "/>
</bind>
</comp>

<comp id="1269" class="1004" name="ret_V_22_fu_1269">
<pin_list>
<pin id="1270" dir="0" index="0" bw="32" slack="0"/>
<pin id="1271" dir="0" index="1" bw="17" slack="0"/>
<pin id="1272" dir="0" index="2" bw="15" slack="0"/>
<pin id="1273" dir="1" index="3" bw="32" slack="0"/>
</pin_list>
<bind>
<opcode="bitconcatenate(1004) " fcode="bitconcatenate"/>
<opset="ret_V_22/16 "/>
</bind>
</comp>

<comp id="1277" class="1004" name="r_V_6_fu_1277">
<pin_list>
<pin id="1278" dir="0" index="0" bw="13" slack="0"/>
<pin id="1279" dir="0" index="1" bw="32" slack="1"/>
<pin id="1280" dir="0" index="2" bw="6" slack="0"/>
<pin id="1281" dir="0" index="3" bw="6" slack="0"/>
<pin id="1282" dir="1" index="4" bw="13" slack="0"/>
</pin_list>
<bind>
<opcode="partselect(1002) " fcode="partselect"/>
<opset="r_V_6/16 "/>
</bind>
</comp>

<comp id="1287" class="1004" name="trunc_ln1503_7_fu_1287">
<pin_list>
<pin id="1288" dir="0" index="0" bw="32" slack="1"/>
<pin id="1289" dir="1" index="1" bw="19" slack="0"/>
</pin_list>
<bind>
<opcode="trunc(33) " fcode="trunc"/>
<opset="trunc_ln1503_7/16 "/>
</bind>
</comp>

<comp id="1291" class="1004" name="ret_V_23_fu_1291">
<pin_list>
<pin id="1292" dir="0" index="0" bw="32" slack="0"/>
<pin id="1293" dir="0" index="1" bw="19" slack="0"/>
<pin id="1294" dir="0" index="2" bw="13" slack="0"/>
<pin id="1295" dir="1" index="3" bw="32" slack="0"/>
</pin_list>
<bind>
<opcode="bitconcatenate(1004) " fcode="bitconcatenate"/>
<opset="ret_V_23/16 "/>
</bind>
</comp>

<comp id="1299" class="1004" name="r_V_7_fu_1299">
<pin_list>
<pin id="1300" dir="0" index="0" bw="22" slack="0"/>
<pin id="1301" dir="0" index="1" bw="32" slack="1"/>
<pin id="1302" dir="0" index="2" bw="5" slack="0"/>
<pin id="1303" dir="0" index="3" bw="6" slack="0"/>
<pin id="1304" dir="1" index="4" bw="22" slack="0"/>
</pin_list>
<bind>
<opcode="partselect(1002) " fcode="partselect"/>
<opset="r_V_7/16 "/>
</bind>
</comp>

<comp id="1309" class="1004" name="r_V_13_fu_1309">
<pin_list>
<pin id="1310" dir="0" index="0" bw="22" slack="0"/>
<pin id="1311" dir="1" index="1" bw="32" slack="0"/>
</pin_list>
<bind>
<opcode="zext(34) " fcode="zext"/>
<opset="r_V_13/16 "/>
</bind>
</comp>

<comp id="1313" class="1004" name="xor_ln1357_4_fu_1313">
<pin_list>
<pin id="1314" dir="0" index="0" bw="22" slack="0"/>
<pin id="1315" dir="0" index="1" bw="32" slack="0"/>
<pin id="1316" dir="1" index="2" bw="32" slack="0"/>
</pin_list>
<bind>
<opcode="xor(25) " fcode="xor"/>
<opset="xor_ln1357_4/16 "/>
</bind>
</comp>

<comp id="1319" class="1004" name="ret_V_fu_1319">
<pin_list>
<pin id="1320" dir="0" index="0" bw="32" slack="0"/>
<pin id="1321" dir="0" index="1" bw="32" slack="0"/>
<pin id="1322" dir="1" index="2" bw="32" slack="0"/>
</pin_list>
<bind>
<opcode="xor(25) " fcode="xor"/>
<opset="ret_V/16 "/>
</bind>
</comp>

<comp id="1325" class="1004" name="r_V_8_fu_1325">
<pin_list>
<pin id="1326" dir="0" index="0" bw="25" slack="0"/>
<pin id="1327" dir="0" index="1" bw="32" slack="0"/>
<pin id="1328" dir="0" index="2" bw="4" slack="0"/>
<pin id="1329" dir="0" index="3" bw="6" slack="0"/>
<pin id="1330" dir="1" index="4" bw="25" slack="0"/>
</pin_list>
<bind>
<opcode="partselect(1002) " fcode="partselect"/>
<opset="r_V_8/16 "/>
</bind>
</comp>

<comp id="1335" class="1004" name="trunc_ln1503_8_fu_1335">
<pin_list>
<pin id="1336" dir="0" index="0" bw="32" slack="0"/>
<pin id="1337" dir="1" index="1" bw="7" slack="0"/>
</pin_list>
<bind>
<opcode="trunc(33) " fcode="trunc"/>
<opset="trunc_ln1503_8/16 "/>
</bind>
</comp>

<comp id="1339" class="1004" name="ret_V_24_fu_1339">
<pin_list>
<pin id="1340" dir="0" index="0" bw="32" slack="0"/>
<pin id="1341" dir="0" index="1" bw="7" slack="0"/>
<pin id="1342" dir="0" index="2" bw="25" slack="0"/>
<pin id="1343" dir="1" index="3" bw="32" slack="0"/>
</pin_list>
<bind>
<opcode="bitconcatenate(1004) " fcode="bitconcatenate"/>
<opset="ret_V_24/16 "/>
</bind>
</comp>

<comp id="1347" class="1004" name="r_V_9_fu_1347">
<pin_list>
<pin id="1348" dir="0" index="0" bw="14" slack="0"/>
<pin id="1349" dir="0" index="1" bw="32" slack="0"/>
<pin id="1350" dir="0" index="2" bw="6" slack="0"/>
<pin id="1351" dir="0" index="3" bw="6" slack="0"/>
<pin id="1352" dir="1" index="4" bw="14" slack="0"/>
</pin_list>
<bind>
<opcode="partselect(1002) " fcode="partselect"/>
<opset="r_V_9/16 "/>
</bind>
</comp>

<comp id="1357" class="1004" name="trunc_ln1503_9_fu_1357">
<pin_list>
<pin id="1358" dir="0" index="0" bw="32" slack="0"/>
<pin id="1359" dir="1" index="1" bw="18" slack="0"/>
</pin_list>
<bind>
<opcode="trunc(33) " fcode="trunc"/>
<opset="trunc_ln1503_9/16 "/>
</bind>
</comp>

<comp id="1361" class="1004" name="ret_V_25_fu_1361">
<pin_list>
<pin id="1362" dir="0" index="0" bw="32" slack="0"/>
<pin id="1363" dir="0" index="1" bw="18" slack="0"/>
<pin id="1364" dir="0" index="2" bw="14" slack="0"/>
<pin id="1365" dir="1" index="3" bw="32" slack="0"/>
</pin_list>
<bind>
<opcode="bitconcatenate(1004) " fcode="bitconcatenate"/>
<opset="ret_V_25/16 "/>
</bind>
</comp>

<comp id="1369" class="1004" name="r_V_10_fu_1369">
<pin_list>
<pin id="1370" dir="0" index="0" bw="29" slack="0"/>
<pin id="1371" dir="0" index="1" bw="32" slack="0"/>
<pin id="1372" dir="0" index="2" bw="3" slack="0"/>
<pin id="1373" dir="0" index="3" bw="6" slack="0"/>
<pin id="1374" dir="1" index="4" bw="29" slack="0"/>
</pin_list>
<bind>
<opcode="partselect(1002) " fcode="partselect"/>
<opset="r_V_10/16 "/>
</bind>
</comp>

<comp id="1379" class="1004" name="r_V_14_fu_1379">
<pin_list>
<pin id="1380" dir="0" index="0" bw="29" slack="0"/>
<pin id="1381" dir="1" index="1" bw="32" slack="0"/>
</pin_list>
<bind>
<opcode="zext(34) " fcode="zext"/>
<opset="r_V_14/16 "/>
</bind>
</comp>

<comp id="1383" class="1004" name="xor_ln1357_6_fu_1383">
<pin_list>
<pin id="1384" dir="0" index="0" bw="29" slack="0"/>
<pin id="1385" dir="0" index="1" bw="32" slack="0"/>
<pin id="1386" dir="1" index="2" bw="32" slack="0"/>
</pin_list>
<bind>
<opcode="xor(25) " fcode="xor"/>
<opset="xor_ln1357_6/16 "/>
</bind>
</comp>

<comp id="1389" class="1004" name="ret_V_13_fu_1389">
<pin_list>
<pin id="1390" dir="0" index="0" bw="32" slack="0"/>
<pin id="1391" dir="0" index="1" bw="32" slack="0"/>
<pin id="1392" dir="1" index="2" bw="32" slack="0"/>
</pin_list>
<bind>
<opcode="xor(25) " fcode="xor"/>
<opset="ret_V_13/16 "/>
</bind>
</comp>

<comp id="1395" class="1004" name="add_ln209_9_fu_1395">
<pin_list>
<pin id="1396" dir="0" index="0" bw="32" slack="0"/>
<pin id="1397" dir="0" index="1" bw="32" slack="0"/>
<pin id="1398" dir="1" index="2" bw="32" slack="1"/>
</pin_list>
<bind>
<opcode="add(8) " fcode="add"/>
<opset="add_ln209_9/16 "/>
</bind>
</comp>

<comp id="1401" class="1004" name="add_ln209_8_fu_1401">
<pin_list>
<pin id="1402" dir="0" index="0" bw="32" slack="2"/>
<pin id="1403" dir="0" index="1" bw="32" slack="1"/>
<pin id="1404" dir="1" index="2" bw="32" slack="0"/>
</pin_list>
<bind>
<opcode="add(8) " fcode="add"/>
<opset="add_ln209_8/17 "/>
</bind>
</comp>

<comp id="1406" class="1004" name="add_ln209_10_fu_1406">
<pin_list>
<pin id="1407" dir="0" index="0" bw="32" slack="1"/>
<pin id="1408" dir="0" index="1" bw="32" slack="0"/>
<pin id="1409" dir="1" index="2" bw="32" slack="0"/>
</pin_list>
<bind>
<opcode="add(8) " fcode="add"/>
<opset="add_ln209_10/17 "/>
</bind>
</comp>

<comp id="1412" class="1004" name="add_ln209_12_fu_1412">
<pin_list>
<pin id="1413" dir="0" index="0" bw="32" slack="3"/>
<pin id="1414" dir="0" index="1" bw="32" slack="3"/>
<pin id="1415" dir="1" index="2" bw="32" slack="0"/>
</pin_list>
<bind>
<opcode="add(8) " fcode="add"/>
<opset="add_ln209_12/17 "/>
</bind>
</comp>

<comp id="1417" class="1004" name="add_ln209_13_fu_1417">
<pin_list>
<pin id="1418" dir="0" index="0" bw="32" slack="0"/>
<pin id="1419" dir="0" index="1" bw="32" slack="3"/>
<pin id="1420" dir="1" index="2" bw="32" slack="2"/>
</pin_list>
<bind>
<opcode="add(8) " fcode="add"/>
<opset="add_ln209_13/17 "/>
</bind>
</comp>

<comp id="1422" class="1004" name="add_ln209_11_fu_1422">
<pin_list>
<pin id="1423" dir="0" index="0" bw="32" slack="0"/>
<pin id="1424" dir="0" index="1" bw="32" slack="0"/>
<pin id="1425" dir="1" index="2" bw="32" slack="0"/>
</pin_list>
<bind>
<opcode="add(8) " fcode="add"/>
<opset="add_ln209_11/20 "/>
</bind>
</comp>

<comp id="1428" class="1004" name="T1_V_fu_1428">
<pin_list>
<pin id="1429" dir="0" index="0" bw="32" slack="2"/>
<pin id="1430" dir="0" index="1" bw="32" slack="0"/>
<pin id="1431" dir="1" index="2" bw="32" slack="1"/>
</pin_list>
<bind>
<opcode="add(8) " fcode="add"/>
<opset="T1_V/20 "/>
</bind>
</comp>

<comp id="1433" class="1004" name="e_V_1_fu_1433">
<pin_list>
<pin id="1434" dir="0" index="0" bw="32" slack="6"/>
<pin id="1435" dir="0" index="1" bw="32" slack="1"/>
<pin id="1436" dir="1" index="2" bw="32" slack="1"/>
</pin_list>
<bind>
<opcode="add(8) " fcode="add"/>
<opset="e_V_1/21 "/>
</bind>
</comp>

<comp id="1438" class="1004" name="add_ln209_16_fu_1438">
<pin_list>
<pin id="1439" dir="0" index="0" bw="32" slack="6"/>
<pin id="1440" dir="0" index="1" bw="32" slack="1"/>
<pin id="1441" dir="1" index="2" bw="32" slack="0"/>
</pin_list>
<bind>
<opcode="add(8) " fcode="add"/>
<opset="add_ln209_16/21 "/>
</bind>
</comp>

<comp id="1442" class="1004" name="a_V_1_fu_1442">
<pin_list>
<pin id="1443" dir="0" index="0" bw="32" slack="0"/>
<pin id="1444" dir="0" index="1" bw="32" slack="6"/>
<pin id="1445" dir="1" index="2" bw="32" slack="1"/>
</pin_list>
<bind>
<opcode="add(8) " fcode="add"/>
<opset="a_V_1/21 "/>
</bind>
</comp>

<comp id="1447" class="1004" name="or_ln321_1_fu_1447">
<pin_list>
<pin id="1448" dir="0" index="0" bw="5" slack="1"/>
<pin id="1449" dir="0" index="1" bw="3" slack="0"/>
<pin id="1450" dir="1" index="2" bw="5" slack="0"/>
</pin_list>
<bind>
<opcode="or(24) " fcode="or"/>
<opset="or_ln321_1/22 "/>
</bind>
</comp>

<comp id="1452" class="1004" name="tmp_12_fu_1452">
<pin_list>
<pin id="1453" dir="0" index="0" bw="64" slack="0"/>
<pin id="1454" dir="0" index="1" bw="1" slack="0"/>
<pin id="1455" dir="0" index="2" bw="5" slack="0"/>
<pin id="1456" dir="1" index="3" bw="64" slack="0"/>
</pin_list>
<bind>
<opcode="bitconcatenate(1004) " fcode="bitconcatenate"/>
<opset="tmp_12/22 "/>
</bind>
</comp>

<comp id="1461" class="1004" name="or_ln321_2_fu_1461">
<pin_list>
<pin id="1462" dir="0" index="0" bw="5" slack="1"/>
<pin id="1463" dir="0" index="1" bw="3" slack="0"/>
<pin id="1464" dir="1" index="2" bw="5" slack="0"/>
</pin_list>
<bind>
<opcode="or(24) " fcode="or"/>
<opset="or_ln321_2/22 "/>
</bind>
</comp>

<comp id="1466" class="1004" name="tmp_13_fu_1466">
<pin_list>
<pin id="1467" dir="0" index="0" bw="64" slack="0"/>
<pin id="1468" dir="0" index="1" bw="1" slack="0"/>
<pin id="1469" dir="0" index="2" bw="5" slack="0"/>
<pin id="1470" dir="1" index="3" bw="64" slack="0"/>
</pin_list>
<bind>
<opcode="bitconcatenate(1004) " fcode="bitconcatenate"/>
<opset="tmp_13/22 "/>
</bind>
</comp>

<comp id="1475" class="1004" name="add_ln209_3_fu_1475">
<pin_list>
<pin id="1476" dir="0" index="0" bw="32" slack="1"/>
<pin id="1477" dir="0" index="1" bw="32" slack="4"/>
<pin id="1478" dir="1" index="2" bw="32" slack="0"/>
</pin_list>
<bind>
<opcode="add(8) " fcode="add"/>
<opset="add_ln209_3/22 "/>
</bind>
</comp>

<comp id="1481" class="1004" name="or_ln321_3_fu_1481">
<pin_list>
<pin id="1482" dir="0" index="0" bw="5" slack="2"/>
<pin id="1483" dir="0" index="1" bw="4" slack="0"/>
<pin id="1484" dir="1" index="2" bw="5" slack="0"/>
</pin_list>
<bind>
<opcode="or(24) " fcode="or"/>
<opset="or_ln321_3/23 "/>
</bind>
</comp>

<comp id="1486" class="1004" name="tmp_14_fu_1486">
<pin_list>
<pin id="1487" dir="0" index="0" bw="64" slack="0"/>
<pin id="1488" dir="0" index="1" bw="1" slack="0"/>
<pin id="1489" dir="0" index="2" bw="5" slack="0"/>
<pin id="1490" dir="1" index="3" bw="64" slack="0"/>
</pin_list>
<bind>
<opcode="bitconcatenate(1004) " fcode="bitconcatenate"/>
<opset="tmp_14/23 "/>
</bind>
</comp>

<comp id="1495" class="1004" name="or_ln321_4_fu_1495">
<pin_list>
<pin id="1496" dir="0" index="0" bw="5" slack="2"/>
<pin id="1497" dir="0" index="1" bw="4" slack="0"/>
<pin id="1498" dir="1" index="2" bw="5" slack="0"/>
</pin_list>
<bind>
<opcode="or(24) " fcode="or"/>
<opset="or_ln321_4/23 "/>
</bind>
</comp>

<comp id="1500" class="1004" name="tmp_15_fu_1500">
<pin_list>
<pin id="1501" dir="0" index="0" bw="64" slack="0"/>
<pin id="1502" dir="0" index="1" bw="1" slack="0"/>
<pin id="1503" dir="0" index="2" bw="5" slack="0"/>
<pin id="1504" dir="1" index="3" bw="64" slack="0"/>
</pin_list>
<bind>
<opcode="bitconcatenate(1004) " fcode="bitconcatenate"/>
<opset="tmp_15/23 "/>
</bind>
</comp>

<comp id="1509" class="1004" name="or_ln321_5_fu_1509">
<pin_list>
<pin id="1510" dir="0" index="0" bw="5" slack="3"/>
<pin id="1511" dir="0" index="1" bw="4" slack="0"/>
<pin id="1512" dir="1" index="2" bw="5" slack="0"/>
</pin_list>
<bind>
<opcode="or(24) " fcode="or"/>
<opset="or_ln321_5/24 "/>
</bind>
</comp>

<comp id="1514" class="1004" name="tmp_16_fu_1514">
<pin_list>
<pin id="1515" dir="0" index="0" bw="64" slack="0"/>
<pin id="1516" dir="0" index="1" bw="1" slack="0"/>
<pin id="1517" dir="0" index="2" bw="5" slack="0"/>
<pin id="1518" dir="1" index="3" bw="64" slack="0"/>
</pin_list>
<bind>
<opcode="bitconcatenate(1004) " fcode="bitconcatenate"/>
<opset="tmp_16/24 "/>
</bind>
</comp>

<comp id="1523" class="1004" name="or_ln321_6_fu_1523">
<pin_list>
<pin id="1524" dir="0" index="0" bw="5" slack="3"/>
<pin id="1525" dir="0" index="1" bw="4" slack="0"/>
<pin id="1526" dir="1" index="2" bw="5" slack="0"/>
</pin_list>
<bind>
<opcode="or(24) " fcode="or"/>
<opset="or_ln321_6/24 "/>
</bind>
</comp>

<comp id="1528" class="1004" name="tmp_17_fu_1528">
<pin_list>
<pin id="1529" dir="0" index="0" bw="64" slack="0"/>
<pin id="1530" dir="0" index="1" bw="1" slack="0"/>
<pin id="1531" dir="0" index="2" bw="5" slack="0"/>
<pin id="1532" dir="1" index="3" bw="64" slack="0"/>
</pin_list>
<bind>
<opcode="bitconcatenate(1004) " fcode="bitconcatenate"/>
<opset="tmp_17/24 "/>
</bind>
</comp>

<comp id="1537" class="1004" name="add_ln209_7_fu_1537">
<pin_list>
<pin id="1538" dir="0" index="0" bw="32" slack="3"/>
<pin id="1539" dir="0" index="1" bw="32" slack="4"/>
<pin id="1540" dir="1" index="2" bw="32" slack="0"/>
</pin_list>
<bind>
<opcode="add(8) " fcode="add"/>
<opset="add_ln209_7/24 "/>
</bind>
</comp>

<comp id="1543" class="1004" name="icmp_ln161_fu_1543">
<pin_list>
<pin id="1544" dir="0" index="0" bw="4" slack="0"/>
<pin id="1545" dir="0" index="1" bw="4" slack="0"/>
<pin id="1546" dir="1" index="2" bw="1" slack="2147483647"/>
</pin_list>
<bind>
<opcode="icmp(45) " fcode="icmp"/>
<opset="icmp_ln161/25 "/>
</bind>
</comp>

<comp id="1549" class="1004" name="i_8_fu_1549">
<pin_list>
<pin id="1550" dir="0" index="0" bw="4" slack="0"/>
<pin id="1551" dir="0" index="1" bw="1" slack="0"/>
<pin id="1552" dir="1" index="2" bw="4" slack="0"/>
</pin_list>
<bind>
<opcode="add(8) " fcode="add"/>
<opset="i_8/25 "/>
</bind>
</comp>

<comp id="1555" class="1004" name="tmp_s_fu_1555">
<pin_list>
<pin id="1556" dir="0" index="0" bw="64" slack="0"/>
<pin id="1557" dir="0" index="1" bw="1" slack="0"/>
<pin id="1558" dir="0" index="2" bw="4" slack="0"/>
<pin id="1559" dir="1" index="3" bw="64" slack="0"/>
</pin_list>
<bind>
<opcode="bitconcatenate(1004) " fcode="bitconcatenate"/>
<opset="tmp_s/25 "/>
</bind>
</comp>

<comp id="1564" class="1004" name="zext_ln162_fu_1564">
<pin_list>
<pin id="1565" dir="0" index="0" bw="4" slack="1"/>
<pin id="1566" dir="1" index="1" bw="64" slack="0"/>
</pin_list>
<bind>
<opcode="zext(34) " fcode="zext"/>
<opset="zext_ln162/26 "/>
</bind>
</comp>

<comp id="1572" class="1005" name="i_reg_1572">
<pin_list>
<pin id="1573" dir="0" index="0" bw="5" slack="0"/>
<pin id="1574" dir="1" index="1" bw="5" slack="0"/>
</pin_list>
<bind>
<opset="i "/>
</bind>
</comp>

<comp id="1577" class="1005" name="zext_ln80_reg_1577">
<pin_list>
<pin id="1578" dir="0" index="0" bw="64" slack="1"/>
<pin id="1579" dir="1" index="1" bw="64" slack="1"/>
</pin_list>
<bind>
<opset="zext_ln80 "/>
</bind>
</comp>

<comp id="1582" class="1005" name="input_V_addr_reg_1582">
<pin_list>
<pin id="1583" dir="0" index="0" bw="5" slack="1"/>
<pin id="1584" dir="1" index="1" bw="5" slack="1"/>
</pin_list>
<bind>
<opset="input_V_addr "/>
</bind>
</comp>

<comp id="1587" class="1005" name="zext_ln104_reg_1587">
<pin_list>
<pin id="1588" dir="0" index="0" bw="6" slack="1"/>
<pin id="1589" dir="1" index="1" bw="6" slack="1"/>
</pin_list>
<bind>
<opset="zext_ln104 "/>
</bind>
</comp>

<comp id="1595" class="1005" name="i_4_reg_1595">
<pin_list>
<pin id="1596" dir="0" index="0" bw="5" slack="0"/>
<pin id="1597" dir="1" index="1" bw="5" slack="0"/>
</pin_list>
<bind>
<opset="i_4 "/>
</bind>
</comp>

<comp id="1600" class="1005" name="zext_ln1598_reg_1600">
<pin_list>
<pin id="1601" dir="0" index="0" bw="7" slack="1"/>
<pin id="1602" dir="1" index="1" bw="7" slack="1"/>
</pin_list>
<bind>
<opset="zext_ln1598 "/>
</bind>
</comp>

<comp id="1608" class="1005" name="j_reg_1608">
<pin_list>
<pin id="1609" dir="0" index="0" bw="2" slack="0"/>
<pin id="1610" dir="1" index="1" bw="2" slack="0"/>
</pin_list>
<bind>
<opset="j "/>
</bind>
</comp>

<comp id="1613" class="1005" name="add_ln321_reg_1613">
<pin_list>
<pin id="1614" dir="0" index="0" bw="7" slack="1"/>
<pin id="1615" dir="1" index="1" bw="7" slack="1"/>
</pin_list>
<bind>
<opset="add_ln321 "/>
</bind>
</comp>

<comp id="1618" class="1005" name="message_V_addr_3_reg_1618">
<pin_list>
<pin id="1619" dir="0" index="0" bw="14" slack="1"/>
<pin id="1620" dir="1" index="1" bw="14" slack="1"/>
</pin_list>
<bind>
<opset="message_V_addr_3 "/>
</bind>
</comp>

<comp id="1626" class="1005" name="i_7_reg_1626">
<pin_list>
<pin id="1627" dir="0" index="0" bw="4" slack="0"/>
<pin id="1628" dir="1" index="1" bw="4" slack="0"/>
</pin_list>
<bind>
<opset="i_7 "/>
</bind>
</comp>

<comp id="1631" class="1005" name="zext_ln111_reg_1631">
<pin_list>
<pin id="1632" dir="0" index="0" bw="64" slack="1"/>
<pin id="1633" dir="1" index="1" bw="64" slack="1"/>
</pin_list>
<bind>
<opset="zext_ln111 "/>
</bind>
</comp>

<comp id="1636" class="1005" name="H_0_V_addr_reg_1636">
<pin_list>
<pin id="1637" dir="0" index="0" bw="3" slack="1"/>
<pin id="1638" dir="1" index="1" bw="3" slack="1"/>
</pin_list>
<bind>
<opset="H_0_V_addr "/>
</bind>
</comp>

<comp id="1644" class="1005" name="add_ln116_reg_1644">
<pin_list>
<pin id="1645" dir="0" index="0" bw="2" slack="4"/>
<pin id="1646" dir="1" index="1" bw="2" slack="4"/>
</pin_list>
<bind>
<opset="add_ln116 "/>
</bind>
</comp>

<comp id="1649" class="1005" name="tmp_2_reg_1649">
<pin_list>
<pin id="1650" dir="0" index="0" bw="5" slack="1"/>
<pin id="1651" dir="1" index="1" bw="5" slack="1"/>
</pin_list>
<bind>
<opset="tmp_2 "/>
</bind>
</comp>

<comp id="1659" class="1005" name="H_V_addr_1_reg_1659">
<pin_list>
<pin id="1660" dir="0" index="0" bw="8" slack="1"/>
<pin id="1661" dir="1" index="1" bw="8" slack="1"/>
</pin_list>
<bind>
<opset="H_V_addr_1 "/>
</bind>
</comp>

<comp id="1664" class="1005" name="H_V_addr_2_reg_1664">
<pin_list>
<pin id="1665" dir="0" index="0" bw="8" slack="1"/>
<pin id="1666" dir="1" index="1" bw="8" slack="1"/>
</pin_list>
<bind>
<opset="H_V_addr_2 "/>
</bind>
</comp>

<comp id="1669" class="1005" name="H_V_addr_3_reg_1669">
<pin_list>
<pin id="1670" dir="0" index="0" bw="8" slack="1"/>
<pin id="1671" dir="1" index="1" bw="8" slack="1"/>
</pin_list>
<bind>
<opset="H_V_addr_3 "/>
</bind>
</comp>

<comp id="1674" class="1005" name="H_V_addr_4_reg_1674">
<pin_list>
<pin id="1675" dir="0" index="0" bw="8" slack="1"/>
<pin id="1676" dir="1" index="1" bw="8" slack="1"/>
</pin_list>
<bind>
<opset="H_V_addr_4 "/>
</bind>
</comp>

<comp id="1679" class="1005" name="a_V_reg_1679">
<pin_list>
<pin id="1680" dir="0" index="0" bw="32" slack="4"/>
<pin id="1681" dir="1" index="1" bw="32" slack="4"/>
</pin_list>
<bind>
<opset="a_V "/>
</bind>
</comp>

<comp id="1685" class="1005" name="b_V_reg_1685">
<pin_list>
<pin id="1686" dir="0" index="0" bw="32" slack="4"/>
<pin id="1687" dir="1" index="1" bw="32" slack="4"/>
</pin_list>
<bind>
<opset="b_V "/>
</bind>
</comp>

<comp id="1691" class="1005" name="H_V_addr_5_reg_1691">
<pin_list>
<pin id="1692" dir="0" index="0" bw="8" slack="1"/>
<pin id="1693" dir="1" index="1" bw="8" slack="1"/>
</pin_list>
<bind>
<opset="H_V_addr_5 "/>
</bind>
</comp>

<comp id="1696" class="1005" name="H_V_addr_6_reg_1696">
<pin_list>
<pin id="1697" dir="0" index="0" bw="8" slack="1"/>
<pin id="1698" dir="1" index="1" bw="8" slack="1"/>
</pin_list>
<bind>
<opset="H_V_addr_6 "/>
</bind>
</comp>

<comp id="1701" class="1005" name="c_V_reg_1701">
<pin_list>
<pin id="1702" dir="0" index="0" bw="32" slack="3"/>
<pin id="1703" dir="1" index="1" bw="32" slack="3"/>
</pin_list>
<bind>
<opset="c_V "/>
</bind>
</comp>

<comp id="1707" class="1005" name="d_V_reg_1707">
<pin_list>
<pin id="1708" dir="0" index="0" bw="32" slack="3"/>
<pin id="1709" dir="1" index="1" bw="32" slack="3"/>
</pin_list>
<bind>
<opset="d_V "/>
</bind>
</comp>

<comp id="1713" class="1005" name="H_V_addr_7_reg_1713">
<pin_list>
<pin id="1714" dir="0" index="0" bw="8" slack="1"/>
<pin id="1715" dir="1" index="1" bw="8" slack="1"/>
</pin_list>
<bind>
<opset="H_V_addr_7 "/>
</bind>
</comp>

<comp id="1718" class="1005" name="H_V_addr_8_reg_1718">
<pin_list>
<pin id="1719" dir="0" index="0" bw="8" slack="1"/>
<pin id="1720" dir="1" index="1" bw="8" slack="1"/>
</pin_list>
<bind>
<opset="H_V_addr_8 "/>
</bind>
</comp>

<comp id="1723" class="1005" name="e_V_reg_1723">
<pin_list>
<pin id="1724" dir="0" index="0" bw="32" slack="2"/>
<pin id="1725" dir="1" index="1" bw="32" slack="2"/>
</pin_list>
<bind>
<opset="e_V "/>
</bind>
</comp>

<comp id="1729" class="1005" name="f_V_reg_1729">
<pin_list>
<pin id="1730" dir="0" index="0" bw="32" slack="2"/>
<pin id="1731" dir="1" index="1" bw="32" slack="2"/>
</pin_list>
<bind>
<opset="f_V "/>
</bind>
</comp>

<comp id="1735" class="1005" name="zext_ln116_1_reg_1735">
<pin_list>
<pin id="1736" dir="0" index="0" bw="7" slack="1"/>
<pin id="1737" dir="1" index="1" bw="7" slack="1"/>
</pin_list>
<bind>
<opset="zext_ln116_1 "/>
</bind>
</comp>

<comp id="1740" class="1005" name="g_V_reg_1740">
<pin_list>
<pin id="1741" dir="0" index="0" bw="32" slack="1"/>
<pin id="1742" dir="1" index="1" bw="32" slack="1"/>
</pin_list>
<bind>
<opset="g_V "/>
</bind>
</comp>

<comp id="1746" class="1005" name="h_V_reg_1746">
<pin_list>
<pin id="1747" dir="0" index="0" bw="32" slack="1"/>
<pin id="1748" dir="1" index="1" bw="32" slack="1"/>
</pin_list>
<bind>
<opset="h_V "/>
</bind>
</comp>

<comp id="1755" class="1005" name="j_1_reg_1755">
<pin_list>
<pin id="1756" dir="0" index="0" bw="7" slack="0"/>
<pin id="1757" dir="1" index="1" bw="7" slack="0"/>
</pin_list>
<bind>
<opset="j_1 "/>
</bind>
</comp>

<comp id="1760" class="1005" name="ch_V_reg_1760">
<pin_list>
<pin id="1761" dir="0" index="0" bw="32" slack="3"/>
<pin id="1762" dir="1" index="1" bw="32" slack="3"/>
</pin_list>
<bind>
<opset="ch_V "/>
</bind>
</comp>

<comp id="1765" class="1005" name="maj_V_reg_1765">
<pin_list>
<pin id="1766" dir="0" index="0" bw="32" slack="6"/>
<pin id="1767" dir="1" index="1" bw="32" slack="6"/>
</pin_list>
<bind>
<opset="maj_V "/>
</bind>
</comp>

<comp id="1770" class="1005" name="ret_V_17_reg_1770">
<pin_list>
<pin id="1771" dir="0" index="0" bw="32" slack="6"/>
<pin id="1772" dir="1" index="1" bw="32" slack="6"/>
</pin_list>
<bind>
<opset="ret_V_17 "/>
</bind>
</comp>

<comp id="1775" class="1005" name="ret_V_21_reg_1775">
<pin_list>
<pin id="1776" dir="0" index="0" bw="32" slack="3"/>
<pin id="1777" dir="1" index="1" bw="32" slack="3"/>
</pin_list>
<bind>
<opset="ret_V_21 "/>
</bind>
</comp>

<comp id="1780" class="1005" name="icmp_ln134_reg_1780">
<pin_list>
<pin id="1781" dir="0" index="0" bw="1" slack="3"/>
<pin id="1782" dir="1" index="1" bw="1" slack="2147483647"/>
</pin_list>
<bind>
<opset="icmp_ln134 "/>
</bind>
</comp>

<comp id="1784" class="1005" name="zext_ln135_reg_1784">
<pin_list>
<pin id="1785" dir="0" index="0" bw="64" slack="1"/>
<pin id="1786" dir="1" index="1" bw="64" slack="1"/>
</pin_list>
<bind>
<opset="zext_ln135 "/>
</bind>
</comp>

<comp id="1792" class="1005" name="M_V_addr_1_reg_1792">
<pin_list>
<pin id="1793" dir="0" index="0" bw="9" slack="1"/>
<pin id="1794" dir="1" index="1" bw="9" slack="1"/>
</pin_list>
<bind>
<opset="M_V_addr_1 "/>
</bind>
</comp>

<comp id="1797" class="1005" name="W_V_addr_1_reg_1797">
<pin_list>
<pin id="1798" dir="0" index="0" bw="6" slack="1"/>
<pin id="1799" dir="1" index="1" bw="6" slack="1"/>
</pin_list>
<bind>
<opset="W_V_addr_1 "/>
</bind>
</comp>

<comp id="1802" class="1005" name="W_V_addr_2_reg_1802">
<pin_list>
<pin id="1803" dir="0" index="0" bw="6" slack="1"/>
<pin id="1804" dir="1" index="1" bw="6" slack="1"/>
</pin_list>
<bind>
<opset="W_V_addr_2 "/>
</bind>
</comp>

<comp id="1807" class="1005" name="tmp_10_reg_1807">
<pin_list>
<pin id="1808" dir="0" index="0" bw="5" slack="1"/>
<pin id="1809" dir="1" index="1" bw="5" slack="1"/>
</pin_list>
<bind>
<opset="tmp_10 "/>
</bind>
</comp>

<comp id="1817" class="1005" name="add_ln209_2_reg_1817">
<pin_list>
<pin id="1818" dir="0" index="0" bw="32" slack="1"/>
<pin id="1819" dir="1" index="1" bw="32" slack="1"/>
</pin_list>
<bind>
<opset="add_ln209_2 "/>
</bind>
</comp>

<comp id="1822" class="1005" name="add_ln209_4_reg_1822">
<pin_list>
<pin id="1823" dir="0" index="0" bw="32" slack="2"/>
<pin id="1824" dir="1" index="1" bw="32" slack="2"/>
</pin_list>
<bind>
<opset="add_ln209_4 "/>
</bind>
</comp>

<comp id="1827" class="1005" name="add_ln209_5_reg_1827">
<pin_list>
<pin id="1828" dir="0" index="0" bw="32" slack="2"/>
<pin id="1829" dir="1" index="1" bw="32" slack="2"/>
</pin_list>
<bind>
<opset="add_ln209_5 "/>
</bind>
</comp>

<comp id="1832" class="1005" name="add_ln209_6_reg_1832">
<pin_list>
<pin id="1833" dir="0" index="0" bw="32" slack="3"/>
<pin id="1834" dir="1" index="1" bw="32" slack="3"/>
</pin_list>
<bind>
<opset="add_ln209_6 "/>
</bind>
</comp>

<comp id="1837" class="1005" name="i_9_reg_1837">
<pin_list>
<pin id="1838" dir="0" index="0" bw="2" slack="1"/>
<pin id="1839" dir="1" index="1" bw="2" slack="1"/>
</pin_list>
<bind>
<opset="i_9 "/>
</bind>
</comp>

<comp id="1842" class="1005" name="W_V_load_reg_1842">
<pin_list>
<pin id="1843" dir="0" index="0" bw="32" slack="2"/>
<pin id="1844" dir="1" index="1" bw="32" slack="2"/>
</pin_list>
<bind>
<opset="W_V_load "/>
</bind>
</comp>

<comp id="1847" class="1005" name="W_V_addr_3_reg_1847">
<pin_list>
<pin id="1848" dir="0" index="0" bw="6" slack="1"/>
<pin id="1849" dir="1" index="1" bw="6" slack="1"/>
</pin_list>
<bind>
<opset="W_V_addr_3 "/>
</bind>
</comp>

<comp id="1852" class="1005" name="W_V_addr_4_reg_1852">
<pin_list>
<pin id="1853" dir="0" index="0" bw="6" slack="1"/>
<pin id="1854" dir="1" index="1" bw="6" slack="1"/>
</pin_list>
<bind>
<opset="W_V_addr_4 "/>
</bind>
</comp>

<comp id="1857" class="1005" name="add_ln209_9_reg_1857">
<pin_list>
<pin id="1858" dir="0" index="0" bw="32" slack="1"/>
<pin id="1859" dir="1" index="1" bw="32" slack="1"/>
</pin_list>
<bind>
<opset="add_ln209_9 "/>
</bind>
</comp>

<comp id="1862" class="1005" name="add_ln209_13_reg_1862">
<pin_list>
<pin id="1863" dir="0" index="0" bw="32" slack="2"/>
<pin id="1864" dir="1" index="1" bw="32" slack="2"/>
</pin_list>
<bind>
<opset="add_ln209_13 "/>
</bind>
</comp>

<comp id="1867" class="1005" name="K_addr_reg_1867">
<pin_list>
<pin id="1868" dir="0" index="0" bw="6" slack="1"/>
<pin id="1869" dir="1" index="1" bw="6" slack="1"/>
</pin_list>
<bind>
<opset="K_addr "/>
</bind>
</comp>

<comp id="1872" class="1005" name="W_V_addr_6_reg_1872">
<pin_list>
<pin id="1873" dir="0" index="0" bw="6" slack="1"/>
<pin id="1874" dir="1" index="1" bw="6" slack="1"/>
</pin_list>
<bind>
<opset="W_V_addr_6 "/>
</bind>
</comp>

<comp id="1877" class="1005" name="T1_V_reg_1877">
<pin_list>
<pin id="1878" dir="0" index="0" bw="32" slack="1"/>
<pin id="1879" dir="1" index="1" bw="32" slack="1"/>
</pin_list>
<bind>
<opset="T1_V "/>
</bind>
</comp>

<comp id="1883" class="1005" name="e_V_1_reg_1883">
<pin_list>
<pin id="1884" dir="0" index="0" bw="32" slack="1"/>
<pin id="1885" dir="1" index="1" bw="32" slack="1"/>
</pin_list>
<bind>
<opset="e_V_1 "/>
</bind>
</comp>

<comp id="1888" class="1005" name="a_V_1_reg_1888">
<pin_list>
<pin id="1889" dir="0" index="0" bw="32" slack="1"/>
<pin id="1890" dir="1" index="1" bw="32" slack="1"/>
</pin_list>
<bind>
<opset="a_V_1 "/>
</bind>
</comp>

<comp id="1896" class="1005" name="i_8_reg_1896">
<pin_list>
<pin id="1897" dir="0" index="0" bw="4" slack="0"/>
<pin id="1898" dir="1" index="1" bw="4" slack="0"/>
</pin_list>
<bind>
<opset="i_8 "/>
</bind>
</comp>

<comp id="1901" class="1005" name="H_V_addr_9_reg_1901">
<pin_list>
<pin id="1902" dir="0" index="0" bw="8" slack="1"/>
<pin id="1903" dir="1" index="1" bw="8" slack="1"/>
</pin_list>
<bind>
<opset="H_V_addr_9 "/>
</bind>
</comp>

</comp_list>

<net_list>
<net id="173"><net_src comp="8" pin="0"/><net_sink comp="170" pin=0"/></net>

<net id="177"><net_src comp="8" pin="0"/><net_sink comp="174" pin=0"/></net>

<net id="181"><net_src comp="8" pin="0"/><net_sink comp="178" pin=0"/></net>

<net id="185"><net_src comp="8" pin="0"/><net_sink comp="182" pin=0"/></net>

<net id="191"><net_src comp="0" pin="0"/><net_sink comp="186" pin=0"/></net>

<net id="192"><net_src comp="20" pin="0"/><net_sink comp="186" pin=1"/></net>

<net id="198"><net_src comp="186" pin="3"/><net_sink comp="193" pin=0"/></net>

<net id="204"><net_src comp="20" pin="0"/><net_sink comp="199" pin=1"/></net>

<net id="205"><net_src comp="22" pin="0"/><net_sink comp="199" pin=2"/></net>

<net id="211"><net_src comp="24" pin="0"/><net_sink comp="206" pin=1"/></net>

<net id="212"><net_src comp="199" pin="3"/><net_sink comp="206" pin=0"/></net>

<net id="218"><net_src comp="20" pin="0"/><net_sink comp="213" pin=1"/></net>

<net id="219"><net_src comp="26" pin="0"/><net_sink comp="213" pin=2"/></net>

<net id="224"><net_src comp="28" pin="0"/><net_sink comp="206" pin=4"/></net>

<net id="225"><net_src comp="213" pin="3"/><net_sink comp="206" pin=2"/></net>

<net id="231"><net_src comp="20" pin="0"/><net_sink comp="226" pin=1"/></net>

<net id="232"><net_src comp="193" pin="3"/><net_sink comp="206" pin=1"/></net>

<net id="233"><net_src comp="226" pin="3"/><net_sink comp="206" pin=0"/></net>

<net id="239"><net_src comp="20" pin="0"/><net_sink comp="234" pin=1"/></net>

<net id="240"><net_src comp="234" pin="3"/><net_sink comp="206" pin=2"/></net>

<net id="246"><net_src comp="20" pin="0"/><net_sink comp="241" pin=1"/></net>

<net id="252"><net_src comp="206" pin="7"/><net_sink comp="247" pin=1"/></net>

<net id="253"><net_src comp="241" pin="3"/><net_sink comp="247" pin=0"/></net>

<net id="259"><net_src comp="4" pin="0"/><net_sink comp="254" pin=0"/></net>

<net id="260"><net_src comp="20" pin="0"/><net_sink comp="254" pin=1"/></net>

<net id="266"><net_src comp="254" pin="3"/><net_sink comp="261" pin=0"/></net>

<net id="272"><net_src comp="20" pin="0"/><net_sink comp="267" pin=1"/></net>

<net id="278"><net_src comp="261" pin="3"/><net_sink comp="273" pin=1"/></net>

<net id="279"><net_src comp="267" pin="3"/><net_sink comp="273" pin=0"/></net>

<net id="285"><net_src comp="20" pin="0"/><net_sink comp="280" pin=1"/></net>

<net id="291"><net_src comp="20" pin="0"/><net_sink comp="286" pin=1"/></net>

<net id="292"><net_src comp="280" pin="3"/><net_sink comp="273" pin=0"/></net>

<net id="297"><net_src comp="286" pin="3"/><net_sink comp="273" pin=2"/></net>

<net id="303"><net_src comp="20" pin="0"/><net_sink comp="298" pin=1"/></net>

<net id="309"><net_src comp="20" pin="0"/><net_sink comp="304" pin=1"/></net>

<net id="310"><net_src comp="298" pin="3"/><net_sink comp="273" pin=2"/></net>

<net id="311"><net_src comp="304" pin="3"/><net_sink comp="273" pin=0"/></net>

<net id="317"><net_src comp="20" pin="0"/><net_sink comp="312" pin=1"/></net>

<net id="323"><net_src comp="20" pin="0"/><net_sink comp="318" pin=1"/></net>

<net id="324"><net_src comp="312" pin="3"/><net_sink comp="273" pin=2"/></net>

<net id="325"><net_src comp="318" pin="3"/><net_sink comp="273" pin=0"/></net>

<net id="331"><net_src comp="20" pin="0"/><net_sink comp="326" pin=1"/></net>

<net id="337"><net_src comp="20" pin="0"/><net_sink comp="332" pin=1"/></net>

<net id="338"><net_src comp="326" pin="3"/><net_sink comp="273" pin=2"/></net>

<net id="339"><net_src comp="332" pin="3"/><net_sink comp="273" pin=0"/></net>

<net id="345"><net_src comp="20" pin="0"/><net_sink comp="340" pin=1"/></net>

<net id="351"><net_src comp="20" pin="0"/><net_sink comp="346" pin=1"/></net>

<net id="357"><net_src comp="346" pin="3"/><net_sink comp="352" pin=0"/></net>

<net id="363"><net_src comp="20" pin="0"/><net_sink comp="358" pin=1"/></net>

<net id="368"><net_src comp="358" pin="3"/><net_sink comp="352" pin=2"/></net>

<net id="369"><net_src comp="340" pin="3"/><net_sink comp="247" pin=0"/></net>

<net id="375"><net_src comp="20" pin="0"/><net_sink comp="370" pin=1"/></net>

<net id="381"><net_src comp="20" pin="0"/><net_sink comp="376" pin=1"/></net>

<net id="382"><net_src comp="370" pin="3"/><net_sink comp="273" pin=2"/></net>

<net id="383"><net_src comp="376" pin="3"/><net_sink comp="273" pin=0"/></net>

<net id="389"><net_src comp="20" pin="0"/><net_sink comp="384" pin=1"/></net>

<net id="390"><net_src comp="384" pin="3"/><net_sink comp="352" pin=0"/></net>

<net id="396"><net_src comp="20" pin="0"/><net_sink comp="391" pin=1"/></net>

<net id="397"><net_src comp="391" pin="3"/><net_sink comp="352" pin=2"/></net>

<net id="403"><net_src comp="20" pin="0"/><net_sink comp="398" pin=1"/></net>

<net id="404"><net_src comp="398" pin="3"/><net_sink comp="352" pin=0"/></net>

<net id="410"><net_src comp="20" pin="0"/><net_sink comp="405" pin=1"/></net>

<net id="411"><net_src comp="247" pin="3"/><net_sink comp="352" pin=4"/></net>

<net id="412"><net_src comp="405" pin="3"/><net_sink comp="352" pin=2"/></net>

<net id="418"><net_src comp="6" pin="0"/><net_sink comp="413" pin=0"/></net>

<net id="419"><net_src comp="20" pin="0"/><net_sink comp="413" pin=1"/></net>

<net id="425"><net_src comp="413" pin="3"/><net_sink comp="420" pin=0"/></net>

<net id="431"><net_src comp="20" pin="0"/><net_sink comp="426" pin=1"/></net>

<net id="432"><net_src comp="426" pin="3"/><net_sink comp="352" pin=0"/></net>

<net id="438"><net_src comp="20" pin="0"/><net_sink comp="433" pin=1"/></net>

<net id="444"><net_src comp="20" pin="0"/><net_sink comp="439" pin=1"/></net>

<net id="445"><net_src comp="433" pin="3"/><net_sink comp="273" pin=2"/></net>

<net id="446"><net_src comp="439" pin="3"/><net_sink comp="273" pin=0"/></net>

<net id="452"><net_src comp="20" pin="0"/><net_sink comp="447" pin=1"/></net>

<net id="458"><net_src comp="20" pin="0"/><net_sink comp="453" pin=1"/></net>

<net id="459"><net_src comp="447" pin="3"/><net_sink comp="273" pin=2"/></net>

<net id="460"><net_src comp="453" pin="3"/><net_sink comp="273" pin=0"/></net>

<net id="466"><net_src comp="20" pin="0"/><net_sink comp="461" pin=1"/></net>

<net id="472"><net_src comp="20" pin="0"/><net_sink comp="467" pin=1"/></net>

<net id="473"><net_src comp="461" pin="3"/><net_sink comp="273" pin=2"/></net>

<net id="474"><net_src comp="467" pin="3"/><net_sink comp="273" pin=0"/></net>

<net id="480"><net_src comp="20" pin="0"/><net_sink comp="475" pin=1"/></net>

<net id="481"><net_src comp="475" pin="3"/><net_sink comp="273" pin=2"/></net>

<net id="487"><net_src comp="2" pin="0"/><net_sink comp="482" pin=0"/></net>

<net id="488"><net_src comp="20" pin="0"/><net_sink comp="482" pin=1"/></net>

<net id="494"><net_src comp="273" pin="7"/><net_sink comp="489" pin=1"/></net>

<net id="495"><net_src comp="482" pin="3"/><net_sink comp="489" pin=0"/></net>

<net id="499"><net_src comp="10" pin="0"/><net_sink comp="496" pin=0"/></net>

<net id="506"><net_src comp="496" pin="1"/><net_sink comp="500" pin=2"/></net>

<net id="510"><net_src comp="10" pin="0"/><net_sink comp="507" pin=0"/></net>

<net id="517"><net_src comp="507" pin="1"/><net_sink comp="511" pin=0"/></net>

<net id="521"><net_src comp="34" pin="0"/><net_sink comp="518" pin=0"/></net>

<net id="528"><net_src comp="518" pin="1"/><net_sink comp="522" pin=2"/></net>

<net id="532"><net_src comp="44" pin="0"/><net_sink comp="529" pin=0"/></net>

<net id="539"><net_src comp="529" pin="1"/><net_sink comp="533" pin=2"/></net>

<net id="543"><net_src comp="40" pin="0"/><net_sink comp="540" pin=0"/></net>

<net id="550"><net_src comp="540" pin="1"/><net_sink comp="544" pin=2"/></net>

<net id="551"><net_src comp="544" pin="4"/><net_sink comp="540" pin=0"/></net>

<net id="561"><net_src comp="555" pin="4"/><net_sink comp="552" pin=0"/></net>

<net id="571"><net_src comp="552" pin="1"/><net_sink comp="565" pin=0"/></net>

<net id="572"><net_src comp="565" pin="4"/><net_sink comp="562" pin=0"/></net>

<net id="582"><net_src comp="562" pin="1"/><net_sink comp="576" pin=0"/></net>

<net id="583"><net_src comp="576" pin="4"/><net_sink comp="573" pin=0"/></net>

<net id="593"><net_src comp="573" pin="1"/><net_sink comp="587" pin=0"/></net>

<net id="594"><net_src comp="587" pin="4"/><net_sink comp="584" pin=0"/></net>

<net id="604"><net_src comp="598" pin="4"/><net_sink comp="595" pin=0"/></net>

<net id="614"><net_src comp="595" pin="1"/><net_sink comp="608" pin=0"/></net>

<net id="615"><net_src comp="608" pin="4"/><net_sink comp="605" pin=0"/></net>

<net id="625"><net_src comp="605" pin="1"/><net_sink comp="619" pin=0"/></net>

<net id="626"><net_src comp="619" pin="4"/><net_sink comp="616" pin=0"/></net>

<net id="636"><net_src comp="616" pin="1"/><net_sink comp="630" pin=0"/></net>

<net id="637"><net_src comp="630" pin="4"/><net_sink comp="627" pin=0"/></net>

<net id="641"><net_src comp="74" pin="0"/><net_sink comp="638" pin=0"/></net>

<net id="648"><net_src comp="638" pin="1"/><net_sink comp="642" pin=2"/></net>

<net id="649"><net_src comp="642" pin="4"/><net_sink comp="638" pin=0"/></net>

<net id="653"><net_src comp="44" pin="0"/><net_sink comp="650" pin=0"/></net>

<net id="660"><net_src comp="650" pin="1"/><net_sink comp="654" pin=2"/></net>

<net id="661"><net_src comp="654" pin="4"/><net_sink comp="650" pin=0"/></net>

<net id="665"><net_src comp="352" pin="3"/><net_sink comp="662" pin=0"/></net>

<net id="666"><net_src comp="352" pin="7"/><net_sink comp="662" pin=0"/></net>

<net id="671"><net_src comp="500" pin="4"/><net_sink comp="667" pin=0"/></net>

<net id="672"><net_src comp="16" pin="0"/><net_sink comp="667" pin=1"/></net>

<net id="677"><net_src comp="500" pin="4"/><net_sink comp="673" pin=0"/></net>

<net id="678"><net_src comp="18" pin="0"/><net_sink comp="673" pin=1"/></net>

<net id="682"><net_src comp="500" pin="4"/><net_sink comp="679" pin=0"/></net>

<net id="683"><net_src comp="679" pin="1"/><net_sink comp="186" pin=2"/></net>

<net id="687"><net_src comp="511" pin="4"/><net_sink comp="684" pin=0"/></net>

<net id="692"><net_src comp="511" pin="4"/><net_sink comp="688" pin=0"/></net>

<net id="693"><net_src comp="30" pin="0"/><net_sink comp="688" pin=1"/></net>

<net id="698"><net_src comp="511" pin="4"/><net_sink comp="694" pin=0"/></net>

<net id="699"><net_src comp="18" pin="0"/><net_sink comp="694" pin=1"/></net>

<net id="703"><net_src comp="511" pin="4"/><net_sink comp="700" pin=0"/></net>

<net id="708"><net_src comp="522" pin="4"/><net_sink comp="704" pin=0"/></net>

<net id="709"><net_src comp="36" pin="0"/><net_sink comp="704" pin=1"/></net>

<net id="714"><net_src comp="522" pin="4"/><net_sink comp="710" pin=0"/></net>

<net id="715"><net_src comp="40" pin="0"/><net_sink comp="710" pin=1"/></net>

<net id="721"><net_src comp="42" pin="0"/><net_sink comp="716" pin=0"/></net>

<net id="722"><net_src comp="522" pin="4"/><net_sink comp="716" pin=1"/></net>

<net id="723"><net_src comp="44" pin="0"/><net_sink comp="716" pin=2"/></net>

<net id="727"><net_src comp="716" pin="3"/><net_sink comp="724" pin=0"/></net>

<net id="732"><net_src comp="724" pin="1"/><net_sink comp="728" pin=1"/></net>

<net id="737"><net_src comp="716" pin="3"/><net_sink comp="733" pin=1"/></net>

<net id="741"><net_src comp="733" pin="2"/><net_sink comp="738" pin=0"/></net>

<net id="742"><net_src comp="738" pin="1"/><net_sink comp="234" pin=2"/></net>

<net id="746"><net_src comp="743" pin="1"/><net_sink comp="241" pin=2"/></net>

<net id="751"><net_src comp="533" pin="4"/><net_sink comp="747" pin=0"/></net>

<net id="752"><net_src comp="46" pin="0"/><net_sink comp="747" pin=1"/></net>

<net id="757"><net_src comp="533" pin="4"/><net_sink comp="753" pin=0"/></net>

<net id="758"><net_src comp="50" pin="0"/><net_sink comp="753" pin=1"/></net>

<net id="762"><net_src comp="533" pin="4"/><net_sink comp="759" pin=0"/></net>

<net id="763"><net_src comp="759" pin="1"/><net_sink comp="254" pin=2"/></net>

<net id="768"><net_src comp="544" pin="4"/><net_sink comp="764" pin=0"/></net>

<net id="769"><net_src comp="36" pin="0"/><net_sink comp="764" pin=1"/></net>

<net id="774"><net_src comp="544" pin="4"/><net_sink comp="770" pin=0"/></net>

<net id="775"><net_src comp="36" pin="0"/><net_sink comp="770" pin=1"/></net>

<net id="781"><net_src comp="54" pin="0"/><net_sink comp="776" pin=0"/></net>

<net id="782"><net_src comp="770" pin="2"/><net_sink comp="776" pin=1"/></net>

<net id="783"><net_src comp="56" pin="0"/><net_sink comp="776" pin=2"/></net>

<net id="787"><net_src comp="776" pin="3"/><net_sink comp="784" pin=0"/></net>

<net id="788"><net_src comp="784" pin="1"/><net_sink comp="280" pin=2"/></net>

<net id="793"><net_src comp="776" pin="3"/><net_sink comp="789" pin=0"/></net>

<net id="794"><net_src comp="18" pin="0"/><net_sink comp="789" pin=1"/></net>

<net id="800"><net_src comp="58" pin="0"/><net_sink comp="795" pin=0"/></net>

<net id="801"><net_src comp="60" pin="0"/><net_sink comp="795" pin=1"/></net>

<net id="802"><net_src comp="789" pin="2"/><net_sink comp="795" pin=2"/></net>

<net id="803"><net_src comp="795" pin="3"/><net_sink comp="286" pin=2"/></net>

<net id="808"><net_src comp="62" pin="0"/><net_sink comp="804" pin=1"/></net>

<net id="814"><net_src comp="58" pin="0"/><net_sink comp="809" pin=0"/></net>

<net id="815"><net_src comp="60" pin="0"/><net_sink comp="809" pin=1"/></net>

<net id="816"><net_src comp="804" pin="2"/><net_sink comp="809" pin=2"/></net>

<net id="817"><net_src comp="809" pin="3"/><net_sink comp="298" pin=2"/></net>

<net id="822"><net_src comp="64" pin="0"/><net_sink comp="818" pin=1"/></net>

<net id="828"><net_src comp="58" pin="0"/><net_sink comp="823" pin=0"/></net>

<net id="829"><net_src comp="60" pin="0"/><net_sink comp="823" pin=1"/></net>

<net id="830"><net_src comp="818" pin="2"/><net_sink comp="823" pin=2"/></net>

<net id="831"><net_src comp="823" pin="3"/><net_sink comp="304" pin=2"/></net>

<net id="836"><net_src comp="66" pin="0"/><net_sink comp="832" pin=1"/></net>

<net id="842"><net_src comp="58" pin="0"/><net_sink comp="837" pin=0"/></net>

<net id="843"><net_src comp="60" pin="0"/><net_sink comp="837" pin=1"/></net>

<net id="844"><net_src comp="832" pin="2"/><net_sink comp="837" pin=2"/></net>

<net id="845"><net_src comp="837" pin="3"/><net_sink comp="312" pin=2"/></net>

<net id="850"><net_src comp="68" pin="0"/><net_sink comp="846" pin=1"/></net>

<net id="856"><net_src comp="58" pin="0"/><net_sink comp="851" pin=0"/></net>

<net id="857"><net_src comp="60" pin="0"/><net_sink comp="851" pin=1"/></net>

<net id="858"><net_src comp="846" pin="2"/><net_sink comp="851" pin=2"/></net>

<net id="859"><net_src comp="851" pin="3"/><net_sink comp="318" pin=2"/></net>

<net id="864"><net_src comp="70" pin="0"/><net_sink comp="860" pin=1"/></net>

<net id="870"><net_src comp="58" pin="0"/><net_sink comp="865" pin=0"/></net>

<net id="871"><net_src comp="60" pin="0"/><net_sink comp="865" pin=1"/></net>

<net id="872"><net_src comp="860" pin="2"/><net_sink comp="865" pin=2"/></net>

<net id="873"><net_src comp="865" pin="3"/><net_sink comp="326" pin=2"/></net>

<net id="878"><net_src comp="72" pin="0"/><net_sink comp="874" pin=1"/></net>

<net id="884"><net_src comp="58" pin="0"/><net_sink comp="879" pin=0"/></net>

<net id="885"><net_src comp="60" pin="0"/><net_sink comp="879" pin=1"/></net>

<net id="886"><net_src comp="874" pin="2"/><net_sink comp="879" pin=2"/></net>

<net id="887"><net_src comp="879" pin="3"/><net_sink comp="332" pin=2"/></net>

<net id="893"><net_src comp="42" pin="0"/><net_sink comp="888" pin=0"/></net>

<net id="894"><net_src comp="44" pin="0"/><net_sink comp="888" pin=2"/></net>

<net id="898"><net_src comp="888" pin="3"/><net_sink comp="895" pin=0"/></net>

<net id="903"><net_src comp="642" pin="4"/><net_sink comp="899" pin=0"/></net>

<net id="904"><net_src comp="76" pin="0"/><net_sink comp="899" pin=1"/></net>

<net id="909"><net_src comp="642" pin="4"/><net_sink comp="905" pin=0"/></net>

<net id="910"><net_src comp="80" pin="0"/><net_sink comp="905" pin=1"/></net>

<net id="915"><net_src comp="608" pin="4"/><net_sink comp="911" pin=0"/></net>

<net id="916"><net_src comp="598" pin="4"/><net_sink comp="911" pin=1"/></net>

<net id="921"><net_src comp="598" pin="4"/><net_sink comp="917" pin=0"/></net>

<net id="922"><net_src comp="82" pin="0"/><net_sink comp="917" pin=1"/></net>

<net id="927"><net_src comp="619" pin="4"/><net_sink comp="923" pin=0"/></net>

<net id="928"><net_src comp="917" pin="2"/><net_sink comp="923" pin=1"/></net>

<net id="933"><net_src comp="923" pin="2"/><net_sink comp="929" pin=0"/></net>

<net id="934"><net_src comp="911" pin="2"/><net_sink comp="929" pin=1"/></net>

<net id="939"><net_src comp="576" pin="4"/><net_sink comp="935" pin=0"/></net>

<net id="940"><net_src comp="565" pin="4"/><net_sink comp="935" pin=1"/></net>

<net id="945"><net_src comp="935" pin="2"/><net_sink comp="941" pin=0"/></net>

<net id="946"><net_src comp="555" pin="4"/><net_sink comp="941" pin=1"/></net>

<net id="951"><net_src comp="576" pin="4"/><net_sink comp="947" pin=0"/></net>

<net id="952"><net_src comp="565" pin="4"/><net_sink comp="947" pin=1"/></net>

<net id="957"><net_src comp="941" pin="2"/><net_sink comp="953" pin=0"/></net>

<net id="958"><net_src comp="947" pin="2"/><net_sink comp="953" pin=1"/></net>

<net id="965"><net_src comp="84" pin="0"/><net_sink comp="959" pin=0"/></net>

<net id="966"><net_src comp="555" pin="4"/><net_sink comp="959" pin=1"/></net>

<net id="967"><net_src comp="86" pin="0"/><net_sink comp="959" pin=2"/></net>

<net id="968"><net_src comp="88" pin="0"/><net_sink comp="959" pin=3"/></net>

<net id="972"><net_src comp="555" pin="4"/><net_sink comp="969" pin=0"/></net>

<net id="978"><net_src comp="90" pin="0"/><net_sink comp="973" pin=0"/></net>

<net id="979"><net_src comp="969" pin="1"/><net_sink comp="973" pin=1"/></net>

<net id="980"><net_src comp="959" pin="4"/><net_sink comp="973" pin=2"/></net>

<net id="987"><net_src comp="92" pin="0"/><net_sink comp="981" pin=0"/></net>

<net id="988"><net_src comp="555" pin="4"/><net_sink comp="981" pin=1"/></net>

<net id="989"><net_src comp="94" pin="0"/><net_sink comp="981" pin=2"/></net>

<net id="990"><net_src comp="88" pin="0"/><net_sink comp="981" pin=3"/></net>

<net id="994"><net_src comp="555" pin="4"/><net_sink comp="991" pin=0"/></net>

<net id="1000"><net_src comp="96" pin="0"/><net_sink comp="995" pin=0"/></net>

<net id="1001"><net_src comp="991" pin="1"/><net_sink comp="995" pin=1"/></net>

<net id="1002"><net_src comp="981" pin="4"/><net_sink comp="995" pin=2"/></net>

<net id="1009"><net_src comp="98" pin="0"/><net_sink comp="1003" pin=0"/></net>

<net id="1010"><net_src comp="555" pin="4"/><net_sink comp="1003" pin=1"/></net>

<net id="1011"><net_src comp="100" pin="0"/><net_sink comp="1003" pin=2"/></net>

<net id="1012"><net_src comp="88" pin="0"/><net_sink comp="1003" pin=3"/></net>

<net id="1016"><net_src comp="555" pin="4"/><net_sink comp="1013" pin=0"/></net>

<net id="1022"><net_src comp="102" pin="0"/><net_sink comp="1017" pin=0"/></net>

<net id="1023"><net_src comp="1013" pin="1"/><net_sink comp="1017" pin=1"/></net>

<net id="1024"><net_src comp="1003" pin="4"/><net_sink comp="1017" pin=2"/></net>

<net id="1029"><net_src comp="973" pin="3"/><net_sink comp="1025" pin=0"/></net>

<net id="1030"><net_src comp="1017" pin="3"/><net_sink comp="1025" pin=1"/></net>

<net id="1035"><net_src comp="1025" pin="2"/><net_sink comp="1031" pin=0"/></net>

<net id="1036"><net_src comp="995" pin="3"/><net_sink comp="1031" pin=1"/></net>

<net id="1043"><net_src comp="104" pin="0"/><net_sink comp="1037" pin=0"/></net>

<net id="1044"><net_src comp="598" pin="4"/><net_sink comp="1037" pin=1"/></net>

<net id="1045"><net_src comp="106" pin="0"/><net_sink comp="1037" pin=2"/></net>

<net id="1046"><net_src comp="88" pin="0"/><net_sink comp="1037" pin=3"/></net>

<net id="1050"><net_src comp="598" pin="4"/><net_sink comp="1047" pin=0"/></net>

<net id="1056"><net_src comp="108" pin="0"/><net_sink comp="1051" pin=0"/></net>

<net id="1057"><net_src comp="1047" pin="1"/><net_sink comp="1051" pin=1"/></net>

<net id="1058"><net_src comp="1037" pin="4"/><net_sink comp="1051" pin=2"/></net>

<net id="1065"><net_src comp="110" pin="0"/><net_sink comp="1059" pin=0"/></net>

<net id="1066"><net_src comp="598" pin="4"/><net_sink comp="1059" pin=1"/></net>

<net id="1067"><net_src comp="112" pin="0"/><net_sink comp="1059" pin=2"/></net>

<net id="1068"><net_src comp="88" pin="0"/><net_sink comp="1059" pin=3"/></net>

<net id="1072"><net_src comp="598" pin="4"/><net_sink comp="1069" pin=0"/></net>

<net id="1078"><net_src comp="114" pin="0"/><net_sink comp="1073" pin=0"/></net>

<net id="1079"><net_src comp="1069" pin="1"/><net_sink comp="1073" pin=1"/></net>

<net id="1080"><net_src comp="1059" pin="4"/><net_sink comp="1073" pin=2"/></net>

<net id="1087"><net_src comp="116" pin="0"/><net_sink comp="1081" pin=0"/></net>

<net id="1088"><net_src comp="598" pin="4"/><net_sink comp="1081" pin=1"/></net>

<net id="1089"><net_src comp="118" pin="0"/><net_sink comp="1081" pin=2"/></net>

<net id="1090"><net_src comp="88" pin="0"/><net_sink comp="1081" pin=3"/></net>

<net id="1094"><net_src comp="598" pin="4"/><net_sink comp="1091" pin=0"/></net>

<net id="1100"><net_src comp="120" pin="0"/><net_sink comp="1095" pin=0"/></net>

<net id="1101"><net_src comp="1091" pin="1"/><net_sink comp="1095" pin=1"/></net>

<net id="1102"><net_src comp="1081" pin="4"/><net_sink comp="1095" pin=2"/></net>

<net id="1107"><net_src comp="1051" pin="3"/><net_sink comp="1103" pin=0"/></net>

<net id="1108"><net_src comp="1095" pin="3"/><net_sink comp="1103" pin=1"/></net>

<net id="1113"><net_src comp="1103" pin="2"/><net_sink comp="1109" pin=0"/></net>

<net id="1114"><net_src comp="1073" pin="3"/><net_sink comp="1109" pin=1"/></net>

<net id="1121"><net_src comp="122" pin="0"/><net_sink comp="1115" pin=0"/></net>

<net id="1122"><net_src comp="642" pin="4"/><net_sink comp="1115" pin=1"/></net>

<net id="1123"><net_src comp="124" pin="0"/><net_sink comp="1115" pin=2"/></net>

<net id="1124"><net_src comp="106" pin="0"/><net_sink comp="1115" pin=3"/></net>

<net id="1129"><net_src comp="1115" pin="4"/><net_sink comp="1125" pin=0"/></net>

<net id="1130"><net_src comp="56" pin="0"/><net_sink comp="1125" pin=1"/></net>

<net id="1134"><net_src comp="642" pin="4"/><net_sink comp="1131" pin=0"/></net>

<net id="1139"><net_src comp="642" pin="4"/><net_sink comp="1135" pin=1"/></net>

<net id="1143"><net_src comp="1135" pin="2"/><net_sink comp="1140" pin=0"/></net>

<net id="1144"><net_src comp="1140" pin="1"/><net_sink comp="340" pin=2"/></net>

<net id="1149"><net_src comp="126" pin="0"/><net_sink comp="1145" pin=0"/></net>

<net id="1150"><net_src comp="642" pin="4"/><net_sink comp="1145" pin=1"/></net>

<net id="1154"><net_src comp="1145" pin="2"/><net_sink comp="1151" pin=0"/></net>

<net id="1155"><net_src comp="1151" pin="1"/><net_sink comp="346" pin=2"/></net>

<net id="1160"><net_src comp="128" pin="0"/><net_sink comp="1156" pin=0"/></net>

<net id="1161"><net_src comp="642" pin="4"/><net_sink comp="1156" pin=1"/></net>

<net id="1165"><net_src comp="1156" pin="2"/><net_sink comp="1162" pin=0"/></net>

<net id="1166"><net_src comp="1162" pin="1"/><net_sink comp="358" pin=2"/></net>

<net id="1172"><net_src comp="54" pin="0"/><net_sink comp="1167" pin=0"/></net>

<net id="1173"><net_src comp="540" pin="1"/><net_sink comp="1167" pin=1"/></net>

<net id="1174"><net_src comp="56" pin="0"/><net_sink comp="1167" pin=2"/></net>

<net id="1178"><net_src comp="1167" pin="3"/><net_sink comp="1175" pin=0"/></net>

<net id="1179"><net_src comp="1175" pin="1"/><net_sink comp="370" pin=2"/></net>

<net id="1184"><net_src comp="1167" pin="3"/><net_sink comp="1180" pin=0"/></net>

<net id="1185"><net_src comp="18" pin="0"/><net_sink comp="1180" pin=1"/></net>

<net id="1191"><net_src comp="58" pin="0"/><net_sink comp="1186" pin=0"/></net>

<net id="1192"><net_src comp="60" pin="0"/><net_sink comp="1186" pin=1"/></net>

<net id="1193"><net_src comp="1180" pin="2"/><net_sink comp="1186" pin=2"/></net>

<net id="1194"><net_src comp="1186" pin="3"/><net_sink comp="376" pin=2"/></net>

<net id="1199"><net_src comp="555" pin="4"/><net_sink comp="1195" pin=0"/></net>

<net id="1200"><net_src comp="1195" pin="2"/><net_sink comp="273" pin=4"/></net>

<net id="1205"><net_src comp="565" pin="4"/><net_sink comp="1201" pin=0"/></net>

<net id="1206"><net_src comp="1201" pin="2"/><net_sink comp="273" pin=1"/></net>

<net id="1211"><net_src comp="576" pin="4"/><net_sink comp="1207" pin=0"/></net>

<net id="1216"><net_src comp="598" pin="4"/><net_sink comp="1212" pin=0"/></net>

<net id="1221"><net_src comp="608" pin="4"/><net_sink comp="1217" pin=0"/></net>

<net id="1226"><net_src comp="619" pin="4"/><net_sink comp="1222" pin=0"/></net>

<net id="1231"><net_src comp="540" pin="1"/><net_sink comp="1227" pin=0"/></net>

<net id="1232"><net_src comp="40" pin="0"/><net_sink comp="1227" pin=1"/></net>

<net id="1237"><net_src comp="130" pin="0"/><net_sink comp="1233" pin=0"/></net>

<net id="1238"><net_src comp="638" pin="1"/><net_sink comp="1233" pin=1"/></net>

<net id="1242"><net_src comp="1233" pin="2"/><net_sink comp="1239" pin=0"/></net>

<net id="1243"><net_src comp="1239" pin="1"/><net_sink comp="384" pin=2"/></net>

<net id="1248"><net_src comp="132" pin="0"/><net_sink comp="1244" pin=0"/></net>

<net id="1249"><net_src comp="638" pin="1"/><net_sink comp="1244" pin=1"/></net>

<net id="1253"><net_src comp="1244" pin="2"/><net_sink comp="1250" pin=0"/></net>

<net id="1254"><net_src comp="1250" pin="1"/><net_sink comp="391" pin=2"/></net>

<net id="1261"><net_src comp="134" pin="0"/><net_sink comp="1255" pin=0"/></net>

<net id="1262"><net_src comp="662" pin="1"/><net_sink comp="1255" pin=1"/></net>

<net id="1263"><net_src comp="136" pin="0"/><net_sink comp="1255" pin=2"/></net>

<net id="1264"><net_src comp="88" pin="0"/><net_sink comp="1255" pin=3"/></net>

<net id="1268"><net_src comp="662" pin="1"/><net_sink comp="1265" pin=0"/></net>

<net id="1274"><net_src comp="138" pin="0"/><net_sink comp="1269" pin=0"/></net>

<net id="1275"><net_src comp="1265" pin="1"/><net_sink comp="1269" pin=1"/></net>

<net id="1276"><net_src comp="1255" pin="4"/><net_sink comp="1269" pin=2"/></net>

<net id="1283"><net_src comp="140" pin="0"/><net_sink comp="1277" pin=0"/></net>

<net id="1284"><net_src comp="662" pin="1"/><net_sink comp="1277" pin=1"/></net>

<net id="1285"><net_src comp="142" pin="0"/><net_sink comp="1277" pin=2"/></net>

<net id="1286"><net_src comp="88" pin="0"/><net_sink comp="1277" pin=3"/></net>

<net id="1290"><net_src comp="662" pin="1"/><net_sink comp="1287" pin=0"/></net>

<net id="1296"><net_src comp="144" pin="0"/><net_sink comp="1291" pin=0"/></net>

<net id="1297"><net_src comp="1287" pin="1"/><net_sink comp="1291" pin=1"/></net>

<net id="1298"><net_src comp="1277" pin="4"/><net_sink comp="1291" pin=2"/></net>

<net id="1305"><net_src comp="146" pin="0"/><net_sink comp="1299" pin=0"/></net>

<net id="1306"><net_src comp="662" pin="1"/><net_sink comp="1299" pin=1"/></net>

<net id="1307"><net_src comp="148" pin="0"/><net_sink comp="1299" pin=2"/></net>

<net id="1308"><net_src comp="88" pin="0"/><net_sink comp="1299" pin=3"/></net>

<net id="1312"><net_src comp="1299" pin="4"/><net_sink comp="1309" pin=0"/></net>

<net id="1317"><net_src comp="1309" pin="1"/><net_sink comp="1313" pin=0"/></net>

<net id="1318"><net_src comp="1291" pin="3"/><net_sink comp="1313" pin=1"/></net>

<net id="1323"><net_src comp="1313" pin="2"/><net_sink comp="1319" pin=0"/></net>

<net id="1324"><net_src comp="1269" pin="3"/><net_sink comp="1319" pin=1"/></net>

<net id="1331"><net_src comp="150" pin="0"/><net_sink comp="1325" pin=0"/></net>

<net id="1332"><net_src comp="352" pin="3"/><net_sink comp="1325" pin=1"/></net>

<net id="1333"><net_src comp="152" pin="0"/><net_sink comp="1325" pin=2"/></net>

<net id="1334"><net_src comp="88" pin="0"/><net_sink comp="1325" pin=3"/></net>

<net id="1338"><net_src comp="352" pin="3"/><net_sink comp="1335" pin=0"/></net>

<net id="1344"><net_src comp="154" pin="0"/><net_sink comp="1339" pin=0"/></net>

<net id="1345"><net_src comp="1335" pin="1"/><net_sink comp="1339" pin=1"/></net>

<net id="1346"><net_src comp="1325" pin="4"/><net_sink comp="1339" pin=2"/></net>

<net id="1353"><net_src comp="156" pin="0"/><net_sink comp="1347" pin=0"/></net>

<net id="1354"><net_src comp="352" pin="3"/><net_sink comp="1347" pin=1"/></net>

<net id="1355"><net_src comp="158" pin="0"/><net_sink comp="1347" pin=2"/></net>

<net id="1356"><net_src comp="88" pin="0"/><net_sink comp="1347" pin=3"/></net>

<net id="1360"><net_src comp="352" pin="3"/><net_sink comp="1357" pin=0"/></net>

<net id="1366"><net_src comp="160" pin="0"/><net_sink comp="1361" pin=0"/></net>

<net id="1367"><net_src comp="1357" pin="1"/><net_sink comp="1361" pin=1"/></net>

<net id="1368"><net_src comp="1347" pin="4"/><net_sink comp="1361" pin=2"/></net>

<net id="1375"><net_src comp="162" pin="0"/><net_sink comp="1369" pin=0"/></net>

<net id="1376"><net_src comp="352" pin="3"/><net_sink comp="1369" pin=1"/></net>

<net id="1377"><net_src comp="164" pin="0"/><net_sink comp="1369" pin=2"/></net>

<net id="1378"><net_src comp="88" pin="0"/><net_sink comp="1369" pin=3"/></net>

<net id="1382"><net_src comp="1369" pin="4"/><net_sink comp="1379" pin=0"/></net>

<net id="1387"><net_src comp="1379" pin="1"/><net_sink comp="1383" pin=0"/></net>

<net id="1388"><net_src comp="1361" pin="3"/><net_sink comp="1383" pin=1"/></net>

<net id="1393"><net_src comp="1383" pin="2"/><net_sink comp="1389" pin=0"/></net>

<net id="1394"><net_src comp="1339" pin="3"/><net_sink comp="1389" pin=1"/></net>

<net id="1399"><net_src comp="1319" pin="2"/><net_sink comp="1395" pin=0"/></net>

<net id="1400"><net_src comp="1389" pin="2"/><net_sink comp="1395" pin=1"/></net>

<net id="1405"><net_src comp="662" pin="1"/><net_sink comp="1401" pin=1"/></net>

<net id="1410"><net_src comp="1401" pin="2"/><net_sink comp="1406" pin=1"/></net>

<net id="1411"><net_src comp="1406" pin="2"/><net_sink comp="352" pin=1"/></net>

<net id="1416"><net_src comp="627" pin="1"/><net_sink comp="1412" pin=1"/></net>

<net id="1421"><net_src comp="1412" pin="2"/><net_sink comp="1417" pin=0"/></net>

<net id="1426"><net_src comp="420" pin="3"/><net_sink comp="1422" pin=0"/></net>

<net id="1427"><net_src comp="352" pin="3"/><net_sink comp="1422" pin=1"/></net>

<net id="1432"><net_src comp="1422" pin="2"/><net_sink comp="1428" pin=1"/></net>

<net id="1437"><net_src comp="584" pin="1"/><net_sink comp="1433" pin=0"/></net>

<net id="1446"><net_src comp="1438" pin="2"/><net_sink comp="1442" pin=0"/></net>

<net id="1451"><net_src comp="62" pin="0"/><net_sink comp="1447" pin=1"/></net>

<net id="1457"><net_src comp="58" pin="0"/><net_sink comp="1452" pin=0"/></net>

<net id="1458"><net_src comp="60" pin="0"/><net_sink comp="1452" pin=1"/></net>

<net id="1459"><net_src comp="1447" pin="2"/><net_sink comp="1452" pin=2"/></net>

<net id="1460"><net_src comp="1452" pin="3"/><net_sink comp="433" pin=2"/></net>

<net id="1465"><net_src comp="64" pin="0"/><net_sink comp="1461" pin=1"/></net>

<net id="1471"><net_src comp="58" pin="0"/><net_sink comp="1466" pin=0"/></net>

<net id="1472"><net_src comp="60" pin="0"/><net_sink comp="1466" pin=1"/></net>

<net id="1473"><net_src comp="1461" pin="2"/><net_sink comp="1466" pin=2"/></net>

<net id="1474"><net_src comp="1466" pin="3"/><net_sink comp="439" pin=2"/></net>

<net id="1479"><net_src comp="584" pin="1"/><net_sink comp="1475" pin=0"/></net>

<net id="1480"><net_src comp="1475" pin="2"/><net_sink comp="273" pin=1"/></net>

<net id="1485"><net_src comp="66" pin="0"/><net_sink comp="1481" pin=1"/></net>

<net id="1491"><net_src comp="58" pin="0"/><net_sink comp="1486" pin=0"/></net>

<net id="1492"><net_src comp="60" pin="0"/><net_sink comp="1486" pin=1"/></net>

<net id="1493"><net_src comp="1481" pin="2"/><net_sink comp="1486" pin=2"/></net>

<net id="1494"><net_src comp="1486" pin="3"/><net_sink comp="447" pin=2"/></net>

<net id="1499"><net_src comp="68" pin="0"/><net_sink comp="1495" pin=1"/></net>

<net id="1505"><net_src comp="58" pin="0"/><net_sink comp="1500" pin=0"/></net>

<net id="1506"><net_src comp="60" pin="0"/><net_sink comp="1500" pin=1"/></net>

<net id="1507"><net_src comp="1495" pin="2"/><net_sink comp="1500" pin=2"/></net>

<net id="1508"><net_src comp="1500" pin="3"/><net_sink comp="453" pin=2"/></net>

<net id="1513"><net_src comp="70" pin="0"/><net_sink comp="1509" pin=1"/></net>

<net id="1519"><net_src comp="58" pin="0"/><net_sink comp="1514" pin=0"/></net>

<net id="1520"><net_src comp="60" pin="0"/><net_sink comp="1514" pin=1"/></net>

<net id="1521"><net_src comp="1509" pin="2"/><net_sink comp="1514" pin=2"/></net>

<net id="1522"><net_src comp="1514" pin="3"/><net_sink comp="461" pin=2"/></net>

<net id="1527"><net_src comp="72" pin="0"/><net_sink comp="1523" pin=1"/></net>

<net id="1533"><net_src comp="58" pin="0"/><net_sink comp="1528" pin=0"/></net>

<net id="1534"><net_src comp="60" pin="0"/><net_sink comp="1528" pin=1"/></net>

<net id="1535"><net_src comp="1523" pin="2"/><net_sink comp="1528" pin=2"/></net>

<net id="1536"><net_src comp="1528" pin="3"/><net_sink comp="467" pin=2"/></net>

<net id="1541"><net_src comp="627" pin="1"/><net_sink comp="1537" pin=0"/></net>

<net id="1542"><net_src comp="1537" pin="2"/><net_sink comp="273" pin=1"/></net>

<net id="1547"><net_src comp="654" pin="4"/><net_sink comp="1543" pin=0"/></net>

<net id="1548"><net_src comp="46" pin="0"/><net_sink comp="1543" pin=1"/></net>

<net id="1553"><net_src comp="654" pin="4"/><net_sink comp="1549" pin=0"/></net>

<net id="1554"><net_src comp="50" pin="0"/><net_sink comp="1549" pin=1"/></net>

<net id="1560"><net_src comp="166" pin="0"/><net_sink comp="1555" pin=0"/></net>

<net id="1561"><net_src comp="168" pin="0"/><net_sink comp="1555" pin=1"/></net>

<net id="1562"><net_src comp="654" pin="4"/><net_sink comp="1555" pin=2"/></net>

<net id="1563"><net_src comp="1555" pin="3"/><net_sink comp="475" pin=2"/></net>

<net id="1567"><net_src comp="650" pin="1"/><net_sink comp="1564" pin=0"/></net>

<net id="1568"><net_src comp="1564" pin="1"/><net_sink comp="482" pin=2"/></net>

<net id="1575"><net_src comp="673" pin="2"/><net_sink comp="1572" pin=0"/></net>

<net id="1576"><net_src comp="1572" pin="1"/><net_sink comp="500" pin=0"/></net>

<net id="1580"><net_src comp="679" pin="1"/><net_sink comp="1577" pin=0"/></net>

<net id="1581"><net_src comp="1577" pin="1"/><net_sink comp="226" pin=2"/></net>

<net id="1585"><net_src comp="186" pin="3"/><net_sink comp="1582" pin=0"/></net>

<net id="1586"><net_src comp="1582" pin="1"/><net_sink comp="193" pin=0"/></net>

<net id="1590"><net_src comp="684" pin="1"/><net_sink comp="1587" pin=0"/></net>

<net id="1591"><net_src comp="1587" pin="1"/><net_sink comp="733" pin=0"/></net>

<net id="1598"><net_src comp="694" pin="2"/><net_sink comp="1595" pin=0"/></net>

<net id="1599"><net_src comp="1595" pin="1"/><net_sink comp="511" pin=2"/></net>

<net id="1603"><net_src comp="700" pin="1"/><net_sink comp="1600" pin=0"/></net>

<net id="1604"><net_src comp="1600" pin="1"/><net_sink comp="728" pin=0"/></net>

<net id="1611"><net_src comp="710" pin="2"/><net_sink comp="1608" pin=0"/></net>

<net id="1612"><net_src comp="1608" pin="1"/><net_sink comp="522" pin=0"/></net>

<net id="1616"><net_src comp="728" pin="2"/><net_sink comp="1613" pin=0"/></net>

<net id="1617"><net_src comp="1613" pin="1"/><net_sink comp="743" pin=0"/></net>

<net id="1621"><net_src comp="234" pin="3"/><net_sink comp="1618" pin=0"/></net>

<net id="1622"><net_src comp="1618" pin="1"/><net_sink comp="206" pin=2"/></net>

<net id="1629"><net_src comp="753" pin="2"/><net_sink comp="1626" pin=0"/></net>

<net id="1630"><net_src comp="1626" pin="1"/><net_sink comp="533" pin=0"/></net>

<net id="1634"><net_src comp="759" pin="1"/><net_sink comp="1631" pin=0"/></net>

<net id="1635"><net_src comp="1631" pin="1"/><net_sink comp="267" pin=2"/></net>

<net id="1639"><net_src comp="254" pin="3"/><net_sink comp="1636" pin=0"/></net>

<net id="1640"><net_src comp="1636" pin="1"/><net_sink comp="261" pin=0"/></net>

<net id="1647"><net_src comp="770" pin="2"/><net_sink comp="1644" pin=0"/></net>

<net id="1648"><net_src comp="1644" pin="1"/><net_sink comp="888" pin=1"/></net>

<net id="1652"><net_src comp="776" pin="3"/><net_sink comp="1649" pin=0"/></net>

<net id="1653"><net_src comp="1649" pin="1"/><net_sink comp="804" pin=0"/></net>

<net id="1654"><net_src comp="1649" pin="1"/><net_sink comp="818" pin=0"/></net>

<net id="1655"><net_src comp="1649" pin="1"/><net_sink comp="832" pin=0"/></net>

<net id="1656"><net_src comp="1649" pin="1"/><net_sink comp="846" pin=0"/></net>

<net id="1657"><net_src comp="1649" pin="1"/><net_sink comp="860" pin=0"/></net>

<net id="1658"><net_src comp="1649" pin="1"/><net_sink comp="874" pin=0"/></net>

<net id="1662"><net_src comp="280" pin="3"/><net_sink comp="1659" pin=0"/></net>

<net id="1663"><net_src comp="1659" pin="1"/><net_sink comp="273" pin=0"/></net>

<net id="1667"><net_src comp="286" pin="3"/><net_sink comp="1664" pin=0"/></net>

<net id="1668"><net_src comp="1664" pin="1"/><net_sink comp="273" pin=2"/></net>

<net id="1672"><net_src comp="298" pin="3"/><net_sink comp="1669" pin=0"/></net>

<net id="1673"><net_src comp="1669" pin="1"/><net_sink comp="273" pin=2"/></net>

<net id="1677"><net_src comp="304" pin="3"/><net_sink comp="1674" pin=0"/></net>

<net id="1678"><net_src comp="1674" pin="1"/><net_sink comp="273" pin=0"/></net>

<net id="1682"><net_src comp="273" pin="3"/><net_sink comp="1679" pin=0"/></net>

<net id="1683"><net_src comp="1679" pin="1"/><net_sink comp="555" pin=2"/></net>

<net id="1684"><net_src comp="1679" pin="1"/><net_sink comp="1195" pin=1"/></net>

<net id="1688"><net_src comp="273" pin="7"/><net_sink comp="1685" pin=0"/></net>

<net id="1689"><net_src comp="1685" pin="1"/><net_sink comp="565" pin=2"/></net>

<net id="1690"><net_src comp="1685" pin="1"/><net_sink comp="1201" pin=1"/></net>

<net id="1694"><net_src comp="312" pin="3"/><net_sink comp="1691" pin=0"/></net>

<net id="1695"><net_src comp="1691" pin="1"/><net_sink comp="273" pin=2"/></net>

<net id="1699"><net_src comp="318" pin="3"/><net_sink comp="1696" pin=0"/></net>

<net id="1700"><net_src comp="1696" pin="1"/><net_sink comp="273" pin=0"/></net>

<net id="1704"><net_src comp="273" pin="7"/><net_sink comp="1701" pin=0"/></net>

<net id="1705"><net_src comp="1701" pin="1"/><net_sink comp="576" pin=2"/></net>

<net id="1706"><net_src comp="1701" pin="1"/><net_sink comp="1207" pin=1"/></net>

<net id="1710"><net_src comp="273" pin="3"/><net_sink comp="1707" pin=0"/></net>

<net id="1711"><net_src comp="1707" pin="1"/><net_sink comp="587" pin=2"/></net>

<net id="1712"><net_src comp="1707" pin="1"/><net_sink comp="1475" pin=1"/></net>

<net id="1716"><net_src comp="326" pin="3"/><net_sink comp="1713" pin=0"/></net>

<net id="1717"><net_src comp="1713" pin="1"/><net_sink comp="273" pin=2"/></net>

<net id="1721"><net_src comp="332" pin="3"/><net_sink comp="1718" pin=0"/></net>

<net id="1722"><net_src comp="1718" pin="1"/><net_sink comp="273" pin=0"/></net>

<net id="1726"><net_src comp="273" pin="7"/><net_sink comp="1723" pin=0"/></net>

<net id="1727"><net_src comp="1723" pin="1"/><net_sink comp="598" pin=2"/></net>

<net id="1728"><net_src comp="1723" pin="1"/><net_sink comp="1212" pin=1"/></net>

<net id="1732"><net_src comp="273" pin="3"/><net_sink comp="1729" pin=0"/></net>

<net id="1733"><net_src comp="1729" pin="1"/><net_sink comp="608" pin=2"/></net>

<net id="1734"><net_src comp="1729" pin="1"/><net_sink comp="1217" pin=1"/></net>

<net id="1738"><net_src comp="895" pin="1"/><net_sink comp="1735" pin=0"/></net>

<net id="1739"><net_src comp="1735" pin="1"/><net_sink comp="1135" pin=0"/></net>

<net id="1743"><net_src comp="273" pin="7"/><net_sink comp="1740" pin=0"/></net>

<net id="1744"><net_src comp="1740" pin="1"/><net_sink comp="619" pin=2"/></net>

<net id="1745"><net_src comp="1740" pin="1"/><net_sink comp="1222" pin=1"/></net>

<net id="1749"><net_src comp="273" pin="3"/><net_sink comp="1746" pin=0"/></net>

<net id="1750"><net_src comp="1746" pin="1"/><net_sink comp="630" pin=2"/></net>

<net id="1751"><net_src comp="1746" pin="1"/><net_sink comp="1537" pin=1"/></net>

<net id="1758"><net_src comp="905" pin="2"/><net_sink comp="1755" pin=0"/></net>

<net id="1759"><net_src comp="1755" pin="1"/><net_sink comp="642" pin=0"/></net>

<net id="1763"><net_src comp="929" pin="2"/><net_sink comp="1760" pin=0"/></net>

<net id="1764"><net_src comp="1760" pin="1"/><net_sink comp="1417" pin=1"/></net>

<net id="1768"><net_src comp="953" pin="2"/><net_sink comp="1765" pin=0"/></net>

<net id="1769"><net_src comp="1765" pin="1"/><net_sink comp="1442" pin=1"/></net>

<net id="1773"><net_src comp="1031" pin="2"/><net_sink comp="1770" pin=0"/></net>

<net id="1774"><net_src comp="1770" pin="1"/><net_sink comp="1438" pin=0"/></net>

<net id="1778"><net_src comp="1109" pin="2"/><net_sink comp="1775" pin=0"/></net>

<net id="1779"><net_src comp="1775" pin="1"/><net_sink comp="1412" pin=0"/></net>

<net id="1783"><net_src comp="1125" pin="2"/><net_sink comp="1780" pin=0"/></net>

<net id="1787"><net_src comp="1131" pin="1"/><net_sink comp="1784" pin=0"/></net>

<net id="1788"><net_src comp="1784" pin="1"/><net_sink comp="398" pin=2"/></net>

<net id="1789"><net_src comp="1784" pin="1"/><net_sink comp="405" pin=2"/></net>

<net id="1790"><net_src comp="1784" pin="1"/><net_sink comp="413" pin=2"/></net>

<net id="1791"><net_src comp="1784" pin="1"/><net_sink comp="426" pin=2"/></net>

<net id="1795"><net_src comp="340" pin="3"/><net_sink comp="1792" pin=0"/></net>

<net id="1796"><net_src comp="1792" pin="1"/><net_sink comp="247" pin=0"/></net>

<net id="1800"><net_src comp="346" pin="3"/><net_sink comp="1797" pin=0"/></net>

<net id="1801"><net_src comp="1797" pin="1"/><net_sink comp="352" pin=0"/></net>

<net id="1805"><net_src comp="358" pin="3"/><net_sink comp="1802" pin=0"/></net>

<net id="1806"><net_src comp="1802" pin="1"/><net_sink comp="352" pin=2"/></net>

<net id="1810"><net_src comp="1167" pin="3"/><net_sink comp="1807" pin=0"/></net>

<net id="1811"><net_src comp="1807" pin="1"/><net_sink comp="1447" pin=0"/></net>

<net id="1812"><net_src comp="1807" pin="1"/><net_sink comp="1461" pin=0"/></net>

<net id="1813"><net_src comp="1807" pin="1"/><net_sink comp="1481" pin=0"/></net>

<net id="1814"><net_src comp="1807" pin="1"/><net_sink comp="1495" pin=0"/></net>

<net id="1815"><net_src comp="1807" pin="1"/><net_sink comp="1509" pin=0"/></net>

<net id="1816"><net_src comp="1807" pin="1"/><net_sink comp="1523" pin=0"/></net>

<net id="1820"><net_src comp="1207" pin="2"/><net_sink comp="1817" pin=0"/></net>

<net id="1821"><net_src comp="1817" pin="1"/><net_sink comp="273" pin=4"/></net>

<net id="1825"><net_src comp="1212" pin="2"/><net_sink comp="1822" pin=0"/></net>

<net id="1826"><net_src comp="1822" pin="1"/><net_sink comp="273" pin=4"/></net>

<net id="1830"><net_src comp="1217" pin="2"/><net_sink comp="1827" pin=0"/></net>

<net id="1831"><net_src comp="1827" pin="1"/><net_sink comp="273" pin=1"/></net>

<net id="1835"><net_src comp="1222" pin="2"/><net_sink comp="1832" pin=0"/></net>

<net id="1836"><net_src comp="1832" pin="1"/><net_sink comp="273" pin=4"/></net>

<net id="1840"><net_src comp="1227" pin="2"/><net_sink comp="1837" pin=0"/></net>

<net id="1841"><net_src comp="1837" pin="1"/><net_sink comp="544" pin=0"/></net>

<net id="1845"><net_src comp="352" pin="7"/><net_sink comp="1842" pin=0"/></net>

<net id="1846"><net_src comp="1842" pin="1"/><net_sink comp="1401" pin=0"/></net>

<net id="1850"><net_src comp="384" pin="3"/><net_sink comp="1847" pin=0"/></net>

<net id="1851"><net_src comp="1847" pin="1"/><net_sink comp="352" pin=0"/></net>

<net id="1855"><net_src comp="391" pin="3"/><net_sink comp="1852" pin=0"/></net>

<net id="1856"><net_src comp="1852" pin="1"/><net_sink comp="352" pin=2"/></net>

<net id="1860"><net_src comp="1395" pin="2"/><net_sink comp="1857" pin=0"/></net>

<net id="1861"><net_src comp="1857" pin="1"/><net_sink comp="1406" pin=0"/></net>

<net id="1865"><net_src comp="1417" pin="2"/><net_sink comp="1862" pin=0"/></net>

<net id="1866"><net_src comp="1862" pin="1"/><net_sink comp="1428" pin=0"/></net>

<net id="1870"><net_src comp="413" pin="3"/><net_sink comp="1867" pin=0"/></net>

<net id="1871"><net_src comp="1867" pin="1"/><net_sink comp="420" pin=0"/></net>

<net id="1875"><net_src comp="426" pin="3"/><net_sink comp="1872" pin=0"/></net>

<net id="1876"><net_src comp="1872" pin="1"/><net_sink comp="352" pin=0"/></net>

<net id="1880"><net_src comp="1428" pin="2"/><net_sink comp="1877" pin=0"/></net>

<net id="1881"><net_src comp="1877" pin="1"/><net_sink comp="1433" pin=1"/></net>

<net id="1882"><net_src comp="1877" pin="1"/><net_sink comp="1438" pin=1"/></net>

<net id="1886"><net_src comp="1433" pin="2"/><net_sink comp="1883" pin=0"/></net>

<net id="1887"><net_src comp="1883" pin="1"/><net_sink comp="598" pin=0"/></net>

<net id="1891"><net_src comp="1442" pin="2"/><net_sink comp="1888" pin=0"/></net>

<net id="1892"><net_src comp="1888" pin="1"/><net_sink comp="555" pin=0"/></net>

<net id="1899"><net_src comp="1549" pin="2"/><net_sink comp="1896" pin=0"/></net>

<net id="1900"><net_src comp="1896" pin="1"/><net_sink comp="654" pin=0"/></net>

<net id="1904"><net_src comp="475" pin="3"/><net_sink comp="1901" pin=0"/></net>

<net id="1905"><net_src comp="1901" pin="1"/><net_sink comp="273" pin=2"/></net>

</net_list>

</model> 
---------------- Datapath Model END ------------------

* FSMD analyzer results:
  - Output states:
	Port: outputlocation_V | {26 }
 - Input state : 
	Port: hash1.1 : input_V | {2 3 }
	Port: hash1.1 : H_0_V | {7 8 }
	Port: hash1.1 : K | {19 20 }
  - Chain level:
	State 1
	State 2
		icmp_ln79 : 1
		i : 1
		br_ln79 : 2
		zext_ln80 : 1
		input_V_addr : 2
		input_V_load : 3
		store_ln85 : 1
		store_ln98 : 1
	State 3
		store_ln80 : 1
	State 4
		zext_ln104 : 1
		icmp_ln104 : 1
		i_4 : 1
		br_ln104 : 2
		zext_ln1598 : 1
	State 5
		icmp_ln105 : 1
		j : 1
		br_ln105 : 2
		tmp : 1
		zext_ln321 : 2
		add_ln321 : 3
		add_ln106 : 2
		zext_ln106 : 3
		message_V_addr_3 : 4
		message_V_load : 5
	State 6
		M_V_addr : 1
		store_ln106 : 2
	State 7
		icmp_ln110 : 1
		i_7 : 1
		br_ln110 : 2
		zext_ln111 : 1
		H_0_V_addr : 2
		H_0_V_load : 3
	State 8
		store_ln111 : 1
	State 9
		icmp_ln114 : 1
		br_ln114 : 2
		add_ln116 : 1
		tmp_2 : 2
		zext_ln116 : 3
		H_V_addr_1 : 4
		or_ln117 : 3
		tmp_3 : 3
		H_V_addr_2 : 4
		a_V : 5
		b_V : 5
	State 10
		H_V_addr_3 : 1
		H_V_addr_4 : 1
		c_V : 2
		d_V : 2
	State 11
		H_V_addr_5 : 1
		H_V_addr_6 : 1
		e_V : 2
		f_V : 2
	State 12
		H_V_addr_7 : 1
		H_V_addr_8 : 1
		g_V : 2
		h_V : 2
	State 13
		zext_ln116_1 : 1
	State 14
		icmp_ln127 : 1
		j_1 : 1
		br_ln127 : 2
		and_ln26 : 1
		xor_ln26 : 1
		and_ln26_1 : 1
		ch_V : 1
		xor_ln31 : 1
		and_ln31 : 1
		and_ln31_1 : 1
		maj_V : 1
		r_V : 1
		trunc_ln1503 : 1
		ret_V_14 : 2
		r_V_s : 1
		trunc_ln1503_1 : 1
		ret_V_15 : 2
		r_V_1 : 1
		trunc_ln1503_2 : 1
		ret_V_16 : 2
		xor_ln1357 : 3
		ret_V_17 : 3
		r_V_2 : 1
		trunc_ln1503_3 : 1
		ret_V_18 : 2
		r_V_3 : 1
		trunc_ln1503_4 : 1
		ret_V_19 : 2
		r_V_4 : 1
		trunc_ln1503_5 : 1
		ret_V_20 : 2
		xor_ln1357_2 : 3
		ret_V_21 : 3
		tmp_18 : 1
		icmp_ln134 : 2
		zext_ln135 : 1
		add_ln321_1 : 1
		zext_ln321_3 : 2
		M_V_addr_1 : 3
		br_ln134 : 3
		add_ln137 : 1
		zext_ln137 : 2
		W_V_addr_1 : 3
		tempWord_V : 4
		add_ln137_1 : 1
		zext_ln137_1 : 2
		W_V_addr_2 : 3
		W_V_load : 4
		M_V_load : 4
		zext_ln321_2 : 1
		H_V_addr_10 : 2
		or_ln321 : 1
		tmp_11 : 1
		H_V_addr_11 : 2
		add_ln209 : 1
		store_ln151 : 3
		add_ln209_1 : 1
		store_ln152 : 3
		add_ln209_2 : 1
		add_ln209_4 : 1
		add_ln209_5 : 1
		add_ln209_6 : 1
	State 15
		zext_ln137_2 : 1
		W_V_addr_3 : 2
		tempWord_V_3 : 3
		zext_ln137_3 : 1
		W_V_addr_4 : 2
		W_V_load_2 : 3
	State 16
		ret_V_22 : 1
		ret_V_23 : 1
		r_V_13 : 1
		xor_ln1357_4 : 2
		ret_V : 2
		r_V_8 : 1
		trunc_ln1503_8 : 1
		ret_V_24 : 2
		r_V_9 : 1
		trunc_ln1503_9 : 1
		ret_V_25 : 2
		r_V_10 : 1
		r_V_14 : 2
		xor_ln1357_6 : 3
		ret_V_13 : 3
		add_ln209_9 : 3
	State 17
		add_ln209_10 : 1
		store_ln137 : 2
		add_ln209_13 : 1
	State 18
		store_ln135 : 1
	State 19
		K_load : 1
		W_V_load_3 : 1
	State 20
		add_ln209_11 : 1
		T1_V : 2
	State 21
		a_V_1 : 1
	State 22
		H_V_addr_12 : 1
		H_V_addr_13 : 1
		store_ln153 : 2
		store_ln154 : 2
	State 23
		H_V_addr_14 : 1
		H_V_addr_15 : 1
		store_ln155 : 2
		store_ln156 : 2
	State 24
		H_V_addr_16 : 1
		H_V_addr_17 : 1
		store_ln157 : 2
		store_ln158 : 2
	State 25
		icmp_ln161 : 1
		i_8 : 1
		br_ln161 : 2
		tmp_s : 1
		H_V_addr_9 : 2
		H_V_load : 3
	State 26
		outputlocation_V_add : 1
		store_ln162 : 2


============================================================
+ Verbose Summary: Datapath Resource usage 
============================================================

* Functional unit list:
|----------|------------------------|---------|---------|
| Operation|     Functional Unit    |    FF   |   LUT   |
|----------|------------------------|---------|---------|
|          |        i_fu_673        |    0    |    15   |
|          |       i_4_fu_694       |    0    |    15   |
|          |        j_fu_710        |    0    |    10   |
|          |    add_ln321_fu_728    |    0    |    15   |
|          |    add_ln106_fu_733    |    0    |    15   |
|          |       i_7_fu_753       |    0    |    13   |
|          |    add_ln116_fu_770    |    0    |    10   |
|          |       j_1_fu_905       |    0    |    15   |
|          |   add_ln321_1_fu_1135  |    0    |    15   |
|          |    add_ln137_fu_1145   |    0    |    15   |
|          |   add_ln137_1_fu_1156  |    0    |    15   |
|          |    add_ln209_fu_1195   |    0    |    39   |
|          |   add_ln209_1_fu_1201  |    0    |    39   |
|          |   add_ln209_2_fu_1207  |    0    |    39   |
|          |   add_ln209_4_fu_1212  |    0    |    39   |
|          |   add_ln209_5_fu_1217  |    0    |    39   |
|    add   |   add_ln209_6_fu_1222  |    0    |    39   |
|          |       i_9_fu_1227      |    0    |    10   |
|          |   add_ln137_2_fu_1233  |    0    |    15   |
|          |   add_ln137_3_fu_1244  |    0    |    15   |
|          |   add_ln209_9_fu_1395  |    0    |    39   |
|          |   add_ln209_8_fu_1401  |    0    |    32   |
|          |  add_ln209_10_fu_1406  |    0    |    32   |
|          |  add_ln209_12_fu_1412  |    0    |    32   |
|          |  add_ln209_13_fu_1417  |    0    |    32   |
|          |  add_ln209_11_fu_1422  |    0    |    32   |
|          |      T1_V_fu_1428      |    0    |    32   |
|          |      e_V_1_fu_1433     |    0    |    39   |
|          |  add_ln209_16_fu_1438  |    0    |    32   |
|          |      a_V_1_fu_1442     |    0    |    32   |
|          |   add_ln209_3_fu_1475  |    0    |    39   |
|          |   add_ln209_7_fu_1537  |    0    |    39   |
|          |       i_8_fu_1549      |    0    |    13   |
|----------|------------------------|---------|---------|
|          |     xor_ln26_fu_917    |    0    |    32   |
|          |       ch_V_fu_929      |    0    |    32   |
|          |     xor_ln31_fu_935    |    0    |    32   |
|          |      maj_V_fu_953      |    0    |    32   |
|          |   xor_ln1357_fu_1025   |    0    |    32   |
|    xor   |    ret_V_17_fu_1031    |    0    |    32   |
|          |  xor_ln1357_2_fu_1103  |    0    |    32   |
|          |    ret_V_21_fu_1109    |    0    |    32   |
|          |  xor_ln1357_4_fu_1313  |    0    |    32   |
|          |      ret_V_fu_1319     |    0    |    32   |
|          |  xor_ln1357_6_fu_1383  |    0    |    32   |
|          |    ret_V_13_fu_1389    |    0    |    32   |
|----------|------------------------|---------|---------|
|          |     and_ln26_fu_911    |    0    |    32   |
|    and   |    and_ln26_1_fu_923   |    0    |    32   |
|          |     and_ln31_fu_941    |    0    |    32   |
|          |    and_ln31_1_fu_947   |    0    |    32   |
|----------|------------------------|---------|---------|
|          |    icmp_ln79_fu_667    |    0    |    11   |
|          |    icmp_ln104_fu_688   |    0    |    11   |
|          |    icmp_ln105_fu_704   |    0    |    8    |
|   icmp   |    icmp_ln110_fu_747   |    0    |    9    |
|          |    icmp_ln114_fu_764   |    0    |    8    |
|          |    icmp_ln127_fu_899   |    0    |    11   |
|          |   icmp_ln134_fu_1125   |    0    |    9    |
|          |   icmp_ln161_fu_1543   |    0    |    9    |
|----------|------------------------|---------|---------|
|          |    zext_ln80_fu_679    |    0    |    0    |
|          |    zext_ln104_fu_684   |    0    |    0    |
|          |   zext_ln1598_fu_700   |    0    |    0    |
|          |    zext_ln321_fu_724   |    0    |    0    |
|          |    zext_ln106_fu_738   |    0    |    0    |
|          |   zext_ln321_1_fu_743  |    0    |    0    |
|          |    zext_ln111_fu_759   |    0    |    0    |
|          |    zext_ln116_fu_784   |    0    |    0    |
|          |   zext_ln116_1_fu_895  |    0    |    0    |
|   zext   |   zext_ln135_fu_1131   |    0    |    0    |
|          |  zext_ln321_3_fu_1140  |    0    |    0    |
|          |   zext_ln137_fu_1151   |    0    |    0    |
|          |  zext_ln137_1_fu_1162  |    0    |    0    |
|          |  zext_ln321_2_fu_1175  |    0    |    0    |
|          |  zext_ln137_2_fu_1239  |    0    |    0    |
|          |  zext_ln137_3_fu_1250  |    0    |    0    |
|          |     r_V_13_fu_1309     |    0    |    0    |
|          |     r_V_14_fu_1379     |    0    |    0    |
|          |   zext_ln162_fu_1564   |    0    |    0    |
|----------|------------------------|---------|---------|
|          |       tmp_fu_716       |    0    |    0    |
|          |      tmp_2_fu_776      |    0    |    0    |
|          |      tmp_3_fu_795      |    0    |    0    |
|          |      tmp_4_fu_809      |    0    |    0    |
|          |      tmp_5_fu_823      |    0    |    0    |
|          |      tmp_6_fu_837      |    0    |    0    |
|          |      tmp_7_fu_851      |    0    |    0    |
|          |      tmp_8_fu_865      |    0    |    0    |
|          |      tmp_9_fu_879      |    0    |    0    |
|          |      tmp_1_fu_888      |    0    |    0    |
|          |     ret_V_14_fu_973    |    0    |    0    |
|          |     ret_V_15_fu_995    |    0    |    0    |
|          |    ret_V_16_fu_1017    |    0    |    0    |
|          |    ret_V_18_fu_1051    |    0    |    0    |
|bitconcatenate|    ret_V_19_fu_1073    |    0    |    0    |
|          |    ret_V_20_fu_1095    |    0    |    0    |
|          |     tmp_10_fu_1167     |    0    |    0    |
|          |     tmp_11_fu_1186     |    0    |    0    |
|          |    ret_V_22_fu_1269    |    0    |    0    |
|          |    ret_V_23_fu_1291    |    0    |    0    |
|          |    ret_V_24_fu_1339    |    0    |    0    |
|          |    ret_V_25_fu_1361    |    0    |    0    |
|          |     tmp_12_fu_1452     |    0    |    0    |
|          |     tmp_13_fu_1466     |    0    |    0    |
|          |     tmp_14_fu_1486     |    0    |    0    |
|          |     tmp_15_fu_1500     |    0    |    0    |
|          |     tmp_16_fu_1514     |    0    |    0    |
|          |     tmp_17_fu_1528     |    0    |    0    |
|          |      tmp_s_fu_1555     |    0    |    0    |
|----------|------------------------|---------|---------|
|          |     or_ln117_fu_789    |    0    |    0    |
|          |     or_ln118_fu_804    |    0    |    0    |
|          |     or_ln119_fu_818    |    0    |    0    |
|          |     or_ln120_fu_832    |    0    |    0    |
|          |     or_ln121_fu_846    |    0    |    0    |
|          |     or_ln122_fu_860    |    0    |    0    |
|    or    |     or_ln123_fu_874    |    0    |    0    |
|          |    or_ln321_fu_1180    |    0    |    0    |
|          |   or_ln321_1_fu_1447   |    0    |    0    |
|          |   or_ln321_2_fu_1461   |    0    |    0    |
|          |   or_ln321_3_fu_1481   |    0    |    0    |
|          |   or_ln321_4_fu_1495   |    0    |    0    |
|          |   or_ln321_5_fu_1509   |    0    |    0    |
|          |   or_ln321_6_fu_1523   |    0    |    0    |
|----------|------------------------|---------|---------|
|          |       r_V_fu_959       |    0    |    0    |
|          |      r_V_s_fu_981      |    0    |    0    |
|          |      r_V_1_fu_1003     |    0    |    0    |
|          |      r_V_2_fu_1037     |    0    |    0    |
|          |      r_V_3_fu_1059     |    0    |    0    |
|          |      r_V_4_fu_1081     |    0    |    0    |
|partselect|     tmp_18_fu_1115     |    0    |    0    |
|          |      r_V_5_fu_1255     |    0    |    0    |
|          |      r_V_6_fu_1277     |    0    |    0    |
|          |      r_V_7_fu_1299     |    0    |    0    |
|          |      r_V_8_fu_1325     |    0    |    0    |
|          |      r_V_9_fu_1347     |    0    |    0    |
|          |     r_V_10_fu_1369     |    0    |    0    |
|----------|------------------------|---------|---------|
|          |   trunc_ln1503_fu_969  |    0    |    0    |
|          |  trunc_ln1503_1_fu_991 |    0    |    0    |
|          | trunc_ln1503_2_fu_1013 |    0    |    0    |
|          | trunc_ln1503_3_fu_1047 |    0    |    0    |
|   trunc  | trunc_ln1503_4_fu_1069 |    0    |    0    |
|          | trunc_ln1503_5_fu_1091 |    0    |    0    |
|          | trunc_ln1503_6_fu_1265 |    0    |    0    |
|          | trunc_ln1503_7_fu_1287 |    0    |    0    |
|          | trunc_ln1503_8_fu_1335 |    0    |    0    |
|          | trunc_ln1503_9_fu_1357 |    0    |    0    |
|----------|------------------------|---------|---------|
|   Total  |                        |    0    |   1440  |
|----------|------------------------|---------|---------|

Memories:
+---------+--------+--------+--------+--------+
|         |  BRAM  |   FF   |   LUT  |  URAM  |
+---------+--------+--------+--------+--------+
|   H_V   |    2   |    0   |    0   |    0   |
|   M_V   |    1   |    0   |    0   |    0   |
|   W_V   |    2   |    0   |    0   |    0   |
|message_V|   32   |    0   |    0   |    0   |
+---------+--------+--------+--------+--------+
|  Total  |   37   |    0   |    0   |    0   |
+---------+--------+--------+--------+--------+

* Register list:
+-------------------------+--------+
|                         |   FF   |
+-------------------------+--------+
|   H_0_V_addr_reg_1636   |    3   |
|   H_V_addr_1_reg_1659   |    8   |
|   H_V_addr_2_reg_1664   |    8   |
|   H_V_addr_3_reg_1669   |    8   |
|   H_V_addr_4_reg_1674   |    8   |
|   H_V_addr_5_reg_1691   |    8   |
|   H_V_addr_6_reg_1696   |    8   |
|   H_V_addr_7_reg_1713   |    8   |
|   H_V_addr_8_reg_1718   |    8   |
|   H_V_addr_9_reg_1901   |    8   |
|     K_addr_reg_1867     |    6   |
|   M_V_addr_1_reg_1792   |    9   |
|      T1_V_reg_1877      |   32   |
|   W_V_addr_1_reg_1797   |    6   |
|   W_V_addr_2_reg_1802   |    6   |
|   W_V_addr_3_reg_1847   |    6   |
|   W_V_addr_4_reg_1852   |    6   |
|   W_V_addr_6_reg_1872   |    6   |
|    W_V_load_reg_1842    |   32   |
|      a_V_1_reg_1888     |   32   |
|       a_V_reg_1679      |   32   |
|    add_ln116_reg_1644   |    2   |
|  add_ln209_13_reg_1862  |   32   |
|   add_ln209_2_reg_1817  |   32   |
|   add_ln209_4_reg_1822  |   32   |
|   add_ln209_5_reg_1827  |   32   |
|   add_ln209_6_reg_1832  |   32   |
|   add_ln209_9_reg_1857  |   32   |
|    add_ln321_reg_1613   |    7   |
|      b_V_1_reg_552      |   32   |
|       b_V_reg_1685      |   32   |
|      c_V_1_reg_562      |   32   |
|       c_V_reg_1701      |   32   |
|      ch_V_reg_1760      |   32   |
|      d_V_1_reg_573      |   32   |
|       d_V_reg_1707      |   32   |
|      e_V_1_reg_1883     |   32   |
|       e_V_reg_1723      |   32   |
|      f_V_1_reg_595      |   32   |
|       f_V_reg_1729      |   32   |
|      g_V_1_reg_605      |   32   |
|       g_V_reg_1740      |   32   |
|      h_V_1_reg_616      |   32   |
|       h_V_reg_1746      |   32   |
|      i13_0_reg_650      |    4   |
|       i4_0_reg_507      |    5   |
|       i9_0_reg_529      |    4   |
|       i_0_reg_496       |    5   |
|       i_4_reg_1595      |    5   |
|       i_7_reg_1626      |    4   |
|       i_8_reg_1896      |    4   |
|       i_9_reg_1837      |    2   |
|  i_op_assign_1_reg_540  |    2   |
|   i_op_assign_reg_518   |    2   |
|        i_reg_1572       |    5   |
|   icmp_ln134_reg_1780   |    1   |
|  input_V_addr_reg_1582  |    5   |
|      j12_0_reg_638      |    7   |
|       j_1_reg_1755      |    7   |
|        j_reg_1608       |    2   |
|      maj_V_reg_1765     |   32   |
|message_V_addr_3_reg_1618|   14   |
|     p_0622_0_reg_584    |   32   |
|     p_0657_0_reg_627    |   32   |
|         reg_662         |   32   |
|    ret_V_17_reg_1770    |   32   |
|    ret_V_21_reg_1775    |   32   |
|     tmp_10_reg_1807     |    5   |
|      tmp_2_reg_1649     |    5   |
|   zext_ln104_reg_1587   |    6   |
|   zext_ln111_reg_1631   |   64   |
|  zext_ln116_1_reg_1735  |    7   |
|   zext_ln135_reg_1784   |   64   |
|   zext_ln1598_reg_1600  |    7   |
|    zext_ln80_reg_1577   |   64   |
+-------------------------+--------+
|          Total          |  1421  |
+-------------------------+--------+

* Multiplexer (MUX) list: 
|-----------------------|------|------|------|--------||---------||---------|
|          Comp         |  Pin | Size |  BW  | S x BW ||  Delay  ||   LUT   |
|-----------------------|------|------|------|--------||---------||---------|
|   grp_access_fu_193   |  p0  |   2  |   5  |   10   ||    9    |
|   grp_access_fu_206   |  p0  |   2  |  14  |   28   ||    9    |
|   grp_access_fu_206   |  p1  |   2  |  32  |   64   ||    9    |
|   grp_access_fu_206   |  p2  |   3  |   0  |    0   ||    15   |
|   grp_access_fu_247   |  p0  |   3  |   9  |   27   ||    15   |
|   grp_access_fu_261   |  p0  |   2  |   3  |    6   ||    9    |
|   grp_access_fu_273   |  p0  |  13  |   8  |   104  ||    56   |
|   grp_access_fu_273   |  p1  |   5  |  32  |   160  ||    27   |
|   grp_access_fu_273   |  p2  |  14  |   0  |    0   ||    59   |
|   grp_access_fu_273   |  p4  |   4  |   8  |   32   ||    21   |
|   grp_access_fu_352   |  p0  |   7  |   6  |   42   ||    38   |
|   grp_access_fu_352   |  p2  |   5  |   0  |    0   ||    27   |
|   grp_access_fu_420   |  p0  |   2  |   6  |   12   ||    9    |
| i_op_assign_1_reg_540 |  p0  |   2  |   2  |    4   ||    9    |
|     j12_0_reg_638     |  p0  |   2  |   7  |   14   ||    9    |
|     i13_0_reg_650     |  p0  |   2  |   4  |    8   ||    9    |
|        reg_662        |  p0  |   2  |  32  |   64   ||    9    |
|-----------------------|------|------|------|--------||---------||---------|
|         Total         |      |      |      |   575  || 31.4747 ||   339   |
|-----------------------|------|------|------|--------||---------||---------|



* Summary:
+-----------+--------+--------+--------+--------+--------+
|           |  BRAM  |  Delay |   FF   |   LUT  |  URAM  |
+-----------+--------+--------+--------+--------+--------+
|  Function |    -   |    -   |    0   |  1440  |    -   |
|   Memory  |   37   |    -   |    0   |    0   |    0   |
|Multiplexer|    -   |   31   |    -   |   339  |    -   |
|  Register |    -   |    -   |  1421  |    -   |    -   |
+-----------+--------+--------+--------+--------+--------+
|   Total   |   37   |   31   |  1421  |  1779  |    0   |
+-----------+--------+--------+--------+--------+--------+
