

================================================================
== Vivado HLS Report for 'hash1'
================================================================
* Date:           Thu Nov 21 20:50:35 2024

* Version:        2019.2 (Build 2704478 on Wed Nov 06 22:10:23 MST 2019)
* Project:        sha.prj
* Solution:       solution1
* Product family: zynq
* Target device:  xc7z020-clg484-1


================================================================
== Performance Estimates
================================================================
+ Timing: 
    * Summary: 
    +--------+----------+----------+------------+
    |  Clock |  Target  | Estimated| Uncertainty|
    +--------+----------+----------+------------+
    |ap_clk  | 10.00 ns | 7.625 ns |   1.25 ns  |
    +--------+----------+----------+------------+

+ Latency: 
    * Summary: 
    +---------+---------+----------+----------+-----+-----+---------+
    |  Latency (cycles) |  Latency (absolute) |  Interval | Pipeline|
    |   min   |   max   |    min   |    max   | min | max |   Type  |
    +---------+---------+----------+----------+-----+-----+---------+
    |      544|      608| 5.440 us | 6.080 us |  544|  608|   none  |
    +---------+---------+----------+----------+-----+-----+---------+

    + Detail: 
        * Instance: 
        N/A

        * Loop: 
        +-------------+---------+---------+-----------+-----------+-----------+------+----------+
        |             |  Latency (cycles) | Iteration |  Initiation Interval  | Trip |          |
        |  Loop Name  |   min   |   max   |  Latency  |  achieved |   target  | Count| Pipelined|
        +-------------+---------+---------+-----------+-----------+-----------+------+----------+
        |- Loop 1     |       18|       18|          2|          -|          -|     9|    no    |
        |- Loop 2     |       96|       96|          6|          -|          -|    16|    no    |
        | + Loop 2.1  |        4|        4|          2|          -|          -|     2|    no    |
        |- Loop 3     |       16|       16|          2|          -|          -|     8|    no    |
        |- Loop 4     |      393|      457| 393 ~ 457 |          -|          -|     1|    no    |
        | + Loop 4.1  |      384|      448|   6 ~ 7   |          -|          -|    64|    no    |
        |- Loop 5     |       16|       16|          2|          -|          -|     8|    no    |
        +-------------+---------+---------+-----------+-----------+-----------+------+----------+



================================================================
== Utilization Estimates
================================================================
* Summary: 
+-----------------+---------+-------+--------+-------+-----+
|       Name      | BRAM_18K| DSP48E|   FF   |  LUT  | URAM|
+-----------------+---------+-------+--------+-------+-----+
|DSP              |        -|      -|       -|      -|    -|
|Expression       |        -|      -|       0|   1517|    -|
|FIFO             |        -|      -|       -|      -|    -|
|Instance         |        -|      -|       -|      -|    -|
|Memory           |       38|      -|      32|      4|    0|
|Multiplexer      |        -|      -|       -|    531|    -|
|Register         |        -|      -|    1046|      -|    -|
+-----------------+---------+-------+--------+-------+-----+
|Total            |       38|      0|    1078|   2052|    0|
+-----------------+---------+-------+--------+-------+-----+
|Available        |      280|    220|  106400|  53200|    0|
+-----------------+---------+-------+--------+-------+-----+
|Utilization (%)  |       13|      0|       1|      3|    0|
+-----------------+---------+-------+--------+-------+-----+

+ Detail: 
    * Instance: 
    N/A

    * DSP48E: 
    N/A

    * Memory: 
    +-------------+-------------------+---------+----+----+-----+-------+-----+------+-------------+
    |    Memory   |       Module      | BRAM_18K| FF | LUT| URAM| Words | Bits| Banks| W*Bits*Banks|
    +-------------+-------------------+---------+----+----+-----+-------+-----+------+-------------+
    |H_0_V_U      |hash1_1_H_0_V      |        0|  32|   4|    0|      8|   32|     1|          256|
    |H_V_U        |hash1_1_H_V        |        2|   0|   0|    0|    256|   32|     1|         8192|
    |K_U          |hash1_1_K          |        1|   0|   0|    0|     64|   32|     1|         2048|
    |M_V_U        |hash1_1_M_V        |        1|   0|   0|    0|    512|   32|     1|        16384|
    |W_V_U        |hash1_1_W_V        |        2|   0|   0|    0|     64|   32|     1|         2048|
    |message_V_U  |hash1_1_message_V  |       32|   0|   0|    0|  10000|   32|     1|       320000|
    +-------------+-------------------+---------+----+----+-----+-------+-----+------+-------------+
    |Total        |                   |       38|  32|   4|    0|  10904|  192|     6|       348928|
    +-------------+-------------------+---------+----+----+-----+-------+-----+------+-------------+

    * FIFO: 
    N/A

    * Expression: 
    +--------------------------+----------+-------+---+----+------------+------------+
    |       Variable Name      | Operation| DSP48E| FF| LUT| Bitwidth P0| Bitwidth P1|
    +--------------------------+----------+-------+---+----+------------+------------+
    |T1_V_fu_1434_p2           |     +    |      0|  0|  32|          32|          32|
    |W_V_d0                    |     +    |      0|  0|  32|          32|          32|
    |a_V_2_fu_1448_p2          |     +    |      0|  0|  32|          32|          32|
    |add_ln106_fu_738_p2       |     +    |      0|  0|  15|           5|           5|
    |add_ln116_fu_776_p2       |     +    |      0|  0|  10|           2|           2|
    |add_ln137_1_fu_1162_p2    |     +    |      0|  0|  15|           4|           7|
    |add_ln137_2_fu_1239_p2    |     +    |      0|  0|  15|           5|           7|
    |add_ln137_3_fu_1250_p2    |     +    |      0|  0|  15|           6|           7|
    |add_ln137_fu_1151_p2      |     +    |      0|  0|  15|           3|           7|
    |add_ln209_18_fu_1407_p2   |     +    |      0|  0|  32|          32|          32|
    |add_ln209_19_fu_1401_p2   |     +    |      0|  0|  39|          32|          32|
    |add_ln209_1_fu_1207_p2    |     +    |      0|  0|  39|          32|          32|
    |add_ln209_20_fu_1428_p2   |     +    |      0|  0|  32|          32|          32|
    |add_ln209_21_fu_1418_p2   |     +    |      0|  0|  32|          32|          32|
    |add_ln209_22_fu_1423_p2   |     +    |      0|  0|  32|          32|          32|
    |add_ln209_25_fu_1444_p2   |     +    |      0|  0|  32|          32|          32|
    |add_ln209_2_fu_1213_p2    |     +    |      0|  0|  39|          32|          32|
    |add_ln209_3_fu_1481_p2    |     +    |      0|  0|  39|          32|          32|
    |add_ln209_4_fu_1218_p2    |     +    |      0|  0|  39|          32|          32|
    |add_ln209_5_fu_1223_p2    |     +    |      0|  0|  39|          32|          32|
    |add_ln209_6_fu_1228_p2    |     +    |      0|  0|  39|          32|          32|
    |add_ln209_7_fu_1543_p2    |     +    |      0|  0|  39|          32|          32|
    |add_ln209_fu_1201_p2      |     +    |      0|  0|  39|          32|          32|
    |add_ln321_2_fu_1141_p2    |     +    |      0|  0|  15|           7|           7|
    |add_ln321_fu_721_p2       |     +    |      0|  0|  15|           7|           7|
    |e_V_2_fu_1439_p2          |     +    |      0|  0|  39|          32|          32|
    |i_11_fu_687_p2            |     +    |      0|  0|  15|           5|           1|
    |i_12_fu_759_p2            |     +    |      0|  0|  13|           4|           1|
    |i_13_fu_1555_p2           |     +    |      0|  0|  13|           4|           1|
    |i_14_fu_1233_p2           |     +    |      0|  0|  10|           2|           1|
    |i_fu_670_p2               |     +    |      0|  0|  13|           4|           1|
    |j_2_fu_911_p2             |     +    |      0|  0|  15|           7|           1|
    |j_fu_703_p2               |     +    |      0|  0|  10|           2|           1|
    |and_ln26_2_fu_929_p2      |    and   |      0|  0|  32|          32|          32|
    |and_ln26_fu_917_p2        |    and   |      0|  0|  32|          32|          32|
    |and_ln31_2_fu_953_p2      |    and   |      0|  0|  32|          32|          32|
    |and_ln31_fu_947_p2        |    and   |      0|  0|  32|          32|          32|
    |icmp_ln104_fu_681_p2      |   icmp   |      0|  0|  11|           5|           6|
    |icmp_ln105_fu_697_p2      |   icmp   |      0|  0|   9|           2|           3|
    |icmp_ln110_fu_753_p2      |   icmp   |      0|  0|  11|           4|           5|
    |icmp_ln114_fu_770_p2      |   icmp   |      0|  0|   9|           2|           3|
    |icmp_ln127_fu_905_p2      |   icmp   |      0|  0|  11|           7|           8|
    |icmp_ln134_fu_1131_p2     |   icmp   |      0|  0|   9|           3|           1|
    |icmp_ln161_fu_1549_p2     |   icmp   |      0|  0|  11|           4|           5|
    |icmp_ln79_fu_664_p2       |   icmp   |      0|  0|   9|           4|           4|
    |or_ln117_fu_795_p2        |    or    |      0|  0|   5|           5|           1|
    |or_ln118_fu_810_p2        |    or    |      0|  0|   5|           5|           2|
    |or_ln119_fu_824_p2        |    or    |      0|  0|   5|           5|           2|
    |or_ln120_fu_838_p2        |    or    |      0|  0|   5|           5|           3|
    |or_ln121_fu_852_p2        |    or    |      0|  0|   5|           5|           3|
    |or_ln122_fu_866_p2        |    or    |      0|  0|   5|           5|           3|
    |or_ln123_fu_880_p2        |    or    |      0|  0|   5|           5|           3|
    |or_ln321_10_fu_1501_p2    |    or    |      0|  0|   5|           5|           3|
    |or_ln321_11_fu_1515_p2    |    or    |      0|  0|   5|           5|           3|
    |or_ln321_12_fu_1529_p2    |    or    |      0|  0|   5|           5|           3|
    |or_ln321_7_fu_1453_p2     |    or    |      0|  0|   5|           5|           2|
    |or_ln321_8_fu_1467_p2     |    or    |      0|  0|   5|           5|           2|
    |or_ln321_9_fu_1487_p2     |    or    |      0|  0|   5|           5|           3|
    |or_ln321_fu_1186_p2       |    or    |      0|  0|   5|           5|           1|
    |ch_V_fu_935_p2            |    xor   |      0|  0|  32|          32|          32|
    |maj_V_fu_959_p2           |    xor   |      0|  0|  32|          32|          32|
    |ret_V_38_fu_1395_p2       |    xor   |      0|  0|  32|          32|          32|
    |ret_V_42_fu_1037_p2       |    xor   |      0|  0|  32|          32|          32|
    |ret_V_46_fu_1115_p2       |    xor   |      0|  0|  32|          32|          32|
    |ret_V_fu_1325_p2          |    xor   |      0|  0|  32|          32|          32|
    |xor_ln1357_11_fu_1319_p2  |    xor   |      0|  0|  32|          32|          32|
    |xor_ln1357_13_fu_1389_p2  |    xor   |      0|  0|  32|          32|          32|
    |xor_ln1357_9_fu_1109_p2   |    xor   |      0|  0|  32|          32|          32|
    |xor_ln1357_fu_1031_p2     |    xor   |      0|  0|  32|          32|          32|
    |xor_ln26_fu_923_p2        |    xor   |      0|  0|  32|          32|           2|
    |xor_ln31_fu_941_p2        |    xor   |      0|  0|  32|          32|          32|
    |xor_ln321_fu_1561_p2      |    xor   |      0|  0|   5|           4|           5|
    +--------------------------+----------+-------+---+----+------------+------------+
    |Total                     |          |      0|  0|1517|        1260|        1188|
    +--------------------------+----------+-------+---+----+------------+------------+

    * Multiplexer: 
    +-----------------------+-----+-----------+-----+-----------+
    |          Name         | LUT | Input Size| Bits| Total Bits|
    +-----------------------+-----+-----------+-----+-----------+
    |H_V_address0           |   47|         10|    8|         80|
    |H_V_address1           |   47|         10|    8|         80|
    |H_V_d0                 |   33|          6|   32|        192|
    |H_V_d1                 |   27|          5|   32|        160|
    |M_V_address0           |   15|          3|    9|         27|
    |W_V_address0           |   27|          5|    6|         30|
    |W_V_address1           |   21|          4|    6|         24|
    |ap_NS_fsm              |  125|         27|    1|         27|
    |b_V_2_reg_549          |    9|          2|   32|         64|
    |c_V_2_reg_559          |    9|          2|   32|         64|
    |d_V_2_reg_570          |    9|          2|   32|         64|
    |f_V_2_reg_592          |    9|          2|   32|         64|
    |g_V_2_reg_602          |    9|          2|   32|         64|
    |h_V_2_reg_613          |    9|          2|   32|         64|
    |i13_0_reg_647          |    9|          2|    4|          8|
    |i4_0_reg_503           |    9|          2|    5|         10|
    |i9_0_reg_526           |    9|          2|    4|          8|
    |i_0_reg_492            |    9|          2|    4|          8|
    |i_op_assign_2_reg_537  |    9|          2|    2|          4|
    |i_op_assign_reg_515    |    9|          2|    2|          4|
    |j12_0_reg_635          |    9|          2|    7|         14|
    |message_V_address0     |   15|          3|   14|         42|
    |message_V_address1     |   15|          3|   14|         42|
    |message_V_d0           |   15|          3|   32|         96|
    |p_0622_0_reg_581       |    9|          2|   32|         64|
    |p_0657_0_reg_624       |    9|          2|   32|         64|
    |reg_659                |    9|          2|   32|         64|
    +-----------------------+-----+-----------+-----+-----------+
    |Total                  |  531|        111|  478|       1432|
    +-----------------------+-----+-----------+-----+-----------+

    * Register: 
    +-----------------------+----+----+-----+-----------+
    |          Name         | FF | LUT| Bits| Const Bits|
    +-----------------------+----+----+-----+-----------+
    |T1_V_reg_1880          |  32|   0|   32|          0|
    |W_V_load_1_reg_1845    |  32|   0|   32|          0|
    |a_V_reg_1682           |  32|   0|   32|          0|
    |add_ln116_reg_1647     |   2|   0|    2|          0|
    |add_ln209_19_reg_1860  |  32|   0|   32|          0|
    |add_ln209_22_reg_1865  |  32|   0|   32|          0|
    |add_ln209_2_reg_1820   |  32|   0|   32|          0|
    |add_ln209_4_reg_1825   |  32|   0|   32|          0|
    |add_ln209_5_reg_1830   |  32|   0|   32|          0|
    |add_ln209_6_reg_1835   |  32|   0|   32|          0|
    |add_ln321_reg_1616     |   7|   0|    7|          0|
    |ap_CS_fsm              |  26|   0|   26|          0|
    |b_V_2_reg_549          |  32|   0|   32|          0|
    |b_V_reg_1688           |  32|   0|   32|          0|
    |c_V_2_reg_559          |  32|   0|   32|          0|
    |c_V_reg_1704           |  32|   0|   32|          0|
    |ch_V_reg_1763          |  32|   0|   32|          0|
    |d_V_2_reg_570          |  32|   0|   32|          0|
    |d_V_reg_1710           |  32|   0|   32|          0|
    |e_V_reg_1726           |  32|   0|   32|          0|
    |f_V_2_reg_592          |  32|   0|   32|          0|
    |f_V_reg_1732           |  32|   0|   32|          0|
    |g_V_2_reg_602          |  32|   0|   32|          0|
    |g_V_reg_1743           |  32|   0|   32|          0|
    |h_V_2_reg_613          |  32|   0|   32|          0|
    |h_V_reg_1749           |  32|   0|   32|          0|
    |i13_0_reg_647          |   4|   0|    4|          0|
    |i4_0_reg_503           |   5|   0|    5|          0|
    |i9_0_reg_526           |   4|   0|    4|          0|
    |i_0_reg_492            |   4|   0|    4|          0|
    |i_11_reg_1598          |   5|   0|    5|          0|
    |i_12_reg_1629          |   4|   0|    4|          0|
    |i_13_reg_1899          |   4|   0|    4|          0|
    |i_14_reg_1840          |   2|   0|    2|          0|
    |i_op_assign_2_reg_537  |   2|   0|    2|          0|
    |i_op_assign_reg_515    |   2|   0|    2|          0|
    |i_reg_1580             |   4|   0|    4|          0|
    |icmp_ln134_reg_1783    |   1|   0|    1|          0|
    |j12_0_reg_635          |   7|   0|    7|          0|
    |j_2_reg_1758           |   7|   0|    7|          0|
    |j_reg_1611             |   2|   0|    2|          0|
    |maj_V_reg_1768         |  32|   0|   32|          0|
    |p_0622_0_reg_581       |  32|   0|   32|          0|
    |p_0657_0_reg_624       |  32|   0|   32|          0|
    |reg_659                |  32|   0|   32|          0|
    |ret_V_42_reg_1773      |  32|   0|   32|          0|
    |ret_V_46_reg_1778      |  32|   0|   32|          0|
    |tmp_18_reg_1652        |   2|   0|    5|          3|
    |tmp_26_reg_1810        |   2|   0|    5|          3|
    |zext_ln111_reg_1634    |   4|   0|   64|         60|
    |zext_ln116_2_reg_1738  |   2|   0|    7|          5|
    |zext_ln135_reg_1787    |   7|   0|   64|         57|
    |zext_ln1598_reg_1603   |   5|   0|    7|          2|
    |zext_ln80_reg_1585     |   4|   0|   64|         60|
    +-----------------------+----+----+-----+-----------+
    |Total                  |1046|   0| 1236|        190|
    +-----------------------+----+----+-----+-----------+



================================================================
== Interface
================================================================
* Summary: 
+---------------------------+-----+-----+------------+------------------+--------------+
|         RTL Ports         | Dir | Bits|  Protocol  |   Source Object  |    C Type    |
+---------------------------+-----+-----+------------+------------------+--------------+
|ap_clk                     |  in |    1| ap_ctrl_hs |       hash1      | return value |
|ap_rst                     |  in |    1| ap_ctrl_hs |       hash1      | return value |
|ap_start                   |  in |    1| ap_ctrl_hs |       hash1      | return value |
|ap_done                    | out |    1| ap_ctrl_hs |       hash1      | return value |
|ap_idle                    | out |    1| ap_ctrl_hs |       hash1      | return value |
|ap_ready                   | out |    1| ap_ctrl_hs |       hash1      | return value |
|input_V_address0           | out |    3|  ap_memory |      input_V     |     array    |
|input_V_ce0                | out |    1|  ap_memory |      input_V     |     array    |
|input_V_q0                 |  in |   32|  ap_memory |      input_V     |     array    |
|outputlocation_V_address0  | out |    3|  ap_memory | outputlocation_V |     array    |
|outputlocation_V_ce0       | out |    1|  ap_memory | outputlocation_V |     array    |
|outputlocation_V_we0       | out |    1|  ap_memory | outputlocation_V |     array    |
|outputlocation_V_d0        | out |   32|  ap_memory | outputlocation_V |     array    |
+---------------------------+-----+-----+------------+------------------+--------------+

============================================================
+ Verbose Summary: Synthesis Manager
============================================================
InlineROM: 1
ExposeGlobal: 0
============================================================
+ Verbose Summary: CDFG Model
============================================================
IsTopModel: 0
ResetActiveHigh: 1
IsCombinational: 2
IsDatapathOnly: 2
HasWiredReturn: 1
HasMFsm: 0
HasVarLatency: 1
IsPipeline: 0
IsRtlPipelined: 0
IsInstanceOverlapped: 0
IsDontTouch: 0
HasImplIP: 0
IsGatedGlobalClock: 0


============================================================
+ Verbose Summary: Schedule
============================================================
* Number of FSM states : 26
* Pipeline : 0
* Dataflow Pipeline: 0

* FSM state transitions: 
1 --> 2 
2 --> 3 4 
3 --> 2 
4 --> 5 7 
5 --> 6 4 
6 --> 5 
7 --> 8 9 
8 --> 7 
9 --> 10 25 
10 --> 11 
11 --> 12 
12 --> 13 
13 --> 14 
14 --> 22 15 18 
15 --> 16 
16 --> 17 
17 --> 19 
18 --> 17 
19 --> 20 
20 --> 21 
21 --> 14 
22 --> 23 
23 --> 24 
24 --> 9 
25 --> 26 
26 --> 25 

* FSM state operations: 

State 1 <SV = 0> <Delay = 3.25>
ST_1 : Operation 27 [1/1] (3.25ns)   --->   "%message_V = alloca [10000 x i32], align 4" [sha256.cpp:77]   --->   Operation 27 'alloca' 'message_V' <Predicate = true> <Delay = 3.25> <Core = "RAM">   --->   Core 37 'RAM' <Latency = 1> <II = 1> <Delay = 3.25> <Storage> <Opcode : 'load' 'store'> <Ports = 2> <Width = 32> <Depth = 64> <RAM>
ST_1 : Operation 28 [1/1] (3.25ns)   --->   "%M_V = alloca [512 x i32], align 4" [sha256.cpp:102]   --->   Operation 28 'alloca' 'M_V' <Predicate = true> <Delay = 3.25> <Core = "RAM">   --->   Core 37 'RAM' <Latency = 1> <II = 1> <Delay = 3.25> <Storage> <Opcode : 'load' 'store'> <Ports = 2> <Width = 32> <Depth = 64> <RAM>
ST_1 : Operation 29 [1/1] (3.25ns)   --->   "%H_V = alloca [256 x i32], align 4" [sha256.cpp:108]   --->   Operation 29 'alloca' 'H_V' <Predicate = true> <Delay = 3.25> <Core = "RAM">   --->   Core 37 'RAM' <Latency = 1> <II = 1> <Delay = 3.25> <Storage> <Opcode : 'load' 'store'> <Ports = 2> <Width = 32> <Depth = 64> <RAM>
ST_1 : Operation 30 [1/1] (3.25ns)   --->   "%W_V = alloca [64 x i32], align 4" [sha256.cpp:125]   --->   Operation 30 'alloca' 'W_V' <Predicate = true> <Delay = 3.25> <Core = "RAM">   --->   Core 37 'RAM' <Latency = 1> <II = 1> <Delay = 3.25> <Storage> <Opcode : 'load' 'store'> <Ports = 2> <Width = 32> <Depth = 64> <RAM>
ST_1 : Operation 31 [1/1] (1.76ns)   --->   "br label %.preheader1321" [sha256.cpp:79]   --->   Operation 31 'br' <Predicate = true> <Delay = 1.76>

State 2 <SV = 1> <Delay = 3.25>
ST_2 : Operation 32 [1/1] (0.00ns)   --->   "%i_0 = phi i4 [ %i, %0 ], [ 0, %.preheader1321.preheader ]"   --->   Operation 32 'phi' 'i_0' <Predicate = true> <Delay = 0.00>
ST_2 : Operation 33 [1/1] (0.00ns)   --->   "%empty = call i32 (...)* @_ssdm_op_SpecLoopTripCount(i64 9, i64 9, i64 9)"   --->   Operation 33 'speclooptripcount' 'empty' <Predicate = true> <Delay = 0.00>
ST_2 : Operation 34 [1/1] (1.30ns)   --->   "%icmp_ln79 = icmp eq i4 %i_0, -7" [sha256.cpp:79]   --->   Operation 34 'icmp' 'icmp_ln79' <Predicate = true> <Delay = 1.30> <Core = "Cmp">   --->   Core 25 'Cmp' <Latency = 0> <II = 1> <Delay = 1.30> <FuncUnit> <Opcode : 'icmp'> <InPorts = 2> <OutPorts = 1>
ST_2 : Operation 35 [1/1] (1.73ns)   --->   "%i = add i4 %i_0, 1" [sha256.cpp:79]   --->   Operation 35 'add' 'i' <Predicate = true> <Delay = 1.73> <Core = "AddSub">   --->   Core 14 'AddSub' <Latency = 0> <II = 1> <Delay = 1.56> <FuncUnit> <Opcode : 'add' 'sub'> <InPorts = 2> <OutPorts = 1>
ST_2 : Operation 36 [1/1] (0.00ns)   --->   "br i1 %icmp_ln79, label %1, label %0" [sha256.cpp:79]   --->   Operation 36 'br' <Predicate = true> <Delay = 0.00>
ST_2 : Operation 37 [1/1] (0.00ns)   --->   "%zext_ln80 = zext i4 %i_0 to i64" [sha256.cpp:80]   --->   Operation 37 'zext' 'zext_ln80' <Predicate = (!icmp_ln79)> <Delay = 0.00>
ST_2 : Operation 38 [1/1] (0.00ns)   --->   "%input_V_addr = getelementptr [8 x i32]* %input_V, i64 0, i64 %zext_ln80" [sha256.cpp:80]   --->   Operation 38 'getelementptr' 'input_V_addr' <Predicate = (!icmp_ln79)> <Delay = 0.00>
ST_2 : Operation 39 [2/2] (2.32ns)   --->   "%input_V_load = load i32* %input_V_addr, align 4" [sha256.cpp:80]   --->   Operation 39 'load' 'input_V_load' <Predicate = (!icmp_ln79)> <Delay = 2.32> <Core = "RAM">   --->   Core 37 'RAM' <Latency = 1> <II = 1> <Delay = 3.25> <Storage> <Opcode : 'load' 'store'> <Ports = 2> <Width = 32> <Depth = 64> <RAM>
ST_2 : Operation 40 [1/1] (0.00ns)   --->   "%message_V_addr_1 = getelementptr [10000 x i32]* %message_V, i64 0, i64 8" [sha256.cpp:85]   --->   Operation 40 'getelementptr' 'message_V_addr_1' <Predicate = (icmp_ln79)> <Delay = 0.00>
ST_2 : Operation 41 [1/1] (3.25ns)   --->   "store i32 -2147483648, i32* %message_V_addr_1, align 4" [sha256.cpp:85]   --->   Operation 41 'store' <Predicate = (icmp_ln79)> <Delay = 3.25> <Core = "RAM">   --->   Core 37 'RAM' <Latency = 1> <II = 1> <Delay = 3.25> <Storage> <Opcode : 'load' 'store'> <Ports = 2> <Width = 32> <Depth = 64> <RAM>
ST_2 : Operation 42 [1/1] (0.00ns)   --->   "%message_V_addr_4 = getelementptr [10000 x i32]* %message_V, i64 0, i64 15" [sha256.cpp:98]   --->   Operation 42 'getelementptr' 'message_V_addr_4' <Predicate = (icmp_ln79)> <Delay = 0.00>
ST_2 : Operation 43 [1/1] (3.25ns)   --->   "store i32 256, i32* %message_V_addr_4, align 4" [sha256.cpp:98]   --->   Operation 43 'store' <Predicate = (icmp_ln79)> <Delay = 3.25> <Core = "RAM">   --->   Core 37 'RAM' <Latency = 1> <II = 1> <Delay = 3.25> <Storage> <Opcode : 'load' 'store'> <Ports = 2> <Width = 32> <Depth = 64> <RAM>
ST_2 : Operation 44 [1/1] (1.76ns)   --->   "br label %.loopexit" [sha256.cpp:104]   --->   Operation 44 'br' <Predicate = (icmp_ln79)> <Delay = 1.76>

State 3 <SV = 2> <Delay = 5.57>
ST_3 : Operation 45 [1/2] (2.32ns)   --->   "%input_V_load = load i32* %input_V_addr, align 4" [sha256.cpp:80]   --->   Operation 45 'load' 'input_V_load' <Predicate = true> <Delay = 2.32> <Core = "RAM">   --->   Core 37 'RAM' <Latency = 1> <II = 1> <Delay = 3.25> <Storage> <Opcode : 'load' 'store'> <Ports = 2> <Width = 32> <Depth = 64> <RAM>
ST_3 : Operation 46 [1/1] (0.00ns)   --->   "%message_V_addr = getelementptr [10000 x i32]* %message_V, i64 0, i64 %zext_ln80" [sha256.cpp:80]   --->   Operation 46 'getelementptr' 'message_V_addr' <Predicate = true> <Delay = 0.00>
ST_3 : Operation 47 [1/1] (3.25ns)   --->   "store i32 %input_V_load, i32* %message_V_addr, align 4" [sha256.cpp:80]   --->   Operation 47 'store' <Predicate = true> <Delay = 3.25> <Core = "RAM">   --->   Core 37 'RAM' <Latency = 1> <II = 1> <Delay = 3.25> <Storage> <Opcode : 'load' 'store'> <Ports = 2> <Width = 32> <Depth = 64> <RAM>
ST_3 : Operation 48 [1/1] (0.00ns)   --->   "br label %.preheader1321" [sha256.cpp:79]   --->   Operation 48 'br' <Predicate = true> <Delay = 0.00>

State 4 <SV = 2> <Delay = 1.78>
ST_4 : Operation 49 [1/1] (0.00ns)   --->   "%i4_0 = phi i5 [ 0, %1 ], [ %i_11, %.loopexit.loopexit ]"   --->   Operation 49 'phi' 'i4_0' <Predicate = true> <Delay = 0.00>
ST_4 : Operation 50 [1/1] (1.36ns)   --->   "%icmp_ln104 = icmp eq i5 %i4_0, -16" [sha256.cpp:104]   --->   Operation 50 'icmp' 'icmp_ln104' <Predicate = true> <Delay = 1.36> <Core = "Cmp">   --->   Core 25 'Cmp' <Latency = 0> <II = 1> <Delay = 1.30> <FuncUnit> <Opcode : 'icmp'> <InPorts = 2> <OutPorts = 1>
ST_4 : Operation 51 [1/1] (0.00ns)   --->   "%empty_17 = call i32 (...)* @_ssdm_op_SpecLoopTripCount(i64 16, i64 16, i64 16)"   --->   Operation 51 'speclooptripcount' 'empty_17' <Predicate = true> <Delay = 0.00>
ST_4 : Operation 52 [1/1] (1.78ns)   --->   "%i_11 = add i5 %i4_0, 1" [sha256.cpp:104]   --->   Operation 52 'add' 'i_11' <Predicate = true> <Delay = 1.78> <Core = "AddSub">   --->   Core 14 'AddSub' <Latency = 0> <II = 1> <Delay = 1.56> <FuncUnit> <Opcode : 'add' 'sub'> <InPorts = 2> <OutPorts = 1>
ST_4 : Operation 53 [1/1] (0.00ns)   --->   "br i1 %icmp_ln104, label %.preheader1319.preheader, label %.preheader1320.preheader" [sha256.cpp:104]   --->   Operation 53 'br' <Predicate = true> <Delay = 0.00>
ST_4 : Operation 54 [1/1] (0.00ns)   --->   "%zext_ln1598 = zext i5 %i4_0 to i7" [sha256.cpp:105]   --->   Operation 54 'zext' 'zext_ln1598' <Predicate = (!icmp_ln104)> <Delay = 0.00>
ST_4 : Operation 55 [1/1] (1.76ns)   --->   "br label %.preheader1320" [sha256.cpp:105]   --->   Operation 55 'br' <Predicate = (!icmp_ln104)> <Delay = 1.76>
ST_4 : Operation 56 [1/1] (1.76ns)   --->   "br label %.preheader1319" [sha256.cpp:110]   --->   Operation 56 'br' <Predicate = (icmp_ln104)> <Delay = 1.76>

State 5 <SV = 3> <Delay = 5.03>
ST_5 : Operation 57 [1/1] (0.00ns)   --->   "%i_op_assign = phi i2 [ %j, %2 ], [ 0, %.preheader1320.preheader ]"   --->   Operation 57 'phi' 'i_op_assign' <Predicate = true> <Delay = 0.00>
ST_5 : Operation 58 [1/1] (0.95ns)   --->   "%icmp_ln105 = icmp eq i2 %i_op_assign, -2" [sha256.cpp:105]   --->   Operation 58 'icmp' 'icmp_ln105' <Predicate = true> <Delay = 0.95> <Core = "Cmp">   --->   Core 25 'Cmp' <Latency = 0> <II = 1> <Delay = 1.30> <FuncUnit> <Opcode : 'icmp'> <InPorts = 2> <OutPorts = 1>
ST_5 : Operation 59 [1/1] (0.00ns)   --->   "%empty_18 = call i32 (...)* @_ssdm_op_SpecLoopTripCount(i64 2, i64 2, i64 2)"   --->   Operation 59 'speclooptripcount' 'empty_18' <Predicate = true> <Delay = 0.00>
ST_5 : Operation 60 [1/1] (1.56ns)   --->   "%j = add i2 %i_op_assign, 1" [sha256.cpp:105]   --->   Operation 60 'add' 'j' <Predicate = true> <Delay = 1.56> <Core = "AddSub">   --->   Core 14 'AddSub' <Latency = 0> <II = 1> <Delay = 1.56> <FuncUnit> <Opcode : 'add' 'sub'> <InPorts = 2> <OutPorts = 1>
ST_5 : Operation 61 [1/1] (0.00ns)   --->   "br i1 %icmp_ln105, label %.loopexit.loopexit, label %2" [sha256.cpp:105]   --->   Operation 61 'br' <Predicate = true> <Delay = 0.00>
ST_5 : Operation 62 [1/1] (0.00ns)   --->   "%tmp = call i6 @_ssdm_op_BitConcatenate.i6.i2.i4(i2 %i_op_assign, i4 0)" [sha256.cpp:106]   --->   Operation 62 'bitconcatenate' 'tmp' <Predicate = (!icmp_ln105)> <Delay = 0.00>
ST_5 : Operation 63 [1/1] (0.00ns)   --->   "%zext_ln321 = zext i6 %tmp to i7" [sha256.cpp:106]   --->   Operation 63 'zext' 'zext_ln321' <Predicate = (!icmp_ln105)> <Delay = 0.00>
ST_5 : Operation 64 [1/1] (1.82ns)   --->   "%add_ln321 = add i7 %zext_ln321, %zext_ln1598" [sha256.cpp:106]   --->   Operation 64 'add' 'add_ln321' <Predicate = (!icmp_ln105)> <Delay = 1.82> <Core = "AddSub">   --->   Core 14 'AddSub' <Latency = 0> <II = 1> <Delay = 1.56> <FuncUnit> <Opcode : 'add' 'sub'> <InPorts = 2> <OutPorts = 1>
ST_5 : Operation 65 [1/1] (0.00ns)   --->   "%trunc_ln106 = trunc i2 %i_op_assign to i1" [sha256.cpp:106]   --->   Operation 65 'trunc' 'trunc_ln106' <Predicate = (!icmp_ln105)> <Delay = 0.00>
ST_5 : Operation 66 [1/1] (0.00ns)   --->   "%shl_ln = call i5 @_ssdm_op_BitConcatenate.i5.i1.i4(i1 %trunc_ln106, i4 0)" [sha256.cpp:106]   --->   Operation 66 'bitconcatenate' 'shl_ln' <Predicate = (!icmp_ln105)> <Delay = 0.00>
ST_5 : Operation 67 [1/1] (1.78ns)   --->   "%add_ln106 = add i5 %shl_ln, %i4_0" [sha256.cpp:106]   --->   Operation 67 'add' 'add_ln106' <Predicate = (!icmp_ln105)> <Delay = 1.78> <Core = "AddSub">   --->   Core 14 'AddSub' <Latency = 0> <II = 1> <Delay = 1.56> <FuncUnit> <Opcode : 'add' 'sub'> <InPorts = 2> <OutPorts = 1>
ST_5 : Operation 68 [1/1] (0.00ns)   --->   "%zext_ln106 = zext i5 %add_ln106 to i64" [sha256.cpp:106]   --->   Operation 68 'zext' 'zext_ln106' <Predicate = (!icmp_ln105)> <Delay = 0.00>
ST_5 : Operation 69 [1/1] (0.00ns)   --->   "%message_V_addr_5 = getelementptr [10000 x i32]* %message_V, i64 0, i64 %zext_ln106" [sha256.cpp:106]   --->   Operation 69 'getelementptr' 'message_V_addr_5' <Predicate = (!icmp_ln105)> <Delay = 0.00>
ST_5 : Operation 70 [2/2] (3.25ns)   --->   "%message_V_load = load i32* %message_V_addr_5, align 4" [sha256.cpp:106]   --->   Operation 70 'load' 'message_V_load' <Predicate = (!icmp_ln105)> <Delay = 3.25> <Core = "RAM">   --->   Core 37 'RAM' <Latency = 1> <II = 1> <Delay = 3.25> <Storage> <Opcode : 'load' 'store'> <Ports = 2> <Width = 32> <Depth = 64> <RAM>
ST_5 : Operation 71 [1/1] (0.00ns)   --->   "br label %.loopexit"   --->   Operation 71 'br' <Predicate = (icmp_ln105)> <Delay = 0.00>

State 6 <SV = 4> <Delay = 6.50>
ST_6 : Operation 72 [1/1] (0.00ns)   --->   "%zext_ln321_5 = zext i7 %add_ln321 to i64" [sha256.cpp:106]   --->   Operation 72 'zext' 'zext_ln321_5' <Predicate = true> <Delay = 0.00>
ST_6 : Operation 73 [1/1] (0.00ns)   --->   "%M_V_addr = getelementptr [512 x i32]* %M_V, i64 0, i64 %zext_ln321_5" [sha256.cpp:106]   --->   Operation 73 'getelementptr' 'M_V_addr' <Predicate = true> <Delay = 0.00>
ST_6 : Operation 74 [1/2] (3.25ns)   --->   "%message_V_load = load i32* %message_V_addr_5, align 4" [sha256.cpp:106]   --->   Operation 74 'load' 'message_V_load' <Predicate = true> <Delay = 3.25> <Core = "RAM">   --->   Core 37 'RAM' <Latency = 1> <II = 1> <Delay = 3.25> <Storage> <Opcode : 'load' 'store'> <Ports = 2> <Width = 32> <Depth = 64> <RAM>
ST_6 : Operation 75 [1/1] (3.25ns)   --->   "store i32 %message_V_load, i32* %M_V_addr, align 4" [sha256.cpp:106]   --->   Operation 75 'store' <Predicate = true> <Delay = 3.25> <Core = "RAM">   --->   Core 37 'RAM' <Latency = 1> <II = 1> <Delay = 3.25> <Storage> <Opcode : 'load' 'store'> <Ports = 2> <Width = 32> <Depth = 64> <RAM>
ST_6 : Operation 76 [1/1] (0.00ns)   --->   "br label %.preheader1320" [sha256.cpp:105]   --->   Operation 76 'br' <Predicate = true> <Delay = 0.00>

State 7 <SV = 3> <Delay = 3.25>
ST_7 : Operation 77 [1/1] (0.00ns)   --->   "%i9_0 = phi i4 [ %i_12, %3 ], [ 0, %.preheader1319.preheader ]"   --->   Operation 77 'phi' 'i9_0' <Predicate = true> <Delay = 0.00>
ST_7 : Operation 78 [1/1] (1.30ns)   --->   "%icmp_ln110 = icmp eq i4 %i9_0, -8" [sha256.cpp:110]   --->   Operation 78 'icmp' 'icmp_ln110' <Predicate = true> <Delay = 1.30> <Core = "Cmp">   --->   Core 25 'Cmp' <Latency = 0> <II = 1> <Delay = 1.30> <FuncUnit> <Opcode : 'icmp'> <InPorts = 2> <OutPorts = 1>
ST_7 : Operation 79 [1/1] (0.00ns)   --->   "%empty_19 = call i32 (...)* @_ssdm_op_SpecLoopTripCount(i64 8, i64 8, i64 8)"   --->   Operation 79 'speclooptripcount' 'empty_19' <Predicate = true> <Delay = 0.00>
ST_7 : Operation 80 [1/1] (1.73ns)   --->   "%i_12 = add i4 %i9_0, 1" [sha256.cpp:110]   --->   Operation 80 'add' 'i_12' <Predicate = true> <Delay = 1.73> <Core = "AddSub">   --->   Core 14 'AddSub' <Latency = 0> <II = 1> <Delay = 1.56> <FuncUnit> <Opcode : 'add' 'sub'> <InPorts = 2> <OutPorts = 1>
ST_7 : Operation 81 [1/1] (0.00ns)   --->   "br i1 %icmp_ln110, label %.preheader9.preheader, label %3" [sha256.cpp:110]   --->   Operation 81 'br' <Predicate = true> <Delay = 0.00>
ST_7 : Operation 82 [1/1] (0.00ns)   --->   "%zext_ln111 = zext i4 %i9_0 to i64" [sha256.cpp:111]   --->   Operation 82 'zext' 'zext_ln111' <Predicate = (!icmp_ln110)> <Delay = 0.00>
ST_7 : Operation 83 [1/1] (0.00ns)   --->   "%H_0_V_addr = getelementptr [8 x i32]* @H_0_V, i64 0, i64 %zext_ln111" [sha256.cpp:111]   --->   Operation 83 'getelementptr' 'H_0_V_addr' <Predicate = (!icmp_ln110)> <Delay = 0.00>
ST_7 : Operation 84 [2/2] (3.25ns)   --->   "%H_0_V_load = load i32* %H_0_V_addr, align 4" [sha256.cpp:111]   --->   Operation 84 'load' 'H_0_V_load' <Predicate = (!icmp_ln110)> <Delay = 3.25> <Core = "ROM_nP">   --->   Core 52 'ROM_nP' <Latency = 1> <II = 1> <Delay = 3.25> <Storage> <Opcode : 'load'> <Ports = 0> <Width = 32> <Depth = 64> <ROM>
ST_7 : Operation 85 [1/1] (1.76ns)   --->   "br label %.preheader9" [sha256.cpp:114]   --->   Operation 85 'br' <Predicate = (icmp_ln110)> <Delay = 1.76>

State 8 <SV = 4> <Delay = 6.50>
ST_8 : Operation 86 [1/1] (0.00ns)   --->   "%H_V_addr = getelementptr [256 x i32]* %H_V, i64 0, i64 %zext_ln111" [sha256.cpp:111]   --->   Operation 86 'getelementptr' 'H_V_addr' <Predicate = true> <Delay = 0.00>
ST_8 : Operation 87 [1/2] (3.25ns)   --->   "%H_0_V_load = load i32* %H_0_V_addr, align 4" [sha256.cpp:111]   --->   Operation 87 'load' 'H_0_V_load' <Predicate = true> <Delay = 3.25> <Core = "ROM_nP">   --->   Core 52 'ROM_nP' <Latency = 1> <II = 1> <Delay = 3.25> <Storage> <Opcode : 'load'> <Ports = 0> <Width = 32> <Depth = 64> <ROM>
ST_8 : Operation 88 [1/1] (3.25ns)   --->   "store i32 %H_0_V_load, i32* %H_V_addr, align 4" [sha256.cpp:111]   --->   Operation 88 'store' <Predicate = true> <Delay = 3.25> <Core = "RAM">   --->   Core 37 'RAM' <Latency = 1> <II = 1> <Delay = 3.25> <Storage> <Opcode : 'load' 'store'> <Ports = 2> <Width = 32> <Depth = 64> <RAM>
ST_8 : Operation 89 [1/1] (0.00ns)   --->   "br label %.preheader1319" [sha256.cpp:110]   --->   Operation 89 'br' <Predicate = true> <Delay = 0.00>

State 9 <SV = 4> <Delay = 4.81>
ST_9 : Operation 90 [1/1] (0.00ns)   --->   "%i_op_assign_2 = phi i2 [ %i_14, %8 ], [ 1, %.preheader9.preheader ]"   --->   Operation 90 'phi' 'i_op_assign_2' <Predicate = true> <Delay = 0.00>
ST_9 : Operation 91 [1/1] (0.95ns)   --->   "%icmp_ln114 = icmp eq i2 %i_op_assign_2, -2" [sha256.cpp:114]   --->   Operation 91 'icmp' 'icmp_ln114' <Predicate = true> <Delay = 0.95> <Core = "Cmp">   --->   Core 25 'Cmp' <Latency = 0> <II = 1> <Delay = 1.30> <FuncUnit> <Opcode : 'icmp'> <InPorts = 2> <OutPorts = 1>
ST_9 : Operation 92 [1/1] (0.00ns)   --->   "%empty_20 = call i32 (...)* @_ssdm_op_SpecLoopTripCount(i64 1, i64 1, i64 1)"   --->   Operation 92 'speclooptripcount' 'empty_20' <Predicate = true> <Delay = 0.00>
ST_9 : Operation 93 [1/1] (0.00ns)   --->   "br i1 %icmp_ln114, label %.preheader.preheader, label %.preheader1318.preheader" [sha256.cpp:114]   --->   Operation 93 'br' <Predicate = true> <Delay = 0.00>
ST_9 : Operation 94 [1/1] (1.56ns)   --->   "%add_ln116 = add i2 %i_op_assign_2, -1" [sha256.cpp:116]   --->   Operation 94 'add' 'add_ln116' <Predicate = (!icmp_ln114)> <Delay = 1.56> <Core = "AddSub">   --->   Core 14 'AddSub' <Latency = 0> <II = 1> <Delay = 1.56> <FuncUnit> <Opcode : 'add' 'sub'> <InPorts = 2> <OutPorts = 1>
ST_9 : Operation 95 [1/1] (0.00ns)   --->   "%tmp_18 = call i5 @_ssdm_op_BitConcatenate.i5.i2.i3(i2 %add_ln116, i3 0)" [sha256.cpp:116]   --->   Operation 95 'bitconcatenate' 'tmp_18' <Predicate = (!icmp_ln114)> <Delay = 0.00>
ST_9 : Operation 96 [1/1] (0.00ns)   --->   "%zext_ln116 = zext i5 %tmp_18 to i64" [sha256.cpp:116]   --->   Operation 96 'zext' 'zext_ln116' <Predicate = (!icmp_ln114)> <Delay = 0.00>
ST_9 : Operation 97 [1/1] (0.00ns)   --->   "%H_V_addr_1 = getelementptr [256 x i32]* %H_V, i64 0, i64 %zext_ln116" [sha256.cpp:116]   --->   Operation 97 'getelementptr' 'H_V_addr_1' <Predicate = (!icmp_ln114)> <Delay = 0.00>
ST_9 : Operation 98 [1/1] (0.00ns)   --->   "%or_ln117 = or i5 %tmp_18, 1" [sha256.cpp:117]   --->   Operation 98 'or' 'or_ln117' <Predicate = (!icmp_ln114)> <Delay = 0.00>
ST_9 : Operation 99 [1/1] (0.00ns)   --->   "%tmp_19 = call i64 @_ssdm_op_BitConcatenate.i64.i59.i5(i59 0, i5 %or_ln117)" [sha256.cpp:117]   --->   Operation 99 'bitconcatenate' 'tmp_19' <Predicate = (!icmp_ln114)> <Delay = 0.00>
ST_9 : Operation 100 [1/1] (0.00ns)   --->   "%H_V_addr_2 = getelementptr [256 x i32]* %H_V, i64 0, i64 %tmp_19" [sha256.cpp:117]   --->   Operation 100 'getelementptr' 'H_V_addr_2' <Predicate = (!icmp_ln114)> <Delay = 0.00>
ST_9 : Operation 101 [2/2] (3.25ns)   --->   "%a_V = load i32* %H_V_addr_1, align 16" [sha256.cpp:116]   --->   Operation 101 'load' 'a_V' <Predicate = (!icmp_ln114)> <Delay = 3.25> <Core = "RAM">   --->   Core 37 'RAM' <Latency = 1> <II = 1> <Delay = 3.25> <Storage> <Opcode : 'load' 'store'> <Ports = 2> <Width = 32> <Depth = 64> <RAM>
ST_9 : Operation 102 [2/2] (3.25ns)   --->   "%b_V = load i32* %H_V_addr_2, align 4" [sha256.cpp:117]   --->   Operation 102 'load' 'b_V' <Predicate = (!icmp_ln114)> <Delay = 3.25> <Core = "RAM">   --->   Core 37 'RAM' <Latency = 1> <II = 1> <Delay = 3.25> <Storage> <Opcode : 'load' 'store'> <Ports = 2> <Width = 32> <Depth = 64> <RAM>
ST_9 : Operation 103 [1/1] (1.76ns)   --->   "br label %.preheader" [sha256.cpp:161]   --->   Operation 103 'br' <Predicate = (icmp_ln114)> <Delay = 1.76>

State 10 <SV = 5> <Delay = 3.25>
ST_10 : Operation 104 [1/1] (0.00ns)   --->   "%or_ln118 = or i5 %tmp_18, 2" [sha256.cpp:118]   --->   Operation 104 'or' 'or_ln118' <Predicate = true> <Delay = 0.00>
ST_10 : Operation 105 [1/1] (0.00ns)   --->   "%tmp_20 = call i64 @_ssdm_op_BitConcatenate.i64.i59.i5(i59 0, i5 %or_ln118)" [sha256.cpp:118]   --->   Operation 105 'bitconcatenate' 'tmp_20' <Predicate = true> <Delay = 0.00>
ST_10 : Operation 106 [1/1] (0.00ns)   --->   "%H_V_addr_3 = getelementptr [256 x i32]* %H_V, i64 0, i64 %tmp_20" [sha256.cpp:118]   --->   Operation 106 'getelementptr' 'H_V_addr_3' <Predicate = true> <Delay = 0.00>
ST_10 : Operation 107 [1/1] (0.00ns)   --->   "%or_ln119 = or i5 %tmp_18, 3" [sha256.cpp:119]   --->   Operation 107 'or' 'or_ln119' <Predicate = true> <Delay = 0.00>
ST_10 : Operation 108 [1/1] (0.00ns)   --->   "%tmp_21 = call i64 @_ssdm_op_BitConcatenate.i64.i59.i5(i59 0, i5 %or_ln119)" [sha256.cpp:119]   --->   Operation 108 'bitconcatenate' 'tmp_21' <Predicate = true> <Delay = 0.00>
ST_10 : Operation 109 [1/1] (0.00ns)   --->   "%H_V_addr_4 = getelementptr [256 x i32]* %H_V, i64 0, i64 %tmp_21" [sha256.cpp:119]   --->   Operation 109 'getelementptr' 'H_V_addr_4' <Predicate = true> <Delay = 0.00>
ST_10 : Operation 110 [1/2] (3.25ns)   --->   "%a_V = load i32* %H_V_addr_1, align 16" [sha256.cpp:116]   --->   Operation 110 'load' 'a_V' <Predicate = true> <Delay = 3.25> <Core = "RAM">   --->   Core 37 'RAM' <Latency = 1> <II = 1> <Delay = 3.25> <Storage> <Opcode : 'load' 'store'> <Ports = 2> <Width = 32> <Depth = 64> <RAM>
ST_10 : Operation 111 [1/2] (3.25ns)   --->   "%b_V = load i32* %H_V_addr_2, align 4" [sha256.cpp:117]   --->   Operation 111 'load' 'b_V' <Predicate = true> <Delay = 3.25> <Core = "RAM">   --->   Core 37 'RAM' <Latency = 1> <II = 1> <Delay = 3.25> <Storage> <Opcode : 'load' 'store'> <Ports = 2> <Width = 32> <Depth = 64> <RAM>
ST_10 : Operation 112 [2/2] (3.25ns)   --->   "%c_V = load i32* %H_V_addr_3, align 8" [sha256.cpp:118]   --->   Operation 112 'load' 'c_V' <Predicate = true> <Delay = 3.25> <Core = "RAM">   --->   Core 37 'RAM' <Latency = 1> <II = 1> <Delay = 3.25> <Storage> <Opcode : 'load' 'store'> <Ports = 2> <Width = 32> <Depth = 64> <RAM>
ST_10 : Operation 113 [2/2] (3.25ns)   --->   "%d_V = load i32* %H_V_addr_4, align 4" [sha256.cpp:119]   --->   Operation 113 'load' 'd_V' <Predicate = true> <Delay = 3.25> <Core = "RAM">   --->   Core 37 'RAM' <Latency = 1> <II = 1> <Delay = 3.25> <Storage> <Opcode : 'load' 'store'> <Ports = 2> <Width = 32> <Depth = 64> <RAM>

State 11 <SV = 6> <Delay = 3.25>
ST_11 : Operation 114 [1/1] (0.00ns)   --->   "%or_ln120 = or i5 %tmp_18, 4" [sha256.cpp:120]   --->   Operation 114 'or' 'or_ln120' <Predicate = true> <Delay = 0.00>
ST_11 : Operation 115 [1/1] (0.00ns)   --->   "%tmp_22 = call i64 @_ssdm_op_BitConcatenate.i64.i59.i5(i59 0, i5 %or_ln120)" [sha256.cpp:120]   --->   Operation 115 'bitconcatenate' 'tmp_22' <Predicate = true> <Delay = 0.00>
ST_11 : Operation 116 [1/1] (0.00ns)   --->   "%H_V_addr_5 = getelementptr [256 x i32]* %H_V, i64 0, i64 %tmp_22" [sha256.cpp:120]   --->   Operation 116 'getelementptr' 'H_V_addr_5' <Predicate = true> <Delay = 0.00>
ST_11 : Operation 117 [1/1] (0.00ns)   --->   "%or_ln121 = or i5 %tmp_18, 5" [sha256.cpp:121]   --->   Operation 117 'or' 'or_ln121' <Predicate = true> <Delay = 0.00>
ST_11 : Operation 118 [1/1] (0.00ns)   --->   "%tmp_23 = call i64 @_ssdm_op_BitConcatenate.i64.i59.i5(i59 0, i5 %or_ln121)" [sha256.cpp:121]   --->   Operation 118 'bitconcatenate' 'tmp_23' <Predicate = true> <Delay = 0.00>
ST_11 : Operation 119 [1/1] (0.00ns)   --->   "%H_V_addr_6 = getelementptr [256 x i32]* %H_V, i64 0, i64 %tmp_23" [sha256.cpp:121]   --->   Operation 119 'getelementptr' 'H_V_addr_6' <Predicate = true> <Delay = 0.00>
ST_11 : Operation 120 [1/2] (3.25ns)   --->   "%c_V = load i32* %H_V_addr_3, align 8" [sha256.cpp:118]   --->   Operation 120 'load' 'c_V' <Predicate = true> <Delay = 3.25> <Core = "RAM">   --->   Core 37 'RAM' <Latency = 1> <II = 1> <Delay = 3.25> <Storage> <Opcode : 'load' 'store'> <Ports = 2> <Width = 32> <Depth = 64> <RAM>
ST_11 : Operation 121 [1/2] (3.25ns)   --->   "%d_V = load i32* %H_V_addr_4, align 4" [sha256.cpp:119]   --->   Operation 121 'load' 'd_V' <Predicate = true> <Delay = 3.25> <Core = "RAM">   --->   Core 37 'RAM' <Latency = 1> <II = 1> <Delay = 3.25> <Storage> <Opcode : 'load' 'store'> <Ports = 2> <Width = 32> <Depth = 64> <RAM>
ST_11 : Operation 122 [2/2] (3.25ns)   --->   "%e_V = load i32* %H_V_addr_5, align 16" [sha256.cpp:120]   --->   Operation 122 'load' 'e_V' <Predicate = true> <Delay = 3.25> <Core = "RAM">   --->   Core 37 'RAM' <Latency = 1> <II = 1> <Delay = 3.25> <Storage> <Opcode : 'load' 'store'> <Ports = 2> <Width = 32> <Depth = 64> <RAM>
ST_11 : Operation 123 [2/2] (3.25ns)   --->   "%f_V = load i32* %H_V_addr_6, align 4" [sha256.cpp:121]   --->   Operation 123 'load' 'f_V' <Predicate = true> <Delay = 3.25> <Core = "RAM">   --->   Core 37 'RAM' <Latency = 1> <II = 1> <Delay = 3.25> <Storage> <Opcode : 'load' 'store'> <Ports = 2> <Width = 32> <Depth = 64> <RAM>

State 12 <SV = 7> <Delay = 3.25>
ST_12 : Operation 124 [1/1] (0.00ns)   --->   "%or_ln122 = or i5 %tmp_18, 6" [sha256.cpp:122]   --->   Operation 124 'or' 'or_ln122' <Predicate = true> <Delay = 0.00>
ST_12 : Operation 125 [1/1] (0.00ns)   --->   "%tmp_24 = call i64 @_ssdm_op_BitConcatenate.i64.i59.i5(i59 0, i5 %or_ln122)" [sha256.cpp:122]   --->   Operation 125 'bitconcatenate' 'tmp_24' <Predicate = true> <Delay = 0.00>
ST_12 : Operation 126 [1/1] (0.00ns)   --->   "%H_V_addr_7 = getelementptr [256 x i32]* %H_V, i64 0, i64 %tmp_24" [sha256.cpp:122]   --->   Operation 126 'getelementptr' 'H_V_addr_7' <Predicate = true> <Delay = 0.00>
ST_12 : Operation 127 [1/1] (0.00ns)   --->   "%or_ln123 = or i5 %tmp_18, 7" [sha256.cpp:123]   --->   Operation 127 'or' 'or_ln123' <Predicate = true> <Delay = 0.00>
ST_12 : Operation 128 [1/1] (0.00ns)   --->   "%tmp_25 = call i64 @_ssdm_op_BitConcatenate.i64.i59.i5(i59 0, i5 %or_ln123)" [sha256.cpp:123]   --->   Operation 128 'bitconcatenate' 'tmp_25' <Predicate = true> <Delay = 0.00>
ST_12 : Operation 129 [1/1] (0.00ns)   --->   "%H_V_addr_8 = getelementptr [256 x i32]* %H_V, i64 0, i64 %tmp_25" [sha256.cpp:123]   --->   Operation 129 'getelementptr' 'H_V_addr_8' <Predicate = true> <Delay = 0.00>
ST_12 : Operation 130 [1/2] (3.25ns)   --->   "%e_V = load i32* %H_V_addr_5, align 16" [sha256.cpp:120]   --->   Operation 130 'load' 'e_V' <Predicate = true> <Delay = 3.25> <Core = "RAM">   --->   Core 37 'RAM' <Latency = 1> <II = 1> <Delay = 3.25> <Storage> <Opcode : 'load' 'store'> <Ports = 2> <Width = 32> <Depth = 64> <RAM>
ST_12 : Operation 131 [1/2] (3.25ns)   --->   "%f_V = load i32* %H_V_addr_6, align 4" [sha256.cpp:121]   --->   Operation 131 'load' 'f_V' <Predicate = true> <Delay = 3.25> <Core = "RAM">   --->   Core 37 'RAM' <Latency = 1> <II = 1> <Delay = 3.25> <Storage> <Opcode : 'load' 'store'> <Ports = 2> <Width = 32> <Depth = 64> <RAM>
ST_12 : Operation 132 [2/2] (3.25ns)   --->   "%g_V = load i32* %H_V_addr_7, align 8" [sha256.cpp:122]   --->   Operation 132 'load' 'g_V' <Predicate = true> <Delay = 3.25> <Core = "RAM">   --->   Core 37 'RAM' <Latency = 1> <II = 1> <Delay = 3.25> <Storage> <Opcode : 'load' 'store'> <Ports = 2> <Width = 32> <Depth = 64> <RAM>
ST_12 : Operation 133 [2/2] (3.25ns)   --->   "%h_V = load i32* %H_V_addr_8, align 4" [sha256.cpp:123]   --->   Operation 133 'load' 'h_V' <Predicate = true> <Delay = 3.25> <Core = "RAM">   --->   Core 37 'RAM' <Latency = 1> <II = 1> <Delay = 3.25> <Storage> <Opcode : 'load' 'store'> <Ports = 2> <Width = 32> <Depth = 64> <RAM>

State 13 <SV = 8> <Delay = 3.25>
ST_13 : Operation 134 [1/1] (0.00ns)   --->   "%tmp_s = call i6 @_ssdm_op_BitConcatenate.i6.i2.i4(i2 %add_ln116, i4 0)" [sha256.cpp:135]   --->   Operation 134 'bitconcatenate' 'tmp_s' <Predicate = true> <Delay = 0.00>
ST_13 : Operation 135 [1/1] (0.00ns)   --->   "%zext_ln116_2 = zext i6 %tmp_s to i7" [sha256.cpp:116]   --->   Operation 135 'zext' 'zext_ln116_2' <Predicate = true> <Delay = 0.00>
ST_13 : Operation 136 [1/2] (3.25ns)   --->   "%g_V = load i32* %H_V_addr_7, align 8" [sha256.cpp:122]   --->   Operation 136 'load' 'g_V' <Predicate = true> <Delay = 3.25> <Core = "RAM">   --->   Core 37 'RAM' <Latency = 1> <II = 1> <Delay = 3.25> <Storage> <Opcode : 'load' 'store'> <Ports = 2> <Width = 32> <Depth = 64> <RAM>
ST_13 : Operation 137 [1/2] (3.25ns)   --->   "%h_V = load i32* %H_V_addr_8, align 4" [sha256.cpp:123]   --->   Operation 137 'load' 'h_V' <Predicate = true> <Delay = 3.25> <Core = "RAM">   --->   Core 37 'RAM' <Latency = 1> <II = 1> <Delay = 3.25> <Storage> <Opcode : 'load' 'store'> <Ports = 2> <Width = 32> <Depth = 64> <RAM>
ST_13 : Operation 138 [1/1] (1.76ns)   --->   "br label %.preheader1318" [sha256.cpp:127]   --->   Operation 138 'br' <Predicate = true> <Delay = 1.76>

State 14 <SV = 9> <Delay = 5.80>
ST_14 : Operation 139 [1/1] (0.00ns)   --->   "%b_V_2 = phi i32 [ %a_V_2, %7 ], [ %a_V, %.preheader1318.preheader ]"   --->   Operation 139 'phi' 'b_V_2' <Predicate = true> <Delay = 0.00>
ST_14 : Operation 140 [1/1] (0.00ns)   --->   "%c_V_2 = phi i32 [ %b_V_2, %7 ], [ %b_V, %.preheader1318.preheader ]"   --->   Operation 140 'phi' 'c_V_2' <Predicate = true> <Delay = 0.00>
ST_14 : Operation 141 [1/1] (0.00ns)   --->   "%d_V_2 = phi i32 [ %c_V_2, %7 ], [ %c_V, %.preheader1318.preheader ]"   --->   Operation 141 'phi' 'd_V_2' <Predicate = true> <Delay = 0.00>
ST_14 : Operation 142 [1/1] (0.00ns)   --->   "%p_0622_0 = phi i32 [ %d_V_2, %7 ], [ %d_V, %.preheader1318.preheader ]"   --->   Operation 142 'phi' 'p_0622_0' <Predicate = true> <Delay = 0.00>
ST_14 : Operation 143 [1/1] (0.00ns)   --->   "%f_V_2 = phi i32 [ %e_V_2, %7 ], [ %e_V, %.preheader1318.preheader ]"   --->   Operation 143 'phi' 'f_V_2' <Predicate = true> <Delay = 0.00>
ST_14 : Operation 144 [1/1] (0.00ns)   --->   "%g_V_2 = phi i32 [ %f_V_2, %7 ], [ %f_V, %.preheader1318.preheader ]"   --->   Operation 144 'phi' 'g_V_2' <Predicate = true> <Delay = 0.00>
ST_14 : Operation 145 [1/1] (0.00ns)   --->   "%h_V_2 = phi i32 [ %g_V_2, %7 ], [ %g_V, %.preheader1318.preheader ]"   --->   Operation 145 'phi' 'h_V_2' <Predicate = true> <Delay = 0.00>
ST_14 : Operation 146 [1/1] (0.00ns)   --->   "%p_0657_0 = phi i32 [ %h_V_2, %7 ], [ %h_V, %.preheader1318.preheader ]"   --->   Operation 146 'phi' 'p_0657_0' <Predicate = true> <Delay = 0.00>
ST_14 : Operation 147 [1/1] (0.00ns)   --->   "%j12_0 = phi i7 [ %j_2, %7 ], [ 0, %.preheader1318.preheader ]"   --->   Operation 147 'phi' 'j12_0' <Predicate = true> <Delay = 0.00>
ST_14 : Operation 148 [1/1] (1.48ns)   --->   "%icmp_ln127 = icmp eq i7 %j12_0, -64" [sha256.cpp:127]   --->   Operation 148 'icmp' 'icmp_ln127' <Predicate = true> <Delay = 1.48> <Core = "Cmp">   --->   Core 25 'Cmp' <Latency = 0> <II = 1> <Delay = 1.30> <FuncUnit> <Opcode : 'icmp'> <InPorts = 2> <OutPorts = 1>
ST_14 : Operation 149 [1/1] (0.00ns)   --->   "%empty_21 = call i32 (...)* @_ssdm_op_SpecLoopTripCount(i64 64, i64 64, i64 64)"   --->   Operation 149 'speclooptripcount' 'empty_21' <Predicate = true> <Delay = 0.00>
ST_14 : Operation 150 [1/1] (1.87ns)   --->   "%j_2 = add i7 %j12_0, 1" [sha256.cpp:127]   --->   Operation 150 'add' 'j_2' <Predicate = true> <Delay = 1.87> <Core = "AddSub">   --->   Core 14 'AddSub' <Latency = 0> <II = 1> <Delay = 1.56> <FuncUnit> <Opcode : 'add' 'sub'> <InPorts = 2> <OutPorts = 1>
ST_14 : Operation 151 [1/1] (0.00ns)   --->   "br i1 %icmp_ln127, label %8, label %4" [sha256.cpp:127]   --->   Operation 151 'br' <Predicate = true> <Delay = 0.00>
ST_14 : Operation 152 [1/1] (0.00ns) (grouped into LUT with out node ch_V)   --->   "%and_ln26 = and i32 %g_V_2, %f_V_2" [sha256.cpp:26->sha256.cpp:129]   --->   Operation 152 'and' 'and_ln26' <Predicate = (!icmp_ln127)> <Delay = 0.00> <Core = "LogicGate">   --->   Core 27 'LogicGate' <Latency = 0> <II = 1> <Delay = 0.78> <FuncUnit> <Opcode : 'and' 'or' 'xor'> <InPorts = 2> <OutPorts = 1>
ST_14 : Operation 153 [1/1] (0.00ns) (grouped into LUT with out node ch_V)   --->   "%xor_ln26 = xor i32 %f_V_2, -1" [sha256.cpp:26->sha256.cpp:129]   --->   Operation 153 'xor' 'xor_ln26' <Predicate = (!icmp_ln127)> <Delay = 0.00> <Core = "LogicGate">   --->   Core 27 'LogicGate' <Latency = 0> <II = 1> <Delay = 0.78> <FuncUnit> <Opcode : 'and' 'or' 'xor'> <InPorts = 2> <OutPorts = 1>
ST_14 : Operation 154 [1/1] (0.00ns) (grouped into LUT with out node ch_V)   --->   "%and_ln26_2 = and i32 %h_V_2, %xor_ln26" [sha256.cpp:26->sha256.cpp:129]   --->   Operation 154 'and' 'and_ln26_2' <Predicate = (!icmp_ln127)> <Delay = 0.00> <Core = "LogicGate">   --->   Core 27 'LogicGate' <Latency = 0> <II = 1> <Delay = 0.78> <FuncUnit> <Opcode : 'and' 'or' 'xor'> <InPorts = 2> <OutPorts = 1>
ST_14 : Operation 155 [1/1] (0.99ns) (out node of the LUT)   --->   "%ch_V = xor i32 %and_ln26_2, %and_ln26" [sha256.cpp:26->sha256.cpp:129]   --->   Operation 155 'xor' 'ch_V' <Predicate = (!icmp_ln127)> <Delay = 0.99> <Core = "LogicGate">   --->   Core 27 'LogicGate' <Latency = 0> <II = 1> <Delay = 0.78> <FuncUnit> <Opcode : 'and' 'or' 'xor'> <InPorts = 2> <OutPorts = 1>
ST_14 : Operation 156 [1/1] (0.00ns) (grouped into LUT with out node maj_V)   --->   "%xor_ln31 = xor i32 %d_V_2, %c_V_2" [sha256.cpp:31->sha256.cpp:130]   --->   Operation 156 'xor' 'xor_ln31' <Predicate = (!icmp_ln127)> <Delay = 0.00> <Core = "LogicGate">   --->   Core 27 'LogicGate' <Latency = 0> <II = 1> <Delay = 0.78> <FuncUnit> <Opcode : 'and' 'or' 'xor'> <InPorts = 2> <OutPorts = 1>
ST_14 : Operation 157 [1/1] (0.00ns) (grouped into LUT with out node maj_V)   --->   "%and_ln31 = and i32 %xor_ln31, %b_V_2" [sha256.cpp:31->sha256.cpp:130]   --->   Operation 157 'and' 'and_ln31' <Predicate = (!icmp_ln127)> <Delay = 0.00> <Core = "LogicGate">   --->   Core 27 'LogicGate' <Latency = 0> <II = 1> <Delay = 0.78> <FuncUnit> <Opcode : 'and' 'or' 'xor'> <InPorts = 2> <OutPorts = 1>
ST_14 : Operation 158 [1/1] (0.00ns) (grouped into LUT with out node maj_V)   --->   "%and_ln31_2 = and i32 %d_V_2, %c_V_2" [sha256.cpp:31->sha256.cpp:130]   --->   Operation 158 'and' 'and_ln31_2' <Predicate = (!icmp_ln127)> <Delay = 0.00> <Core = "LogicGate">   --->   Core 27 'LogicGate' <Latency = 0> <II = 1> <Delay = 0.78> <FuncUnit> <Opcode : 'and' 'or' 'xor'> <InPorts = 2> <OutPorts = 1>
ST_14 : Operation 159 [1/1] (0.99ns) (out node of the LUT)   --->   "%maj_V = xor i32 %and_ln31, %and_ln31_2" [sha256.cpp:31->sha256.cpp:130]   --->   Operation 159 'xor' 'maj_V' <Predicate = (!icmp_ln127)> <Delay = 0.99> <Core = "LogicGate">   --->   Core 27 'LogicGate' <Latency = 0> <II = 1> <Delay = 0.78> <FuncUnit> <Opcode : 'and' 'or' 'xor'> <InPorts = 2> <OutPorts = 1>
ST_14 : Operation 160 [1/1] (0.00ns) (grouped into LUT with out node ret_V_42)   --->   "%r_V = call i30 @_ssdm_op_PartSelect.i30.i32.i32.i32(i32 %b_V_2, i32 2, i32 31)" [sha256.cpp:16->sha256.cpp:36->sha256.cpp:131]   --->   Operation 160 'partselect' 'r_V' <Predicate = (!icmp_ln127)> <Delay = 0.00>
ST_14 : Operation 161 [1/1] (0.00ns) (grouped into LUT with out node ret_V_42)   --->   "%trunc_ln1503 = trunc i32 %b_V_2 to i2" [sha256.cpp:19->sha256.cpp:36->sha256.cpp:131]   --->   Operation 161 'trunc' 'trunc_ln1503' <Predicate = (!icmp_ln127)> <Delay = 0.00>
ST_14 : Operation 162 [1/1] (0.00ns) (grouped into LUT with out node ret_V_42)   --->   "%ret_V_39 = call i32 @_ssdm_op_BitConcatenate.i32.i2.i30(i2 %trunc_ln1503, i30 %r_V)" [sha256.cpp:21->sha256.cpp:36->sha256.cpp:131]   --->   Operation 162 'bitconcatenate' 'ret_V_39' <Predicate = (!icmp_ln127)> <Delay = 0.00>
ST_14 : Operation 163 [1/1] (0.00ns) (grouped into LUT with out node ret_V_42)   --->   "%r_V_s = call i19 @_ssdm_op_PartSelect.i19.i32.i32.i32(i32 %b_V_2, i32 13, i32 31)" [sha256.cpp:16->sha256.cpp:36->sha256.cpp:131]   --->   Operation 163 'partselect' 'r_V_s' <Predicate = (!icmp_ln127)> <Delay = 0.00>
ST_14 : Operation 164 [1/1] (0.00ns) (grouped into LUT with out node ret_V_42)   --->   "%trunc_ln1503_10 = trunc i32 %b_V_2 to i13" [sha256.cpp:19->sha256.cpp:36->sha256.cpp:131]   --->   Operation 164 'trunc' 'trunc_ln1503_10' <Predicate = (!icmp_ln127)> <Delay = 0.00>
ST_14 : Operation 165 [1/1] (0.00ns) (grouped into LUT with out node ret_V_42)   --->   "%ret_V_40 = call i32 @_ssdm_op_BitConcatenate.i32.i13.i19(i13 %trunc_ln1503_10, i19 %r_V_s)" [sha256.cpp:21->sha256.cpp:36->sha256.cpp:131]   --->   Operation 165 'bitconcatenate' 'ret_V_40' <Predicate = (!icmp_ln127)> <Delay = 0.00>
ST_14 : Operation 166 [1/1] (0.00ns) (grouped into LUT with out node ret_V_42)   --->   "%r_V_11 = call i10 @_ssdm_op_PartSelect.i10.i32.i32.i32(i32 %b_V_2, i32 22, i32 31)" [sha256.cpp:16->sha256.cpp:36->sha256.cpp:131]   --->   Operation 166 'partselect' 'r_V_11' <Predicate = (!icmp_ln127)> <Delay = 0.00>
ST_14 : Operation 167 [1/1] (0.00ns) (grouped into LUT with out node ret_V_42)   --->   "%trunc_ln1503_11 = trunc i32 %b_V_2 to i22" [sha256.cpp:19->sha256.cpp:36->sha256.cpp:131]   --->   Operation 167 'trunc' 'trunc_ln1503_11' <Predicate = (!icmp_ln127)> <Delay = 0.00>
ST_14 : Operation 168 [1/1] (0.00ns) (grouped into LUT with out node ret_V_42)   --->   "%ret_V_41 = call i32 @_ssdm_op_BitConcatenate.i32.i22.i10(i22 %trunc_ln1503_11, i10 %r_V_11)" [sha256.cpp:21->sha256.cpp:36->sha256.cpp:131]   --->   Operation 168 'bitconcatenate' 'ret_V_41' <Predicate = (!icmp_ln127)> <Delay = 0.00>
ST_14 : Operation 169 [1/1] (0.00ns) (grouped into LUT with out node ret_V_42)   --->   "%xor_ln1357 = xor i32 %ret_V_39, %ret_V_41" [sha256.cpp:36->sha256.cpp:131]   --->   Operation 169 'xor' 'xor_ln1357' <Predicate = (!icmp_ln127)> <Delay = 0.00> <Core = "LogicGate">   --->   Core 27 'LogicGate' <Latency = 0> <II = 1> <Delay = 0.78> <FuncUnit> <Opcode : 'and' 'or' 'xor'> <InPorts = 2> <OutPorts = 1>
ST_14 : Operation 170 [1/1] (0.99ns) (out node of the LUT)   --->   "%ret_V_42 = xor i32 %xor_ln1357, %ret_V_40" [sha256.cpp:36->sha256.cpp:131]   --->   Operation 170 'xor' 'ret_V_42' <Predicate = (!icmp_ln127)> <Delay = 0.99> <Core = "LogicGate">   --->   Core 27 'LogicGate' <Latency = 0> <II = 1> <Delay = 0.78> <FuncUnit> <Opcode : 'and' 'or' 'xor'> <InPorts = 2> <OutPorts = 1>
ST_14 : Operation 171 [1/1] (0.00ns) (grouped into LUT with out node ret_V_46)   --->   "%r_V_12 = call i26 @_ssdm_op_PartSelect.i26.i32.i32.i32(i32 %f_V_2, i32 6, i32 31)" [sha256.cpp:16->sha256.cpp:41->sha256.cpp:132]   --->   Operation 171 'partselect' 'r_V_12' <Predicate = (!icmp_ln127)> <Delay = 0.00>
ST_14 : Operation 172 [1/1] (0.00ns) (grouped into LUT with out node ret_V_46)   --->   "%trunc_ln1503_12 = trunc i32 %f_V_2 to i6" [sha256.cpp:19->sha256.cpp:41->sha256.cpp:132]   --->   Operation 172 'trunc' 'trunc_ln1503_12' <Predicate = (!icmp_ln127)> <Delay = 0.00>
ST_14 : Operation 173 [1/1] (0.00ns) (grouped into LUT with out node ret_V_46)   --->   "%ret_V_43 = call i32 @_ssdm_op_BitConcatenate.i32.i6.i26(i6 %trunc_ln1503_12, i26 %r_V_12)" [sha256.cpp:21->sha256.cpp:41->sha256.cpp:132]   --->   Operation 173 'bitconcatenate' 'ret_V_43' <Predicate = (!icmp_ln127)> <Delay = 0.00>
ST_14 : Operation 174 [1/1] (0.00ns) (grouped into LUT with out node ret_V_46)   --->   "%r_V_13 = call i21 @_ssdm_op_PartSelect.i21.i32.i32.i32(i32 %f_V_2, i32 11, i32 31)" [sha256.cpp:16->sha256.cpp:41->sha256.cpp:132]   --->   Operation 174 'partselect' 'r_V_13' <Predicate = (!icmp_ln127)> <Delay = 0.00>
ST_14 : Operation 175 [1/1] (0.00ns) (grouped into LUT with out node ret_V_46)   --->   "%trunc_ln1503_13 = trunc i32 %f_V_2 to i11" [sha256.cpp:19->sha256.cpp:41->sha256.cpp:132]   --->   Operation 175 'trunc' 'trunc_ln1503_13' <Predicate = (!icmp_ln127)> <Delay = 0.00>
ST_14 : Operation 176 [1/1] (0.00ns) (grouped into LUT with out node ret_V_46)   --->   "%ret_V_44 = call i32 @_ssdm_op_BitConcatenate.i32.i11.i21(i11 %trunc_ln1503_13, i21 %r_V_13)" [sha256.cpp:21->sha256.cpp:41->sha256.cpp:132]   --->   Operation 176 'bitconcatenate' 'ret_V_44' <Predicate = (!icmp_ln127)> <Delay = 0.00>
ST_14 : Operation 177 [1/1] (0.00ns) (grouped into LUT with out node ret_V_46)   --->   "%r_V_14 = call i7 @_ssdm_op_PartSelect.i7.i32.i32.i32(i32 %f_V_2, i32 25, i32 31)" [sha256.cpp:16->sha256.cpp:41->sha256.cpp:132]   --->   Operation 177 'partselect' 'r_V_14' <Predicate = (!icmp_ln127)> <Delay = 0.00>
ST_14 : Operation 178 [1/1] (0.00ns) (grouped into LUT with out node ret_V_46)   --->   "%trunc_ln1503_14 = trunc i32 %f_V_2 to i25" [sha256.cpp:19->sha256.cpp:41->sha256.cpp:132]   --->   Operation 178 'trunc' 'trunc_ln1503_14' <Predicate = (!icmp_ln127)> <Delay = 0.00>
ST_14 : Operation 179 [1/1] (0.00ns) (grouped into LUT with out node ret_V_46)   --->   "%ret_V_45 = call i32 @_ssdm_op_BitConcatenate.i32.i25.i7(i25 %trunc_ln1503_14, i7 %r_V_14)" [sha256.cpp:21->sha256.cpp:41->sha256.cpp:132]   --->   Operation 179 'bitconcatenate' 'ret_V_45' <Predicate = (!icmp_ln127)> <Delay = 0.00>
ST_14 : Operation 180 [1/1] (0.00ns) (grouped into LUT with out node ret_V_46)   --->   "%xor_ln1357_9 = xor i32 %ret_V_43, %ret_V_45" [sha256.cpp:41->sha256.cpp:132]   --->   Operation 180 'xor' 'xor_ln1357_9' <Predicate = (!icmp_ln127)> <Delay = 0.00> <Core = "LogicGate">   --->   Core 27 'LogicGate' <Latency = 0> <II = 1> <Delay = 0.78> <FuncUnit> <Opcode : 'and' 'or' 'xor'> <InPorts = 2> <OutPorts = 1>
ST_14 : Operation 181 [1/1] (0.99ns) (out node of the LUT)   --->   "%ret_V_46 = xor i32 %xor_ln1357_9, %ret_V_44" [sha256.cpp:41->sha256.cpp:132]   --->   Operation 181 'xor' 'ret_V_46' <Predicate = (!icmp_ln127)> <Delay = 0.99> <Core = "LogicGate">   --->   Core 27 'LogicGate' <Latency = 0> <II = 1> <Delay = 0.78> <FuncUnit> <Opcode : 'and' 'or' 'xor'> <InPorts = 2> <OutPorts = 1>
ST_14 : Operation 182 [1/1] (0.00ns)   --->   "%tmp_34 = call i3 @_ssdm_op_PartSelect.i3.i7.i32.i32(i7 %j12_0, i32 4, i32 6)" [sha256.cpp:134]   --->   Operation 182 'partselect' 'tmp_34' <Predicate = (!icmp_ln127)> <Delay = 0.00>
ST_14 : Operation 183 [1/1] (1.13ns)   --->   "%icmp_ln134 = icmp eq i3 %tmp_34, 0" [sha256.cpp:134]   --->   Operation 183 'icmp' 'icmp_ln134' <Predicate = (!icmp_ln127)> <Delay = 1.13> <Core = "Cmp">   --->   Core 25 'Cmp' <Latency = 0> <II = 1> <Delay = 1.30> <FuncUnit> <Opcode : 'icmp'> <InPorts = 2> <OutPorts = 1>
ST_14 : Operation 184 [1/1] (0.00ns)   --->   "%zext_ln135 = zext i7 %j12_0 to i64" [sha256.cpp:135]   --->   Operation 184 'zext' 'zext_ln135' <Predicate = (!icmp_ln127)> <Delay = 0.00>
ST_14 : Operation 185 [1/1] (1.87ns)   --->   "%add_ln321_2 = add i7 %zext_ln116_2, %j12_0" [sha256.cpp:135]   --->   Operation 185 'add' 'add_ln321_2' <Predicate = (!icmp_ln127)> <Delay = 1.87> <Core = "AddSub">   --->   Core 14 'AddSub' <Latency = 0> <II = 1> <Delay = 1.56> <FuncUnit> <Opcode : 'add' 'sub'> <InPorts = 2> <OutPorts = 1>
ST_14 : Operation 186 [1/1] (0.00ns)   --->   "%zext_ln321_7 = zext i7 %add_ln321_2 to i64" [sha256.cpp:135]   --->   Operation 186 'zext' 'zext_ln321_7' <Predicate = (!icmp_ln127)> <Delay = 0.00>
ST_14 : Operation 187 [1/1] (0.00ns)   --->   "%M_V_addr_1 = getelementptr [512 x i32]* %M_V, i64 0, i64 %zext_ln321_7" [sha256.cpp:135]   --->   Operation 187 'getelementptr' 'M_V_addr_1' <Predicate = (!icmp_ln127)> <Delay = 0.00>
ST_14 : Operation 188 [1/1] (0.00ns)   --->   "br i1 %icmp_ln134, label %5, label %6" [sha256.cpp:134]   --->   Operation 188 'br' <Predicate = (!icmp_ln127)> <Delay = 0.00>
ST_14 : Operation 189 [1/1] (1.87ns)   --->   "%add_ln137 = add i7 -2, %j12_0" [sha256.cpp:137]   --->   Operation 189 'add' 'add_ln137' <Predicate = (!icmp_ln127 & !icmp_ln134)> <Delay = 1.87> <Core = "AddSub">   --->   Core 14 'AddSub' <Latency = 0> <II = 1> <Delay = 1.56> <FuncUnit> <Opcode : 'add' 'sub'> <InPorts = 2> <OutPorts = 1>
ST_14 : Operation 190 [1/1] (0.00ns)   --->   "%zext_ln137 = zext i7 %add_ln137 to i64" [sha256.cpp:137]   --->   Operation 190 'zext' 'zext_ln137' <Predicate = (!icmp_ln127 & !icmp_ln134)> <Delay = 0.00>
ST_14 : Operation 191 [1/1] (0.00ns)   --->   "%W_V_addr_1 = getelementptr [64 x i32]* %W_V, i64 0, i64 %zext_ln137" [sha256.cpp:137]   --->   Operation 191 'getelementptr' 'W_V_addr_1' <Predicate = (!icmp_ln127 & !icmp_ln134)> <Delay = 0.00>
ST_14 : Operation 192 [2/2] (3.25ns)   --->   "%tempWord_V = load i32* %W_V_addr_1, align 4" [sha256.cpp:137]   --->   Operation 192 'load' 'tempWord_V' <Predicate = (!icmp_ln127 & !icmp_ln134)> <Delay = 3.25> <Core = "RAM">   --->   Core 37 'RAM' <Latency = 1> <II = 1> <Delay = 3.25> <Storage> <Opcode : 'load' 'store'> <Ports = 2> <Width = 32> <Depth = 64> <RAM>
ST_14 : Operation 193 [1/1] (1.87ns)   --->   "%add_ln137_1 = add i7 -7, %j12_0" [sha256.cpp:137]   --->   Operation 193 'add' 'add_ln137_1' <Predicate = (!icmp_ln127 & !icmp_ln134)> <Delay = 1.87> <Core = "AddSub">   --->   Core 14 'AddSub' <Latency = 0> <II = 1> <Delay = 1.56> <FuncUnit> <Opcode : 'add' 'sub'> <InPorts = 2> <OutPorts = 1>
ST_14 : Operation 194 [1/1] (0.00ns)   --->   "%zext_ln137_4 = zext i7 %add_ln137_1 to i64" [sha256.cpp:137]   --->   Operation 194 'zext' 'zext_ln137_4' <Predicate = (!icmp_ln127 & !icmp_ln134)> <Delay = 0.00>
ST_14 : Operation 195 [1/1] (0.00ns)   --->   "%W_V_addr_2 = getelementptr [64 x i32]* %W_V, i64 0, i64 %zext_ln137_4" [sha256.cpp:137]   --->   Operation 195 'getelementptr' 'W_V_addr_2' <Predicate = (!icmp_ln127 & !icmp_ln134)> <Delay = 0.00>
ST_14 : Operation 196 [2/2] (3.25ns)   --->   "%W_V_load_1 = load i32* %W_V_addr_2, align 4" [sha256.cpp:137]   --->   Operation 196 'load' 'W_V_load_1' <Predicate = (!icmp_ln127 & !icmp_ln134)> <Delay = 3.25> <Core = "RAM">   --->   Core 37 'RAM' <Latency = 1> <II = 1> <Delay = 3.25> <Storage> <Opcode : 'load' 'store'> <Ports = 2> <Width = 32> <Depth = 64> <RAM>
ST_14 : Operation 197 [2/2] (3.25ns)   --->   "%M_V_load = load i32* %M_V_addr_1, align 4" [sha256.cpp:135]   --->   Operation 197 'load' 'M_V_load' <Predicate = (!icmp_ln127 & icmp_ln134)> <Delay = 3.25> <Core = "RAM">   --->   Core 37 'RAM' <Latency = 1> <II = 1> <Delay = 3.25> <Storage> <Opcode : 'load' 'store'> <Ports = 2> <Width = 32> <Depth = 64> <RAM>
ST_14 : Operation 198 [1/1] (0.00ns)   --->   "%tmp_26 = call i5 @_ssdm_op_BitConcatenate.i5.i2.i3(i2 %i_op_assign_2, i3 0)" [sha256.cpp:151]   --->   Operation 198 'bitconcatenate' 'tmp_26' <Predicate = (icmp_ln127)> <Delay = 0.00>
ST_14 : Operation 199 [1/1] (0.00ns)   --->   "%zext_ln321_4 = zext i5 %tmp_26 to i64" [sha256.cpp:151]   --->   Operation 199 'zext' 'zext_ln321_4' <Predicate = (icmp_ln127)> <Delay = 0.00>
ST_14 : Operation 200 [1/1] (0.00ns)   --->   "%H_V_addr_10 = getelementptr [256 x i32]* %H_V, i64 0, i64 %zext_ln321_4" [sha256.cpp:151]   --->   Operation 200 'getelementptr' 'H_V_addr_10' <Predicate = (icmp_ln127)> <Delay = 0.00>
ST_14 : Operation 201 [1/1] (0.00ns)   --->   "%or_ln321 = or i5 %tmp_26, 1" [sha256.cpp:152]   --->   Operation 201 'or' 'or_ln321' <Predicate = (icmp_ln127)> <Delay = 0.00>
ST_14 : Operation 202 [1/1] (0.00ns)   --->   "%tmp_27 = call i64 @_ssdm_op_BitConcatenate.i64.i59.i5(i59 0, i5 %or_ln321)" [sha256.cpp:152]   --->   Operation 202 'bitconcatenate' 'tmp_27' <Predicate = (icmp_ln127)> <Delay = 0.00>
ST_14 : Operation 203 [1/1] (0.00ns)   --->   "%H_V_addr_11 = getelementptr [256 x i32]* %H_V, i64 0, i64 %tmp_27" [sha256.cpp:152]   --->   Operation 203 'getelementptr' 'H_V_addr_11' <Predicate = (icmp_ln127)> <Delay = 0.00>
ST_14 : Operation 204 [1/1] (2.55ns)   --->   "%add_ln209 = add i32 %b_V_2, %a_V" [sha256.cpp:151]   --->   Operation 204 'add' 'add_ln209' <Predicate = (icmp_ln127)> <Delay = 2.55> <Core = "AddSub">   --->   Core 14 'AddSub' <Latency = 0> <II = 1> <Delay = 1.56> <FuncUnit> <Opcode : 'add' 'sub'> <InPorts = 2> <OutPorts = 1>
ST_14 : Operation 205 [1/1] (3.25ns)   --->   "store i32 %add_ln209, i32* %H_V_addr_10, align 16" [sha256.cpp:151]   --->   Operation 205 'store' <Predicate = (icmp_ln127)> <Delay = 3.25> <Core = "RAM">   --->   Core 37 'RAM' <Latency = 1> <II = 1> <Delay = 3.25> <Storage> <Opcode : 'load' 'store'> <Ports = 2> <Width = 32> <Depth = 64> <RAM>
ST_14 : Operation 206 [1/1] (2.55ns)   --->   "%add_ln209_1 = add i32 %c_V_2, %b_V" [sha256.cpp:152]   --->   Operation 206 'add' 'add_ln209_1' <Predicate = (icmp_ln127)> <Delay = 2.55> <Core = "AddSub">   --->   Core 14 'AddSub' <Latency = 0> <II = 1> <Delay = 1.56> <FuncUnit> <Opcode : 'add' 'sub'> <InPorts = 2> <OutPorts = 1>
ST_14 : Operation 207 [1/1] (3.25ns)   --->   "store i32 %add_ln209_1, i32* %H_V_addr_11, align 4" [sha256.cpp:152]   --->   Operation 207 'store' <Predicate = (icmp_ln127)> <Delay = 3.25> <Core = "RAM">   --->   Core 37 'RAM' <Latency = 1> <II = 1> <Delay = 3.25> <Storage> <Opcode : 'load' 'store'> <Ports = 2> <Width = 32> <Depth = 64> <RAM>
ST_14 : Operation 208 [1/1] (2.55ns)   --->   "%add_ln209_2 = add i32 %d_V_2, %c_V" [sha256.cpp:153]   --->   Operation 208 'add' 'add_ln209_2' <Predicate = (icmp_ln127)> <Delay = 2.55> <Core = "AddSub">   --->   Core 14 'AddSub' <Latency = 0> <II = 1> <Delay = 1.56> <FuncUnit> <Opcode : 'add' 'sub'> <InPorts = 2> <OutPorts = 1>
ST_14 : Operation 209 [1/1] (2.55ns)   --->   "%add_ln209_4 = add i32 %f_V_2, %e_V" [sha256.cpp:155]   --->   Operation 209 'add' 'add_ln209_4' <Predicate = (icmp_ln127)> <Delay = 2.55> <Core = "AddSub">   --->   Core 14 'AddSub' <Latency = 0> <II = 1> <Delay = 1.56> <FuncUnit> <Opcode : 'add' 'sub'> <InPorts = 2> <OutPorts = 1>
ST_14 : Operation 210 [1/1] (2.55ns)   --->   "%add_ln209_5 = add i32 %g_V_2, %f_V" [sha256.cpp:156]   --->   Operation 210 'add' 'add_ln209_5' <Predicate = (icmp_ln127)> <Delay = 2.55> <Core = "AddSub">   --->   Core 14 'AddSub' <Latency = 0> <II = 1> <Delay = 1.56> <FuncUnit> <Opcode : 'add' 'sub'> <InPorts = 2> <OutPorts = 1>
ST_14 : Operation 211 [1/1] (2.55ns)   --->   "%add_ln209_6 = add i32 %h_V_2, %g_V" [sha256.cpp:157]   --->   Operation 211 'add' 'add_ln209_6' <Predicate = (icmp_ln127)> <Delay = 2.55> <Core = "AddSub">   --->   Core 14 'AddSub' <Latency = 0> <II = 1> <Delay = 1.56> <FuncUnit> <Opcode : 'add' 'sub'> <InPorts = 2> <OutPorts = 1>
ST_14 : Operation 212 [1/1] (1.56ns)   --->   "%i_14 = add i2 %i_op_assign_2, 1" [sha256.cpp:114]   --->   Operation 212 'add' 'i_14' <Predicate = (icmp_ln127)> <Delay = 1.56> <Core = "AddSub">   --->   Core 14 'AddSub' <Latency = 0> <II = 1> <Delay = 1.56> <FuncUnit> <Opcode : 'add' 'sub'> <InPorts = 2> <OutPorts = 1>

State 15 <SV = 10> <Delay = 5.12>
ST_15 : Operation 213 [1/2] (3.25ns)   --->   "%tempWord_V = load i32* %W_V_addr_1, align 4" [sha256.cpp:137]   --->   Operation 213 'load' 'tempWord_V' <Predicate = true> <Delay = 3.25> <Core = "RAM">   --->   Core 37 'RAM' <Latency = 1> <II = 1> <Delay = 3.25> <Storage> <Opcode : 'load' 'store'> <Ports = 2> <Width = 32> <Depth = 64> <RAM>
ST_15 : Operation 214 [1/2] (3.25ns)   --->   "%W_V_load_1 = load i32* %W_V_addr_2, align 4" [sha256.cpp:137]   --->   Operation 214 'load' 'W_V_load_1' <Predicate = true> <Delay = 3.25> <Core = "RAM">   --->   Core 37 'RAM' <Latency = 1> <II = 1> <Delay = 3.25> <Storage> <Opcode : 'load' 'store'> <Ports = 2> <Width = 32> <Depth = 64> <RAM>
ST_15 : Operation 215 [1/1] (1.87ns)   --->   "%add_ln137_2 = add i7 -15, %j12_0" [sha256.cpp:137]   --->   Operation 215 'add' 'add_ln137_2' <Predicate = true> <Delay = 1.87> <Core = "AddSub">   --->   Core 14 'AddSub' <Latency = 0> <II = 1> <Delay = 1.56> <FuncUnit> <Opcode : 'add' 'sub'> <InPorts = 2> <OutPorts = 1>
ST_15 : Operation 216 [1/1] (0.00ns)   --->   "%zext_ln137_5 = zext i7 %add_ln137_2 to i64" [sha256.cpp:137]   --->   Operation 216 'zext' 'zext_ln137_5' <Predicate = true> <Delay = 0.00>
ST_15 : Operation 217 [1/1] (0.00ns)   --->   "%W_V_addr_3 = getelementptr [64 x i32]* %W_V, i64 0, i64 %zext_ln137_5" [sha256.cpp:137]   --->   Operation 217 'getelementptr' 'W_V_addr_3' <Predicate = true> <Delay = 0.00>
ST_15 : Operation 218 [2/2] (3.25ns)   --->   "%tempWord_V_6 = load i32* %W_V_addr_3, align 4" [sha256.cpp:137]   --->   Operation 218 'load' 'tempWord_V_6' <Predicate = true> <Delay = 3.25> <Core = "RAM">   --->   Core 37 'RAM' <Latency = 1> <II = 1> <Delay = 3.25> <Storage> <Opcode : 'load' 'store'> <Ports = 2> <Width = 32> <Depth = 64> <RAM>
ST_15 : Operation 219 [1/1] (1.87ns)   --->   "%add_ln137_3 = add i7 -16, %j12_0" [sha256.cpp:137]   --->   Operation 219 'add' 'add_ln137_3' <Predicate = true> <Delay = 1.87> <Core = "AddSub">   --->   Core 14 'AddSub' <Latency = 0> <II = 1> <Delay = 1.56> <FuncUnit> <Opcode : 'add' 'sub'> <InPorts = 2> <OutPorts = 1>
ST_15 : Operation 220 [1/1] (0.00ns)   --->   "%zext_ln137_6 = zext i7 %add_ln137_3 to i64" [sha256.cpp:137]   --->   Operation 220 'zext' 'zext_ln137_6' <Predicate = true> <Delay = 0.00>
ST_15 : Operation 221 [1/1] (0.00ns)   --->   "%W_V_addr_4 = getelementptr [64 x i32]* %W_V, i64 0, i64 %zext_ln137_6" [sha256.cpp:137]   --->   Operation 221 'getelementptr' 'W_V_addr_4' <Predicate = true> <Delay = 0.00>
ST_15 : Operation 222 [2/2] (3.25ns)   --->   "%W_V_load_3 = load i32* %W_V_addr_4, align 4" [sha256.cpp:137]   --->   Operation 222 'load' 'W_V_load_3' <Predicate = true> <Delay = 3.25> <Core = "RAM">   --->   Core 37 'RAM' <Latency = 1> <II = 1> <Delay = 3.25> <Storage> <Opcode : 'load' 'store'> <Ports = 2> <Width = 32> <Depth = 64> <RAM>

State 16 <SV = 11> <Delay = 5.80>
ST_16 : Operation 223 [1/1] (0.00ns) (grouped into LUT with out node add_ln209_19)   --->   "%r_V_15 = call i15 @_ssdm_op_PartSelect.i15.i32.i32.i32(i32 %tempWord_V, i32 17, i32 31)" [sha256.cpp:16->sha256.cpp:51->sha256.cpp:137]   --->   Operation 223 'partselect' 'r_V_15' <Predicate = true> <Delay = 0.00>
ST_16 : Operation 224 [1/1] (0.00ns) (grouped into LUT with out node add_ln209_19)   --->   "%trunc_ln1503_15 = trunc i32 %tempWord_V to i17" [sha256.cpp:19->sha256.cpp:51->sha256.cpp:137]   --->   Operation 224 'trunc' 'trunc_ln1503_15' <Predicate = true> <Delay = 0.00>
ST_16 : Operation 225 [1/1] (0.00ns) (grouped into LUT with out node add_ln209_19)   --->   "%ret_V_47 = call i32 @_ssdm_op_BitConcatenate.i32.i17.i15(i17 %trunc_ln1503_15, i15 %r_V_15)" [sha256.cpp:21->sha256.cpp:51->sha256.cpp:137]   --->   Operation 225 'bitconcatenate' 'ret_V_47' <Predicate = true> <Delay = 0.00>
ST_16 : Operation 226 [1/1] (0.00ns) (grouped into LUT with out node add_ln209_19)   --->   "%r_V_16 = call i13 @_ssdm_op_PartSelect.i13.i32.i32.i32(i32 %tempWord_V, i32 19, i32 31)" [sha256.cpp:16->sha256.cpp:51->sha256.cpp:137]   --->   Operation 226 'partselect' 'r_V_16' <Predicate = true> <Delay = 0.00>
ST_16 : Operation 227 [1/1] (0.00ns) (grouped into LUT with out node add_ln209_19)   --->   "%trunc_ln1503_16 = trunc i32 %tempWord_V to i19" [sha256.cpp:19->sha256.cpp:51->sha256.cpp:137]   --->   Operation 227 'trunc' 'trunc_ln1503_16' <Predicate = true> <Delay = 0.00>
ST_16 : Operation 228 [1/1] (0.00ns) (grouped into LUT with out node add_ln209_19)   --->   "%ret_V_48 = call i32 @_ssdm_op_BitConcatenate.i32.i19.i13(i19 %trunc_ln1503_16, i13 %r_V_16)" [sha256.cpp:21->sha256.cpp:51->sha256.cpp:137]   --->   Operation 228 'bitconcatenate' 'ret_V_48' <Predicate = true> <Delay = 0.00>
ST_16 : Operation 229 [1/1] (0.00ns) (grouped into LUT with out node add_ln209_19)   --->   "%r_V_17 = call i22 @_ssdm_op_PartSelect.i22.i32.i32.i32(i32 %tempWord_V, i32 10, i32 31)" [sha256.cpp:51->sha256.cpp:137]   --->   Operation 229 'partselect' 'r_V_17' <Predicate = true> <Delay = 0.00>
ST_16 : Operation 230 [1/1] (0.00ns) (grouped into LUT with out node add_ln209_19)   --->   "%r_V_23 = zext i22 %r_V_17 to i32" [sha256.cpp:51->sha256.cpp:137]   --->   Operation 230 'zext' 'r_V_23' <Predicate = true> <Delay = 0.00>
ST_16 : Operation 231 [1/1] (0.00ns) (grouped into LUT with out node add_ln209_19)   --->   "%xor_ln1357_11 = xor i32 %r_V_23, %ret_V_48" [sha256.cpp:51->sha256.cpp:137]   --->   Operation 231 'xor' 'xor_ln1357_11' <Predicate = true> <Delay = 0.00> <Core = "LogicGate">   --->   Core 27 'LogicGate' <Latency = 0> <II = 1> <Delay = 0.78> <FuncUnit> <Opcode : 'and' 'or' 'xor'> <InPorts = 2> <OutPorts = 1>
ST_16 : Operation 232 [1/1] (0.00ns) (grouped into LUT with out node add_ln209_19)   --->   "%ret_V = xor i32 %xor_ln1357_11, %ret_V_47" [sha256.cpp:51->sha256.cpp:137]   --->   Operation 232 'xor' 'ret_V' <Predicate = true> <Delay = 0.00> <Core = "LogicGate">   --->   Core 27 'LogicGate' <Latency = 0> <II = 1> <Delay = 0.78> <FuncUnit> <Opcode : 'and' 'or' 'xor'> <InPorts = 2> <OutPorts = 1>
ST_16 : Operation 233 [1/2] (3.25ns)   --->   "%tempWord_V_6 = load i32* %W_V_addr_3, align 4" [sha256.cpp:137]   --->   Operation 233 'load' 'tempWord_V_6' <Predicate = true> <Delay = 3.25> <Core = "RAM">   --->   Core 37 'RAM' <Latency = 1> <II = 1> <Delay = 3.25> <Storage> <Opcode : 'load' 'store'> <Ports = 2> <Width = 32> <Depth = 64> <RAM>
ST_16 : Operation 234 [1/1] (0.00ns) (grouped into LUT with out node add_ln209_19)   --->   "%r_V_18 = call i25 @_ssdm_op_PartSelect.i25.i32.i32.i32(i32 %tempWord_V_6, i32 7, i32 31)" [sha256.cpp:16->sha256.cpp:46->sha256.cpp:137]   --->   Operation 234 'partselect' 'r_V_18' <Predicate = true> <Delay = 0.00>
ST_16 : Operation 235 [1/1] (0.00ns) (grouped into LUT with out node add_ln209_19)   --->   "%trunc_ln1503_17 = trunc i32 %tempWord_V_6 to i7" [sha256.cpp:19->sha256.cpp:46->sha256.cpp:137]   --->   Operation 235 'trunc' 'trunc_ln1503_17' <Predicate = true> <Delay = 0.00>
ST_16 : Operation 236 [1/1] (0.00ns) (grouped into LUT with out node add_ln209_19)   --->   "%ret_V_49 = call i32 @_ssdm_op_BitConcatenate.i32.i7.i25(i7 %trunc_ln1503_17, i25 %r_V_18)" [sha256.cpp:21->sha256.cpp:46->sha256.cpp:137]   --->   Operation 236 'bitconcatenate' 'ret_V_49' <Predicate = true> <Delay = 0.00>
ST_16 : Operation 237 [1/1] (0.00ns) (grouped into LUT with out node add_ln209_19)   --->   "%r_V_19 = call i14 @_ssdm_op_PartSelect.i14.i32.i32.i32(i32 %tempWord_V_6, i32 18, i32 31)" [sha256.cpp:16->sha256.cpp:46->sha256.cpp:137]   --->   Operation 237 'partselect' 'r_V_19' <Predicate = true> <Delay = 0.00>
ST_16 : Operation 238 [1/1] (0.00ns) (grouped into LUT with out node add_ln209_19)   --->   "%trunc_ln1503_18 = trunc i32 %tempWord_V_6 to i18" [sha256.cpp:19->sha256.cpp:46->sha256.cpp:137]   --->   Operation 238 'trunc' 'trunc_ln1503_18' <Predicate = true> <Delay = 0.00>
ST_16 : Operation 239 [1/1] (0.00ns) (grouped into LUT with out node add_ln209_19)   --->   "%ret_V_50 = call i32 @_ssdm_op_BitConcatenate.i32.i18.i14(i18 %trunc_ln1503_18, i14 %r_V_19)" [sha256.cpp:21->sha256.cpp:46->sha256.cpp:137]   --->   Operation 239 'bitconcatenate' 'ret_V_50' <Predicate = true> <Delay = 0.00>
ST_16 : Operation 240 [1/1] (0.00ns) (grouped into LUT with out node add_ln209_19)   --->   "%r_V_20 = call i29 @_ssdm_op_PartSelect.i29.i32.i32.i32(i32 %tempWord_V_6, i32 3, i32 31)" [sha256.cpp:46->sha256.cpp:137]   --->   Operation 240 'partselect' 'r_V_20' <Predicate = true> <Delay = 0.00>
ST_16 : Operation 241 [1/1] (0.00ns) (grouped into LUT with out node add_ln209_19)   --->   "%r_V_24 = zext i29 %r_V_20 to i32" [sha256.cpp:46->sha256.cpp:137]   --->   Operation 241 'zext' 'r_V_24' <Predicate = true> <Delay = 0.00>
ST_16 : Operation 242 [1/1] (0.00ns) (grouped into LUT with out node add_ln209_19)   --->   "%xor_ln1357_13 = xor i32 %r_V_24, %ret_V_50" [sha256.cpp:46->sha256.cpp:137]   --->   Operation 242 'xor' 'xor_ln1357_13' <Predicate = true> <Delay = 0.00> <Core = "LogicGate">   --->   Core 27 'LogicGate' <Latency = 0> <II = 1> <Delay = 0.78> <FuncUnit> <Opcode : 'and' 'or' 'xor'> <InPorts = 2> <OutPorts = 1>
ST_16 : Operation 243 [1/1] (0.00ns) (grouped into LUT with out node add_ln209_19)   --->   "%ret_V_38 = xor i32 %xor_ln1357_13, %ret_V_49" [sha256.cpp:46->sha256.cpp:137]   --->   Operation 243 'xor' 'ret_V_38' <Predicate = true> <Delay = 0.00> <Core = "LogicGate">   --->   Core 27 'LogicGate' <Latency = 0> <II = 1> <Delay = 0.78> <FuncUnit> <Opcode : 'and' 'or' 'xor'> <InPorts = 2> <OutPorts = 1>
ST_16 : Operation 244 [1/2] (3.25ns)   --->   "%W_V_load_3 = load i32* %W_V_addr_4, align 4" [sha256.cpp:137]   --->   Operation 244 'load' 'W_V_load_3' <Predicate = true> <Delay = 3.25> <Core = "RAM">   --->   Core 37 'RAM' <Latency = 1> <II = 1> <Delay = 3.25> <Storage> <Opcode : 'load' 'store'> <Ports = 2> <Width = 32> <Depth = 64> <RAM>
ST_16 : Operation 245 [1/1] (2.55ns) (out node of the LUT)   --->   "%add_ln209_19 = add i32 %ret_V, %ret_V_38" [sha256.cpp:137]   --->   Operation 245 'add' 'add_ln209_19' <Predicate = true> <Delay = 2.55> <Core = "AddSub">   --->   Core 14 'AddSub' <Latency = 0> <II = 1> <Delay = 1.56> <FuncUnit> <Opcode : 'add' 'sub'> <InPorts = 2> <OutPorts = 1>

State 17 <SV = 12> <Delay = 7.62>
ST_17 : Operation 246 [1/1] (0.00ns) (grouped into TernaryAdder)   --->   "%add_ln209_18 = add i32 %W_V_load_1, %W_V_load_3" [sha256.cpp:137]   --->   Operation 246 'add' 'add_ln209_18' <Predicate = (!icmp_ln134)> <Delay = 0.00> <Core = "TAddSub">   --->   Core 83 'TAddSub' <Latency = 0> <II = 1> <Delay = 2.18> <IPBlock> <Opcode : 'add' 'sub'> <InPorts = 3> <OutPorts = 1> <Sync> <CReg>
ST_17 : Operation 247 [1/1] (4.37ns) (root node of TernaryAdder)   --->   "%add_ln209_10 = add i32 %add_ln209_19, %add_ln209_18" [sha256.cpp:137]   --->   Operation 247 'add' 'add_ln209_10' <Predicate = (!icmp_ln134)> <Delay = 4.37> <Core = "TAddSub">   --->   Core 83 'TAddSub' <Latency = 0> <II = 1> <Delay = 2.18> <IPBlock> <Opcode : 'add' 'sub'> <InPorts = 3> <OutPorts = 1> <Sync> <CReg>
ST_17 : Operation 248 [1/1] (0.00ns)   --->   "%W_V_addr_5 = getelementptr [64 x i32]* %W_V, i64 0, i64 %zext_ln135" [sha256.cpp:137]   --->   Operation 248 'getelementptr' 'W_V_addr_5' <Predicate = (!icmp_ln134)> <Delay = 0.00>
ST_17 : Operation 249 [1/1] (3.25ns)   --->   "store i32 %add_ln209_10, i32* %W_V_addr_5, align 4" [sha256.cpp:137]   --->   Operation 249 'store' <Predicate = (!icmp_ln134)> <Delay = 3.25> <Core = "RAM">   --->   Core 37 'RAM' <Latency = 1> <II = 1> <Delay = 3.25> <Storage> <Opcode : 'load' 'store'> <Ports = 2> <Width = 32> <Depth = 64> <RAM>
ST_17 : Operation 250 [1/1] (0.00ns)   --->   "br label %7"   --->   Operation 250 'br' <Predicate = (!icmp_ln134)> <Delay = 0.00>
ST_17 : Operation 251 [1/1] (0.00ns) (grouped into TernaryAdder)   --->   "%add_ln209_21 = add i32 %ret_V_46, %p_0657_0" [sha256.cpp:139]   --->   Operation 251 'add' 'add_ln209_21' <Predicate = true> <Delay = 0.00> <Core = "TAddSub">   --->   Core 83 'TAddSub' <Latency = 0> <II = 1> <Delay = 2.18> <IPBlock> <Opcode : 'add' 'sub'> <InPorts = 3> <OutPorts = 1> <Sync> <CReg>
ST_17 : Operation 252 [1/1] (4.37ns) (root node of TernaryAdder)   --->   "%add_ln209_22 = add i32 %add_ln209_21, %ch_V" [sha256.cpp:139]   --->   Operation 252 'add' 'add_ln209_22' <Predicate = true> <Delay = 4.37> <Core = "TAddSub">   --->   Core 83 'TAddSub' <Latency = 0> <II = 1> <Delay = 2.18> <IPBlock> <Opcode : 'add' 'sub'> <InPorts = 3> <OutPorts = 1> <Sync> <CReg>

State 18 <SV = 10> <Delay = 6.50>
ST_18 : Operation 253 [1/2] (3.25ns)   --->   "%M_V_load = load i32* %M_V_addr_1, align 4" [sha256.cpp:135]   --->   Operation 253 'load' 'M_V_load' <Predicate = true> <Delay = 3.25> <Core = "RAM">   --->   Core 37 'RAM' <Latency = 1> <II = 1> <Delay = 3.25> <Storage> <Opcode : 'load' 'store'> <Ports = 2> <Width = 32> <Depth = 64> <RAM>
ST_18 : Operation 254 [1/1] (0.00ns)   --->   "%W_V_addr = getelementptr [64 x i32]* %W_V, i64 0, i64 %zext_ln135" [sha256.cpp:135]   --->   Operation 254 'getelementptr' 'W_V_addr' <Predicate = true> <Delay = 0.00>
ST_18 : Operation 255 [1/1] (3.25ns)   --->   "store i32 %M_V_load, i32* %W_V_addr, align 4" [sha256.cpp:135]   --->   Operation 255 'store' <Predicate = true> <Delay = 3.25> <Core = "RAM">   --->   Core 37 'RAM' <Latency = 1> <II = 1> <Delay = 3.25> <Storage> <Opcode : 'load' 'store'> <Ports = 2> <Width = 32> <Depth = 64> <RAM>
ST_18 : Operation 256 [1/1] (0.00ns)   --->   "br label %7" [sha256.cpp:135]   --->   Operation 256 'br' <Predicate = true> <Delay = 0.00>

State 19 <SV = 13> <Delay = 3.25>
ST_19 : Operation 257 [1/1] (0.00ns)   --->   "%K_addr = getelementptr [64 x i32]* @K, i64 0, i64 %zext_ln135" [sha256.cpp:139]   --->   Operation 257 'getelementptr' 'K_addr' <Predicate = true> <Delay = 0.00>
ST_19 : Operation 258 [2/2] (3.25ns)   --->   "%K_load = load i32* %K_addr, align 4" [sha256.cpp:139]   --->   Operation 258 'load' 'K_load' <Predicate = true> <Delay = 3.25> <Core = "ROM_nP">   --->   Core 52 'ROM_nP' <Latency = 1> <II = 1> <Delay = 3.25> <Storage> <Opcode : 'load'> <Ports = 0> <Width = 32> <Depth = 64> <ROM>
ST_19 : Operation 259 [1/1] (0.00ns)   --->   "%W_V_addr_6 = getelementptr [64 x i32]* %W_V, i64 0, i64 %zext_ln135" [sha256.cpp:139]   --->   Operation 259 'getelementptr' 'W_V_addr_6' <Predicate = true> <Delay = 0.00>
ST_19 : Operation 260 [2/2] (3.25ns)   --->   "%W_V_load = load i32* %W_V_addr_6, align 4" [sha256.cpp:139]   --->   Operation 260 'load' 'W_V_load' <Predicate = true> <Delay = 3.25> <Core = "RAM">   --->   Core 37 'RAM' <Latency = 1> <II = 1> <Delay = 3.25> <Storage> <Opcode : 'load' 'store'> <Ports = 2> <Width = 32> <Depth = 64> <RAM>

State 20 <SV = 14> <Delay = 7.62>
ST_20 : Operation 261 [1/2] (3.25ns)   --->   "%K_load = load i32* %K_addr, align 4" [sha256.cpp:139]   --->   Operation 261 'load' 'K_load' <Predicate = true> <Delay = 3.25> <Core = "ROM_nP">   --->   Core 52 'ROM_nP' <Latency = 1> <II = 1> <Delay = 3.25> <Storage> <Opcode : 'load'> <Ports = 0> <Width = 32> <Depth = 64> <ROM>
ST_20 : Operation 262 [1/2] (3.25ns)   --->   "%W_V_load = load i32* %W_V_addr_6, align 4" [sha256.cpp:139]   --->   Operation 262 'load' 'W_V_load' <Predicate = true> <Delay = 3.25> <Core = "RAM">   --->   Core 37 'RAM' <Latency = 1> <II = 1> <Delay = 3.25> <Storage> <Opcode : 'load' 'store'> <Ports = 2> <Width = 32> <Depth = 64> <RAM>
ST_20 : Operation 263 [1/1] (0.00ns) (grouped into TernaryAdder)   --->   "%add_ln209_20 = add i32 %K_load, %W_V_load" [sha256.cpp:139]   --->   Operation 263 'add' 'add_ln209_20' <Predicate = true> <Delay = 0.00> <Core = "TAddSub">   --->   Core 83 'TAddSub' <Latency = 0> <II = 1> <Delay = 2.18> <IPBlock> <Opcode : 'add' 'sub'> <InPorts = 3> <OutPorts = 1> <Sync> <CReg>
ST_20 : Operation 264 [1/1] (4.37ns) (root node of TernaryAdder)   --->   "%T1_V = add i32 %add_ln209_22, %add_ln209_20" [sha256.cpp:139]   --->   Operation 264 'add' 'T1_V' <Predicate = true> <Delay = 4.37> <Core = "TAddSub">   --->   Core 83 'TAddSub' <Latency = 0> <II = 1> <Delay = 2.18> <IPBlock> <Opcode : 'add' 'sub'> <InPorts = 3> <OutPorts = 1> <Sync> <CReg>

State 21 <SV = 15> <Delay = 4.37>
ST_21 : Operation 265 [1/1] (2.55ns)   --->   "%e_V_2 = add i32 %p_0622_0, %T1_V" [sha256.cpp:144]   --->   Operation 265 'add' 'e_V_2' <Predicate = true> <Delay = 2.55> <Core = "AddSub">   --->   Core 14 'AddSub' <Latency = 0> <II = 1> <Delay = 1.56> <FuncUnit> <Opcode : 'add' 'sub'> <InPorts = 2> <OutPorts = 1>
ST_21 : Operation 266 [1/1] (0.00ns) (grouped into TernaryAdder)   --->   "%add_ln209_25 = add i32 %ret_V_42, %T1_V" [sha256.cpp:148]   --->   Operation 266 'add' 'add_ln209_25' <Predicate = true> <Delay = 0.00> <Core = "TAddSub">   --->   Core 83 'TAddSub' <Latency = 0> <II = 1> <Delay = 2.18> <IPBlock> <Opcode : 'add' 'sub'> <InPorts = 3> <OutPorts = 1> <Sync> <CReg>
ST_21 : Operation 267 [1/1] (4.37ns) (root node of TernaryAdder)   --->   "%a_V_2 = add i32 %add_ln209_25, %maj_V" [sha256.cpp:148]   --->   Operation 267 'add' 'a_V_2' <Predicate = true> <Delay = 4.37> <Core = "TAddSub">   --->   Core 83 'TAddSub' <Latency = 0> <II = 1> <Delay = 2.18> <IPBlock> <Opcode : 'add' 'sub'> <InPorts = 3> <OutPorts = 1> <Sync> <CReg>
ST_21 : Operation 268 [1/1] (0.00ns)   --->   "br label %.preheader1318" [sha256.cpp:127]   --->   Operation 268 'br' <Predicate = true> <Delay = 0.00>

State 22 <SV = 10> <Delay = 5.80>
ST_22 : Operation 269 [1/1] (0.00ns)   --->   "%or_ln321_7 = or i5 %tmp_26, 2" [sha256.cpp:153]   --->   Operation 269 'or' 'or_ln321_7' <Predicate = true> <Delay = 0.00>
ST_22 : Operation 270 [1/1] (0.00ns)   --->   "%tmp_28 = call i64 @_ssdm_op_BitConcatenate.i64.i59.i5(i59 0, i5 %or_ln321_7)" [sha256.cpp:153]   --->   Operation 270 'bitconcatenate' 'tmp_28' <Predicate = true> <Delay = 0.00>
ST_22 : Operation 271 [1/1] (0.00ns)   --->   "%H_V_addr_12 = getelementptr [256 x i32]* %H_V, i64 0, i64 %tmp_28" [sha256.cpp:153]   --->   Operation 271 'getelementptr' 'H_V_addr_12' <Predicate = true> <Delay = 0.00>
ST_22 : Operation 272 [1/1] (0.00ns)   --->   "%or_ln321_8 = or i5 %tmp_26, 3" [sha256.cpp:154]   --->   Operation 272 'or' 'or_ln321_8' <Predicate = true> <Delay = 0.00>
ST_22 : Operation 273 [1/1] (0.00ns)   --->   "%tmp_29 = call i64 @_ssdm_op_BitConcatenate.i64.i59.i5(i59 0, i5 %or_ln321_8)" [sha256.cpp:154]   --->   Operation 273 'bitconcatenate' 'tmp_29' <Predicate = true> <Delay = 0.00>
ST_22 : Operation 274 [1/1] (0.00ns)   --->   "%H_V_addr_13 = getelementptr [256 x i32]* %H_V, i64 0, i64 %tmp_29" [sha256.cpp:154]   --->   Operation 274 'getelementptr' 'H_V_addr_13' <Predicate = true> <Delay = 0.00>
ST_22 : Operation 275 [1/1] (3.25ns)   --->   "store i32 %add_ln209_2, i32* %H_V_addr_12, align 8" [sha256.cpp:153]   --->   Operation 275 'store' <Predicate = true> <Delay = 3.25> <Core = "RAM">   --->   Core 37 'RAM' <Latency = 1> <II = 1> <Delay = 3.25> <Storage> <Opcode : 'load' 'store'> <Ports = 2> <Width = 32> <Depth = 64> <RAM>
ST_22 : Operation 276 [1/1] (2.55ns)   --->   "%add_ln209_3 = add i32 %p_0622_0, %d_V" [sha256.cpp:154]   --->   Operation 276 'add' 'add_ln209_3' <Predicate = true> <Delay = 2.55> <Core = "AddSub">   --->   Core 14 'AddSub' <Latency = 0> <II = 1> <Delay = 1.56> <FuncUnit> <Opcode : 'add' 'sub'> <InPorts = 2> <OutPorts = 1>
ST_22 : Operation 277 [1/1] (3.25ns)   --->   "store i32 %add_ln209_3, i32* %H_V_addr_13, align 4" [sha256.cpp:154]   --->   Operation 277 'store' <Predicate = true> <Delay = 3.25> <Core = "RAM">   --->   Core 37 'RAM' <Latency = 1> <II = 1> <Delay = 3.25> <Storage> <Opcode : 'load' 'store'> <Ports = 2> <Width = 32> <Depth = 64> <RAM>

State 23 <SV = 11> <Delay = 3.25>
ST_23 : Operation 278 [1/1] (0.00ns)   --->   "%or_ln321_9 = or i5 %tmp_26, 4" [sha256.cpp:155]   --->   Operation 278 'or' 'or_ln321_9' <Predicate = true> <Delay = 0.00>
ST_23 : Operation 279 [1/1] (0.00ns)   --->   "%tmp_30 = call i64 @_ssdm_op_BitConcatenate.i64.i59.i5(i59 0, i5 %or_ln321_9)" [sha256.cpp:155]   --->   Operation 279 'bitconcatenate' 'tmp_30' <Predicate = true> <Delay = 0.00>
ST_23 : Operation 280 [1/1] (0.00ns)   --->   "%H_V_addr_14 = getelementptr [256 x i32]* %H_V, i64 0, i64 %tmp_30" [sha256.cpp:155]   --->   Operation 280 'getelementptr' 'H_V_addr_14' <Predicate = true> <Delay = 0.00>
ST_23 : Operation 281 [1/1] (0.00ns)   --->   "%or_ln321_10 = or i5 %tmp_26, 5" [sha256.cpp:156]   --->   Operation 281 'or' 'or_ln321_10' <Predicate = true> <Delay = 0.00>
ST_23 : Operation 282 [1/1] (0.00ns)   --->   "%tmp_31 = call i64 @_ssdm_op_BitConcatenate.i64.i59.i5(i59 0, i5 %or_ln321_10)" [sha256.cpp:156]   --->   Operation 282 'bitconcatenate' 'tmp_31' <Predicate = true> <Delay = 0.00>
ST_23 : Operation 283 [1/1] (0.00ns)   --->   "%H_V_addr_15 = getelementptr [256 x i32]* %H_V, i64 0, i64 %tmp_31" [sha256.cpp:156]   --->   Operation 283 'getelementptr' 'H_V_addr_15' <Predicate = true> <Delay = 0.00>
ST_23 : Operation 284 [1/1] (3.25ns)   --->   "store i32 %add_ln209_4, i32* %H_V_addr_14, align 16" [sha256.cpp:155]   --->   Operation 284 'store' <Predicate = true> <Delay = 3.25> <Core = "RAM">   --->   Core 37 'RAM' <Latency = 1> <II = 1> <Delay = 3.25> <Storage> <Opcode : 'load' 'store'> <Ports = 2> <Width = 32> <Depth = 64> <RAM>
ST_23 : Operation 285 [1/1] (3.25ns)   --->   "store i32 %add_ln209_5, i32* %H_V_addr_15, align 4" [sha256.cpp:156]   --->   Operation 285 'store' <Predicate = true> <Delay = 3.25> <Core = "RAM">   --->   Core 37 'RAM' <Latency = 1> <II = 1> <Delay = 3.25> <Storage> <Opcode : 'load' 'store'> <Ports = 2> <Width = 32> <Depth = 64> <RAM>

State 24 <SV = 12> <Delay = 5.80>
ST_24 : Operation 286 [1/1] (0.00ns)   --->   "%or_ln321_11 = or i5 %tmp_26, 6" [sha256.cpp:157]   --->   Operation 286 'or' 'or_ln321_11' <Predicate = true> <Delay = 0.00>
ST_24 : Operation 287 [1/1] (0.00ns)   --->   "%tmp_32 = call i64 @_ssdm_op_BitConcatenate.i64.i59.i5(i59 0, i5 %or_ln321_11)" [sha256.cpp:157]   --->   Operation 287 'bitconcatenate' 'tmp_32' <Predicate = true> <Delay = 0.00>
ST_24 : Operation 288 [1/1] (0.00ns)   --->   "%H_V_addr_16 = getelementptr [256 x i32]* %H_V, i64 0, i64 %tmp_32" [sha256.cpp:157]   --->   Operation 288 'getelementptr' 'H_V_addr_16' <Predicate = true> <Delay = 0.00>
ST_24 : Operation 289 [1/1] (0.00ns)   --->   "%or_ln321_12 = or i5 %tmp_26, 7" [sha256.cpp:158]   --->   Operation 289 'or' 'or_ln321_12' <Predicate = true> <Delay = 0.00>
ST_24 : Operation 290 [1/1] (0.00ns)   --->   "%tmp_33 = call i64 @_ssdm_op_BitConcatenate.i64.i59.i5(i59 0, i5 %or_ln321_12)" [sha256.cpp:158]   --->   Operation 290 'bitconcatenate' 'tmp_33' <Predicate = true> <Delay = 0.00>
ST_24 : Operation 291 [1/1] (0.00ns)   --->   "%H_V_addr_17 = getelementptr [256 x i32]* %H_V, i64 0, i64 %tmp_33" [sha256.cpp:158]   --->   Operation 291 'getelementptr' 'H_V_addr_17' <Predicate = true> <Delay = 0.00>
ST_24 : Operation 292 [1/1] (3.25ns)   --->   "store i32 %add_ln209_6, i32* %H_V_addr_16, align 8" [sha256.cpp:157]   --->   Operation 292 'store' <Predicate = true> <Delay = 3.25> <Core = "RAM">   --->   Core 37 'RAM' <Latency = 1> <II = 1> <Delay = 3.25> <Storage> <Opcode : 'load' 'store'> <Ports = 2> <Width = 32> <Depth = 64> <RAM>
ST_24 : Operation 293 [1/1] (2.55ns)   --->   "%add_ln209_7 = add i32 %p_0657_0, %h_V" [sha256.cpp:158]   --->   Operation 293 'add' 'add_ln209_7' <Predicate = true> <Delay = 2.55> <Core = "AddSub">   --->   Core 14 'AddSub' <Latency = 0> <II = 1> <Delay = 1.56> <FuncUnit> <Opcode : 'add' 'sub'> <InPorts = 2> <OutPorts = 1>
ST_24 : Operation 294 [1/1] (3.25ns)   --->   "store i32 %add_ln209_7, i32* %H_V_addr_17, align 4" [sha256.cpp:158]   --->   Operation 294 'store' <Predicate = true> <Delay = 3.25> <Core = "RAM">   --->   Core 37 'RAM' <Latency = 1> <II = 1> <Delay = 3.25> <Storage> <Opcode : 'load' 'store'> <Ports = 2> <Width = 32> <Depth = 64> <RAM>
ST_24 : Operation 295 [1/1] (0.00ns)   --->   "br label %.preheader9" [sha256.cpp:114]   --->   Operation 295 'br' <Predicate = true> <Delay = 0.00>

State 25 <SV = 5> <Delay = 4.22>
ST_25 : Operation 296 [1/1] (0.00ns)   --->   "%i13_0 = phi i4 [ %i_13, %9 ], [ 0, %.preheader.preheader ]"   --->   Operation 296 'phi' 'i13_0' <Predicate = true> <Delay = 0.00>
ST_25 : Operation 297 [1/1] (1.30ns)   --->   "%icmp_ln161 = icmp eq i4 %i13_0, -8" [sha256.cpp:161]   --->   Operation 297 'icmp' 'icmp_ln161' <Predicate = true> <Delay = 1.30> <Core = "Cmp">   --->   Core 25 'Cmp' <Latency = 0> <II = 1> <Delay = 1.30> <FuncUnit> <Opcode : 'icmp'> <InPorts = 2> <OutPorts = 1>
ST_25 : Operation 298 [1/1] (0.00ns)   --->   "%empty_22 = call i32 (...)* @_ssdm_op_SpecLoopTripCount(i64 8, i64 8, i64 8)"   --->   Operation 298 'speclooptripcount' 'empty_22' <Predicate = true> <Delay = 0.00>
ST_25 : Operation 299 [1/1] (1.73ns)   --->   "%i_13 = add i4 %i13_0, 1" [sha256.cpp:161]   --->   Operation 299 'add' 'i_13' <Predicate = true> <Delay = 1.73> <Core = "AddSub">   --->   Core 14 'AddSub' <Latency = 0> <II = 1> <Delay = 1.56> <FuncUnit> <Opcode : 'add' 'sub'> <InPorts = 2> <OutPorts = 1>
ST_25 : Operation 300 [1/1] (0.00ns)   --->   "br i1 %icmp_ln161, label %10, label %9" [sha256.cpp:161]   --->   Operation 300 'br' <Predicate = true> <Delay = 0.00>
ST_25 : Operation 301 [1/1] (0.97ns)   --->   "%xor_ln321 = xor i4 %i13_0, -8" [sha256.cpp:162]   --->   Operation 301 'xor' 'xor_ln321' <Predicate = (!icmp_ln161)> <Delay = 0.97> <Core = "LogicGate">   --->   Core 27 'LogicGate' <Latency = 0> <II = 1> <Delay = 0.78> <FuncUnit> <Opcode : 'and' 'or' 'xor'> <InPorts = 2> <OutPorts = 1>
ST_25 : Operation 302 [1/1] (0.00ns)   --->   "%zext_ln321_6 = zext i4 %xor_ln321 to i64" [sha256.cpp:162]   --->   Operation 302 'zext' 'zext_ln321_6' <Predicate = (!icmp_ln161)> <Delay = 0.00>
ST_25 : Operation 303 [1/1] (0.00ns)   --->   "%H_V_addr_9 = getelementptr [256 x i32]* %H_V, i64 0, i64 %zext_ln321_6" [sha256.cpp:162]   --->   Operation 303 'getelementptr' 'H_V_addr_9' <Predicate = (!icmp_ln161)> <Delay = 0.00>
ST_25 : Operation 304 [2/2] (3.25ns)   --->   "%H_V_load = load i32* %H_V_addr_9, align 4" [sha256.cpp:162]   --->   Operation 304 'load' 'H_V_load' <Predicate = (!icmp_ln161)> <Delay = 3.25> <Core = "RAM">   --->   Core 37 'RAM' <Latency = 1> <II = 1> <Delay = 3.25> <Storage> <Opcode : 'load' 'store'> <Ports = 2> <Width = 32> <Depth = 64> <RAM>
ST_25 : Operation 305 [1/1] (0.00ns)   --->   "ret void" [sha256.cpp:169]   --->   Operation 305 'ret' <Predicate = (icmp_ln161)> <Delay = 0.00>

State 26 <SV = 6> <Delay = 5.57>
ST_26 : Operation 306 [1/1] (0.00ns)   --->   "%zext_ln162 = zext i4 %i13_0 to i64" [sha256.cpp:162]   --->   Operation 306 'zext' 'zext_ln162' <Predicate = true> <Delay = 0.00>
ST_26 : Operation 307 [1/2] (3.25ns)   --->   "%H_V_load = load i32* %H_V_addr_9, align 4" [sha256.cpp:162]   --->   Operation 307 'load' 'H_V_load' <Predicate = true> <Delay = 3.25> <Core = "RAM">   --->   Core 37 'RAM' <Latency = 1> <II = 1> <Delay = 3.25> <Storage> <Opcode : 'load' 'store'> <Ports = 2> <Width = 32> <Depth = 64> <RAM>
ST_26 : Operation 308 [1/1] (0.00ns)   --->   "%outputlocation_V_add = getelementptr [8 x i32]* %outputlocation_V, i64 0, i64 %zext_ln162" [sha256.cpp:162]   --->   Operation 308 'getelementptr' 'outputlocation_V_add' <Predicate = true> <Delay = 0.00>
ST_26 : Operation 309 [1/1] (2.32ns)   --->   "store i32 %H_V_load, i32* %outputlocation_V_add, align 4" [sha256.cpp:162]   --->   Operation 309 'store' <Predicate = true> <Delay = 2.32> <Core = "RAM">   --->   Core 37 'RAM' <Latency = 1> <II = 1> <Delay = 3.25> <Storage> <Opcode : 'load' 'store'> <Ports = 2> <Width = 32> <Depth = 64> <RAM>
ST_26 : Operation 310 [1/1] (0.00ns)   --->   "br label %.preheader" [sha256.cpp:161]   --->   Operation 310 'br' <Predicate = true> <Delay = 0.00>


============================================================
+ Verbose Summary: Binding
============================================================
STG Binding: 
---------------- STG Properties BEGIN ----------------
- Is combinational: 0
- Is one-state seq: 0
- Is datapath-only: 0
- Is pipelined: 0
- Is top level: 0
Port [ Return ] is wired: 1; IO mode=ap_ctrl_hs:ce=0
Port [ input_V]:  wired=1; compound=1; hidden=0; nouse=0; global=0; static=0; extern=0; dir=0; type=1; pingpong=0; private_global=0; MemPort=[13]; IO mode=ap_memory:ce=0
Port [ outputlocation_V]:  wired=1; compound=1; hidden=0; nouse=0; global=0; static=0; extern=0; dir=1; type=1; pingpong=0; private_global=0; MemPort=[03]; IO mode=ap_memory:ce=0
Port [ H_0_V]:  wired=0; compound=1; hidden=1; nouse=0; global=1; static=1; extern=0; dir=0; type=1; pingpong=0; private_global=0; linkage=7; visibility=0; MemPort=[1]; IO mode=ap_memory:ce=0
Port [ K]:  wired=0; compound=1; hidden=1; nouse=0; global=1; static=1; extern=0; dir=0; type=1; pingpong=0; private_global=0; linkage=7; visibility=0; MemPort=[1]; IO mode=ap_memory:ce=0
---------------- STG Properties END ------------------

---------------- Datapath Model BEGIN ----------------

<LifeTime>
<method=bitvector/>
message_V            (alloca           ) [ 001111100000000000000000000]
M_V                  (alloca           ) [ 001111111111111111111111100]
H_V                  (alloca           ) [ 001111111111111111111111111]
W_V                  (alloca           ) [ 001111111111111111111111100]
br_ln79              (br               ) [ 011100000000000000000000000]
i_0                  (phi              ) [ 001000000000000000000000000]
empty                (speclooptripcount) [ 000000000000000000000000000]
icmp_ln79            (icmp             ) [ 001100000000000000000000000]
i                    (add              ) [ 011100000000000000000000000]
br_ln79              (br               ) [ 000000000000000000000000000]
zext_ln80            (zext             ) [ 000100000000000000000000000]
input_V_addr         (getelementptr    ) [ 000100000000000000000000000]
message_V_addr_1     (getelementptr    ) [ 000000000000000000000000000]
store_ln85           (store            ) [ 000000000000000000000000000]
message_V_addr_4     (getelementptr    ) [ 000000000000000000000000000]
store_ln98           (store            ) [ 000000000000000000000000000]
br_ln104             (br               ) [ 001111100000000000000000000]
input_V_load         (load             ) [ 000000000000000000000000000]
message_V_addr       (getelementptr    ) [ 000000000000000000000000000]
store_ln80           (store            ) [ 000000000000000000000000000]
br_ln79              (br               ) [ 011100000000000000000000000]
i4_0                 (phi              ) [ 000011100000000000000000000]
icmp_ln104           (icmp             ) [ 000011100000000000000000000]
empty_17             (speclooptripcount) [ 000000000000000000000000000]
i_11                 (add              ) [ 001011100000000000000000000]
br_ln104             (br               ) [ 000000000000000000000000000]
zext_ln1598          (zext             ) [ 000001100000000000000000000]
br_ln105             (br               ) [ 000011100000000000000000000]
br_ln110             (br               ) [ 000011111000000000000000000]
i_op_assign          (phi              ) [ 000001000000000000000000000]
icmp_ln105           (icmp             ) [ 000011100000000000000000000]
empty_18             (speclooptripcount) [ 000000000000000000000000000]
j                    (add              ) [ 000011100000000000000000000]
br_ln105             (br               ) [ 000000000000000000000000000]
tmp                  (bitconcatenate   ) [ 000000000000000000000000000]
zext_ln321           (zext             ) [ 000000000000000000000000000]
add_ln321            (add              ) [ 000000100000000000000000000]
trunc_ln106          (trunc            ) [ 000000000000000000000000000]
shl_ln               (bitconcatenate   ) [ 000000000000000000000000000]
add_ln106            (add              ) [ 000000000000000000000000000]
zext_ln106           (zext             ) [ 000000000000000000000000000]
message_V_addr_5     (getelementptr    ) [ 000000100000000000000000000]
br_ln0               (br               ) [ 001011100000000000000000000]
zext_ln321_5         (zext             ) [ 000000000000000000000000000]
M_V_addr             (getelementptr    ) [ 000000000000000000000000000]
message_V_load       (load             ) [ 000000000000000000000000000]
store_ln106          (store            ) [ 000000000000000000000000000]
br_ln105             (br               ) [ 000011100000000000000000000]
i9_0                 (phi              ) [ 000000010000000000000000000]
icmp_ln110           (icmp             ) [ 000000011000000000000000000]
empty_19             (speclooptripcount) [ 000000000000000000000000000]
i_12                 (add              ) [ 000010011000000000000000000]
br_ln110             (br               ) [ 000000000000000000000000000]
zext_ln111           (zext             ) [ 000000001000000000000000000]
H_0_V_addr           (getelementptr    ) [ 000000001000000000000000000]
br_ln114             (br               ) [ 000000011111111111111111100]
H_V_addr             (getelementptr    ) [ 000000000000000000000000000]
H_0_V_load           (load             ) [ 000000000000000000000000000]
store_ln111          (store            ) [ 000000000000000000000000000]
br_ln110             (br               ) [ 000010011000000000000000000]
i_op_assign_2        (phi              ) [ 000000000111111111111100000]
icmp_ln114           (icmp             ) [ 000000000111111111111111100]
empty_20             (speclooptripcount) [ 000000000000000000000000000]
br_ln114             (br               ) [ 000000000000000000000000000]
add_ln116            (add              ) [ 000000000011110000000000000]
tmp_18               (bitconcatenate   ) [ 000000000011100000000000000]
zext_ln116           (zext             ) [ 000000000000000000000000000]
H_V_addr_1           (getelementptr    ) [ 000000000010000000000000000]
or_ln117             (or               ) [ 000000000000000000000000000]
tmp_19               (bitconcatenate   ) [ 000000000000000000000000000]
H_V_addr_2           (getelementptr    ) [ 000000000010000000000000000]
br_ln161             (br               ) [ 000000000111111111111111111]
or_ln118             (or               ) [ 000000000000000000000000000]
tmp_20               (bitconcatenate   ) [ 000000000000000000000000000]
H_V_addr_3           (getelementptr    ) [ 000000000001000000000000000]
or_ln119             (or               ) [ 000000000000000000000000000]
tmp_21               (bitconcatenate   ) [ 000000000000000000000000000]
H_V_addr_4           (getelementptr    ) [ 000000000001000000000000000]
a_V                  (load             ) [ 000000000001111111111100000]
b_V                  (load             ) [ 000000000001111111111100000]
or_ln120             (or               ) [ 000000000000000000000000000]
tmp_22               (bitconcatenate   ) [ 000000000000000000000000000]
H_V_addr_5           (getelementptr    ) [ 000000000000100000000000000]
or_ln121             (or               ) [ 000000000000000000000000000]
tmp_23               (bitconcatenate   ) [ 000000000000000000000000000]
H_V_addr_6           (getelementptr    ) [ 000000000000100000000000000]
c_V                  (load             ) [ 000000000000111111111100000]
d_V                  (load             ) [ 000000000000111111111110000]
or_ln122             (or               ) [ 000000000000000000000000000]
tmp_24               (bitconcatenate   ) [ 000000000000000000000000000]
H_V_addr_7           (getelementptr    ) [ 000000000000010000000000000]
or_ln123             (or               ) [ 000000000000000000000000000]
tmp_25               (bitconcatenate   ) [ 000000000000000000000000000]
H_V_addr_8           (getelementptr    ) [ 000000000000010000000000000]
e_V                  (load             ) [ 000000000000011111111100000]
f_V                  (load             ) [ 000000000000011111111100000]
tmp_s                (bitconcatenate   ) [ 000000000000000000000000000]
zext_ln116_2         (zext             ) [ 000000000000001111111100000]
g_V                  (load             ) [ 000000000111111111111111100]
h_V                  (load             ) [ 000000000111111111111111100]
br_ln127             (br               ) [ 000000000111111111111111100]
b_V_2                (phi              ) [ 000000000111111111111111100]
c_V_2                (phi              ) [ 000000000111111111111111100]
d_V_2                (phi              ) [ 000000000111111111111111100]
p_0622_0             (phi              ) [ 000000000000001111111110000]
f_V_2                (phi              ) [ 000000000111111111111111100]
g_V_2                (phi              ) [ 000000000111111111111111100]
h_V_2                (phi              ) [ 000000000111111111111111100]
p_0657_0             (phi              ) [ 000000000000001111100011100]
j12_0                (phi              ) [ 000000000000001100000000000]
icmp_ln127           (icmp             ) [ 000000000111111111111111100]
empty_21             (speclooptripcount) [ 000000000000000000000000000]
j_2                  (add              ) [ 000000000111111111111111100]
br_ln127             (br               ) [ 000000000000000000000000000]
and_ln26             (and              ) [ 000000000000000000000000000]
xor_ln26             (xor              ) [ 000000000000000000000000000]
and_ln26_2           (and              ) [ 000000000000000000000000000]
ch_V                 (xor              ) [ 000000000000000111100000000]
xor_ln31             (xor              ) [ 000000000000000000000000000]
and_ln31             (and              ) [ 000000000000000000000000000]
and_ln31_2           (and              ) [ 000000000000000000000000000]
maj_V                (xor              ) [ 000000000000000111111100000]
r_V                  (partselect       ) [ 000000000000000000000000000]
trunc_ln1503         (trunc            ) [ 000000000000000000000000000]
ret_V_39             (bitconcatenate   ) [ 000000000000000000000000000]
r_V_s                (partselect       ) [ 000000000000000000000000000]
trunc_ln1503_10      (trunc            ) [ 000000000000000000000000000]
ret_V_40             (bitconcatenate   ) [ 000000000000000000000000000]
r_V_11               (partselect       ) [ 000000000000000000000000000]
trunc_ln1503_11      (trunc            ) [ 000000000000000000000000000]
ret_V_41             (bitconcatenate   ) [ 000000000000000000000000000]
xor_ln1357           (xor              ) [ 000000000000000000000000000]
ret_V_42             (xor              ) [ 000000000000000111111100000]
r_V_12               (partselect       ) [ 000000000000000000000000000]
trunc_ln1503_12      (trunc            ) [ 000000000000000000000000000]
ret_V_43             (bitconcatenate   ) [ 000000000000000000000000000]
r_V_13               (partselect       ) [ 000000000000000000000000000]
trunc_ln1503_13      (trunc            ) [ 000000000000000000000000000]
ret_V_44             (bitconcatenate   ) [ 000000000000000000000000000]
r_V_14               (partselect       ) [ 000000000000000000000000000]
trunc_ln1503_14      (trunc            ) [ 000000000000000000000000000]
ret_V_45             (bitconcatenate   ) [ 000000000000000000000000000]
xor_ln1357_9         (xor              ) [ 000000000000000000000000000]
ret_V_46             (xor              ) [ 000000000000000111100000000]
tmp_34               (partselect       ) [ 000000000000000000000000000]
icmp_ln134           (icmp             ) [ 000000000111111111111111100]
zext_ln135           (zext             ) [ 000000000000000111110000000]
add_ln321_2          (add              ) [ 000000000000000000000000000]
zext_ln321_7         (zext             ) [ 000000000000000000000000000]
M_V_addr_1           (getelementptr    ) [ 000000000000000000100000000]
br_ln134             (br               ) [ 000000000000000000000000000]
add_ln137            (add              ) [ 000000000000000000000000000]
zext_ln137           (zext             ) [ 000000000000000000000000000]
W_V_addr_1           (getelementptr    ) [ 000000000000000100000000000]
add_ln137_1          (add              ) [ 000000000000000000000000000]
zext_ln137_4         (zext             ) [ 000000000000000000000000000]
W_V_addr_2           (getelementptr    ) [ 000000000000000100000000000]
tmp_26               (bitconcatenate   ) [ 000000000000000000000011100]
zext_ln321_4         (zext             ) [ 000000000000000000000000000]
H_V_addr_10          (getelementptr    ) [ 000000000000000000000000000]
or_ln321             (or               ) [ 000000000000000000000000000]
tmp_27               (bitconcatenate   ) [ 000000000000000000000000000]
H_V_addr_11          (getelementptr    ) [ 000000000000000000000000000]
add_ln209            (add              ) [ 000000000000000000000000000]
store_ln151          (store            ) [ 000000000000000000000000000]
add_ln209_1          (add              ) [ 000000000000000000000000000]
store_ln152          (store            ) [ 000000000000000000000000000]
add_ln209_2          (add              ) [ 000000000000000000000010000]
add_ln209_4          (add              ) [ 000000000000000000000011000]
add_ln209_5          (add              ) [ 000000000000000000000011000]
add_ln209_6          (add              ) [ 000000000000000000000011100]
i_14                 (add              ) [ 000000010100000000000011100]
tempWord_V           (load             ) [ 000000000000000010000000000]
W_V_load_1           (load             ) [ 000000000111111011111111100]
add_ln137_2          (add              ) [ 000000000000000000000000000]
zext_ln137_5         (zext             ) [ 000000000000000000000000000]
W_V_addr_3           (getelementptr    ) [ 000000000000000010000000000]
add_ln137_3          (add              ) [ 000000000000000000000000000]
zext_ln137_6         (zext             ) [ 000000000000000000000000000]
W_V_addr_4           (getelementptr    ) [ 000000000000000010000000000]
r_V_15               (partselect       ) [ 000000000000000000000000000]
trunc_ln1503_15      (trunc            ) [ 000000000000000000000000000]
ret_V_47             (bitconcatenate   ) [ 000000000000000000000000000]
r_V_16               (partselect       ) [ 000000000000000000000000000]
trunc_ln1503_16      (trunc            ) [ 000000000000000000000000000]
ret_V_48             (bitconcatenate   ) [ 000000000000000000000000000]
r_V_17               (partselect       ) [ 000000000000000000000000000]
r_V_23               (zext             ) [ 000000000000000000000000000]
xor_ln1357_11        (xor              ) [ 000000000000000000000000000]
ret_V                (xor              ) [ 000000000000000000000000000]
tempWord_V_6         (load             ) [ 000000000000000000000000000]
r_V_18               (partselect       ) [ 000000000000000000000000000]
trunc_ln1503_17      (trunc            ) [ 000000000000000000000000000]
ret_V_49             (bitconcatenate   ) [ 000000000000000000000000000]
r_V_19               (partselect       ) [ 000000000000000000000000000]
trunc_ln1503_18      (trunc            ) [ 000000000000000000000000000]
ret_V_50             (bitconcatenate   ) [ 000000000000000000000000000]
r_V_20               (partselect       ) [ 000000000000000000000000000]
r_V_24               (zext             ) [ 000000000000000000000000000]
xor_ln1357_13        (xor              ) [ 000000000000000000000000000]
ret_V_38             (xor              ) [ 000000000000000000000000000]
W_V_load_3           (load             ) [ 000000000111111001111111100]
add_ln209_19         (add              ) [ 000000000111111001111111100]
add_ln209_18         (add              ) [ 000000000000000000000000000]
add_ln209_10         (add              ) [ 000000000000000000000000000]
W_V_addr_5           (getelementptr    ) [ 000000000000000000000000000]
store_ln137          (store            ) [ 000000000000000000000000000]
br_ln0               (br               ) [ 000000000000000000000000000]
add_ln209_21         (add              ) [ 000000000000000000000000000]
add_ln209_22         (add              ) [ 000000000000000000011000000]
M_V_load             (load             ) [ 000000000000000000000000000]
W_V_addr             (getelementptr    ) [ 000000000000000000000000000]
store_ln135          (store            ) [ 000000000000000000000000000]
br_ln135             (br               ) [ 000000000000000000000000000]
K_addr               (getelementptr    ) [ 000000000000000000001000000]
W_V_addr_6           (getelementptr    ) [ 000000000000000000001000000]
K_load               (load             ) [ 000000000000000000000000000]
W_V_load             (load             ) [ 000000000000000000000000000]
add_ln209_20         (add              ) [ 000000000000000000000000000]
T1_V                 (add              ) [ 000000000000000000000100000]
e_V_2                (add              ) [ 000000000111111111111111100]
add_ln209_25         (add              ) [ 000000000000000000000000000]
a_V_2                (add              ) [ 000000000111111111111111100]
br_ln127             (br               ) [ 000000000111111111111111100]
or_ln321_7           (or               ) [ 000000000000000000000000000]
tmp_28               (bitconcatenate   ) [ 000000000000000000000000000]
H_V_addr_12          (getelementptr    ) [ 000000000000000000000000000]
or_ln321_8           (or               ) [ 000000000000000000000000000]
tmp_29               (bitconcatenate   ) [ 000000000000000000000000000]
H_V_addr_13          (getelementptr    ) [ 000000000000000000000000000]
store_ln153          (store            ) [ 000000000000000000000000000]
add_ln209_3          (add              ) [ 000000000000000000000000000]
store_ln154          (store            ) [ 000000000000000000000000000]
or_ln321_9           (or               ) [ 000000000000000000000000000]
tmp_30               (bitconcatenate   ) [ 000000000000000000000000000]
H_V_addr_14          (getelementptr    ) [ 000000000000000000000000000]
or_ln321_10          (or               ) [ 000000000000000000000000000]
tmp_31               (bitconcatenate   ) [ 000000000000000000000000000]
H_V_addr_15          (getelementptr    ) [ 000000000000000000000000000]
store_ln155          (store            ) [ 000000000000000000000000000]
store_ln156          (store            ) [ 000000000000000000000000000]
or_ln321_11          (or               ) [ 000000000000000000000000000]
tmp_32               (bitconcatenate   ) [ 000000000000000000000000000]
H_V_addr_16          (getelementptr    ) [ 000000000000000000000000000]
or_ln321_12          (or               ) [ 000000000000000000000000000]
tmp_33               (bitconcatenate   ) [ 000000000000000000000000000]
H_V_addr_17          (getelementptr    ) [ 000000000000000000000000000]
store_ln157          (store            ) [ 000000000000000000000000000]
add_ln209_7          (add              ) [ 000000000000000000000000000]
store_ln158          (store            ) [ 000000000000000000000000000]
br_ln114             (br               ) [ 000000010111111111111111100]
i13_0                (phi              ) [ 000000000000000000000000011]
icmp_ln161           (icmp             ) [ 000000000000000000000000011]
empty_22             (speclooptripcount) [ 000000000000000000000000000]
i_13                 (add              ) [ 000000000100000000000000011]
br_ln161             (br               ) [ 000000000000000000000000000]
xor_ln321            (xor              ) [ 000000000000000000000000000]
zext_ln321_6         (zext             ) [ 000000000000000000000000000]
H_V_addr_9           (getelementptr    ) [ 000000000000000000000000001]
ret_ln169            (ret              ) [ 000000000000000000000000000]
zext_ln162           (zext             ) [ 000000000000000000000000000]
H_V_load             (load             ) [ 000000000000000000000000000]
outputlocation_V_add (getelementptr    ) [ 000000000000000000000000000]
store_ln162          (store            ) [ 000000000000000000000000000]
br_ln161             (br               ) [ 000000000100000000000000011]
</LifeTime>

<model>

<comp_list>
<comp id="0" class="1000" name="input_V">
<pin_list>
<pin id="1" dir="1" index="0" bw="1" slack="0"/>
</pin_list>
<bind>
<StgValue><ssdm name="input_V"/><MemPortTyVec>1 3 </MemPortTyVec>
</StgValue>
</bind>
</comp>

<comp id="2" class="1000" name="outputlocation_V">
<pin_list>
<pin id="3" dir="1" index="0" bw="1" slack="0"/>
</pin_list>
<bind>
<StgValue><ssdm name="outputlocation_V"/><MemPortTyVec>0 3 </MemPortTyVec>
</StgValue>
</bind>
</comp>

<comp id="4" class="1000" name="H_0_V">
<pin_list>
<pin id="5" dir="1" index="0" bw="1" slack="0"/>
</pin_list>
<bind>
<StgValue><ssdm name="H_0_V"/><MemPortTyVec>1 </MemPortTyVec>
</StgValue>
</bind>
</comp>

<comp id="6" class="1000" name="K">
<pin_list>
<pin id="7" dir="1" index="0" bw="1" slack="0"/>
</pin_list>
<bind>
<StgValue><ssdm name="K"/><MemPortTyVec>1 </MemPortTyVec>
</StgValue>
</bind>
</comp>

<comp id="8" class="1001" name="const_8">
<pin_list>
<pin id="9" dir="1" index="0" bw="1" slack="0"/>
</pin_list>
<bind>
<StgValue><ssdm name=""/></StgValue>
</bind>
</comp>

<comp id="10" class="1001" name="const_10">
<pin_list>
<pin id="11" dir="1" index="0" bw="1" slack="0"/>
</pin_list>
<bind>
<StgValue><ssdm name=""/></StgValue>
</bind>
</comp>

<comp id="12" class="1001" name="const_12">
<pin_list>
<pin id="13" dir="1" index="0" bw="1" slack="2147483647"/>
</pin_list>
<bind>
<StgValue><ssdm name="_ssdm_op_SpecLoopTripCount"/></StgValue>
</bind>
</comp>

<comp id="14" class="1001" name="const_14">
<pin_list>
<pin id="15" dir="1" index="0" bw="1" slack="2147483647"/>
</pin_list>
<bind>
<StgValue><ssdm name=""/></StgValue>
</bind>
</comp>

<comp id="16" class="1001" name="const_16">
<pin_list>
<pin id="17" dir="1" index="0" bw="1" slack="0"/>
</pin_list>
<bind>
<StgValue><ssdm name=""/></StgValue>
</bind>
</comp>

<comp id="18" class="1001" name="const_18">
<pin_list>
<pin id="19" dir="1" index="0" bw="1" slack="0"/>
</pin_list>
<bind>
<StgValue><ssdm name=""/></StgValue>
</bind>
</comp>

<comp id="20" class="1001" name="const_20">
<pin_list>
<pin id="21" dir="1" index="0" bw="1" slack="0"/>
</pin_list>
<bind>
<StgValue><ssdm name=""/></StgValue>
</bind>
</comp>

<comp id="22" class="1001" name="const_22">
<pin_list>
<pin id="23" dir="1" index="0" bw="1" slack="0"/>
</pin_list>
<bind>
<StgValue><ssdm name=""/></StgValue>
</bind>
</comp>

<comp id="24" class="1001" name="const_24">
<pin_list>
<pin id="25" dir="1" index="0" bw="1" slack="0"/>
</pin_list>
<bind>
<StgValue><ssdm name=""/></StgValue>
</bind>
</comp>

<comp id="26" class="1001" name="const_26">
<pin_list>
<pin id="27" dir="1" index="0" bw="1" slack="0"/>
</pin_list>
<bind>
<StgValue><ssdm name=""/></StgValue>
</bind>
</comp>

<comp id="28" class="1001" name="const_28">
<pin_list>
<pin id="29" dir="1" index="0" bw="1" slack="0"/>
</pin_list>
<bind>
<StgValue><ssdm name=""/></StgValue>
</bind>
</comp>

<comp id="30" class="1001" name="const_30">
<pin_list>
<pin id="31" dir="1" index="0" bw="1" slack="1"/>
</pin_list>
<bind>
<StgValue><ssdm name=""/></StgValue>
</bind>
</comp>

<comp id="32" class="1001" name="const_32">
<pin_list>
<pin id="33" dir="1" index="0" bw="1" slack="0"/>
</pin_list>
<bind>
<StgValue><ssdm name=""/></StgValue>
</bind>
</comp>

<comp id="34" class="1001" name="const_34">
<pin_list>
<pin id="35" dir="1" index="0" bw="1" slack="2147483647"/>
</pin_list>
<bind>
<StgValue><ssdm name=""/></StgValue>
</bind>
</comp>

<comp id="36" class="1001" name="const_36">
<pin_list>
<pin id="37" dir="1" index="0" bw="1" slack="0"/>
</pin_list>
<bind>
<StgValue><ssdm name=""/></StgValue>
</bind>
</comp>

<comp id="38" class="1001" name="const_38">
<pin_list>
<pin id="39" dir="1" index="0" bw="1" slack="1"/>
</pin_list>
<bind>
<StgValue><ssdm name=""/></StgValue>
</bind>
</comp>

<comp id="40" class="1001" name="const_40">
<pin_list>
<pin id="41" dir="1" index="0" bw="1" slack="0"/>
</pin_list>
<bind>
<StgValue><ssdm name=""/></StgValue>
</bind>
</comp>

<comp id="42" class="1001" name="const_42">
<pin_list>
<pin id="43" dir="1" index="0" bw="1" slack="2147483647"/>
</pin_list>
<bind>
<StgValue><ssdm name=""/></StgValue>
</bind>
</comp>

<comp id="44" class="1001" name="const_44">
<pin_list>
<pin id="45" dir="1" index="0" bw="1" slack="0"/>
</pin_list>
<bind>
<StgValue><ssdm name=""/></StgValue>
</bind>
</comp>

<comp id="46" class="1001" name="const_46">
<pin_list>
<pin id="47" dir="1" index="0" bw="1" slack="0"/>
</pin_list>
<bind>
<StgValue><ssdm name="_ssdm_op_BitConcatenate.i6.i2.i4"/></StgValue>
</bind>
</comp>

<comp id="48" class="1001" name="const_48">
<pin_list>
<pin id="49" dir="1" index="0" bw="1" slack="0"/>
</pin_list>
<bind>
<StgValue><ssdm name="_ssdm_op_BitConcatenate.i5.i1.i4"/></StgValue>
</bind>
</comp>

<comp id="50" class="1001" name="const_50">
<pin_list>
<pin id="51" dir="1" index="0" bw="1" slack="0"/>
</pin_list>
<bind>
<StgValue><ssdm name=""/></StgValue>
</bind>
</comp>

<comp id="52" class="1001" name="const_52">
<pin_list>
<pin id="53" dir="1" index="0" bw="1" slack="0"/>
</pin_list>
<bind>
<StgValue><ssdm name=""/></StgValue>
</bind>
</comp>

<comp id="54" class="1001" name="const_54">
<pin_list>
<pin id="55" dir="1" index="0" bw="1" slack="0"/>
</pin_list>
<bind>
<StgValue><ssdm name="_ssdm_op_BitConcatenate.i5.i2.i3"/></StgValue>
</bind>
</comp>

<comp id="56" class="1001" name="const_56">
<pin_list>
<pin id="57" dir="1" index="0" bw="1" slack="0"/>
</pin_list>
<bind>
<StgValue><ssdm name=""/></StgValue>
</bind>
</comp>

<comp id="58" class="1001" name="const_58">
<pin_list>
<pin id="59" dir="1" index="0" bw="1" slack="0"/>
</pin_list>
<bind>
<StgValue><ssdm name="_ssdm_op_BitConcatenate.i64.i59.i5"/></StgValue>
</bind>
</comp>

<comp id="60" class="1001" name="const_60">
<pin_list>
<pin id="61" dir="1" index="0" bw="1" slack="0"/>
</pin_list>
<bind>
<StgValue><ssdm name=""/></StgValue>
</bind>
</comp>

<comp id="62" class="1001" name="const_62">
<pin_list>
<pin id="63" dir="1" index="0" bw="1" slack="0"/>
</pin_list>
<bind>
<StgValue><ssdm name=""/></StgValue>
</bind>
</comp>

<comp id="64" class="1001" name="const_64">
<pin_list>
<pin id="65" dir="1" index="0" bw="1" slack="0"/>
</pin_list>
<bind>
<StgValue><ssdm name=""/></StgValue>
</bind>
</comp>

<comp id="66" class="1001" name="const_66">
<pin_list>
<pin id="67" dir="1" index="0" bw="1" slack="0"/>
</pin_list>
<bind>
<StgValue><ssdm name=""/></StgValue>
</bind>
</comp>

<comp id="68" class="1001" name="const_68">
<pin_list>
<pin id="69" dir="1" index="0" bw="1" slack="0"/>
</pin_list>
<bind>
<StgValue><ssdm name=""/></StgValue>
</bind>
</comp>

<comp id="70" class="1001" name="const_70">
<pin_list>
<pin id="71" dir="1" index="0" bw="1" slack="0"/>
</pin_list>
<bind>
<StgValue><ssdm name=""/></StgValue>
</bind>
</comp>

<comp id="72" class="1001" name="const_72">
<pin_list>
<pin id="73" dir="1" index="0" bw="1" slack="0"/>
</pin_list>
<bind>
<StgValue><ssdm name=""/></StgValue>
</bind>
</comp>

<comp id="74" class="1001" name="const_74">
<pin_list>
<pin id="75" dir="1" index="0" bw="1" slack="1"/>
</pin_list>
<bind>
<StgValue><ssdm name=""/></StgValue>
</bind>
</comp>

<comp id="76" class="1001" name="const_76">
<pin_list>
<pin id="77" dir="1" index="0" bw="1" slack="0"/>
</pin_list>
<bind>
<StgValue><ssdm name=""/></StgValue>
</bind>
</comp>

<comp id="78" class="1001" name="const_78">
<pin_list>
<pin id="79" dir="1" index="0" bw="1" slack="2147483647"/>
</pin_list>
<bind>
<StgValue><ssdm name=""/></StgValue>
</bind>
</comp>

<comp id="80" class="1001" name="const_80">
<pin_list>
<pin id="81" dir="1" index="0" bw="1" slack="0"/>
</pin_list>
<bind>
<StgValue><ssdm name=""/></StgValue>
</bind>
</comp>

<comp id="82" class="1001" name="const_82">
<pin_list>
<pin id="83" dir="1" index="0" bw="1" slack="0"/>
</pin_list>
<bind>
<StgValue><ssdm name=""/></StgValue>
</bind>
</comp>

<comp id="84" class="1001" name="const_84">
<pin_list>
<pin id="85" dir="1" index="0" bw="1" slack="0"/>
</pin_list>
<bind>
<StgValue><ssdm name="_ssdm_op_PartSelect.i30.i32.i32.i32"/></StgValue>
</bind>
</comp>

<comp id="86" class="1001" name="const_86">
<pin_list>
<pin id="87" dir="1" index="0" bw="1" slack="0"/>
</pin_list>
<bind>
<StgValue><ssdm name=""/></StgValue>
</bind>
</comp>

<comp id="88" class="1001" name="const_88">
<pin_list>
<pin id="89" dir="1" index="0" bw="1" slack="0"/>
</pin_list>
<bind>
<StgValue><ssdm name=""/></StgValue>
</bind>
</comp>

<comp id="90" class="1001" name="const_90">
<pin_list>
<pin id="91" dir="1" index="0" bw="1" slack="0"/>
</pin_list>
<bind>
<StgValue><ssdm name="_ssdm_op_BitConcatenate.i32.i2.i30"/></StgValue>
</bind>
</comp>

<comp id="92" class="1001" name="const_92">
<pin_list>
<pin id="93" dir="1" index="0" bw="1" slack="0"/>
</pin_list>
<bind>
<StgValue><ssdm name="_ssdm_op_PartSelect.i19.i32.i32.i32"/></StgValue>
</bind>
</comp>

<comp id="94" class="1001" name="const_94">
<pin_list>
<pin id="95" dir="1" index="0" bw="1" slack="0"/>
</pin_list>
<bind>
<StgValue><ssdm name=""/></StgValue>
</bind>
</comp>

<comp id="96" class="1001" name="const_96">
<pin_list>
<pin id="97" dir="1" index="0" bw="1" slack="0"/>
</pin_list>
<bind>
<StgValue><ssdm name="_ssdm_op_BitConcatenate.i32.i13.i19"/></StgValue>
</bind>
</comp>

<comp id="98" class="1001" name="const_98">
<pin_list>
<pin id="99" dir="1" index="0" bw="1" slack="0"/>
</pin_list>
<bind>
<StgValue><ssdm name="_ssdm_op_PartSelect.i10.i32.i32.i32"/></StgValue>
</bind>
</comp>

<comp id="100" class="1001" name="const_100">
<pin_list>
<pin id="101" dir="1" index="0" bw="1" slack="0"/>
</pin_list>
<bind>
<StgValue><ssdm name=""/></StgValue>
</bind>
</comp>

<comp id="102" class="1001" name="const_102">
<pin_list>
<pin id="103" dir="1" index="0" bw="1" slack="0"/>
</pin_list>
<bind>
<StgValue><ssdm name="_ssdm_op_BitConcatenate.i32.i22.i10"/></StgValue>
</bind>
</comp>

<comp id="104" class="1001" name="const_104">
<pin_list>
<pin id="105" dir="1" index="0" bw="1" slack="0"/>
</pin_list>
<bind>
<StgValue><ssdm name="_ssdm_op_PartSelect.i26.i32.i32.i32"/></StgValue>
</bind>
</comp>

<comp id="106" class="1001" name="const_106">
<pin_list>
<pin id="107" dir="1" index="0" bw="1" slack="0"/>
</pin_list>
<bind>
<StgValue><ssdm name=""/></StgValue>
</bind>
</comp>

<comp id="108" class="1001" name="const_108">
<pin_list>
<pin id="109" dir="1" index="0" bw="1" slack="0"/>
</pin_list>
<bind>
<StgValue><ssdm name="_ssdm_op_BitConcatenate.i32.i6.i26"/></StgValue>
</bind>
</comp>

<comp id="110" class="1001" name="const_110">
<pin_list>
<pin id="111" dir="1" index="0" bw="1" slack="0"/>
</pin_list>
<bind>
<StgValue><ssdm name="_ssdm_op_PartSelect.i21.i32.i32.i32"/></StgValue>
</bind>
</comp>

<comp id="112" class="1001" name="const_112">
<pin_list>
<pin id="113" dir="1" index="0" bw="1" slack="0"/>
</pin_list>
<bind>
<StgValue><ssdm name=""/></StgValue>
</bind>
</comp>

<comp id="114" class="1001" name="const_114">
<pin_list>
<pin id="115" dir="1" index="0" bw="1" slack="0"/>
</pin_list>
<bind>
<StgValue><ssdm name="_ssdm_op_BitConcatenate.i32.i11.i21"/></StgValue>
</bind>
</comp>

<comp id="116" class="1001" name="const_116">
<pin_list>
<pin id="117" dir="1" index="0" bw="1" slack="0"/>
</pin_list>
<bind>
<StgValue><ssdm name="_ssdm_op_PartSelect.i7.i32.i32.i32"/></StgValue>
</bind>
</comp>

<comp id="118" class="1001" name="const_118">
<pin_list>
<pin id="119" dir="1" index="0" bw="1" slack="0"/>
</pin_list>
<bind>
<StgValue><ssdm name=""/></StgValue>
</bind>
</comp>

<comp id="120" class="1001" name="const_120">
<pin_list>
<pin id="121" dir="1" index="0" bw="1" slack="0"/>
</pin_list>
<bind>
<StgValue><ssdm name="_ssdm_op_BitConcatenate.i32.i25.i7"/></StgValue>
</bind>
</comp>

<comp id="122" class="1001" name="const_122">
<pin_list>
<pin id="123" dir="1" index="0" bw="1" slack="0"/>
</pin_list>
<bind>
<StgValue><ssdm name="_ssdm_op_PartSelect.i3.i7.i32.i32"/></StgValue>
</bind>
</comp>

<comp id="124" class="1001" name="const_124">
<pin_list>
<pin id="125" dir="1" index="0" bw="1" slack="0"/>
</pin_list>
<bind>
<StgValue><ssdm name=""/></StgValue>
</bind>
</comp>

<comp id="126" class="1001" name="const_126">
<pin_list>
<pin id="127" dir="1" index="0" bw="1" slack="0"/>
</pin_list>
<bind>
<StgValue><ssdm name=""/></StgValue>
</bind>
</comp>

<comp id="128" class="1001" name="const_128">
<pin_list>
<pin id="129" dir="1" index="0" bw="1" slack="0"/>
</pin_list>
<bind>
<StgValue><ssdm name=""/></StgValue>
</bind>
</comp>

<comp id="130" class="1001" name="const_130">
<pin_list>
<pin id="131" dir="1" index="0" bw="1" slack="0"/>
</pin_list>
<bind>
<StgValue><ssdm name=""/></StgValue>
</bind>
</comp>

<comp id="132" class="1001" name="const_132">
<pin_list>
<pin id="133" dir="1" index="0" bw="1" slack="0"/>
</pin_list>
<bind>
<StgValue><ssdm name=""/></StgValue>
</bind>
</comp>

<comp id="134" class="1001" name="const_134">
<pin_list>
<pin id="135" dir="1" index="0" bw="1" slack="0"/>
</pin_list>
<bind>
<StgValue><ssdm name="_ssdm_op_PartSelect.i15.i32.i32.i32"/></StgValue>
</bind>
</comp>

<comp id="136" class="1001" name="const_136">
<pin_list>
<pin id="137" dir="1" index="0" bw="1" slack="0"/>
</pin_list>
<bind>
<StgValue><ssdm name=""/></StgValue>
</bind>
</comp>

<comp id="138" class="1001" name="const_138">
<pin_list>
<pin id="139" dir="1" index="0" bw="1" slack="0"/>
</pin_list>
<bind>
<StgValue><ssdm name="_ssdm_op_BitConcatenate.i32.i17.i15"/></StgValue>
</bind>
</comp>

<comp id="140" class="1001" name="const_140">
<pin_list>
<pin id="141" dir="1" index="0" bw="1" slack="0"/>
</pin_list>
<bind>
<StgValue><ssdm name="_ssdm_op_PartSelect.i13.i32.i32.i32"/></StgValue>
</bind>
</comp>

<comp id="142" class="1001" name="const_142">
<pin_list>
<pin id="143" dir="1" index="0" bw="1" slack="0"/>
</pin_list>
<bind>
<StgValue><ssdm name=""/></StgValue>
</bind>
</comp>

<comp id="144" class="1001" name="const_144">
<pin_list>
<pin id="145" dir="1" index="0" bw="1" slack="0"/>
</pin_list>
<bind>
<StgValue><ssdm name="_ssdm_op_BitConcatenate.i32.i19.i13"/></StgValue>
</bind>
</comp>

<comp id="146" class="1001" name="const_146">
<pin_list>
<pin id="147" dir="1" index="0" bw="1" slack="0"/>
</pin_list>
<bind>
<StgValue><ssdm name="_ssdm_op_PartSelect.i22.i32.i32.i32"/></StgValue>
</bind>
</comp>

<comp id="148" class="1001" name="const_148">
<pin_list>
<pin id="149" dir="1" index="0" bw="1" slack="0"/>
</pin_list>
<bind>
<StgValue><ssdm name=""/></StgValue>
</bind>
</comp>

<comp id="150" class="1001" name="const_150">
<pin_list>
<pin id="151" dir="1" index="0" bw="1" slack="0"/>
</pin_list>
<bind>
<StgValue><ssdm name="_ssdm_op_PartSelect.i25.i32.i32.i32"/></StgValue>
</bind>
</comp>

<comp id="152" class="1001" name="const_152">
<pin_list>
<pin id="153" dir="1" index="0" bw="1" slack="0"/>
</pin_list>
<bind>
<StgValue><ssdm name=""/></StgValue>
</bind>
</comp>

<comp id="154" class="1001" name="const_154">
<pin_list>
<pin id="155" dir="1" index="0" bw="1" slack="0"/>
</pin_list>
<bind>
<StgValue><ssdm name="_ssdm_op_BitConcatenate.i32.i7.i25"/></StgValue>
</bind>
</comp>

<comp id="156" class="1001" name="const_156">
<pin_list>
<pin id="157" dir="1" index="0" bw="1" slack="0"/>
</pin_list>
<bind>
<StgValue><ssdm name="_ssdm_op_PartSelect.i14.i32.i32.i32"/></StgValue>
</bind>
</comp>

<comp id="158" class="1001" name="const_158">
<pin_list>
<pin id="159" dir="1" index="0" bw="1" slack="0"/>
</pin_list>
<bind>
<StgValue><ssdm name=""/></StgValue>
</bind>
</comp>

<comp id="160" class="1001" name="const_160">
<pin_list>
<pin id="161" dir="1" index="0" bw="1" slack="0"/>
</pin_list>
<bind>
<StgValue><ssdm name="_ssdm_op_BitConcatenate.i32.i18.i14"/></StgValue>
</bind>
</comp>

<comp id="162" class="1001" name="const_162">
<pin_list>
<pin id="163" dir="1" index="0" bw="1" slack="0"/>
</pin_list>
<bind>
<StgValue><ssdm name="_ssdm_op_PartSelect.i29.i32.i32.i32"/></StgValue>
</bind>
</comp>

<comp id="164" class="1001" name="const_164">
<pin_list>
<pin id="165" dir="1" index="0" bw="1" slack="0"/>
</pin_list>
<bind>
<StgValue><ssdm name=""/></StgValue>
</bind>
</comp>

<comp id="166" class="1004" name="message_V_alloca_fu_166">
<pin_list>
<pin id="167" dir="0" index="0" bw="1" slack="0"/>
<pin id="168" dir="1" index="1" bw="32" slack="2147483647"/>
</pin_list>
<bind>
<opcode="alloca(26) " fcode="alloca"/>
<opset="message_V/1 "/>
</bind>
</comp>

<comp id="170" class="1004" name="M_V_alloca_fu_170">
<pin_list>
<pin id="171" dir="0" index="0" bw="1" slack="0"/>
<pin id="172" dir="1" index="1" bw="32" slack="2147483647"/>
</pin_list>
<bind>
<opcode="alloca(26) " fcode="alloca"/>
<opset="M_V/1 "/>
</bind>
</comp>

<comp id="174" class="1004" name="H_V_alloca_fu_174">
<pin_list>
<pin id="175" dir="0" index="0" bw="1" slack="0"/>
<pin id="176" dir="1" index="1" bw="32" slack="2147483647"/>
</pin_list>
<bind>
<opcode="alloca(26) " fcode="alloca"/>
<opset="H_V/1 "/>
</bind>
</comp>

<comp id="178" class="1004" name="W_V_alloca_fu_178">
<pin_list>
<pin id="179" dir="0" index="0" bw="1" slack="0"/>
<pin id="180" dir="1" index="1" bw="32" slack="2147483647"/>
</pin_list>
<bind>
<opcode="alloca(26) " fcode="alloca"/>
<opset="W_V/1 "/>
</bind>
</comp>

<comp id="182" class="1004" name="input_V_addr_gep_fu_182">
<pin_list>
<pin id="183" dir="0" index="0" bw="32" slack="0"/>
<pin id="184" dir="0" index="1" bw="1" slack="0"/>
<pin id="185" dir="0" index="2" bw="4" slack="0"/>
<pin id="186" dir="1" index="3" bw="3" slack="0"/>
</pin_list>
<bind>
<opcode="getelementptr(29) " fcode="getelementptr"/>
<opset="input_V_addr/2 "/>
</bind>
</comp>

<comp id="189" class="1004" name="grp_access_fu_189">
<pin_list>
<pin id="190" dir="0" index="0" bw="3" slack="0"/>
<pin id="191" dir="0" index="1" bw="32" slack="2147483647"/>
<pin id="192" dir="0" index="2" bw="0" slack="2147483647"/>
<pin id="193" dir="1" index="3" bw="32" slack="0"/>
</pin_list>
<bind>
<opcode="load(27) " fcode="load"/>
<opset="input_V_load/2 "/>
</bind>
</comp>

<comp id="195" class="1004" name="message_V_addr_1_gep_fu_195">
<pin_list>
<pin id="196" dir="0" index="0" bw="32" slack="2147483647"/>
<pin id="197" dir="0" index="1" bw="1" slack="0"/>
<pin id="198" dir="0" index="2" bw="5" slack="0"/>
<pin id="199" dir="1" index="3" bw="14" slack="0"/>
</pin_list>
<bind>
<opcode="getelementptr(29) " fcode="getelementptr"/>
<opset="message_V_addr_1/2 "/>
</bind>
</comp>

<comp id="202" class="1004" name="grp_access_fu_202">
<pin_list>
<pin id="203" dir="0" index="0" bw="14" slack="0"/>
<pin id="204" dir="0" index="1" bw="32" slack="0"/>
<pin id="205" dir="0" index="2" bw="0" slack="0"/>
<pin id="216" dir="0" index="4" bw="14" slack="0"/>
<pin id="217" dir="0" index="5" bw="32" slack="2147483647"/>
<pin id="218" dir="0" index="6" bw="0" slack="2147483647"/>
<pin id="206" dir="1" index="3" bw="32" slack="2147483647"/>
<pin id="219" dir="1" index="7" bw="32" slack="0"/>
</pin_list>
<bind>
<opcode="load(27) store(28) " fcode="load"/>
<opset="store_ln85/2 store_ln98/2 store_ln80/3 message_V_load/5 "/>
</bind>
</comp>

<comp id="209" class="1004" name="message_V_addr_4_gep_fu_209">
<pin_list>
<pin id="210" dir="0" index="0" bw="32" slack="2147483647"/>
<pin id="211" dir="0" index="1" bw="1" slack="0"/>
<pin id="212" dir="0" index="2" bw="5" slack="0"/>
<pin id="213" dir="1" index="3" bw="14" slack="0"/>
</pin_list>
<bind>
<opcode="getelementptr(29) " fcode="getelementptr"/>
<opset="message_V_addr_4/2 "/>
</bind>
</comp>

<comp id="222" class="1004" name="message_V_addr_gep_fu_222">
<pin_list>
<pin id="223" dir="0" index="0" bw="32" slack="2147483647"/>
<pin id="224" dir="0" index="1" bw="1" slack="0"/>
<pin id="225" dir="0" index="2" bw="4" slack="1"/>
<pin id="226" dir="1" index="3" bw="14" slack="0"/>
</pin_list>
<bind>
<opcode="getelementptr(29) " fcode="getelementptr"/>
<opset="message_V_addr/3 "/>
</bind>
</comp>

<comp id="230" class="1004" name="message_V_addr_5_gep_fu_230">
<pin_list>
<pin id="231" dir="0" index="0" bw="32" slack="2147483647"/>
<pin id="232" dir="0" index="1" bw="1" slack="0"/>
<pin id="233" dir="0" index="2" bw="5" slack="0"/>
<pin id="234" dir="1" index="3" bw="14" slack="0"/>
</pin_list>
<bind>
<opcode="getelementptr(29) " fcode="getelementptr"/>
<opset="message_V_addr_5/5 "/>
</bind>
</comp>

<comp id="237" class="1004" name="M_V_addr_gep_fu_237">
<pin_list>
<pin id="238" dir="0" index="0" bw="32" slack="2147483647"/>
<pin id="239" dir="0" index="1" bw="1" slack="0"/>
<pin id="240" dir="0" index="2" bw="7" slack="0"/>
<pin id="241" dir="1" index="3" bw="9" slack="0"/>
</pin_list>
<bind>
<opcode="getelementptr(29) " fcode="getelementptr"/>
<opset="M_V_addr/6 "/>
</bind>
</comp>

<comp id="243" class="1004" name="grp_access_fu_243">
<pin_list>
<pin id="244" dir="0" index="0" bw="9" slack="0"/>
<pin id="245" dir="0" index="1" bw="32" slack="0"/>
<pin id="246" dir="0" index="2" bw="0" slack="2147483647"/>
<pin id="247" dir="1" index="3" bw="32" slack="0"/>
</pin_list>
<bind>
<opcode="load(27) store(28) " fcode="load"/>
<opset="store_ln106/6 M_V_load/14 "/>
</bind>
</comp>

<comp id="250" class="1004" name="H_0_V_addr_gep_fu_250">
<pin_list>
<pin id="251" dir="0" index="0" bw="32" slack="0"/>
<pin id="252" dir="0" index="1" bw="1" slack="0"/>
<pin id="253" dir="0" index="2" bw="4" slack="0"/>
<pin id="254" dir="1" index="3" bw="3" slack="0"/>
</pin_list>
<bind>
<opcode="getelementptr(29) " fcode="getelementptr"/>
<opset="H_0_V_addr/7 "/>
</bind>
</comp>

<comp id="257" class="1004" name="grp_access_fu_257">
<pin_list>
<pin id="258" dir="0" index="0" bw="3" slack="0"/>
<pin id="259" dir="0" index="1" bw="32" slack="2147483647"/>
<pin id="260" dir="0" index="2" bw="0" slack="2147483647"/>
<pin id="261" dir="1" index="3" bw="32" slack="0"/>
</pin_list>
<bind>
<opcode="load(27) " fcode="load"/>
<opset="H_0_V_load/7 "/>
</bind>
</comp>

<comp id="263" class="1004" name="H_V_addr_gep_fu_263">
<pin_list>
<pin id="264" dir="0" index="0" bw="32" slack="2147483647"/>
<pin id="265" dir="0" index="1" bw="1" slack="0"/>
<pin id="266" dir="0" index="2" bw="4" slack="1"/>
<pin id="267" dir="1" index="3" bw="8" slack="0"/>
</pin_list>
<bind>
<opcode="getelementptr(29) " fcode="getelementptr"/>
<opset="H_V_addr/8 "/>
</bind>
</comp>

<comp id="269" class="1004" name="grp_access_fu_269">
<pin_list>
<pin id="270" dir="0" index="0" bw="8" slack="0"/>
<pin id="271" dir="0" index="1" bw="32" slack="0"/>
<pin id="272" dir="0" index="2" bw="0" slack="0"/>
<pin id="289" dir="0" index="4" bw="8" slack="0"/>
<pin id="290" dir="0" index="5" bw="32" slack="2147483647"/>
<pin id="291" dir="0" index="6" bw="0" slack="2147483647"/>
<pin id="273" dir="1" index="3" bw="32" slack="1"/>
<pin id="292" dir="1" index="7" bw="32" slack="0"/>
</pin_list>
<bind>
<opcode="load(27) store(28) " fcode="load"/>
<opset="store_ln111/8 a_V/9 b_V/9 c_V/10 d_V/10 e_V/11 f_V/11 g_V/12 h_V/12 store_ln151/14 store_ln152/14 store_ln153/22 store_ln154/22 store_ln155/23 store_ln156/23 store_ln157/24 store_ln158/24 H_V_load/25 "/>
</bind>
</comp>

<comp id="276" class="1004" name="H_V_addr_1_gep_fu_276">
<pin_list>
<pin id="277" dir="0" index="0" bw="32" slack="2147483647"/>
<pin id="278" dir="0" index="1" bw="1" slack="0"/>
<pin id="279" dir="0" index="2" bw="5" slack="0"/>
<pin id="280" dir="1" index="3" bw="8" slack="0"/>
</pin_list>
<bind>
<opcode="getelementptr(29) " fcode="getelementptr"/>
<opset="H_V_addr_1/9 "/>
</bind>
</comp>

<comp id="282" class="1004" name="H_V_addr_2_gep_fu_282">
<pin_list>
<pin id="283" dir="0" index="0" bw="32" slack="2147483647"/>
<pin id="284" dir="0" index="1" bw="1" slack="0"/>
<pin id="285" dir="0" index="2" bw="64" slack="0"/>
<pin id="286" dir="1" index="3" bw="8" slack="0"/>
</pin_list>
<bind>
<opcode="getelementptr(29) " fcode="getelementptr"/>
<opset="H_V_addr_2/9 "/>
</bind>
</comp>

<comp id="294" class="1004" name="H_V_addr_3_gep_fu_294">
<pin_list>
<pin id="295" dir="0" index="0" bw="32" slack="2147483647"/>
<pin id="296" dir="0" index="1" bw="1" slack="0"/>
<pin id="297" dir="0" index="2" bw="64" slack="0"/>
<pin id="298" dir="1" index="3" bw="8" slack="0"/>
</pin_list>
<bind>
<opcode="getelementptr(29) " fcode="getelementptr"/>
<opset="H_V_addr_3/10 "/>
</bind>
</comp>

<comp id="300" class="1004" name="H_V_addr_4_gep_fu_300">
<pin_list>
<pin id="301" dir="0" index="0" bw="32" slack="2147483647"/>
<pin id="302" dir="0" index="1" bw="1" slack="0"/>
<pin id="303" dir="0" index="2" bw="64" slack="0"/>
<pin id="304" dir="1" index="3" bw="8" slack="0"/>
</pin_list>
<bind>
<opcode="getelementptr(29) " fcode="getelementptr"/>
<opset="H_V_addr_4/10 "/>
</bind>
</comp>

<comp id="308" class="1004" name="H_V_addr_5_gep_fu_308">
<pin_list>
<pin id="309" dir="0" index="0" bw="32" slack="2147483647"/>
<pin id="310" dir="0" index="1" bw="1" slack="0"/>
<pin id="311" dir="0" index="2" bw="64" slack="0"/>
<pin id="312" dir="1" index="3" bw="8" slack="0"/>
</pin_list>
<bind>
<opcode="getelementptr(29) " fcode="getelementptr"/>
<opset="H_V_addr_5/11 "/>
</bind>
</comp>

<comp id="314" class="1004" name="H_V_addr_6_gep_fu_314">
<pin_list>
<pin id="315" dir="0" index="0" bw="32" slack="2147483647"/>
<pin id="316" dir="0" index="1" bw="1" slack="0"/>
<pin id="317" dir="0" index="2" bw="64" slack="0"/>
<pin id="318" dir="1" index="3" bw="8" slack="0"/>
</pin_list>
<bind>
<opcode="getelementptr(29) " fcode="getelementptr"/>
<opset="H_V_addr_6/11 "/>
</bind>
</comp>

<comp id="322" class="1004" name="H_V_addr_7_gep_fu_322">
<pin_list>
<pin id="323" dir="0" index="0" bw="32" slack="2147483647"/>
<pin id="324" dir="0" index="1" bw="1" slack="0"/>
<pin id="325" dir="0" index="2" bw="64" slack="0"/>
<pin id="326" dir="1" index="3" bw="8" slack="0"/>
</pin_list>
<bind>
<opcode="getelementptr(29) " fcode="getelementptr"/>
<opset="H_V_addr_7/12 "/>
</bind>
</comp>

<comp id="328" class="1004" name="H_V_addr_8_gep_fu_328">
<pin_list>
<pin id="329" dir="0" index="0" bw="32" slack="2147483647"/>
<pin id="330" dir="0" index="1" bw="1" slack="0"/>
<pin id="331" dir="0" index="2" bw="64" slack="0"/>
<pin id="332" dir="1" index="3" bw="8" slack="0"/>
</pin_list>
<bind>
<opcode="getelementptr(29) " fcode="getelementptr"/>
<opset="H_V_addr_8/12 "/>
</bind>
</comp>

<comp id="336" class="1004" name="M_V_addr_1_gep_fu_336">
<pin_list>
<pin id="337" dir="0" index="0" bw="32" slack="2147483647"/>
<pin id="338" dir="0" index="1" bw="1" slack="0"/>
<pin id="339" dir="0" index="2" bw="7" slack="0"/>
<pin id="340" dir="1" index="3" bw="9" slack="0"/>
</pin_list>
<bind>
<opcode="getelementptr(29) " fcode="getelementptr"/>
<opset="M_V_addr_1/14 "/>
</bind>
</comp>

<comp id="342" class="1004" name="W_V_addr_1_gep_fu_342">
<pin_list>
<pin id="343" dir="0" index="0" bw="32" slack="2147483647"/>
<pin id="344" dir="0" index="1" bw="1" slack="0"/>
<pin id="345" dir="0" index="2" bw="7" slack="0"/>
<pin id="346" dir="1" index="3" bw="6" slack="0"/>
</pin_list>
<bind>
<opcode="getelementptr(29) " fcode="getelementptr"/>
<opset="W_V_addr_1/14 "/>
</bind>
</comp>

<comp id="348" class="1004" name="grp_access_fu_348">
<pin_list>
<pin id="349" dir="0" index="0" bw="6" slack="0"/>
<pin id="350" dir="0" index="1" bw="32" slack="0"/>
<pin id="351" dir="0" index="2" bw="0" slack="0"/>
<pin id="360" dir="0" index="4" bw="6" slack="0"/>
<pin id="361" dir="0" index="5" bw="32" slack="2147483647"/>
<pin id="362" dir="0" index="6" bw="0" slack="2147483647"/>
<pin id="352" dir="1" index="3" bw="32" slack="0"/>
<pin id="363" dir="1" index="7" bw="32" slack="1"/>
</pin_list>
<bind>
<opcode="load(27) store(28) " fcode="load"/>
<opset="tempWord_V/14 W_V_load_1/14 tempWord_V_6/15 W_V_load_3/15 store_ln137/17 store_ln135/18 W_V_load/19 "/>
</bind>
</comp>

<comp id="354" class="1004" name="W_V_addr_2_gep_fu_354">
<pin_list>
<pin id="355" dir="0" index="0" bw="32" slack="2147483647"/>
<pin id="356" dir="0" index="1" bw="1" slack="0"/>
<pin id="357" dir="0" index="2" bw="7" slack="0"/>
<pin id="358" dir="1" index="3" bw="6" slack="0"/>
</pin_list>
<bind>
<opcode="getelementptr(29) " fcode="getelementptr"/>
<opset="W_V_addr_2/14 "/>
</bind>
</comp>

<comp id="366" class="1004" name="H_V_addr_10_gep_fu_366">
<pin_list>
<pin id="367" dir="0" index="0" bw="32" slack="2147483647"/>
<pin id="368" dir="0" index="1" bw="1" slack="0"/>
<pin id="369" dir="0" index="2" bw="5" slack="0"/>
<pin id="370" dir="1" index="3" bw="8" slack="0"/>
</pin_list>
<bind>
<opcode="getelementptr(29) " fcode="getelementptr"/>
<opset="H_V_addr_10/14 "/>
</bind>
</comp>

<comp id="372" class="1004" name="H_V_addr_11_gep_fu_372">
<pin_list>
<pin id="373" dir="0" index="0" bw="32" slack="2147483647"/>
<pin id="374" dir="0" index="1" bw="1" slack="0"/>
<pin id="375" dir="0" index="2" bw="64" slack="0"/>
<pin id="376" dir="1" index="3" bw="8" slack="0"/>
</pin_list>
<bind>
<opcode="getelementptr(29) " fcode="getelementptr"/>
<opset="H_V_addr_11/14 "/>
</bind>
</comp>

<comp id="380" class="1004" name="W_V_addr_3_gep_fu_380">
<pin_list>
<pin id="381" dir="0" index="0" bw="32" slack="2147483647"/>
<pin id="382" dir="0" index="1" bw="1" slack="0"/>
<pin id="383" dir="0" index="2" bw="7" slack="0"/>
<pin id="384" dir="1" index="3" bw="6" slack="0"/>
</pin_list>
<bind>
<opcode="getelementptr(29) " fcode="getelementptr"/>
<opset="W_V_addr_3/15 "/>
</bind>
</comp>

<comp id="387" class="1004" name="W_V_addr_4_gep_fu_387">
<pin_list>
<pin id="388" dir="0" index="0" bw="32" slack="2147483647"/>
<pin id="389" dir="0" index="1" bw="1" slack="0"/>
<pin id="390" dir="0" index="2" bw="7" slack="0"/>
<pin id="391" dir="1" index="3" bw="6" slack="0"/>
</pin_list>
<bind>
<opcode="getelementptr(29) " fcode="getelementptr"/>
<opset="W_V_addr_4/15 "/>
</bind>
</comp>

<comp id="394" class="1004" name="W_V_addr_5_gep_fu_394">
<pin_list>
<pin id="395" dir="0" index="0" bw="32" slack="2147483647"/>
<pin id="396" dir="0" index="1" bw="1" slack="0"/>
<pin id="397" dir="0" index="2" bw="7" slack="3"/>
<pin id="398" dir="1" index="3" bw="6" slack="0"/>
</pin_list>
<bind>
<opcode="getelementptr(29) " fcode="getelementptr"/>
<opset="W_V_addr_5/17 "/>
</bind>
</comp>

<comp id="401" class="1004" name="W_V_addr_gep_fu_401">
<pin_list>
<pin id="402" dir="0" index="0" bw="32" slack="2147483647"/>
<pin id="403" dir="0" index="1" bw="1" slack="0"/>
<pin id="404" dir="0" index="2" bw="7" slack="1"/>
<pin id="405" dir="1" index="3" bw="6" slack="0"/>
</pin_list>
<bind>
<opcode="getelementptr(29) " fcode="getelementptr"/>
<opset="W_V_addr/18 "/>
</bind>
</comp>

<comp id="409" class="1004" name="K_addr_gep_fu_409">
<pin_list>
<pin id="410" dir="0" index="0" bw="32" slack="0"/>
<pin id="411" dir="0" index="1" bw="1" slack="0"/>
<pin id="412" dir="0" index="2" bw="7" slack="4"/>
<pin id="413" dir="1" index="3" bw="6" slack="0"/>
</pin_list>
<bind>
<opcode="getelementptr(29) " fcode="getelementptr"/>
<opset="K_addr/19 "/>
</bind>
</comp>

<comp id="416" class="1004" name="grp_access_fu_416">
<pin_list>
<pin id="417" dir="0" index="0" bw="6" slack="0"/>
<pin id="418" dir="0" index="1" bw="32" slack="2147483647"/>
<pin id="419" dir="0" index="2" bw="0" slack="2147483647"/>
<pin id="420" dir="1" index="3" bw="32" slack="0"/>
</pin_list>
<bind>
<opcode="load(27) " fcode="load"/>
<opset="K_load/19 "/>
</bind>
</comp>

<comp id="422" class="1004" name="W_V_addr_6_gep_fu_422">
<pin_list>
<pin id="423" dir="0" index="0" bw="32" slack="2147483647"/>
<pin id="424" dir="0" index="1" bw="1" slack="0"/>
<pin id="425" dir="0" index="2" bw="7" slack="4"/>
<pin id="426" dir="1" index="3" bw="6" slack="0"/>
</pin_list>
<bind>
<opcode="getelementptr(29) " fcode="getelementptr"/>
<opset="W_V_addr_6/19 "/>
</bind>
</comp>

<comp id="429" class="1004" name="H_V_addr_12_gep_fu_429">
<pin_list>
<pin id="430" dir="0" index="0" bw="32" slack="2147483647"/>
<pin id="431" dir="0" index="1" bw="1" slack="0"/>
<pin id="432" dir="0" index="2" bw="64" slack="0"/>
<pin id="433" dir="1" index="3" bw="8" slack="0"/>
</pin_list>
<bind>
<opcode="getelementptr(29) " fcode="getelementptr"/>
<opset="H_V_addr_12/22 "/>
</bind>
</comp>

<comp id="435" class="1004" name="H_V_addr_13_gep_fu_435">
<pin_list>
<pin id="436" dir="0" index="0" bw="32" slack="2147483647"/>
<pin id="437" dir="0" index="1" bw="1" slack="0"/>
<pin id="438" dir="0" index="2" bw="64" slack="0"/>
<pin id="439" dir="1" index="3" bw="8" slack="0"/>
</pin_list>
<bind>
<opcode="getelementptr(29) " fcode="getelementptr"/>
<opset="H_V_addr_13/22 "/>
</bind>
</comp>

<comp id="443" class="1004" name="H_V_addr_14_gep_fu_443">
<pin_list>
<pin id="444" dir="0" index="0" bw="32" slack="2147483647"/>
<pin id="445" dir="0" index="1" bw="1" slack="0"/>
<pin id="446" dir="0" index="2" bw="64" slack="0"/>
<pin id="447" dir="1" index="3" bw="8" slack="0"/>
</pin_list>
<bind>
<opcode="getelementptr(29) " fcode="getelementptr"/>
<opset="H_V_addr_14/23 "/>
</bind>
</comp>

<comp id="449" class="1004" name="H_V_addr_15_gep_fu_449">
<pin_list>
<pin id="450" dir="0" index="0" bw="32" slack="2147483647"/>
<pin id="451" dir="0" index="1" bw="1" slack="0"/>
<pin id="452" dir="0" index="2" bw="64" slack="0"/>
<pin id="453" dir="1" index="3" bw="8" slack="0"/>
</pin_list>
<bind>
<opcode="getelementptr(29) " fcode="getelementptr"/>
<opset="H_V_addr_15/23 "/>
</bind>
</comp>

<comp id="457" class="1004" name="H_V_addr_16_gep_fu_457">
<pin_list>
<pin id="458" dir="0" index="0" bw="32" slack="2147483647"/>
<pin id="459" dir="0" index="1" bw="1" slack="0"/>
<pin id="460" dir="0" index="2" bw="64" slack="0"/>
<pin id="461" dir="1" index="3" bw="8" slack="0"/>
</pin_list>
<bind>
<opcode="getelementptr(29) " fcode="getelementptr"/>
<opset="H_V_addr_16/24 "/>
</bind>
</comp>

<comp id="463" class="1004" name="H_V_addr_17_gep_fu_463">
<pin_list>
<pin id="464" dir="0" index="0" bw="32" slack="2147483647"/>
<pin id="465" dir="0" index="1" bw="1" slack="0"/>
<pin id="466" dir="0" index="2" bw="64" slack="0"/>
<pin id="467" dir="1" index="3" bw="8" slack="0"/>
</pin_list>
<bind>
<opcode="getelementptr(29) " fcode="getelementptr"/>
<opset="H_V_addr_17/24 "/>
</bind>
</comp>

<comp id="471" class="1004" name="H_V_addr_9_gep_fu_471">
<pin_list>
<pin id="472" dir="0" index="0" bw="32" slack="2147483647"/>
<pin id="473" dir="0" index="1" bw="1" slack="0"/>
<pin id="474" dir="0" index="2" bw="4" slack="0"/>
<pin id="475" dir="1" index="3" bw="8" slack="0"/>
</pin_list>
<bind>
<opcode="getelementptr(29) " fcode="getelementptr"/>
<opset="H_V_addr_9/25 "/>
</bind>
</comp>

<comp id="478" class="1004" name="outputlocation_V_add_gep_fu_478">
<pin_list>
<pin id="479" dir="0" index="0" bw="32" slack="0"/>
<pin id="480" dir="0" index="1" bw="1" slack="0"/>
<pin id="481" dir="0" index="2" bw="4" slack="0"/>
<pin id="482" dir="1" index="3" bw="3" slack="0"/>
</pin_list>
<bind>
<opcode="getelementptr(29) " fcode="getelementptr"/>
<opset="outputlocation_V_add/26 "/>
</bind>
</comp>

<comp id="485" class="1004" name="store_ln162_access_fu_485">
<pin_list>
<pin id="486" dir="0" index="0" bw="3" slack="0"/>
<pin id="487" dir="0" index="1" bw="32" slack="0"/>
<pin id="488" dir="0" index="2" bw="0" slack="2147483647"/>
<pin id="489" dir="1" index="3" bw="32" slack="2147483647"/>
</pin_list>
<bind>
<opcode="store(28) " fcode="store"/>
<opset="store_ln162/26 "/>
</bind>
</comp>

<comp id="492" class="1005" name="i_0_reg_492">
<pin_list>
<pin id="493" dir="0" index="0" bw="4" slack="1"/>
<pin id="494" dir="1" index="1" bw="4" slack="1"/>
</pin_list>
<bind>
<opset="i_0 (phireg) "/>
</bind>
</comp>

<comp id="496" class="1004" name="i_0_phi_fu_496">
<pin_list>
<pin id="497" dir="0" index="0" bw="4" slack="0"/>
<pin id="498" dir="0" index="1" bw="0" slack="2147483647"/>
<pin id="499" dir="0" index="2" bw="1" slack="1"/>
<pin id="500" dir="0" index="3" bw="0" slack="2147483647"/>
<pin id="501" dir="1" index="4" bw="4" slack="0"/>
</pin_list>
<bind>
<opcode="phi(47) " fcode="phi"/>
<opset="i_0/2 "/>
</bind>
</comp>

<comp id="503" class="1005" name="i4_0_reg_503">
<pin_list>
<pin id="504" dir="0" index="0" bw="5" slack="1"/>
<pin id="505" dir="1" index="1" bw="5" slack="1"/>
</pin_list>
<bind>
<opset="i4_0 (phireg) "/>
</bind>
</comp>

<comp id="507" class="1004" name="i4_0_phi_fu_507">
<pin_list>
<pin id="508" dir="0" index="0" bw="1" slack="1"/>
<pin id="509" dir="0" index="1" bw="0" slack="2147483647"/>
<pin id="510" dir="0" index="2" bw="5" slack="0"/>
<pin id="511" dir="0" index="3" bw="0" slack="2147483647"/>
<pin id="512" dir="1" index="4" bw="5" slack="0"/>
</pin_list>
<bind>
<opcode="phi(47) " fcode="phi"/>
<opset="i4_0/4 "/>
</bind>
</comp>

<comp id="515" class="1005" name="i_op_assign_reg_515">
<pin_list>
<pin id="516" dir="0" index="0" bw="2" slack="1"/>
<pin id="517" dir="1" index="1" bw="2" slack="1"/>
</pin_list>
<bind>
<opset="i_op_assign (phireg) "/>
</bind>
</comp>

<comp id="519" class="1004" name="i_op_assign_phi_fu_519">
<pin_list>
<pin id="520" dir="0" index="0" bw="2" slack="0"/>
<pin id="521" dir="0" index="1" bw="0" slack="2147483647"/>
<pin id="522" dir="0" index="2" bw="1" slack="1"/>
<pin id="523" dir="0" index="3" bw="0" slack="2147483647"/>
<pin id="524" dir="1" index="4" bw="2" slack="0"/>
</pin_list>
<bind>
<opcode="phi(47) " fcode="phi"/>
<opset="i_op_assign/5 "/>
</bind>
</comp>

<comp id="526" class="1005" name="i9_0_reg_526">
<pin_list>
<pin id="527" dir="0" index="0" bw="4" slack="1"/>
<pin id="528" dir="1" index="1" bw="4" slack="1"/>
</pin_list>
<bind>
<opset="i9_0 (phireg) "/>
</bind>
</comp>

<comp id="530" class="1004" name="i9_0_phi_fu_530">
<pin_list>
<pin id="531" dir="0" index="0" bw="4" slack="0"/>
<pin id="532" dir="0" index="1" bw="0" slack="2147483647"/>
<pin id="533" dir="0" index="2" bw="1" slack="1"/>
<pin id="534" dir="0" index="3" bw="0" slack="2147483647"/>
<pin id="535" dir="1" index="4" bw="4" slack="0"/>
</pin_list>
<bind>
<opcode="phi(47) " fcode="phi"/>
<opset="i9_0/7 "/>
</bind>
</comp>

<comp id="537" class="1005" name="i_op_assign_2_reg_537">
<pin_list>
<pin id="538" dir="0" index="0" bw="2" slack="1"/>
<pin id="539" dir="1" index="1" bw="2" slack="1"/>
</pin_list>
<bind>
<opset="i_op_assign_2 (phireg) "/>
</bind>
</comp>

<comp id="541" class="1004" name="i_op_assign_2_phi_fu_541">
<pin_list>
<pin id="542" dir="0" index="0" bw="2" slack="1"/>
<pin id="543" dir="0" index="1" bw="0" slack="2147483647"/>
<pin id="544" dir="0" index="2" bw="1" slack="1"/>
<pin id="545" dir="0" index="3" bw="0" slack="2147483647"/>
<pin id="546" dir="1" index="4" bw="2" slack="0"/>
</pin_list>
<bind>
<opcode="phi(47) " fcode="phi"/>
<opset="i_op_assign_2/9 "/>
</bind>
</comp>

<comp id="549" class="1005" name="b_V_2_reg_549">
<pin_list>
<pin id="550" dir="0" index="0" bw="32" slack="0"/>
<pin id="551" dir="1" index="1" bw="32" slack="0"/>
</pin_list>
<bind>
<opset="b_V_2 (phireg) "/>
</bind>
</comp>

<comp id="552" class="1004" name="b_V_2_phi_fu_552">
<pin_list>
<pin id="553" dir="0" index="0" bw="32" slack="1"/>
<pin id="554" dir="0" index="1" bw="0" slack="2147483647"/>
<pin id="555" dir="0" index="2" bw="32" slack="4"/>
<pin id="556" dir="0" index="3" bw="0" slack="2147483647"/>
<pin id="557" dir="1" index="4" bw="32" slack="0"/>
</pin_list>
<bind>
<opcode="phi(47) " fcode="phi"/>
<opset="b_V_2/14 "/>
</bind>
</comp>

<comp id="559" class="1005" name="c_V_2_reg_559">
<pin_list>
<pin id="560" dir="0" index="0" bw="32" slack="0"/>
<pin id="561" dir="1" index="1" bw="32" slack="0"/>
</pin_list>
<bind>
<opset="c_V_2 (phireg) "/>
</bind>
</comp>

<comp id="562" class="1004" name="c_V_2_phi_fu_562">
<pin_list>
<pin id="563" dir="0" index="0" bw="32" slack="0"/>
<pin id="564" dir="0" index="1" bw="0" slack="2147483647"/>
<pin id="565" dir="0" index="2" bw="32" slack="4"/>
<pin id="566" dir="0" index="3" bw="0" slack="2147483647"/>
<pin id="567" dir="1" index="4" bw="32" slack="0"/>
</pin_list>
<bind>
<opcode="phi(47) " fcode="phi"/>
<opset="c_V_2/14 "/>
</bind>
</comp>

<comp id="570" class="1005" name="d_V_2_reg_570">
<pin_list>
<pin id="571" dir="0" index="0" bw="32" slack="0"/>
<pin id="572" dir="1" index="1" bw="32" slack="0"/>
</pin_list>
<bind>
<opset="d_V_2 (phireg) "/>
</bind>
</comp>

<comp id="573" class="1004" name="d_V_2_phi_fu_573">
<pin_list>
<pin id="574" dir="0" index="0" bw="32" slack="0"/>
<pin id="575" dir="0" index="1" bw="0" slack="2147483647"/>
<pin id="576" dir="0" index="2" bw="32" slack="3"/>
<pin id="577" dir="0" index="3" bw="0" slack="2147483647"/>
<pin id="578" dir="1" index="4" bw="32" slack="0"/>
</pin_list>
<bind>
<opcode="phi(47) " fcode="phi"/>
<opset="d_V_2/14 "/>
</bind>
</comp>

<comp id="581" class="1005" name="p_0622_0_reg_581">
<pin_list>
<pin id="582" dir="0" index="0" bw="32" slack="1"/>
<pin id="583" dir="1" index="1" bw="32" slack="1"/>
</pin_list>
<bind>
<opset="p_0622_0 (phireg) "/>
</bind>
</comp>

<comp id="584" class="1004" name="p_0622_0_phi_fu_584">
<pin_list>
<pin id="585" dir="0" index="0" bw="32" slack="0"/>
<pin id="586" dir="0" index="1" bw="0" slack="2147483647"/>
<pin id="587" dir="0" index="2" bw="32" slack="3"/>
<pin id="588" dir="0" index="3" bw="0" slack="2147483647"/>
<pin id="589" dir="1" index="4" bw="32" slack="1"/>
</pin_list>
<bind>
<opcode="phi(47) " fcode="phi"/>
<opset="p_0622_0/14 "/>
</bind>
</comp>

<comp id="592" class="1005" name="f_V_2_reg_592">
<pin_list>
<pin id="593" dir="0" index="0" bw="32" slack="0"/>
<pin id="594" dir="1" index="1" bw="32" slack="0"/>
</pin_list>
<bind>
<opset="f_V_2 (phireg) "/>
</bind>
</comp>

<comp id="595" class="1004" name="f_V_2_phi_fu_595">
<pin_list>
<pin id="596" dir="0" index="0" bw="32" slack="1"/>
<pin id="597" dir="0" index="1" bw="0" slack="2147483647"/>
<pin id="598" dir="0" index="2" bw="32" slack="2"/>
<pin id="599" dir="0" index="3" bw="0" slack="2147483647"/>
<pin id="600" dir="1" index="4" bw="32" slack="0"/>
</pin_list>
<bind>
<opcode="phi(47) " fcode="phi"/>
<opset="f_V_2/14 "/>
</bind>
</comp>

<comp id="602" class="1005" name="g_V_2_reg_602">
<pin_list>
<pin id="603" dir="0" index="0" bw="32" slack="0"/>
<pin id="604" dir="1" index="1" bw="32" slack="0"/>
</pin_list>
<bind>
<opset="g_V_2 (phireg) "/>
</bind>
</comp>

<comp id="605" class="1004" name="g_V_2_phi_fu_605">
<pin_list>
<pin id="606" dir="0" index="0" bw="32" slack="0"/>
<pin id="607" dir="0" index="1" bw="0" slack="2147483647"/>
<pin id="608" dir="0" index="2" bw="32" slack="2"/>
<pin id="609" dir="0" index="3" bw="0" slack="2147483647"/>
<pin id="610" dir="1" index="4" bw="32" slack="0"/>
</pin_list>
<bind>
<opcode="phi(47) " fcode="phi"/>
<opset="g_V_2/14 "/>
</bind>
</comp>

<comp id="613" class="1005" name="h_V_2_reg_613">
<pin_list>
<pin id="614" dir="0" index="0" bw="32" slack="0"/>
<pin id="615" dir="1" index="1" bw="32" slack="0"/>
</pin_list>
<bind>
<opset="h_V_2 (phireg) "/>
</bind>
</comp>

<comp id="616" class="1004" name="h_V_2_phi_fu_616">
<pin_list>
<pin id="617" dir="0" index="0" bw="32" slack="0"/>
<pin id="618" dir="0" index="1" bw="0" slack="2147483647"/>
<pin id="619" dir="0" index="2" bw="32" slack="1"/>
<pin id="620" dir="0" index="3" bw="0" slack="2147483647"/>
<pin id="621" dir="1" index="4" bw="32" slack="0"/>
</pin_list>
<bind>
<opcode="phi(47) " fcode="phi"/>
<opset="h_V_2/14 "/>
</bind>
</comp>

<comp id="624" class="1005" name="p_0657_0_reg_624">
<pin_list>
<pin id="625" dir="0" index="0" bw="32" slack="3"/>
<pin id="626" dir="1" index="1" bw="32" slack="3"/>
</pin_list>
<bind>
<opset="p_0657_0 (phireg) "/>
</bind>
</comp>

<comp id="627" class="1004" name="p_0657_0_phi_fu_627">
<pin_list>
<pin id="628" dir="0" index="0" bw="32" slack="0"/>
<pin id="629" dir="0" index="1" bw="0" slack="2147483647"/>
<pin id="630" dir="0" index="2" bw="32" slack="1"/>
<pin id="631" dir="0" index="3" bw="0" slack="2147483647"/>
<pin id="632" dir="1" index="4" bw="32" slack="3"/>
</pin_list>
<bind>
<opcode="phi(47) " fcode="phi"/>
<opset="p_0657_0/14 "/>
</bind>
</comp>

<comp id="635" class="1005" name="j12_0_reg_635">
<pin_list>
<pin id="636" dir="0" index="0" bw="7" slack="1"/>
<pin id="637" dir="1" index="1" bw="7" slack="1"/>
</pin_list>
<bind>
<opset="j12_0 (phireg) "/>
</bind>
</comp>

<comp id="639" class="1004" name="j12_0_phi_fu_639">
<pin_list>
<pin id="640" dir="0" index="0" bw="7" slack="0"/>
<pin id="641" dir="0" index="1" bw="0" slack="2147483647"/>
<pin id="642" dir="0" index="2" bw="1" slack="1"/>
<pin id="643" dir="0" index="3" bw="0" slack="2147483647"/>
<pin id="644" dir="1" index="4" bw="7" slack="0"/>
</pin_list>
<bind>
<opcode="phi(47) " fcode="phi"/>
<opset="j12_0/14 "/>
</bind>
</comp>

<comp id="647" class="1005" name="i13_0_reg_647">
<pin_list>
<pin id="648" dir="0" index="0" bw="4" slack="1"/>
<pin id="649" dir="1" index="1" bw="4" slack="1"/>
</pin_list>
<bind>
<opset="i13_0 (phireg) "/>
</bind>
</comp>

<comp id="651" class="1004" name="i13_0_phi_fu_651">
<pin_list>
<pin id="652" dir="0" index="0" bw="4" slack="0"/>
<pin id="653" dir="0" index="1" bw="0" slack="2147483647"/>
<pin id="654" dir="0" index="2" bw="1" slack="1"/>
<pin id="655" dir="0" index="3" bw="0" slack="2147483647"/>
<pin id="656" dir="1" index="4" bw="4" slack="0"/>
</pin_list>
<bind>
<opcode="phi(47) " fcode="phi"/>
<opset="i13_0/25 "/>
</bind>
</comp>

<comp id="659" class="1005" name="reg_659">
<pin_list>
<pin id="660" dir="0" index="0" bw="32" slack="1"/>
<pin id="661" dir="1" index="1" bw="32" slack="1"/>
</pin_list>
<bind>
<opset="tempWord_V W_V_load_3 "/>
</bind>
</comp>

<comp id="664" class="1004" name="icmp_ln79_fu_664">
<pin_list>
<pin id="665" dir="0" index="0" bw="4" slack="0"/>
<pin id="666" dir="0" index="1" bw="4" slack="0"/>
<pin id="667" dir="1" index="2" bw="1" slack="2147483647"/>
</pin_list>
<bind>
<opcode="icmp(45) " fcode="icmp"/>
<opset="icmp_ln79/2 "/>
</bind>
</comp>

<comp id="670" class="1004" name="i_fu_670">
<pin_list>
<pin id="671" dir="0" index="0" bw="4" slack="0"/>
<pin id="672" dir="0" index="1" bw="1" slack="0"/>
<pin id="673" dir="1" index="2" bw="4" slack="0"/>
</pin_list>
<bind>
<opcode="add(8) " fcode="add"/>
<opset="i/2 "/>
</bind>
</comp>

<comp id="676" class="1004" name="zext_ln80_fu_676">
<pin_list>
<pin id="677" dir="0" index="0" bw="4" slack="0"/>
<pin id="678" dir="1" index="1" bw="64" slack="0"/>
</pin_list>
<bind>
<opcode="zext(34) " fcode="zext"/>
<opset="zext_ln80/2 "/>
</bind>
</comp>

<comp id="681" class="1004" name="icmp_ln104_fu_681">
<pin_list>
<pin id="682" dir="0" index="0" bw="5" slack="0"/>
<pin id="683" dir="0" index="1" bw="5" slack="0"/>
<pin id="684" dir="1" index="2" bw="1" slack="2147483647"/>
</pin_list>
<bind>
<opcode="icmp(45) " fcode="icmp"/>
<opset="icmp_ln104/4 "/>
</bind>
</comp>

<comp id="687" class="1004" name="i_11_fu_687">
<pin_list>
<pin id="688" dir="0" index="0" bw="5" slack="0"/>
<pin id="689" dir="0" index="1" bw="1" slack="0"/>
<pin id="690" dir="1" index="2" bw="5" slack="0"/>
</pin_list>
<bind>
<opcode="add(8) " fcode="add"/>
<opset="i_11/4 "/>
</bind>
</comp>

<comp id="693" class="1004" name="zext_ln1598_fu_693">
<pin_list>
<pin id="694" dir="0" index="0" bw="5" slack="0"/>
<pin id="695" dir="1" index="1" bw="7" slack="1"/>
</pin_list>
<bind>
<opcode="zext(34) " fcode="zext"/>
<opset="zext_ln1598/4 "/>
</bind>
</comp>

<comp id="697" class="1004" name="icmp_ln105_fu_697">
<pin_list>
<pin id="698" dir="0" index="0" bw="2" slack="0"/>
<pin id="699" dir="0" index="1" bw="2" slack="0"/>
<pin id="700" dir="1" index="2" bw="1" slack="2147483647"/>
</pin_list>
<bind>
<opcode="icmp(45) " fcode="icmp"/>
<opset="icmp_ln105/5 "/>
</bind>
</comp>

<comp id="703" class="1004" name="j_fu_703">
<pin_list>
<pin id="704" dir="0" index="0" bw="2" slack="0"/>
<pin id="705" dir="0" index="1" bw="1" slack="0"/>
<pin id="706" dir="1" index="2" bw="2" slack="0"/>
</pin_list>
<bind>
<opcode="add(8) " fcode="add"/>
<opset="j/5 "/>
</bind>
</comp>

<comp id="709" class="1004" name="tmp_fu_709">
<pin_list>
<pin id="710" dir="0" index="0" bw="6" slack="0"/>
<pin id="711" dir="0" index="1" bw="2" slack="0"/>
<pin id="712" dir="0" index="2" bw="1" slack="0"/>
<pin id="713" dir="1" index="3" bw="6" slack="0"/>
</pin_list>
<bind>
<opcode="bitconcatenate(1004) " fcode="bitconcatenate"/>
<opset="tmp/5 "/>
</bind>
</comp>

<comp id="717" class="1004" name="zext_ln321_fu_717">
<pin_list>
<pin id="718" dir="0" index="0" bw="6" slack="0"/>
<pin id="719" dir="1" index="1" bw="7" slack="0"/>
</pin_list>
<bind>
<opcode="zext(34) " fcode="zext"/>
<opset="zext_ln321/5 "/>
</bind>
</comp>

<comp id="721" class="1004" name="add_ln321_fu_721">
<pin_list>
<pin id="722" dir="0" index="0" bw="6" slack="0"/>
<pin id="723" dir="0" index="1" bw="5" slack="1"/>
<pin id="724" dir="1" index="2" bw="7" slack="1"/>
</pin_list>
<bind>
<opcode="add(8) " fcode="add"/>
<opset="add_ln321/5 "/>
</bind>
</comp>

<comp id="726" class="1004" name="trunc_ln106_fu_726">
<pin_list>
<pin id="727" dir="0" index="0" bw="2" slack="0"/>
<pin id="728" dir="1" index="1" bw="1" slack="0"/>
</pin_list>
<bind>
<opcode="trunc(33) " fcode="trunc"/>
<opset="trunc_ln106/5 "/>
</bind>
</comp>

<comp id="730" class="1004" name="shl_ln_fu_730">
<pin_list>
<pin id="731" dir="0" index="0" bw="5" slack="0"/>
<pin id="732" dir="0" index="1" bw="1" slack="0"/>
<pin id="733" dir="0" index="2" bw="1" slack="0"/>
<pin id="734" dir="1" index="3" bw="5" slack="0"/>
</pin_list>
<bind>
<opcode="bitconcatenate(1004) " fcode="bitconcatenate"/>
<opset="shl_ln/5 "/>
</bind>
</comp>

<comp id="738" class="1004" name="add_ln106_fu_738">
<pin_list>
<pin id="739" dir="0" index="0" bw="5" slack="0"/>
<pin id="740" dir="0" index="1" bw="5" slack="1"/>
<pin id="741" dir="1" index="2" bw="5" slack="0"/>
</pin_list>
<bind>
<opcode="add(8) " fcode="add"/>
<opset="add_ln106/5 "/>
</bind>
</comp>

<comp id="744" class="1004" name="zext_ln106_fu_744">
<pin_list>
<pin id="745" dir="0" index="0" bw="5" slack="0"/>
<pin id="746" dir="1" index="1" bw="64" slack="0"/>
</pin_list>
<bind>
<opcode="zext(34) " fcode="zext"/>
<opset="zext_ln106/5 "/>
</bind>
</comp>

<comp id="749" class="1004" name="zext_ln321_5_fu_749">
<pin_list>
<pin id="750" dir="0" index="0" bw="7" slack="1"/>
<pin id="751" dir="1" index="1" bw="64" slack="0"/>
</pin_list>
<bind>
<opcode="zext(34) " fcode="zext"/>
<opset="zext_ln321_5/6 "/>
</bind>
</comp>

<comp id="753" class="1004" name="icmp_ln110_fu_753">
<pin_list>
<pin id="754" dir="0" index="0" bw="4" slack="0"/>
<pin id="755" dir="0" index="1" bw="4" slack="0"/>
<pin id="756" dir="1" index="2" bw="1" slack="2147483647"/>
</pin_list>
<bind>
<opcode="icmp(45) " fcode="icmp"/>
<opset="icmp_ln110/7 "/>
</bind>
</comp>

<comp id="759" class="1004" name="i_12_fu_759">
<pin_list>
<pin id="760" dir="0" index="0" bw="4" slack="0"/>
<pin id="761" dir="0" index="1" bw="1" slack="0"/>
<pin id="762" dir="1" index="2" bw="4" slack="0"/>
</pin_list>
<bind>
<opcode="add(8) " fcode="add"/>
<opset="i_12/7 "/>
</bind>
</comp>

<comp id="765" class="1004" name="zext_ln111_fu_765">
<pin_list>
<pin id="766" dir="0" index="0" bw="4" slack="0"/>
<pin id="767" dir="1" index="1" bw="64" slack="0"/>
</pin_list>
<bind>
<opcode="zext(34) " fcode="zext"/>
<opset="zext_ln111/7 "/>
</bind>
</comp>

<comp id="770" class="1004" name="icmp_ln114_fu_770">
<pin_list>
<pin id="771" dir="0" index="0" bw="2" slack="0"/>
<pin id="772" dir="0" index="1" bw="2" slack="0"/>
<pin id="773" dir="1" index="2" bw="1" slack="2147483647"/>
</pin_list>
<bind>
<opcode="icmp(45) " fcode="icmp"/>
<opset="icmp_ln114/9 "/>
</bind>
</comp>

<comp id="776" class="1004" name="add_ln116_fu_776">
<pin_list>
<pin id="777" dir="0" index="0" bw="2" slack="0"/>
<pin id="778" dir="0" index="1" bw="1" slack="0"/>
<pin id="779" dir="1" index="2" bw="2" slack="0"/>
</pin_list>
<bind>
<opcode="add(8) " fcode="add"/>
<opset="add_ln116/9 "/>
</bind>
</comp>

<comp id="782" class="1004" name="tmp_18_fu_782">
<pin_list>
<pin id="783" dir="0" index="0" bw="5" slack="0"/>
<pin id="784" dir="0" index="1" bw="2" slack="0"/>
<pin id="785" dir="0" index="2" bw="1" slack="0"/>
<pin id="786" dir="1" index="3" bw="5" slack="0"/>
</pin_list>
<bind>
<opcode="bitconcatenate(1004) " fcode="bitconcatenate"/>
<opset="tmp_18/9 "/>
</bind>
</comp>

<comp id="790" class="1004" name="zext_ln116_fu_790">
<pin_list>
<pin id="791" dir="0" index="0" bw="5" slack="0"/>
<pin id="792" dir="1" index="1" bw="64" slack="0"/>
</pin_list>
<bind>
<opcode="zext(34) " fcode="zext"/>
<opset="zext_ln116/9 "/>
</bind>
</comp>

<comp id="795" class="1004" name="or_ln117_fu_795">
<pin_list>
<pin id="796" dir="0" index="0" bw="5" slack="0"/>
<pin id="797" dir="0" index="1" bw="5" slack="0"/>
<pin id="798" dir="1" index="2" bw="5" slack="0"/>
</pin_list>
<bind>
<opcode="or(24) " fcode="or"/>
<opset="or_ln117/9 "/>
</bind>
</comp>

<comp id="801" class="1004" name="tmp_19_fu_801">
<pin_list>
<pin id="802" dir="0" index="0" bw="64" slack="0"/>
<pin id="803" dir="0" index="1" bw="1" slack="0"/>
<pin id="804" dir="0" index="2" bw="5" slack="0"/>
<pin id="805" dir="1" index="3" bw="64" slack="0"/>
</pin_list>
<bind>
<opcode="bitconcatenate(1004) " fcode="bitconcatenate"/>
<opset="tmp_19/9 "/>
</bind>
</comp>

<comp id="810" class="1004" name="or_ln118_fu_810">
<pin_list>
<pin id="811" dir="0" index="0" bw="5" slack="1"/>
<pin id="812" dir="0" index="1" bw="5" slack="0"/>
<pin id="813" dir="1" index="2" bw="5" slack="0"/>
</pin_list>
<bind>
<opcode="or(24) " fcode="or"/>
<opset="or_ln118/10 "/>
</bind>
</comp>

<comp id="815" class="1004" name="tmp_20_fu_815">
<pin_list>
<pin id="816" dir="0" index="0" bw="64" slack="0"/>
<pin id="817" dir="0" index="1" bw="1" slack="0"/>
<pin id="818" dir="0" index="2" bw="5" slack="0"/>
<pin id="819" dir="1" index="3" bw="64" slack="0"/>
</pin_list>
<bind>
<opcode="bitconcatenate(1004) " fcode="bitconcatenate"/>
<opset="tmp_20/10 "/>
</bind>
</comp>

<comp id="824" class="1004" name="or_ln119_fu_824">
<pin_list>
<pin id="825" dir="0" index="0" bw="5" slack="1"/>
<pin id="826" dir="0" index="1" bw="5" slack="0"/>
<pin id="827" dir="1" index="2" bw="5" slack="0"/>
</pin_list>
<bind>
<opcode="or(24) " fcode="or"/>
<opset="or_ln119/10 "/>
</bind>
</comp>

<comp id="829" class="1004" name="tmp_21_fu_829">
<pin_list>
<pin id="830" dir="0" index="0" bw="64" slack="0"/>
<pin id="831" dir="0" index="1" bw="1" slack="0"/>
<pin id="832" dir="0" index="2" bw="5" slack="0"/>
<pin id="833" dir="1" index="3" bw="64" slack="0"/>
</pin_list>
<bind>
<opcode="bitconcatenate(1004) " fcode="bitconcatenate"/>
<opset="tmp_21/10 "/>
</bind>
</comp>

<comp id="838" class="1004" name="or_ln120_fu_838">
<pin_list>
<pin id="839" dir="0" index="0" bw="5" slack="2"/>
<pin id="840" dir="0" index="1" bw="5" slack="0"/>
<pin id="841" dir="1" index="2" bw="5" slack="0"/>
</pin_list>
<bind>
<opcode="or(24) " fcode="or"/>
<opset="or_ln120/11 "/>
</bind>
</comp>

<comp id="843" class="1004" name="tmp_22_fu_843">
<pin_list>
<pin id="844" dir="0" index="0" bw="64" slack="0"/>
<pin id="845" dir="0" index="1" bw="1" slack="0"/>
<pin id="846" dir="0" index="2" bw="5" slack="0"/>
<pin id="847" dir="1" index="3" bw="64" slack="0"/>
</pin_list>
<bind>
<opcode="bitconcatenate(1004) " fcode="bitconcatenate"/>
<opset="tmp_22/11 "/>
</bind>
</comp>

<comp id="852" class="1004" name="or_ln121_fu_852">
<pin_list>
<pin id="853" dir="0" index="0" bw="5" slack="2"/>
<pin id="854" dir="0" index="1" bw="5" slack="0"/>
<pin id="855" dir="1" index="2" bw="5" slack="0"/>
</pin_list>
<bind>
<opcode="or(24) " fcode="or"/>
<opset="or_ln121/11 "/>
</bind>
</comp>

<comp id="857" class="1004" name="tmp_23_fu_857">
<pin_list>
<pin id="858" dir="0" index="0" bw="64" slack="0"/>
<pin id="859" dir="0" index="1" bw="1" slack="0"/>
<pin id="860" dir="0" index="2" bw="5" slack="0"/>
<pin id="861" dir="1" index="3" bw="64" slack="0"/>
</pin_list>
<bind>
<opcode="bitconcatenate(1004) " fcode="bitconcatenate"/>
<opset="tmp_23/11 "/>
</bind>
</comp>

<comp id="866" class="1004" name="or_ln122_fu_866">
<pin_list>
<pin id="867" dir="0" index="0" bw="5" slack="3"/>
<pin id="868" dir="0" index="1" bw="5" slack="0"/>
<pin id="869" dir="1" index="2" bw="5" slack="0"/>
</pin_list>
<bind>
<opcode="or(24) " fcode="or"/>
<opset="or_ln122/12 "/>
</bind>
</comp>

<comp id="871" class="1004" name="tmp_24_fu_871">
<pin_list>
<pin id="872" dir="0" index="0" bw="64" slack="0"/>
<pin id="873" dir="0" index="1" bw="1" slack="0"/>
<pin id="874" dir="0" index="2" bw="5" slack="0"/>
<pin id="875" dir="1" index="3" bw="64" slack="0"/>
</pin_list>
<bind>
<opcode="bitconcatenate(1004) " fcode="bitconcatenate"/>
<opset="tmp_24/12 "/>
</bind>
</comp>

<comp id="880" class="1004" name="or_ln123_fu_880">
<pin_list>
<pin id="881" dir="0" index="0" bw="5" slack="3"/>
<pin id="882" dir="0" index="1" bw="5" slack="0"/>
<pin id="883" dir="1" index="2" bw="5" slack="0"/>
</pin_list>
<bind>
<opcode="or(24) " fcode="or"/>
<opset="or_ln123/12 "/>
</bind>
</comp>

<comp id="885" class="1004" name="tmp_25_fu_885">
<pin_list>
<pin id="886" dir="0" index="0" bw="64" slack="0"/>
<pin id="887" dir="0" index="1" bw="1" slack="0"/>
<pin id="888" dir="0" index="2" bw="5" slack="0"/>
<pin id="889" dir="1" index="3" bw="64" slack="0"/>
</pin_list>
<bind>
<opcode="bitconcatenate(1004) " fcode="bitconcatenate"/>
<opset="tmp_25/12 "/>
</bind>
</comp>

<comp id="894" class="1004" name="tmp_s_fu_894">
<pin_list>
<pin id="895" dir="0" index="0" bw="6" slack="0"/>
<pin id="896" dir="0" index="1" bw="2" slack="4"/>
<pin id="897" dir="0" index="2" bw="1" slack="0"/>
<pin id="898" dir="1" index="3" bw="6" slack="0"/>
</pin_list>
<bind>
<opcode="bitconcatenate(1004) " fcode="bitconcatenate"/>
<opset="tmp_s/13 "/>
</bind>
</comp>

<comp id="901" class="1004" name="zext_ln116_2_fu_901">
<pin_list>
<pin id="902" dir="0" index="0" bw="6" slack="0"/>
<pin id="903" dir="1" index="1" bw="7" slack="1"/>
</pin_list>
<bind>
<opcode="zext(34) " fcode="zext"/>
<opset="zext_ln116_2/13 "/>
</bind>
</comp>

<comp id="905" class="1004" name="icmp_ln127_fu_905">
<pin_list>
<pin id="906" dir="0" index="0" bw="7" slack="0"/>
<pin id="907" dir="0" index="1" bw="7" slack="0"/>
<pin id="908" dir="1" index="2" bw="1" slack="2147483647"/>
</pin_list>
<bind>
<opcode="icmp(45) " fcode="icmp"/>
<opset="icmp_ln127/14 "/>
</bind>
</comp>

<comp id="911" class="1004" name="j_2_fu_911">
<pin_list>
<pin id="912" dir="0" index="0" bw="7" slack="0"/>
<pin id="913" dir="0" index="1" bw="1" slack="0"/>
<pin id="914" dir="1" index="2" bw="7" slack="0"/>
</pin_list>
<bind>
<opcode="add(8) " fcode="add"/>
<opset="j_2/14 "/>
</bind>
</comp>

<comp id="917" class="1004" name="and_ln26_fu_917">
<pin_list>
<pin id="918" dir="0" index="0" bw="32" slack="0"/>
<pin id="919" dir="0" index="1" bw="32" slack="0"/>
<pin id="920" dir="1" index="2" bw="32" slack="0"/>
</pin_list>
<bind>
<opcode="and(23) " fcode="and"/>
<opset="and_ln26/14 "/>
</bind>
</comp>

<comp id="923" class="1004" name="xor_ln26_fu_923">
<pin_list>
<pin id="924" dir="0" index="0" bw="32" slack="0"/>
<pin id="925" dir="0" index="1" bw="32" slack="0"/>
<pin id="926" dir="1" index="2" bw="32" slack="0"/>
</pin_list>
<bind>
<opcode="xor(25) " fcode="xor"/>
<opset="xor_ln26/14 "/>
</bind>
</comp>

<comp id="929" class="1004" name="and_ln26_2_fu_929">
<pin_list>
<pin id="930" dir="0" index="0" bw="32" slack="0"/>
<pin id="931" dir="0" index="1" bw="32" slack="0"/>
<pin id="932" dir="1" index="2" bw="32" slack="0"/>
</pin_list>
<bind>
<opcode="and(23) " fcode="and"/>
<opset="and_ln26_2/14 "/>
</bind>
</comp>

<comp id="935" class="1004" name="ch_V_fu_935">
<pin_list>
<pin id="936" dir="0" index="0" bw="32" slack="0"/>
<pin id="937" dir="0" index="1" bw="32" slack="0"/>
<pin id="938" dir="1" index="2" bw="32" slack="3"/>
</pin_list>
<bind>
<opcode="xor(25) " fcode="xor"/>
<opset="ch_V/14 "/>
</bind>
</comp>

<comp id="941" class="1004" name="xor_ln31_fu_941">
<pin_list>
<pin id="942" dir="0" index="0" bw="32" slack="0"/>
<pin id="943" dir="0" index="1" bw="32" slack="0"/>
<pin id="944" dir="1" index="2" bw="32" slack="0"/>
</pin_list>
<bind>
<opcode="xor(25) " fcode="xor"/>
<opset="xor_ln31/14 "/>
</bind>
</comp>

<comp id="947" class="1004" name="and_ln31_fu_947">
<pin_list>
<pin id="948" dir="0" index="0" bw="32" slack="0"/>
<pin id="949" dir="0" index="1" bw="32" slack="0"/>
<pin id="950" dir="1" index="2" bw="32" slack="0"/>
</pin_list>
<bind>
<opcode="and(23) " fcode="and"/>
<opset="and_ln31/14 "/>
</bind>
</comp>

<comp id="953" class="1004" name="and_ln31_2_fu_953">
<pin_list>
<pin id="954" dir="0" index="0" bw="32" slack="0"/>
<pin id="955" dir="0" index="1" bw="32" slack="0"/>
<pin id="956" dir="1" index="2" bw="32" slack="0"/>
</pin_list>
<bind>
<opcode="and(23) " fcode="and"/>
<opset="and_ln31_2/14 "/>
</bind>
</comp>

<comp id="959" class="1004" name="maj_V_fu_959">
<pin_list>
<pin id="960" dir="0" index="0" bw="32" slack="0"/>
<pin id="961" dir="0" index="1" bw="32" slack="0"/>
<pin id="962" dir="1" index="2" bw="32" slack="6"/>
</pin_list>
<bind>
<opcode="xor(25) " fcode="xor"/>
<opset="maj_V/14 "/>
</bind>
</comp>

<comp id="965" class="1004" name="r_V_fu_965">
<pin_list>
<pin id="966" dir="0" index="0" bw="30" slack="0"/>
<pin id="967" dir="0" index="1" bw="32" slack="0"/>
<pin id="968" dir="0" index="2" bw="3" slack="0"/>
<pin id="969" dir="0" index="3" bw="6" slack="0"/>
<pin id="970" dir="1" index="4" bw="30" slack="0"/>
</pin_list>
<bind>
<opcode="partselect(1002) " fcode="partselect"/>
<opset="r_V/14 "/>
</bind>
</comp>

<comp id="975" class="1004" name="trunc_ln1503_fu_975">
<pin_list>
<pin id="976" dir="0" index="0" bw="32" slack="0"/>
<pin id="977" dir="1" index="1" bw="2" slack="0"/>
</pin_list>
<bind>
<opcode="trunc(33) " fcode="trunc"/>
<opset="trunc_ln1503/14 "/>
</bind>
</comp>

<comp id="979" class="1004" name="ret_V_39_fu_979">
<pin_list>
<pin id="980" dir="0" index="0" bw="32" slack="0"/>
<pin id="981" dir="0" index="1" bw="2" slack="0"/>
<pin id="982" dir="0" index="2" bw="30" slack="0"/>
<pin id="983" dir="1" index="3" bw="32" slack="0"/>
</pin_list>
<bind>
<opcode="bitconcatenate(1004) " fcode="bitconcatenate"/>
<opset="ret_V_39/14 "/>
</bind>
</comp>

<comp id="987" class="1004" name="r_V_s_fu_987">
<pin_list>
<pin id="988" dir="0" index="0" bw="19" slack="0"/>
<pin id="989" dir="0" index="1" bw="32" slack="0"/>
<pin id="990" dir="0" index="2" bw="5" slack="0"/>
<pin id="991" dir="0" index="3" bw="6" slack="0"/>
<pin id="992" dir="1" index="4" bw="19" slack="0"/>
</pin_list>
<bind>
<opcode="partselect(1002) " fcode="partselect"/>
<opset="r_V_s/14 "/>
</bind>
</comp>

<comp id="997" class="1004" name="trunc_ln1503_10_fu_997">
<pin_list>
<pin id="998" dir="0" index="0" bw="32" slack="0"/>
<pin id="999" dir="1" index="1" bw="13" slack="0"/>
</pin_list>
<bind>
<opcode="trunc(33) " fcode="trunc"/>
<opset="trunc_ln1503_10/14 "/>
</bind>
</comp>

<comp id="1001" class="1004" name="ret_V_40_fu_1001">
<pin_list>
<pin id="1002" dir="0" index="0" bw="32" slack="0"/>
<pin id="1003" dir="0" index="1" bw="13" slack="0"/>
<pin id="1004" dir="0" index="2" bw="19" slack="0"/>
<pin id="1005" dir="1" index="3" bw="32" slack="0"/>
</pin_list>
<bind>
<opcode="bitconcatenate(1004) " fcode="bitconcatenate"/>
<opset="ret_V_40/14 "/>
</bind>
</comp>

<comp id="1009" class="1004" name="r_V_11_fu_1009">
<pin_list>
<pin id="1010" dir="0" index="0" bw="10" slack="0"/>
<pin id="1011" dir="0" index="1" bw="32" slack="0"/>
<pin id="1012" dir="0" index="2" bw="6" slack="0"/>
<pin id="1013" dir="0" index="3" bw="6" slack="0"/>
<pin id="1014" dir="1" index="4" bw="10" slack="0"/>
</pin_list>
<bind>
<opcode="partselect(1002) " fcode="partselect"/>
<opset="r_V_11/14 "/>
</bind>
</comp>

<comp id="1019" class="1004" name="trunc_ln1503_11_fu_1019">
<pin_list>
<pin id="1020" dir="0" index="0" bw="32" slack="0"/>
<pin id="1021" dir="1" index="1" bw="22" slack="0"/>
</pin_list>
<bind>
<opcode="trunc(33) " fcode="trunc"/>
<opset="trunc_ln1503_11/14 "/>
</bind>
</comp>

<comp id="1023" class="1004" name="ret_V_41_fu_1023">
<pin_list>
<pin id="1024" dir="0" index="0" bw="32" slack="0"/>
<pin id="1025" dir="0" index="1" bw="22" slack="0"/>
<pin id="1026" dir="0" index="2" bw="10" slack="0"/>
<pin id="1027" dir="1" index="3" bw="32" slack="0"/>
</pin_list>
<bind>
<opcode="bitconcatenate(1004) " fcode="bitconcatenate"/>
<opset="ret_V_41/14 "/>
</bind>
</comp>

<comp id="1031" class="1004" name="xor_ln1357_fu_1031">
<pin_list>
<pin id="1032" dir="0" index="0" bw="32" slack="0"/>
<pin id="1033" dir="0" index="1" bw="32" slack="0"/>
<pin id="1034" dir="1" index="2" bw="32" slack="0"/>
</pin_list>
<bind>
<opcode="xor(25) " fcode="xor"/>
<opset="xor_ln1357/14 "/>
</bind>
</comp>

<comp id="1037" class="1004" name="ret_V_42_fu_1037">
<pin_list>
<pin id="1038" dir="0" index="0" bw="32" slack="0"/>
<pin id="1039" dir="0" index="1" bw="32" slack="0"/>
<pin id="1040" dir="1" index="2" bw="32" slack="6"/>
</pin_list>
<bind>
<opcode="xor(25) " fcode="xor"/>
<opset="ret_V_42/14 "/>
</bind>
</comp>

<comp id="1043" class="1004" name="r_V_12_fu_1043">
<pin_list>
<pin id="1044" dir="0" index="0" bw="26" slack="0"/>
<pin id="1045" dir="0" index="1" bw="32" slack="0"/>
<pin id="1046" dir="0" index="2" bw="4" slack="0"/>
<pin id="1047" dir="0" index="3" bw="6" slack="0"/>
<pin id="1048" dir="1" index="4" bw="26" slack="0"/>
</pin_list>
<bind>
<opcode="partselect(1002) " fcode="partselect"/>
<opset="r_V_12/14 "/>
</bind>
</comp>

<comp id="1053" class="1004" name="trunc_ln1503_12_fu_1053">
<pin_list>
<pin id="1054" dir="0" index="0" bw="32" slack="0"/>
<pin id="1055" dir="1" index="1" bw="6" slack="0"/>
</pin_list>
<bind>
<opcode="trunc(33) " fcode="trunc"/>
<opset="trunc_ln1503_12/14 "/>
</bind>
</comp>

<comp id="1057" class="1004" name="ret_V_43_fu_1057">
<pin_list>
<pin id="1058" dir="0" index="0" bw="32" slack="0"/>
<pin id="1059" dir="0" index="1" bw="6" slack="0"/>
<pin id="1060" dir="0" index="2" bw="26" slack="0"/>
<pin id="1061" dir="1" index="3" bw="32" slack="0"/>
</pin_list>
<bind>
<opcode="bitconcatenate(1004) " fcode="bitconcatenate"/>
<opset="ret_V_43/14 "/>
</bind>
</comp>

<comp id="1065" class="1004" name="r_V_13_fu_1065">
<pin_list>
<pin id="1066" dir="0" index="0" bw="21" slack="0"/>
<pin id="1067" dir="0" index="1" bw="32" slack="0"/>
<pin id="1068" dir="0" index="2" bw="5" slack="0"/>
<pin id="1069" dir="0" index="3" bw="6" slack="0"/>
<pin id="1070" dir="1" index="4" bw="21" slack="0"/>
</pin_list>
<bind>
<opcode="partselect(1002) " fcode="partselect"/>
<opset="r_V_13/14 "/>
</bind>
</comp>

<comp id="1075" class="1004" name="trunc_ln1503_13_fu_1075">
<pin_list>
<pin id="1076" dir="0" index="0" bw="32" slack="0"/>
<pin id="1077" dir="1" index="1" bw="11" slack="0"/>
</pin_list>
<bind>
<opcode="trunc(33) " fcode="trunc"/>
<opset="trunc_ln1503_13/14 "/>
</bind>
</comp>

<comp id="1079" class="1004" name="ret_V_44_fu_1079">
<pin_list>
<pin id="1080" dir="0" index="0" bw="32" slack="0"/>
<pin id="1081" dir="0" index="1" bw="11" slack="0"/>
<pin id="1082" dir="0" index="2" bw="21" slack="0"/>
<pin id="1083" dir="1" index="3" bw="32" slack="0"/>
</pin_list>
<bind>
<opcode="bitconcatenate(1004) " fcode="bitconcatenate"/>
<opset="ret_V_44/14 "/>
</bind>
</comp>

<comp id="1087" class="1004" name="r_V_14_fu_1087">
<pin_list>
<pin id="1088" dir="0" index="0" bw="7" slack="0"/>
<pin id="1089" dir="0" index="1" bw="32" slack="0"/>
<pin id="1090" dir="0" index="2" bw="6" slack="0"/>
<pin id="1091" dir="0" index="3" bw="6" slack="0"/>
<pin id="1092" dir="1" index="4" bw="7" slack="0"/>
</pin_list>
<bind>
<opcode="partselect(1002) " fcode="partselect"/>
<opset="r_V_14/14 "/>
</bind>
</comp>

<comp id="1097" class="1004" name="trunc_ln1503_14_fu_1097">
<pin_list>
<pin id="1098" dir="0" index="0" bw="32" slack="0"/>
<pin id="1099" dir="1" index="1" bw="25" slack="0"/>
</pin_list>
<bind>
<opcode="trunc(33) " fcode="trunc"/>
<opset="trunc_ln1503_14/14 "/>
</bind>
</comp>

<comp id="1101" class="1004" name="ret_V_45_fu_1101">
<pin_list>
<pin id="1102" dir="0" index="0" bw="32" slack="0"/>
<pin id="1103" dir="0" index="1" bw="25" slack="0"/>
<pin id="1104" dir="0" index="2" bw="7" slack="0"/>
<pin id="1105" dir="1" index="3" bw="32" slack="0"/>
</pin_list>
<bind>
<opcode="bitconcatenate(1004) " fcode="bitconcatenate"/>
<opset="ret_V_45/14 "/>
</bind>
</comp>

<comp id="1109" class="1004" name="xor_ln1357_9_fu_1109">
<pin_list>
<pin id="1110" dir="0" index="0" bw="32" slack="0"/>
<pin id="1111" dir="0" index="1" bw="32" slack="0"/>
<pin id="1112" dir="1" index="2" bw="32" slack="0"/>
</pin_list>
<bind>
<opcode="xor(25) " fcode="xor"/>
<opset="xor_ln1357_9/14 "/>
</bind>
</comp>

<comp id="1115" class="1004" name="ret_V_46_fu_1115">
<pin_list>
<pin id="1116" dir="0" index="0" bw="32" slack="0"/>
<pin id="1117" dir="0" index="1" bw="32" slack="0"/>
<pin id="1118" dir="1" index="2" bw="32" slack="3"/>
</pin_list>
<bind>
<opcode="xor(25) " fcode="xor"/>
<opset="ret_V_46/14 "/>
</bind>
</comp>

<comp id="1121" class="1004" name="tmp_34_fu_1121">
<pin_list>
<pin id="1122" dir="0" index="0" bw="3" slack="0"/>
<pin id="1123" dir="0" index="1" bw="7" slack="0"/>
<pin id="1124" dir="0" index="2" bw="4" slack="0"/>
<pin id="1125" dir="0" index="3" bw="4" slack="0"/>
<pin id="1126" dir="1" index="4" bw="3" slack="0"/>
</pin_list>
<bind>
<opcode="partselect(1002) " fcode="partselect"/>
<opset="tmp_34/14 "/>
</bind>
</comp>

<comp id="1131" class="1004" name="icmp_ln134_fu_1131">
<pin_list>
<pin id="1132" dir="0" index="0" bw="3" slack="0"/>
<pin id="1133" dir="0" index="1" bw="3" slack="0"/>
<pin id="1134" dir="1" index="2" bw="1" slack="3"/>
</pin_list>
<bind>
<opcode="icmp(45) " fcode="icmp"/>
<opset="icmp_ln134/14 "/>
</bind>
</comp>

<comp id="1137" class="1004" name="zext_ln135_fu_1137">
<pin_list>
<pin id="1138" dir="0" index="0" bw="7" slack="0"/>
<pin id="1139" dir="1" index="1" bw="64" slack="1"/>
</pin_list>
<bind>
<opcode="zext(34) " fcode="zext"/>
<opset="zext_ln135/14 "/>
</bind>
</comp>

<comp id="1141" class="1004" name="add_ln321_2_fu_1141">
<pin_list>
<pin id="1142" dir="0" index="0" bw="6" slack="1"/>
<pin id="1143" dir="0" index="1" bw="7" slack="0"/>
<pin id="1144" dir="1" index="2" bw="7" slack="0"/>
</pin_list>
<bind>
<opcode="add(8) " fcode="add"/>
<opset="add_ln321_2/14 "/>
</bind>
</comp>

<comp id="1146" class="1004" name="zext_ln321_7_fu_1146">
<pin_list>
<pin id="1147" dir="0" index="0" bw="7" slack="0"/>
<pin id="1148" dir="1" index="1" bw="64" slack="0"/>
</pin_list>
<bind>
<opcode="zext(34) " fcode="zext"/>
<opset="zext_ln321_7/14 "/>
</bind>
</comp>

<comp id="1151" class="1004" name="add_ln137_fu_1151">
<pin_list>
<pin id="1152" dir="0" index="0" bw="2" slack="0"/>
<pin id="1153" dir="0" index="1" bw="7" slack="0"/>
<pin id="1154" dir="1" index="2" bw="7" slack="0"/>
</pin_list>
<bind>
<opcode="add(8) " fcode="add"/>
<opset="add_ln137/14 "/>
</bind>
</comp>

<comp id="1157" class="1004" name="zext_ln137_fu_1157">
<pin_list>
<pin id="1158" dir="0" index="0" bw="7" slack="0"/>
<pin id="1159" dir="1" index="1" bw="64" slack="0"/>
</pin_list>
<bind>
<opcode="zext(34) " fcode="zext"/>
<opset="zext_ln137/14 "/>
</bind>
</comp>

<comp id="1162" class="1004" name="add_ln137_1_fu_1162">
<pin_list>
<pin id="1163" dir="0" index="0" bw="4" slack="0"/>
<pin id="1164" dir="0" index="1" bw="7" slack="0"/>
<pin id="1165" dir="1" index="2" bw="7" slack="0"/>
</pin_list>
<bind>
<opcode="add(8) " fcode="add"/>
<opset="add_ln137_1/14 "/>
</bind>
</comp>

<comp id="1168" class="1004" name="zext_ln137_4_fu_1168">
<pin_list>
<pin id="1169" dir="0" index="0" bw="7" slack="0"/>
<pin id="1170" dir="1" index="1" bw="64" slack="0"/>
</pin_list>
<bind>
<opcode="zext(34) " fcode="zext"/>
<opset="zext_ln137_4/14 "/>
</bind>
</comp>

<comp id="1173" class="1004" name="tmp_26_fu_1173">
<pin_list>
<pin id="1174" dir="0" index="0" bw="5" slack="0"/>
<pin id="1175" dir="0" index="1" bw="2" slack="5"/>
<pin id="1176" dir="0" index="2" bw="1" slack="0"/>
<pin id="1177" dir="1" index="3" bw="5" slack="0"/>
</pin_list>
<bind>
<opcode="bitconcatenate(1004) " fcode="bitconcatenate"/>
<opset="tmp_26/14 "/>
</bind>
</comp>

<comp id="1181" class="1004" name="zext_ln321_4_fu_1181">
<pin_list>
<pin id="1182" dir="0" index="0" bw="5" slack="0"/>
<pin id="1183" dir="1" index="1" bw="64" slack="0"/>
</pin_list>
<bind>
<opcode="zext(34) " fcode="zext"/>
<opset="zext_ln321_4/14 "/>
</bind>
</comp>

<comp id="1186" class="1004" name="or_ln321_fu_1186">
<pin_list>
<pin id="1187" dir="0" index="0" bw="5" slack="0"/>
<pin id="1188" dir="0" index="1" bw="5" slack="0"/>
<pin id="1189" dir="1" index="2" bw="5" slack="0"/>
</pin_list>
<bind>
<opcode="or(24) " fcode="or"/>
<opset="or_ln321/14 "/>
</bind>
</comp>

<comp id="1192" class="1004" name="tmp_27_fu_1192">
<pin_list>
<pin id="1193" dir="0" index="0" bw="64" slack="0"/>
<pin id="1194" dir="0" index="1" bw="1" slack="0"/>
<pin id="1195" dir="0" index="2" bw="5" slack="0"/>
<pin id="1196" dir="1" index="3" bw="64" slack="0"/>
</pin_list>
<bind>
<opcode="bitconcatenate(1004) " fcode="bitconcatenate"/>
<opset="tmp_27/14 "/>
</bind>
</comp>

<comp id="1201" class="1004" name="add_ln209_fu_1201">
<pin_list>
<pin id="1202" dir="0" index="0" bw="32" slack="0"/>
<pin id="1203" dir="0" index="1" bw="32" slack="4"/>
<pin id="1204" dir="1" index="2" bw="32" slack="0"/>
</pin_list>
<bind>
<opcode="add(8) " fcode="add"/>
<opset="add_ln209/14 "/>
</bind>
</comp>

<comp id="1207" class="1004" name="add_ln209_1_fu_1207">
<pin_list>
<pin id="1208" dir="0" index="0" bw="32" slack="0"/>
<pin id="1209" dir="0" index="1" bw="32" slack="4"/>
<pin id="1210" dir="1" index="2" bw="32" slack="0"/>
</pin_list>
<bind>
<opcode="add(8) " fcode="add"/>
<opset="add_ln209_1/14 "/>
</bind>
</comp>

<comp id="1213" class="1004" name="add_ln209_2_fu_1213">
<pin_list>
<pin id="1214" dir="0" index="0" bw="32" slack="0"/>
<pin id="1215" dir="0" index="1" bw="32" slack="3"/>
<pin id="1216" dir="1" index="2" bw="32" slack="1"/>
</pin_list>
<bind>
<opcode="add(8) " fcode="add"/>
<opset="add_ln209_2/14 "/>
</bind>
</comp>

<comp id="1218" class="1004" name="add_ln209_4_fu_1218">
<pin_list>
<pin id="1219" dir="0" index="0" bw="32" slack="0"/>
<pin id="1220" dir="0" index="1" bw="32" slack="2"/>
<pin id="1221" dir="1" index="2" bw="32" slack="2"/>
</pin_list>
<bind>
<opcode="add(8) " fcode="add"/>
<opset="add_ln209_4/14 "/>
</bind>
</comp>

<comp id="1223" class="1004" name="add_ln209_5_fu_1223">
<pin_list>
<pin id="1224" dir="0" index="0" bw="32" slack="0"/>
<pin id="1225" dir="0" index="1" bw="32" slack="2"/>
<pin id="1226" dir="1" index="2" bw="32" slack="2"/>
</pin_list>
<bind>
<opcode="add(8) " fcode="add"/>
<opset="add_ln209_5/14 "/>
</bind>
</comp>

<comp id="1228" class="1004" name="add_ln209_6_fu_1228">
<pin_list>
<pin id="1229" dir="0" index="0" bw="32" slack="0"/>
<pin id="1230" dir="0" index="1" bw="32" slack="1"/>
<pin id="1231" dir="1" index="2" bw="32" slack="3"/>
</pin_list>
<bind>
<opcode="add(8) " fcode="add"/>
<opset="add_ln209_6/14 "/>
</bind>
</comp>

<comp id="1233" class="1004" name="i_14_fu_1233">
<pin_list>
<pin id="1234" dir="0" index="0" bw="2" slack="5"/>
<pin id="1235" dir="0" index="1" bw="1" slack="0"/>
<pin id="1236" dir="1" index="2" bw="2" slack="1"/>
</pin_list>
<bind>
<opcode="add(8) " fcode="add"/>
<opset="i_14/14 "/>
</bind>
</comp>

<comp id="1239" class="1004" name="add_ln137_2_fu_1239">
<pin_list>
<pin id="1240" dir="0" index="0" bw="5" slack="0"/>
<pin id="1241" dir="0" index="1" bw="7" slack="1"/>
<pin id="1242" dir="1" index="2" bw="7" slack="0"/>
</pin_list>
<bind>
<opcode="add(8) " fcode="add"/>
<opset="add_ln137_2/15 "/>
</bind>
</comp>

<comp id="1245" class="1004" name="zext_ln137_5_fu_1245">
<pin_list>
<pin id="1246" dir="0" index="0" bw="7" slack="0"/>
<pin id="1247" dir="1" index="1" bw="64" slack="0"/>
</pin_list>
<bind>
<opcode="zext(34) " fcode="zext"/>
<opset="zext_ln137_5/15 "/>
</bind>
</comp>

<comp id="1250" class="1004" name="add_ln137_3_fu_1250">
<pin_list>
<pin id="1251" dir="0" index="0" bw="5" slack="0"/>
<pin id="1252" dir="0" index="1" bw="7" slack="1"/>
<pin id="1253" dir="1" index="2" bw="7" slack="0"/>
</pin_list>
<bind>
<opcode="add(8) " fcode="add"/>
<opset="add_ln137_3/15 "/>
</bind>
</comp>

<comp id="1256" class="1004" name="zext_ln137_6_fu_1256">
<pin_list>
<pin id="1257" dir="0" index="0" bw="7" slack="0"/>
<pin id="1258" dir="1" index="1" bw="64" slack="0"/>
</pin_list>
<bind>
<opcode="zext(34) " fcode="zext"/>
<opset="zext_ln137_6/15 "/>
</bind>
</comp>

<comp id="1261" class="1004" name="r_V_15_fu_1261">
<pin_list>
<pin id="1262" dir="0" index="0" bw="15" slack="0"/>
<pin id="1263" dir="0" index="1" bw="32" slack="1"/>
<pin id="1264" dir="0" index="2" bw="6" slack="0"/>
<pin id="1265" dir="0" index="3" bw="6" slack="0"/>
<pin id="1266" dir="1" index="4" bw="15" slack="0"/>
</pin_list>
<bind>
<opcode="partselect(1002) " fcode="partselect"/>
<opset="r_V_15/16 "/>
</bind>
</comp>

<comp id="1271" class="1004" name="trunc_ln1503_15_fu_1271">
<pin_list>
<pin id="1272" dir="0" index="0" bw="32" slack="1"/>
<pin id="1273" dir="1" index="1" bw="17" slack="0"/>
</pin_list>
<bind>
<opcode="trunc(33) " fcode="trunc"/>
<opset="trunc_ln1503_15/16 "/>
</bind>
</comp>

<comp id="1275" class="1004" name="ret_V_47_fu_1275">
<pin_list>
<pin id="1276" dir="0" index="0" bw="32" slack="0"/>
<pin id="1277" dir="0" index="1" bw="17" slack="0"/>
<pin id="1278" dir="0" index="2" bw="15" slack="0"/>
<pin id="1279" dir="1" index="3" bw="32" slack="0"/>
</pin_list>
<bind>
<opcode="bitconcatenate(1004) " fcode="bitconcatenate"/>
<opset="ret_V_47/16 "/>
</bind>
</comp>

<comp id="1283" class="1004" name="r_V_16_fu_1283">
<pin_list>
<pin id="1284" dir="0" index="0" bw="13" slack="0"/>
<pin id="1285" dir="0" index="1" bw="32" slack="1"/>
<pin id="1286" dir="0" index="2" bw="6" slack="0"/>
<pin id="1287" dir="0" index="3" bw="6" slack="0"/>
<pin id="1288" dir="1" index="4" bw="13" slack="0"/>
</pin_list>
<bind>
<opcode="partselect(1002) " fcode="partselect"/>
<opset="r_V_16/16 "/>
</bind>
</comp>

<comp id="1293" class="1004" name="trunc_ln1503_16_fu_1293">
<pin_list>
<pin id="1294" dir="0" index="0" bw="32" slack="1"/>
<pin id="1295" dir="1" index="1" bw="19" slack="0"/>
</pin_list>
<bind>
<opcode="trunc(33) " fcode="trunc"/>
<opset="trunc_ln1503_16/16 "/>
</bind>
</comp>

<comp id="1297" class="1004" name="ret_V_48_fu_1297">
<pin_list>
<pin id="1298" dir="0" index="0" bw="32" slack="0"/>
<pin id="1299" dir="0" index="1" bw="19" slack="0"/>
<pin id="1300" dir="0" index="2" bw="13" slack="0"/>
<pin id="1301" dir="1" index="3" bw="32" slack="0"/>
</pin_list>
<bind>
<opcode="bitconcatenate(1004) " fcode="bitconcatenate"/>
<opset="ret_V_48/16 "/>
</bind>
</comp>

<comp id="1305" class="1004" name="r_V_17_fu_1305">
<pin_list>
<pin id="1306" dir="0" index="0" bw="22" slack="0"/>
<pin id="1307" dir="0" index="1" bw="32" slack="1"/>
<pin id="1308" dir="0" index="2" bw="5" slack="0"/>
<pin id="1309" dir="0" index="3" bw="6" slack="0"/>
<pin id="1310" dir="1" index="4" bw="22" slack="0"/>
</pin_list>
<bind>
<opcode="partselect(1002) " fcode="partselect"/>
<opset="r_V_17/16 "/>
</bind>
</comp>

<comp id="1315" class="1004" name="r_V_23_fu_1315">
<pin_list>
<pin id="1316" dir="0" index="0" bw="22" slack="0"/>
<pin id="1317" dir="1" index="1" bw="32" slack="0"/>
</pin_list>
<bind>
<opcode="zext(34) " fcode="zext"/>
<opset="r_V_23/16 "/>
</bind>
</comp>

<comp id="1319" class="1004" name="xor_ln1357_11_fu_1319">
<pin_list>
<pin id="1320" dir="0" index="0" bw="32" slack="0"/>
<pin id="1321" dir="0" index="1" bw="32" slack="0"/>
<pin id="1322" dir="1" index="2" bw="32" slack="0"/>
</pin_list>
<bind>
<opcode="xor(25) " fcode="xor"/>
<opset="xor_ln1357_11/16 "/>
</bind>
</comp>

<comp id="1325" class="1004" name="ret_V_fu_1325">
<pin_list>
<pin id="1326" dir="0" index="0" bw="32" slack="0"/>
<pin id="1327" dir="0" index="1" bw="32" slack="0"/>
<pin id="1328" dir="1" index="2" bw="32" slack="0"/>
</pin_list>
<bind>
<opcode="xor(25) " fcode="xor"/>
<opset="ret_V/16 "/>
</bind>
</comp>

<comp id="1331" class="1004" name="r_V_18_fu_1331">
<pin_list>
<pin id="1332" dir="0" index="0" bw="25" slack="0"/>
<pin id="1333" dir="0" index="1" bw="32" slack="0"/>
<pin id="1334" dir="0" index="2" bw="4" slack="0"/>
<pin id="1335" dir="0" index="3" bw="6" slack="0"/>
<pin id="1336" dir="1" index="4" bw="25" slack="0"/>
</pin_list>
<bind>
<opcode="partselect(1002) " fcode="partselect"/>
<opset="r_V_18/16 "/>
</bind>
</comp>

<comp id="1341" class="1004" name="trunc_ln1503_17_fu_1341">
<pin_list>
<pin id="1342" dir="0" index="0" bw="32" slack="0"/>
<pin id="1343" dir="1" index="1" bw="7" slack="0"/>
</pin_list>
<bind>
<opcode="trunc(33) " fcode="trunc"/>
<opset="trunc_ln1503_17/16 "/>
</bind>
</comp>

<comp id="1345" class="1004" name="ret_V_49_fu_1345">
<pin_list>
<pin id="1346" dir="0" index="0" bw="32" slack="0"/>
<pin id="1347" dir="0" index="1" bw="7" slack="0"/>
<pin id="1348" dir="0" index="2" bw="25" slack="0"/>
<pin id="1349" dir="1" index="3" bw="32" slack="0"/>
</pin_list>
<bind>
<opcode="bitconcatenate(1004) " fcode="bitconcatenate"/>
<opset="ret_V_49/16 "/>
</bind>
</comp>

<comp id="1353" class="1004" name="r_V_19_fu_1353">
<pin_list>
<pin id="1354" dir="0" index="0" bw="14" slack="0"/>
<pin id="1355" dir="0" index="1" bw="32" slack="0"/>
<pin id="1356" dir="0" index="2" bw="6" slack="0"/>
<pin id="1357" dir="0" index="3" bw="6" slack="0"/>
<pin id="1358" dir="1" index="4" bw="14" slack="0"/>
</pin_list>
<bind>
<opcode="partselect(1002) " fcode="partselect"/>
<opset="r_V_19/16 "/>
</bind>
</comp>

<comp id="1363" class="1004" name="trunc_ln1503_18_fu_1363">
<pin_list>
<pin id="1364" dir="0" index="0" bw="32" slack="0"/>
<pin id="1365" dir="1" index="1" bw="18" slack="0"/>
</pin_list>
<bind>
<opcode="trunc(33) " fcode="trunc"/>
<opset="trunc_ln1503_18/16 "/>
</bind>
</comp>

<comp id="1367" class="1004" name="ret_V_50_fu_1367">
<pin_list>
<pin id="1368" dir="0" index="0" bw="32" slack="0"/>
<pin id="1369" dir="0" index="1" bw="18" slack="0"/>
<pin id="1370" dir="0" index="2" bw="14" slack="0"/>
<pin id="1371" dir="1" index="3" bw="32" slack="0"/>
</pin_list>
<bind>
<opcode="bitconcatenate(1004) " fcode="bitconcatenate"/>
<opset="ret_V_50/16 "/>
</bind>
</comp>

<comp id="1375" class="1004" name="r_V_20_fu_1375">
<pin_list>
<pin id="1376" dir="0" index="0" bw="29" slack="0"/>
<pin id="1377" dir="0" index="1" bw="32" slack="0"/>
<pin id="1378" dir="0" index="2" bw="3" slack="0"/>
<pin id="1379" dir="0" index="3" bw="6" slack="0"/>
<pin id="1380" dir="1" index="4" bw="29" slack="0"/>
</pin_list>
<bind>
<opcode="partselect(1002) " fcode="partselect"/>
<opset="r_V_20/16 "/>
</bind>
</comp>

<comp id="1385" class="1004" name="r_V_24_fu_1385">
<pin_list>
<pin id="1386" dir="0" index="0" bw="29" slack="0"/>
<pin id="1387" dir="1" index="1" bw="32" slack="0"/>
</pin_list>
<bind>
<opcode="zext(34) " fcode="zext"/>
<opset="r_V_24/16 "/>
</bind>
</comp>

<comp id="1389" class="1004" name="xor_ln1357_13_fu_1389">
<pin_list>
<pin id="1390" dir="0" index="0" bw="32" slack="0"/>
<pin id="1391" dir="0" index="1" bw="32" slack="0"/>
<pin id="1392" dir="1" index="2" bw="32" slack="0"/>
</pin_list>
<bind>
<opcode="xor(25) " fcode="xor"/>
<opset="xor_ln1357_13/16 "/>
</bind>
</comp>

<comp id="1395" class="1004" name="ret_V_38_fu_1395">
<pin_list>
<pin id="1396" dir="0" index="0" bw="32" slack="0"/>
<pin id="1397" dir="0" index="1" bw="32" slack="0"/>
<pin id="1398" dir="1" index="2" bw="32" slack="0"/>
</pin_list>
<bind>
<opcode="xor(25) " fcode="xor"/>
<opset="ret_V_38/16 "/>
</bind>
</comp>

<comp id="1401" class="1004" name="add_ln209_19_fu_1401">
<pin_list>
<pin id="1402" dir="0" index="0" bw="32" slack="0"/>
<pin id="1403" dir="0" index="1" bw="32" slack="0"/>
<pin id="1404" dir="1" index="2" bw="32" slack="1"/>
</pin_list>
<bind>
<opcode="add(8) " fcode="add"/>
<opset="add_ln209_19/16 "/>
</bind>
</comp>

<comp id="1407" class="1004" name="add_ln209_18_fu_1407">
<pin_list>
<pin id="1408" dir="0" index="0" bw="32" slack="2"/>
<pin id="1409" dir="0" index="1" bw="32" slack="1"/>
<pin id="1410" dir="1" index="2" bw="32" slack="0"/>
</pin_list>
<bind>
<opcode="add(8) " fcode="add"/>
<opset="add_ln209_18/17 "/>
</bind>
</comp>

<comp id="1412" class="1004" name="add_ln209_10_fu_1412">
<pin_list>
<pin id="1413" dir="0" index="0" bw="32" slack="1"/>
<pin id="1414" dir="0" index="1" bw="32" slack="0"/>
<pin id="1415" dir="1" index="2" bw="32" slack="0"/>
</pin_list>
<bind>
<opcode="add(8) " fcode="add"/>
<opset="add_ln209_10/17 "/>
</bind>
</comp>

<comp id="1418" class="1004" name="add_ln209_21_fu_1418">
<pin_list>
<pin id="1419" dir="0" index="0" bw="32" slack="3"/>
<pin id="1420" dir="0" index="1" bw="32" slack="3"/>
<pin id="1421" dir="1" index="2" bw="32" slack="0"/>
</pin_list>
<bind>
<opcode="add(8) " fcode="add"/>
<opset="add_ln209_21/17 "/>
</bind>
</comp>

<comp id="1423" class="1004" name="add_ln209_22_fu_1423">
<pin_list>
<pin id="1424" dir="0" index="0" bw="32" slack="0"/>
<pin id="1425" dir="0" index="1" bw="32" slack="3"/>
<pin id="1426" dir="1" index="2" bw="32" slack="2"/>
</pin_list>
<bind>
<opcode="add(8) " fcode="add"/>
<opset="add_ln209_22/17 "/>
</bind>
</comp>

<comp id="1428" class="1004" name="add_ln209_20_fu_1428">
<pin_list>
<pin id="1429" dir="0" index="0" bw="32" slack="0"/>
<pin id="1430" dir="0" index="1" bw="32" slack="0"/>
<pin id="1431" dir="1" index="2" bw="32" slack="0"/>
</pin_list>
<bind>
<opcode="add(8) " fcode="add"/>
<opset="add_ln209_20/20 "/>
</bind>
</comp>

<comp id="1434" class="1004" name="T1_V_fu_1434">
<pin_list>
<pin id="1435" dir="0" index="0" bw="32" slack="2"/>
<pin id="1436" dir="0" index="1" bw="32" slack="0"/>
<pin id="1437" dir="1" index="2" bw="32" slack="1"/>
</pin_list>
<bind>
<opcode="add(8) " fcode="add"/>
<opset="T1_V/20 "/>
</bind>
</comp>

<comp id="1439" class="1004" name="e_V_2_fu_1439">
<pin_list>
<pin id="1440" dir="0" index="0" bw="32" slack="6"/>
<pin id="1441" dir="0" index="1" bw="32" slack="1"/>
<pin id="1442" dir="1" index="2" bw="32" slack="1"/>
</pin_list>
<bind>
<opcode="add(8) " fcode="add"/>
<opset="e_V_2/21 "/>
</bind>
</comp>

<comp id="1444" class="1004" name="add_ln209_25_fu_1444">
<pin_list>
<pin id="1445" dir="0" index="0" bw="32" slack="6"/>
<pin id="1446" dir="0" index="1" bw="32" slack="1"/>
<pin id="1447" dir="1" index="2" bw="32" slack="0"/>
</pin_list>
<bind>
<opcode="add(8) " fcode="add"/>
<opset="add_ln209_25/21 "/>
</bind>
</comp>

<comp id="1448" class="1004" name="a_V_2_fu_1448">
<pin_list>
<pin id="1449" dir="0" index="0" bw="32" slack="0"/>
<pin id="1450" dir="0" index="1" bw="32" slack="6"/>
<pin id="1451" dir="1" index="2" bw="32" slack="1"/>
</pin_list>
<bind>
<opcode="add(8) " fcode="add"/>
<opset="a_V_2/21 "/>
</bind>
</comp>

<comp id="1453" class="1004" name="or_ln321_7_fu_1453">
<pin_list>
<pin id="1454" dir="0" index="0" bw="5" slack="1"/>
<pin id="1455" dir="0" index="1" bw="5" slack="0"/>
<pin id="1456" dir="1" index="2" bw="5" slack="0"/>
</pin_list>
<bind>
<opcode="or(24) " fcode="or"/>
<opset="or_ln321_7/22 "/>
</bind>
</comp>

<comp id="1458" class="1004" name="tmp_28_fu_1458">
<pin_list>
<pin id="1459" dir="0" index="0" bw="64" slack="0"/>
<pin id="1460" dir="0" index="1" bw="1" slack="0"/>
<pin id="1461" dir="0" index="2" bw="5" slack="0"/>
<pin id="1462" dir="1" index="3" bw="64" slack="0"/>
</pin_list>
<bind>
<opcode="bitconcatenate(1004) " fcode="bitconcatenate"/>
<opset="tmp_28/22 "/>
</bind>
</comp>

<comp id="1467" class="1004" name="or_ln321_8_fu_1467">
<pin_list>
<pin id="1468" dir="0" index="0" bw="5" slack="1"/>
<pin id="1469" dir="0" index="1" bw="5" slack="0"/>
<pin id="1470" dir="1" index="2" bw="5" slack="0"/>
</pin_list>
<bind>
<opcode="or(24) " fcode="or"/>
<opset="or_ln321_8/22 "/>
</bind>
</comp>

<comp id="1472" class="1004" name="tmp_29_fu_1472">
<pin_list>
<pin id="1473" dir="0" index="0" bw="64" slack="0"/>
<pin id="1474" dir="0" index="1" bw="1" slack="0"/>
<pin id="1475" dir="0" index="2" bw="5" slack="0"/>
<pin id="1476" dir="1" index="3" bw="64" slack="0"/>
</pin_list>
<bind>
<opcode="bitconcatenate(1004) " fcode="bitconcatenate"/>
<opset="tmp_29/22 "/>
</bind>
</comp>

<comp id="1481" class="1004" name="add_ln209_3_fu_1481">
<pin_list>
<pin id="1482" dir="0" index="0" bw="32" slack="1"/>
<pin id="1483" dir="0" index="1" bw="32" slack="4"/>
<pin id="1484" dir="1" index="2" bw="32" slack="0"/>
</pin_list>
<bind>
<opcode="add(8) " fcode="add"/>
<opset="add_ln209_3/22 "/>
</bind>
</comp>

<comp id="1487" class="1004" name="or_ln321_9_fu_1487">
<pin_list>
<pin id="1488" dir="0" index="0" bw="5" slack="2"/>
<pin id="1489" dir="0" index="1" bw="5" slack="0"/>
<pin id="1490" dir="1" index="2" bw="5" slack="0"/>
</pin_list>
<bind>
<opcode="or(24) " fcode="or"/>
<opset="or_ln321_9/23 "/>
</bind>
</comp>

<comp id="1492" class="1004" name="tmp_30_fu_1492">
<pin_list>
<pin id="1493" dir="0" index="0" bw="64" slack="0"/>
<pin id="1494" dir="0" index="1" bw="1" slack="0"/>
<pin id="1495" dir="0" index="2" bw="5" slack="0"/>
<pin id="1496" dir="1" index="3" bw="64" slack="0"/>
</pin_list>
<bind>
<opcode="bitconcatenate(1004) " fcode="bitconcatenate"/>
<opset="tmp_30/23 "/>
</bind>
</comp>

<comp id="1501" class="1004" name="or_ln321_10_fu_1501">
<pin_list>
<pin id="1502" dir="0" index="0" bw="5" slack="2"/>
<pin id="1503" dir="0" index="1" bw="5" slack="0"/>
<pin id="1504" dir="1" index="2" bw="5" slack="0"/>
</pin_list>
<bind>
<opcode="or(24) " fcode="or"/>
<opset="or_ln321_10/23 "/>
</bind>
</comp>

<comp id="1506" class="1004" name="tmp_31_fu_1506">
<pin_list>
<pin id="1507" dir="0" index="0" bw="64" slack="0"/>
<pin id="1508" dir="0" index="1" bw="1" slack="0"/>
<pin id="1509" dir="0" index="2" bw="5" slack="0"/>
<pin id="1510" dir="1" index="3" bw="64" slack="0"/>
</pin_list>
<bind>
<opcode="bitconcatenate(1004) " fcode="bitconcatenate"/>
<opset="tmp_31/23 "/>
</bind>
</comp>

<comp id="1515" class="1004" name="or_ln321_11_fu_1515">
<pin_list>
<pin id="1516" dir="0" index="0" bw="5" slack="3"/>
<pin id="1517" dir="0" index="1" bw="5" slack="0"/>
<pin id="1518" dir="1" index="2" bw="5" slack="0"/>
</pin_list>
<bind>
<opcode="or(24) " fcode="or"/>
<opset="or_ln321_11/24 "/>
</bind>
</comp>

<comp id="1520" class="1004" name="tmp_32_fu_1520">
<pin_list>
<pin id="1521" dir="0" index="0" bw="64" slack="0"/>
<pin id="1522" dir="0" index="1" bw="1" slack="0"/>
<pin id="1523" dir="0" index="2" bw="5" slack="0"/>
<pin id="1524" dir="1" index="3" bw="64" slack="0"/>
</pin_list>
<bind>
<opcode="bitconcatenate(1004) " fcode="bitconcatenate"/>
<opset="tmp_32/24 "/>
</bind>
</comp>

<comp id="1529" class="1004" name="or_ln321_12_fu_1529">
<pin_list>
<pin id="1530" dir="0" index="0" bw="5" slack="3"/>
<pin id="1531" dir="0" index="1" bw="5" slack="0"/>
<pin id="1532" dir="1" index="2" bw="5" slack="0"/>
</pin_list>
<bind>
<opcode="or(24) " fcode="or"/>
<opset="or_ln321_12/24 "/>
</bind>
</comp>

<comp id="1534" class="1004" name="tmp_33_fu_1534">
<pin_list>
<pin id="1535" dir="0" index="0" bw="64" slack="0"/>
<pin id="1536" dir="0" index="1" bw="1" slack="0"/>
<pin id="1537" dir="0" index="2" bw="5" slack="0"/>
<pin id="1538" dir="1" index="3" bw="64" slack="0"/>
</pin_list>
<bind>
<opcode="bitconcatenate(1004) " fcode="bitconcatenate"/>
<opset="tmp_33/24 "/>
</bind>
</comp>

<comp id="1543" class="1004" name="add_ln209_7_fu_1543">
<pin_list>
<pin id="1544" dir="0" index="0" bw="32" slack="3"/>
<pin id="1545" dir="0" index="1" bw="32" slack="4"/>
<pin id="1546" dir="1" index="2" bw="32" slack="0"/>
</pin_list>
<bind>
<opcode="add(8) " fcode="add"/>
<opset="add_ln209_7/24 "/>
</bind>
</comp>

<comp id="1549" class="1004" name="icmp_ln161_fu_1549">
<pin_list>
<pin id="1550" dir="0" index="0" bw="4" slack="0"/>
<pin id="1551" dir="0" index="1" bw="4" slack="0"/>
<pin id="1552" dir="1" index="2" bw="1" slack="2147483647"/>
</pin_list>
<bind>
<opcode="icmp(45) " fcode="icmp"/>
<opset="icmp_ln161/25 "/>
</bind>
</comp>

<comp id="1555" class="1004" name="i_13_fu_1555">
<pin_list>
<pin id="1556" dir="0" index="0" bw="4" slack="0"/>
<pin id="1557" dir="0" index="1" bw="1" slack="0"/>
<pin id="1558" dir="1" index="2" bw="4" slack="0"/>
</pin_list>
<bind>
<opcode="add(8) " fcode="add"/>
<opset="i_13/25 "/>
</bind>
</comp>

<comp id="1561" class="1004" name="xor_ln321_fu_1561">
<pin_list>
<pin id="1562" dir="0" index="0" bw="4" slack="0"/>
<pin id="1563" dir="0" index="1" bw="4" slack="0"/>
<pin id="1564" dir="1" index="2" bw="4" slack="0"/>
</pin_list>
<bind>
<opcode="xor(25) " fcode="xor"/>
<opset="xor_ln321/25 "/>
</bind>
</comp>

<comp id="1567" class="1004" name="zext_ln321_6_fu_1567">
<pin_list>
<pin id="1568" dir="0" index="0" bw="4" slack="0"/>
<pin id="1569" dir="1" index="1" bw="64" slack="0"/>
</pin_list>
<bind>
<opcode="zext(34) " fcode="zext"/>
<opset="zext_ln321_6/25 "/>
</bind>
</comp>

<comp id="1572" class="1004" name="zext_ln162_fu_1572">
<pin_list>
<pin id="1573" dir="0" index="0" bw="4" slack="1"/>
<pin id="1574" dir="1" index="1" bw="64" slack="0"/>
</pin_list>
<bind>
<opcode="zext(34) " fcode="zext"/>
<opset="zext_ln162/26 "/>
</bind>
</comp>

<comp id="1580" class="1005" name="i_reg_1580">
<pin_list>
<pin id="1581" dir="0" index="0" bw="4" slack="0"/>
<pin id="1582" dir="1" index="1" bw="4" slack="0"/>
</pin_list>
<bind>
<opset="i "/>
</bind>
</comp>

<comp id="1585" class="1005" name="zext_ln80_reg_1585">
<pin_list>
<pin id="1586" dir="0" index="0" bw="64" slack="1"/>
<pin id="1587" dir="1" index="1" bw="64" slack="1"/>
</pin_list>
<bind>
<opset="zext_ln80 "/>
</bind>
</comp>

<comp id="1590" class="1005" name="input_V_addr_reg_1590">
<pin_list>
<pin id="1591" dir="0" index="0" bw="3" slack="1"/>
<pin id="1592" dir="1" index="1" bw="3" slack="1"/>
</pin_list>
<bind>
<opset="input_V_addr "/>
</bind>
</comp>

<comp id="1598" class="1005" name="i_11_reg_1598">
<pin_list>
<pin id="1599" dir="0" index="0" bw="5" slack="0"/>
<pin id="1600" dir="1" index="1" bw="5" slack="0"/>
</pin_list>
<bind>
<opset="i_11 "/>
</bind>
</comp>

<comp id="1603" class="1005" name="zext_ln1598_reg_1603">
<pin_list>
<pin id="1604" dir="0" index="0" bw="7" slack="1"/>
<pin id="1605" dir="1" index="1" bw="7" slack="1"/>
</pin_list>
<bind>
<opset="zext_ln1598 "/>
</bind>
</comp>

<comp id="1611" class="1005" name="j_reg_1611">
<pin_list>
<pin id="1612" dir="0" index="0" bw="2" slack="0"/>
<pin id="1613" dir="1" index="1" bw="2" slack="0"/>
</pin_list>
<bind>
<opset="j "/>
</bind>
</comp>

<comp id="1616" class="1005" name="add_ln321_reg_1616">
<pin_list>
<pin id="1617" dir="0" index="0" bw="7" slack="1"/>
<pin id="1618" dir="1" index="1" bw="7" slack="1"/>
</pin_list>
<bind>
<opset="add_ln321 "/>
</bind>
</comp>

<comp id="1621" class="1005" name="message_V_addr_5_reg_1621">
<pin_list>
<pin id="1622" dir="0" index="0" bw="14" slack="1"/>
<pin id="1623" dir="1" index="1" bw="14" slack="1"/>
</pin_list>
<bind>
<opset="message_V_addr_5 "/>
</bind>
</comp>

<comp id="1629" class="1005" name="i_12_reg_1629">
<pin_list>
<pin id="1630" dir="0" index="0" bw="4" slack="0"/>
<pin id="1631" dir="1" index="1" bw="4" slack="0"/>
</pin_list>
<bind>
<opset="i_12 "/>
</bind>
</comp>

<comp id="1634" class="1005" name="zext_ln111_reg_1634">
<pin_list>
<pin id="1635" dir="0" index="0" bw="64" slack="1"/>
<pin id="1636" dir="1" index="1" bw="64" slack="1"/>
</pin_list>
<bind>
<opset="zext_ln111 "/>
</bind>
</comp>

<comp id="1639" class="1005" name="H_0_V_addr_reg_1639">
<pin_list>
<pin id="1640" dir="0" index="0" bw="3" slack="1"/>
<pin id="1641" dir="1" index="1" bw="3" slack="1"/>
</pin_list>
<bind>
<opset="H_0_V_addr "/>
</bind>
</comp>

<comp id="1647" class="1005" name="add_ln116_reg_1647">
<pin_list>
<pin id="1648" dir="0" index="0" bw="2" slack="4"/>
<pin id="1649" dir="1" index="1" bw="2" slack="4"/>
</pin_list>
<bind>
<opset="add_ln116 "/>
</bind>
</comp>

<comp id="1652" class="1005" name="tmp_18_reg_1652">
<pin_list>
<pin id="1653" dir="0" index="0" bw="5" slack="1"/>
<pin id="1654" dir="1" index="1" bw="5" slack="1"/>
</pin_list>
<bind>
<opset="tmp_18 "/>
</bind>
</comp>

<comp id="1662" class="1005" name="H_V_addr_1_reg_1662">
<pin_list>
<pin id="1663" dir="0" index="0" bw="8" slack="1"/>
<pin id="1664" dir="1" index="1" bw="8" slack="1"/>
</pin_list>
<bind>
<opset="H_V_addr_1 "/>
</bind>
</comp>

<comp id="1667" class="1005" name="H_V_addr_2_reg_1667">
<pin_list>
<pin id="1668" dir="0" index="0" bw="8" slack="1"/>
<pin id="1669" dir="1" index="1" bw="8" slack="1"/>
</pin_list>
<bind>
<opset="H_V_addr_2 "/>
</bind>
</comp>

<comp id="1672" class="1005" name="H_V_addr_3_reg_1672">
<pin_list>
<pin id="1673" dir="0" index="0" bw="8" slack="1"/>
<pin id="1674" dir="1" index="1" bw="8" slack="1"/>
</pin_list>
<bind>
<opset="H_V_addr_3 "/>
</bind>
</comp>

<comp id="1677" class="1005" name="H_V_addr_4_reg_1677">
<pin_list>
<pin id="1678" dir="0" index="0" bw="8" slack="1"/>
<pin id="1679" dir="1" index="1" bw="8" slack="1"/>
</pin_list>
<bind>
<opset="H_V_addr_4 "/>
</bind>
</comp>

<comp id="1682" class="1005" name="a_V_reg_1682">
<pin_list>
<pin id="1683" dir="0" index="0" bw="32" slack="4"/>
<pin id="1684" dir="1" index="1" bw="32" slack="4"/>
</pin_list>
<bind>
<opset="a_V "/>
</bind>
</comp>

<comp id="1688" class="1005" name="b_V_reg_1688">
<pin_list>
<pin id="1689" dir="0" index="0" bw="32" slack="4"/>
<pin id="1690" dir="1" index="1" bw="32" slack="4"/>
</pin_list>
<bind>
<opset="b_V "/>
</bind>
</comp>

<comp id="1694" class="1005" name="H_V_addr_5_reg_1694">
<pin_list>
<pin id="1695" dir="0" index="0" bw="8" slack="1"/>
<pin id="1696" dir="1" index="1" bw="8" slack="1"/>
</pin_list>
<bind>
<opset="H_V_addr_5 "/>
</bind>
</comp>

<comp id="1699" class="1005" name="H_V_addr_6_reg_1699">
<pin_list>
<pin id="1700" dir="0" index="0" bw="8" slack="1"/>
<pin id="1701" dir="1" index="1" bw="8" slack="1"/>
</pin_list>
<bind>
<opset="H_V_addr_6 "/>
</bind>
</comp>

<comp id="1704" class="1005" name="c_V_reg_1704">
<pin_list>
<pin id="1705" dir="0" index="0" bw="32" slack="3"/>
<pin id="1706" dir="1" index="1" bw="32" slack="3"/>
</pin_list>
<bind>
<opset="c_V "/>
</bind>
</comp>

<comp id="1710" class="1005" name="d_V_reg_1710">
<pin_list>
<pin id="1711" dir="0" index="0" bw="32" slack="3"/>
<pin id="1712" dir="1" index="1" bw="32" slack="3"/>
</pin_list>
<bind>
<opset="d_V "/>
</bind>
</comp>

<comp id="1716" class="1005" name="H_V_addr_7_reg_1716">
<pin_list>
<pin id="1717" dir="0" index="0" bw="8" slack="1"/>
<pin id="1718" dir="1" index="1" bw="8" slack="1"/>
</pin_list>
<bind>
<opset="H_V_addr_7 "/>
</bind>
</comp>

<comp id="1721" class="1005" name="H_V_addr_8_reg_1721">
<pin_list>
<pin id="1722" dir="0" index="0" bw="8" slack="1"/>
<pin id="1723" dir="1" index="1" bw="8" slack="1"/>
</pin_list>
<bind>
<opset="H_V_addr_8 "/>
</bind>
</comp>

<comp id="1726" class="1005" name="e_V_reg_1726">
<pin_list>
<pin id="1727" dir="0" index="0" bw="32" slack="2"/>
<pin id="1728" dir="1" index="1" bw="32" slack="2"/>
</pin_list>
<bind>
<opset="e_V "/>
</bind>
</comp>

<comp id="1732" class="1005" name="f_V_reg_1732">
<pin_list>
<pin id="1733" dir="0" index="0" bw="32" slack="2"/>
<pin id="1734" dir="1" index="1" bw="32" slack="2"/>
</pin_list>
<bind>
<opset="f_V "/>
</bind>
</comp>

<comp id="1738" class="1005" name="zext_ln116_2_reg_1738">
<pin_list>
<pin id="1739" dir="0" index="0" bw="7" slack="1"/>
<pin id="1740" dir="1" index="1" bw="7" slack="1"/>
</pin_list>
<bind>
<opset="zext_ln116_2 "/>
</bind>
</comp>

<comp id="1743" class="1005" name="g_V_reg_1743">
<pin_list>
<pin id="1744" dir="0" index="0" bw="32" slack="1"/>
<pin id="1745" dir="1" index="1" bw="32" slack="1"/>
</pin_list>
<bind>
<opset="g_V "/>
</bind>
</comp>

<comp id="1749" class="1005" name="h_V_reg_1749">
<pin_list>
<pin id="1750" dir="0" index="0" bw="32" slack="1"/>
<pin id="1751" dir="1" index="1" bw="32" slack="1"/>
</pin_list>
<bind>
<opset="h_V "/>
</bind>
</comp>

<comp id="1758" class="1005" name="j_2_reg_1758">
<pin_list>
<pin id="1759" dir="0" index="0" bw="7" slack="0"/>
<pin id="1760" dir="1" index="1" bw="7" slack="0"/>
</pin_list>
<bind>
<opset="j_2 "/>
</bind>
</comp>

<comp id="1763" class="1005" name="ch_V_reg_1763">
<pin_list>
<pin id="1764" dir="0" index="0" bw="32" slack="3"/>
<pin id="1765" dir="1" index="1" bw="32" slack="3"/>
</pin_list>
<bind>
<opset="ch_V "/>
</bind>
</comp>

<comp id="1768" class="1005" name="maj_V_reg_1768">
<pin_list>
<pin id="1769" dir="0" index="0" bw="32" slack="6"/>
<pin id="1770" dir="1" index="1" bw="32" slack="6"/>
</pin_list>
<bind>
<opset="maj_V "/>
</bind>
</comp>

<comp id="1773" class="1005" name="ret_V_42_reg_1773">
<pin_list>
<pin id="1774" dir="0" index="0" bw="32" slack="6"/>
<pin id="1775" dir="1" index="1" bw="32" slack="6"/>
</pin_list>
<bind>
<opset="ret_V_42 "/>
</bind>
</comp>

<comp id="1778" class="1005" name="ret_V_46_reg_1778">
<pin_list>
<pin id="1779" dir="0" index="0" bw="32" slack="3"/>
<pin id="1780" dir="1" index="1" bw="32" slack="3"/>
</pin_list>
<bind>
<opset="ret_V_46 "/>
</bind>
</comp>

<comp id="1783" class="1005" name="icmp_ln134_reg_1783">
<pin_list>
<pin id="1784" dir="0" index="0" bw="1" slack="3"/>
<pin id="1785" dir="1" index="1" bw="1" slack="2147483647"/>
</pin_list>
<bind>
<opset="icmp_ln134 "/>
</bind>
</comp>

<comp id="1787" class="1005" name="zext_ln135_reg_1787">
<pin_list>
<pin id="1788" dir="0" index="0" bw="64" slack="1"/>
<pin id="1789" dir="1" index="1" bw="64" slack="1"/>
</pin_list>
<bind>
<opset="zext_ln135 "/>
</bind>
</comp>

<comp id="1795" class="1005" name="M_V_addr_1_reg_1795">
<pin_list>
<pin id="1796" dir="0" index="0" bw="9" slack="1"/>
<pin id="1797" dir="1" index="1" bw="9" slack="1"/>
</pin_list>
<bind>
<opset="M_V_addr_1 "/>
</bind>
</comp>

<comp id="1800" class="1005" name="W_V_addr_1_reg_1800">
<pin_list>
<pin id="1801" dir="0" index="0" bw="6" slack="1"/>
<pin id="1802" dir="1" index="1" bw="6" slack="1"/>
</pin_list>
<bind>
<opset="W_V_addr_1 "/>
</bind>
</comp>

<comp id="1805" class="1005" name="W_V_addr_2_reg_1805">
<pin_list>
<pin id="1806" dir="0" index="0" bw="6" slack="1"/>
<pin id="1807" dir="1" index="1" bw="6" slack="1"/>
</pin_list>
<bind>
<opset="W_V_addr_2 "/>
</bind>
</comp>

<comp id="1810" class="1005" name="tmp_26_reg_1810">
<pin_list>
<pin id="1811" dir="0" index="0" bw="5" slack="1"/>
<pin id="1812" dir="1" index="1" bw="5" slack="1"/>
</pin_list>
<bind>
<opset="tmp_26 "/>
</bind>
</comp>

<comp id="1820" class="1005" name="add_ln209_2_reg_1820">
<pin_list>
<pin id="1821" dir="0" index="0" bw="32" slack="1"/>
<pin id="1822" dir="1" index="1" bw="32" slack="1"/>
</pin_list>
<bind>
<opset="add_ln209_2 "/>
</bind>
</comp>

<comp id="1825" class="1005" name="add_ln209_4_reg_1825">
<pin_list>
<pin id="1826" dir="0" index="0" bw="32" slack="2"/>
<pin id="1827" dir="1" index="1" bw="32" slack="2"/>
</pin_list>
<bind>
<opset="add_ln209_4 "/>
</bind>
</comp>

<comp id="1830" class="1005" name="add_ln209_5_reg_1830">
<pin_list>
<pin id="1831" dir="0" index="0" bw="32" slack="2"/>
<pin id="1832" dir="1" index="1" bw="32" slack="2"/>
</pin_list>
<bind>
<opset="add_ln209_5 "/>
</bind>
</comp>

<comp id="1835" class="1005" name="add_ln209_6_reg_1835">
<pin_list>
<pin id="1836" dir="0" index="0" bw="32" slack="3"/>
<pin id="1837" dir="1" index="1" bw="32" slack="3"/>
</pin_list>
<bind>
<opset="add_ln209_6 "/>
</bind>
</comp>

<comp id="1840" class="1005" name="i_14_reg_1840">
<pin_list>
<pin id="1841" dir="0" index="0" bw="2" slack="1"/>
<pin id="1842" dir="1" index="1" bw="2" slack="1"/>
</pin_list>
<bind>
<opset="i_14 "/>
</bind>
</comp>

<comp id="1845" class="1005" name="W_V_load_1_reg_1845">
<pin_list>
<pin id="1846" dir="0" index="0" bw="32" slack="2"/>
<pin id="1847" dir="1" index="1" bw="32" slack="2"/>
</pin_list>
<bind>
<opset="W_V_load_1 "/>
</bind>
</comp>

<comp id="1850" class="1005" name="W_V_addr_3_reg_1850">
<pin_list>
<pin id="1851" dir="0" index="0" bw="6" slack="1"/>
<pin id="1852" dir="1" index="1" bw="6" slack="1"/>
</pin_list>
<bind>
<opset="W_V_addr_3 "/>
</bind>
</comp>

<comp id="1855" class="1005" name="W_V_addr_4_reg_1855">
<pin_list>
<pin id="1856" dir="0" index="0" bw="6" slack="1"/>
<pin id="1857" dir="1" index="1" bw="6" slack="1"/>
</pin_list>
<bind>
<opset="W_V_addr_4 "/>
</bind>
</comp>

<comp id="1860" class="1005" name="add_ln209_19_reg_1860">
<pin_list>
<pin id="1861" dir="0" index="0" bw="32" slack="1"/>
<pin id="1862" dir="1" index="1" bw="32" slack="1"/>
</pin_list>
<bind>
<opset="add_ln209_19 "/>
</bind>
</comp>

<comp id="1865" class="1005" name="add_ln209_22_reg_1865">
<pin_list>
<pin id="1866" dir="0" index="0" bw="32" slack="2"/>
<pin id="1867" dir="1" index="1" bw="32" slack="2"/>
</pin_list>
<bind>
<opset="add_ln209_22 "/>
</bind>
</comp>

<comp id="1870" class="1005" name="K_addr_reg_1870">
<pin_list>
<pin id="1871" dir="0" index="0" bw="6" slack="1"/>
<pin id="1872" dir="1" index="1" bw="6" slack="1"/>
</pin_list>
<bind>
<opset="K_addr "/>
</bind>
</comp>

<comp id="1875" class="1005" name="W_V_addr_6_reg_1875">
<pin_list>
<pin id="1876" dir="0" index="0" bw="6" slack="1"/>
<pin id="1877" dir="1" index="1" bw="6" slack="1"/>
</pin_list>
<bind>
<opset="W_V_addr_6 "/>
</bind>
</comp>

<comp id="1880" class="1005" name="T1_V_reg_1880">
<pin_list>
<pin id="1881" dir="0" index="0" bw="32" slack="1"/>
<pin id="1882" dir="1" index="1" bw="32" slack="1"/>
</pin_list>
<bind>
<opset="T1_V "/>
</bind>
</comp>

<comp id="1886" class="1005" name="e_V_2_reg_1886">
<pin_list>
<pin id="1887" dir="0" index="0" bw="32" slack="1"/>
<pin id="1888" dir="1" index="1" bw="32" slack="1"/>
</pin_list>
<bind>
<opset="e_V_2 "/>
</bind>
</comp>

<comp id="1891" class="1005" name="a_V_2_reg_1891">
<pin_list>
<pin id="1892" dir="0" index="0" bw="32" slack="1"/>
<pin id="1893" dir="1" index="1" bw="32" slack="1"/>
</pin_list>
<bind>
<opset="a_V_2 "/>
</bind>
</comp>

<comp id="1899" class="1005" name="i_13_reg_1899">
<pin_list>
<pin id="1900" dir="0" index="0" bw="4" slack="0"/>
<pin id="1901" dir="1" index="1" bw="4" slack="0"/>
</pin_list>
<bind>
<opset="i_13 "/>
</bind>
</comp>

<comp id="1904" class="1005" name="H_V_addr_9_reg_1904">
<pin_list>
<pin id="1905" dir="0" index="0" bw="8" slack="1"/>
<pin id="1906" dir="1" index="1" bw="8" slack="1"/>
</pin_list>
<bind>
<opset="H_V_addr_9 "/>
</bind>
</comp>

</comp_list>

<net_list>
<net id="169"><net_src comp="8" pin="0"/><net_sink comp="166" pin=0"/></net>

<net id="173"><net_src comp="8" pin="0"/><net_sink comp="170" pin=0"/></net>

<net id="177"><net_src comp="8" pin="0"/><net_sink comp="174" pin=0"/></net>

<net id="181"><net_src comp="8" pin="0"/><net_sink comp="178" pin=0"/></net>

<net id="187"><net_src comp="0" pin="0"/><net_sink comp="182" pin=0"/></net>

<net id="188"><net_src comp="20" pin="0"/><net_sink comp="182" pin=1"/></net>

<net id="194"><net_src comp="182" pin="3"/><net_sink comp="189" pin=0"/></net>

<net id="200"><net_src comp="20" pin="0"/><net_sink comp="195" pin=1"/></net>

<net id="201"><net_src comp="22" pin="0"/><net_sink comp="195" pin=2"/></net>

<net id="207"><net_src comp="24" pin="0"/><net_sink comp="202" pin=1"/></net>

<net id="208"><net_src comp="195" pin="3"/><net_sink comp="202" pin=0"/></net>

<net id="214"><net_src comp="20" pin="0"/><net_sink comp="209" pin=1"/></net>

<net id="215"><net_src comp="26" pin="0"/><net_sink comp="209" pin=2"/></net>

<net id="220"><net_src comp="28" pin="0"/><net_sink comp="202" pin=4"/></net>

<net id="221"><net_src comp="209" pin="3"/><net_sink comp="202" pin=2"/></net>

<net id="227"><net_src comp="20" pin="0"/><net_sink comp="222" pin=1"/></net>

<net id="228"><net_src comp="189" pin="3"/><net_sink comp="202" pin=1"/></net>

<net id="229"><net_src comp="222" pin="3"/><net_sink comp="202" pin=0"/></net>

<net id="235"><net_src comp="20" pin="0"/><net_sink comp="230" pin=1"/></net>

<net id="236"><net_src comp="230" pin="3"/><net_sink comp="202" pin=2"/></net>

<net id="242"><net_src comp="20" pin="0"/><net_sink comp="237" pin=1"/></net>

<net id="248"><net_src comp="202" pin="7"/><net_sink comp="243" pin=1"/></net>

<net id="249"><net_src comp="237" pin="3"/><net_sink comp="243" pin=0"/></net>

<net id="255"><net_src comp="4" pin="0"/><net_sink comp="250" pin=0"/></net>

<net id="256"><net_src comp="20" pin="0"/><net_sink comp="250" pin=1"/></net>

<net id="262"><net_src comp="250" pin="3"/><net_sink comp="257" pin=0"/></net>

<net id="268"><net_src comp="20" pin="0"/><net_sink comp="263" pin=1"/></net>

<net id="274"><net_src comp="257" pin="3"/><net_sink comp="269" pin=1"/></net>

<net id="275"><net_src comp="263" pin="3"/><net_sink comp="269" pin=0"/></net>

<net id="281"><net_src comp="20" pin="0"/><net_sink comp="276" pin=1"/></net>

<net id="287"><net_src comp="20" pin="0"/><net_sink comp="282" pin=1"/></net>

<net id="288"><net_src comp="276" pin="3"/><net_sink comp="269" pin=0"/></net>

<net id="293"><net_src comp="282" pin="3"/><net_sink comp="269" pin=2"/></net>

<net id="299"><net_src comp="20" pin="0"/><net_sink comp="294" pin=1"/></net>

<net id="305"><net_src comp="20" pin="0"/><net_sink comp="300" pin=1"/></net>

<net id="306"><net_src comp="294" pin="3"/><net_sink comp="269" pin=2"/></net>

<net id="307"><net_src comp="300" pin="3"/><net_sink comp="269" pin=0"/></net>

<net id="313"><net_src comp="20" pin="0"/><net_sink comp="308" pin=1"/></net>

<net id="319"><net_src comp="20" pin="0"/><net_sink comp="314" pin=1"/></net>

<net id="320"><net_src comp="308" pin="3"/><net_sink comp="269" pin=2"/></net>

<net id="321"><net_src comp="314" pin="3"/><net_sink comp="269" pin=0"/></net>

<net id="327"><net_src comp="20" pin="0"/><net_sink comp="322" pin=1"/></net>

<net id="333"><net_src comp="20" pin="0"/><net_sink comp="328" pin=1"/></net>

<net id="334"><net_src comp="322" pin="3"/><net_sink comp="269" pin=2"/></net>

<net id="335"><net_src comp="328" pin="3"/><net_sink comp="269" pin=0"/></net>

<net id="341"><net_src comp="20" pin="0"/><net_sink comp="336" pin=1"/></net>

<net id="347"><net_src comp="20" pin="0"/><net_sink comp="342" pin=1"/></net>

<net id="353"><net_src comp="342" pin="3"/><net_sink comp="348" pin=0"/></net>

<net id="359"><net_src comp="20" pin="0"/><net_sink comp="354" pin=1"/></net>

<net id="364"><net_src comp="354" pin="3"/><net_sink comp="348" pin=2"/></net>

<net id="365"><net_src comp="336" pin="3"/><net_sink comp="243" pin=0"/></net>

<net id="371"><net_src comp="20" pin="0"/><net_sink comp="366" pin=1"/></net>

<net id="377"><net_src comp="20" pin="0"/><net_sink comp="372" pin=1"/></net>

<net id="378"><net_src comp="366" pin="3"/><net_sink comp="269" pin=2"/></net>

<net id="379"><net_src comp="372" pin="3"/><net_sink comp="269" pin=0"/></net>

<net id="385"><net_src comp="20" pin="0"/><net_sink comp="380" pin=1"/></net>

<net id="386"><net_src comp="380" pin="3"/><net_sink comp="348" pin=0"/></net>

<net id="392"><net_src comp="20" pin="0"/><net_sink comp="387" pin=1"/></net>

<net id="393"><net_src comp="387" pin="3"/><net_sink comp="348" pin=2"/></net>

<net id="399"><net_src comp="20" pin="0"/><net_sink comp="394" pin=1"/></net>

<net id="400"><net_src comp="394" pin="3"/><net_sink comp="348" pin=0"/></net>

<net id="406"><net_src comp="20" pin="0"/><net_sink comp="401" pin=1"/></net>

<net id="407"><net_src comp="243" pin="3"/><net_sink comp="348" pin=4"/></net>

<net id="408"><net_src comp="401" pin="3"/><net_sink comp="348" pin=2"/></net>

<net id="414"><net_src comp="6" pin="0"/><net_sink comp="409" pin=0"/></net>

<net id="415"><net_src comp="20" pin="0"/><net_sink comp="409" pin=1"/></net>

<net id="421"><net_src comp="409" pin="3"/><net_sink comp="416" pin=0"/></net>

<net id="427"><net_src comp="20" pin="0"/><net_sink comp="422" pin=1"/></net>

<net id="428"><net_src comp="422" pin="3"/><net_sink comp="348" pin=0"/></net>

<net id="434"><net_src comp="20" pin="0"/><net_sink comp="429" pin=1"/></net>

<net id="440"><net_src comp="20" pin="0"/><net_sink comp="435" pin=1"/></net>

<net id="441"><net_src comp="429" pin="3"/><net_sink comp="269" pin=2"/></net>

<net id="442"><net_src comp="435" pin="3"/><net_sink comp="269" pin=0"/></net>

<net id="448"><net_src comp="20" pin="0"/><net_sink comp="443" pin=1"/></net>

<net id="454"><net_src comp="20" pin="0"/><net_sink comp="449" pin=1"/></net>

<net id="455"><net_src comp="443" pin="3"/><net_sink comp="269" pin=2"/></net>

<net id="456"><net_src comp="449" pin="3"/><net_sink comp="269" pin=0"/></net>

<net id="462"><net_src comp="20" pin="0"/><net_sink comp="457" pin=1"/></net>

<net id="468"><net_src comp="20" pin="0"/><net_sink comp="463" pin=1"/></net>

<net id="469"><net_src comp="457" pin="3"/><net_sink comp="269" pin=2"/></net>

<net id="470"><net_src comp="463" pin="3"/><net_sink comp="269" pin=0"/></net>

<net id="476"><net_src comp="20" pin="0"/><net_sink comp="471" pin=1"/></net>

<net id="477"><net_src comp="471" pin="3"/><net_sink comp="269" pin=2"/></net>

<net id="483"><net_src comp="2" pin="0"/><net_sink comp="478" pin=0"/></net>

<net id="484"><net_src comp="20" pin="0"/><net_sink comp="478" pin=1"/></net>

<net id="490"><net_src comp="269" pin="7"/><net_sink comp="485" pin=1"/></net>

<net id="491"><net_src comp="478" pin="3"/><net_sink comp="485" pin=0"/></net>

<net id="495"><net_src comp="10" pin="0"/><net_sink comp="492" pin=0"/></net>

<net id="502"><net_src comp="492" pin="1"/><net_sink comp="496" pin=2"/></net>

<net id="506"><net_src comp="30" pin="0"/><net_sink comp="503" pin=0"/></net>

<net id="513"><net_src comp="503" pin="1"/><net_sink comp="507" pin=0"/></net>

<net id="514"><net_src comp="507" pin="4"/><net_sink comp="503" pin=0"/></net>

<net id="518"><net_src comp="38" pin="0"/><net_sink comp="515" pin=0"/></net>

<net id="525"><net_src comp="515" pin="1"/><net_sink comp="519" pin=2"/></net>

<net id="529"><net_src comp="10" pin="0"/><net_sink comp="526" pin=0"/></net>

<net id="536"><net_src comp="526" pin="1"/><net_sink comp="530" pin=2"/></net>

<net id="540"><net_src comp="44" pin="0"/><net_sink comp="537" pin=0"/></net>

<net id="547"><net_src comp="537" pin="1"/><net_sink comp="541" pin=2"/></net>

<net id="548"><net_src comp="541" pin="4"/><net_sink comp="537" pin=0"/></net>

<net id="558"><net_src comp="552" pin="4"/><net_sink comp="549" pin=0"/></net>

<net id="568"><net_src comp="549" pin="1"/><net_sink comp="562" pin=0"/></net>

<net id="569"><net_src comp="562" pin="4"/><net_sink comp="559" pin=0"/></net>

<net id="579"><net_src comp="559" pin="1"/><net_sink comp="573" pin=0"/></net>

<net id="580"><net_src comp="573" pin="4"/><net_sink comp="570" pin=0"/></net>

<net id="590"><net_src comp="570" pin="1"/><net_sink comp="584" pin=0"/></net>

<net id="591"><net_src comp="584" pin="4"/><net_sink comp="581" pin=0"/></net>

<net id="601"><net_src comp="595" pin="4"/><net_sink comp="592" pin=0"/></net>

<net id="611"><net_src comp="592" pin="1"/><net_sink comp="605" pin=0"/></net>

<net id="612"><net_src comp="605" pin="4"/><net_sink comp="602" pin=0"/></net>

<net id="622"><net_src comp="602" pin="1"/><net_sink comp="616" pin=0"/></net>

<net id="623"><net_src comp="616" pin="4"/><net_sink comp="613" pin=0"/></net>

<net id="633"><net_src comp="613" pin="1"/><net_sink comp="627" pin=0"/></net>

<net id="634"><net_src comp="627" pin="4"/><net_sink comp="624" pin=0"/></net>

<net id="638"><net_src comp="74" pin="0"/><net_sink comp="635" pin=0"/></net>

<net id="645"><net_src comp="635" pin="1"/><net_sink comp="639" pin=2"/></net>

<net id="646"><net_src comp="639" pin="4"/><net_sink comp="635" pin=0"/></net>

<net id="650"><net_src comp="10" pin="0"/><net_sink comp="647" pin=0"/></net>

<net id="657"><net_src comp="647" pin="1"/><net_sink comp="651" pin=2"/></net>

<net id="658"><net_src comp="651" pin="4"/><net_sink comp="647" pin=0"/></net>

<net id="662"><net_src comp="348" pin="3"/><net_sink comp="659" pin=0"/></net>

<net id="663"><net_src comp="348" pin="7"/><net_sink comp="659" pin=0"/></net>

<net id="668"><net_src comp="496" pin="4"/><net_sink comp="664" pin=0"/></net>

<net id="669"><net_src comp="16" pin="0"/><net_sink comp="664" pin=1"/></net>

<net id="674"><net_src comp="496" pin="4"/><net_sink comp="670" pin=0"/></net>

<net id="675"><net_src comp="18" pin="0"/><net_sink comp="670" pin=1"/></net>

<net id="679"><net_src comp="496" pin="4"/><net_sink comp="676" pin=0"/></net>

<net id="680"><net_src comp="676" pin="1"/><net_sink comp="182" pin=2"/></net>

<net id="685"><net_src comp="507" pin="4"/><net_sink comp="681" pin=0"/></net>

<net id="686"><net_src comp="32" pin="0"/><net_sink comp="681" pin=1"/></net>

<net id="691"><net_src comp="507" pin="4"/><net_sink comp="687" pin=0"/></net>

<net id="692"><net_src comp="36" pin="0"/><net_sink comp="687" pin=1"/></net>

<net id="696"><net_src comp="507" pin="4"/><net_sink comp="693" pin=0"/></net>

<net id="701"><net_src comp="519" pin="4"/><net_sink comp="697" pin=0"/></net>

<net id="702"><net_src comp="40" pin="0"/><net_sink comp="697" pin=1"/></net>

<net id="707"><net_src comp="519" pin="4"/><net_sink comp="703" pin=0"/></net>

<net id="708"><net_src comp="44" pin="0"/><net_sink comp="703" pin=1"/></net>

<net id="714"><net_src comp="46" pin="0"/><net_sink comp="709" pin=0"/></net>

<net id="715"><net_src comp="519" pin="4"/><net_sink comp="709" pin=1"/></net>

<net id="716"><net_src comp="10" pin="0"/><net_sink comp="709" pin=2"/></net>

<net id="720"><net_src comp="709" pin="3"/><net_sink comp="717" pin=0"/></net>

<net id="725"><net_src comp="717" pin="1"/><net_sink comp="721" pin=0"/></net>

<net id="729"><net_src comp="519" pin="4"/><net_sink comp="726" pin=0"/></net>

<net id="735"><net_src comp="48" pin="0"/><net_sink comp="730" pin=0"/></net>

<net id="736"><net_src comp="726" pin="1"/><net_sink comp="730" pin=1"/></net>

<net id="737"><net_src comp="10" pin="0"/><net_sink comp="730" pin=2"/></net>

<net id="742"><net_src comp="730" pin="3"/><net_sink comp="738" pin=0"/></net>

<net id="743"><net_src comp="503" pin="1"/><net_sink comp="738" pin=1"/></net>

<net id="747"><net_src comp="738" pin="2"/><net_sink comp="744" pin=0"/></net>

<net id="748"><net_src comp="744" pin="1"/><net_sink comp="230" pin=2"/></net>

<net id="752"><net_src comp="749" pin="1"/><net_sink comp="237" pin=2"/></net>

<net id="757"><net_src comp="530" pin="4"/><net_sink comp="753" pin=0"/></net>

<net id="758"><net_src comp="50" pin="0"/><net_sink comp="753" pin=1"/></net>

<net id="763"><net_src comp="530" pin="4"/><net_sink comp="759" pin=0"/></net>

<net id="764"><net_src comp="18" pin="0"/><net_sink comp="759" pin=1"/></net>

<net id="768"><net_src comp="530" pin="4"/><net_sink comp="765" pin=0"/></net>

<net id="769"><net_src comp="765" pin="1"/><net_sink comp="250" pin=2"/></net>

<net id="774"><net_src comp="541" pin="4"/><net_sink comp="770" pin=0"/></net>

<net id="775"><net_src comp="40" pin="0"/><net_sink comp="770" pin=1"/></net>

<net id="780"><net_src comp="541" pin="4"/><net_sink comp="776" pin=0"/></net>

<net id="781"><net_src comp="52" pin="0"/><net_sink comp="776" pin=1"/></net>

<net id="787"><net_src comp="54" pin="0"/><net_sink comp="782" pin=0"/></net>

<net id="788"><net_src comp="776" pin="2"/><net_sink comp="782" pin=1"/></net>

<net id="789"><net_src comp="56" pin="0"/><net_sink comp="782" pin=2"/></net>

<net id="793"><net_src comp="782" pin="3"/><net_sink comp="790" pin=0"/></net>

<net id="794"><net_src comp="790" pin="1"/><net_sink comp="276" pin=2"/></net>

<net id="799"><net_src comp="782" pin="3"/><net_sink comp="795" pin=0"/></net>

<net id="800"><net_src comp="36" pin="0"/><net_sink comp="795" pin=1"/></net>

<net id="806"><net_src comp="58" pin="0"/><net_sink comp="801" pin=0"/></net>

<net id="807"><net_src comp="60" pin="0"/><net_sink comp="801" pin=1"/></net>

<net id="808"><net_src comp="795" pin="2"/><net_sink comp="801" pin=2"/></net>

<net id="809"><net_src comp="801" pin="3"/><net_sink comp="282" pin=2"/></net>

<net id="814"><net_src comp="62" pin="0"/><net_sink comp="810" pin=1"/></net>

<net id="820"><net_src comp="58" pin="0"/><net_sink comp="815" pin=0"/></net>

<net id="821"><net_src comp="60" pin="0"/><net_sink comp="815" pin=1"/></net>

<net id="822"><net_src comp="810" pin="2"/><net_sink comp="815" pin=2"/></net>

<net id="823"><net_src comp="815" pin="3"/><net_sink comp="294" pin=2"/></net>

<net id="828"><net_src comp="64" pin="0"/><net_sink comp="824" pin=1"/></net>

<net id="834"><net_src comp="58" pin="0"/><net_sink comp="829" pin=0"/></net>

<net id="835"><net_src comp="60" pin="0"/><net_sink comp="829" pin=1"/></net>

<net id="836"><net_src comp="824" pin="2"/><net_sink comp="829" pin=2"/></net>

<net id="837"><net_src comp="829" pin="3"/><net_sink comp="300" pin=2"/></net>

<net id="842"><net_src comp="66" pin="0"/><net_sink comp="838" pin=1"/></net>

<net id="848"><net_src comp="58" pin="0"/><net_sink comp="843" pin=0"/></net>

<net id="849"><net_src comp="60" pin="0"/><net_sink comp="843" pin=1"/></net>

<net id="850"><net_src comp="838" pin="2"/><net_sink comp="843" pin=2"/></net>

<net id="851"><net_src comp="843" pin="3"/><net_sink comp="308" pin=2"/></net>

<net id="856"><net_src comp="68" pin="0"/><net_sink comp="852" pin=1"/></net>

<net id="862"><net_src comp="58" pin="0"/><net_sink comp="857" pin=0"/></net>

<net id="863"><net_src comp="60" pin="0"/><net_sink comp="857" pin=1"/></net>

<net id="864"><net_src comp="852" pin="2"/><net_sink comp="857" pin=2"/></net>

<net id="865"><net_src comp="857" pin="3"/><net_sink comp="314" pin=2"/></net>

<net id="870"><net_src comp="70" pin="0"/><net_sink comp="866" pin=1"/></net>

<net id="876"><net_src comp="58" pin="0"/><net_sink comp="871" pin=0"/></net>

<net id="877"><net_src comp="60" pin="0"/><net_sink comp="871" pin=1"/></net>

<net id="878"><net_src comp="866" pin="2"/><net_sink comp="871" pin=2"/></net>

<net id="879"><net_src comp="871" pin="3"/><net_sink comp="322" pin=2"/></net>

<net id="884"><net_src comp="72" pin="0"/><net_sink comp="880" pin=1"/></net>

<net id="890"><net_src comp="58" pin="0"/><net_sink comp="885" pin=0"/></net>

<net id="891"><net_src comp="60" pin="0"/><net_sink comp="885" pin=1"/></net>

<net id="892"><net_src comp="880" pin="2"/><net_sink comp="885" pin=2"/></net>

<net id="893"><net_src comp="885" pin="3"/><net_sink comp="328" pin=2"/></net>

<net id="899"><net_src comp="46" pin="0"/><net_sink comp="894" pin=0"/></net>

<net id="900"><net_src comp="10" pin="0"/><net_sink comp="894" pin=2"/></net>

<net id="904"><net_src comp="894" pin="3"/><net_sink comp="901" pin=0"/></net>

<net id="909"><net_src comp="639" pin="4"/><net_sink comp="905" pin=0"/></net>

<net id="910"><net_src comp="76" pin="0"/><net_sink comp="905" pin=1"/></net>

<net id="915"><net_src comp="639" pin="4"/><net_sink comp="911" pin=0"/></net>

<net id="916"><net_src comp="80" pin="0"/><net_sink comp="911" pin=1"/></net>

<net id="921"><net_src comp="605" pin="4"/><net_sink comp="917" pin=0"/></net>

<net id="922"><net_src comp="595" pin="4"/><net_sink comp="917" pin=1"/></net>

<net id="927"><net_src comp="595" pin="4"/><net_sink comp="923" pin=0"/></net>

<net id="928"><net_src comp="82" pin="0"/><net_sink comp="923" pin=1"/></net>

<net id="933"><net_src comp="616" pin="4"/><net_sink comp="929" pin=0"/></net>

<net id="934"><net_src comp="923" pin="2"/><net_sink comp="929" pin=1"/></net>

<net id="939"><net_src comp="929" pin="2"/><net_sink comp="935" pin=0"/></net>

<net id="940"><net_src comp="917" pin="2"/><net_sink comp="935" pin=1"/></net>

<net id="945"><net_src comp="573" pin="4"/><net_sink comp="941" pin=0"/></net>

<net id="946"><net_src comp="562" pin="4"/><net_sink comp="941" pin=1"/></net>

<net id="951"><net_src comp="941" pin="2"/><net_sink comp="947" pin=0"/></net>

<net id="952"><net_src comp="552" pin="4"/><net_sink comp="947" pin=1"/></net>

<net id="957"><net_src comp="573" pin="4"/><net_sink comp="953" pin=0"/></net>

<net id="958"><net_src comp="562" pin="4"/><net_sink comp="953" pin=1"/></net>

<net id="963"><net_src comp="947" pin="2"/><net_sink comp="959" pin=0"/></net>

<net id="964"><net_src comp="953" pin="2"/><net_sink comp="959" pin=1"/></net>

<net id="971"><net_src comp="84" pin="0"/><net_sink comp="965" pin=0"/></net>

<net id="972"><net_src comp="552" pin="4"/><net_sink comp="965" pin=1"/></net>

<net id="973"><net_src comp="86" pin="0"/><net_sink comp="965" pin=2"/></net>

<net id="974"><net_src comp="88" pin="0"/><net_sink comp="965" pin=3"/></net>

<net id="978"><net_src comp="552" pin="4"/><net_sink comp="975" pin=0"/></net>

<net id="984"><net_src comp="90" pin="0"/><net_sink comp="979" pin=0"/></net>

<net id="985"><net_src comp="975" pin="1"/><net_sink comp="979" pin=1"/></net>

<net id="986"><net_src comp="965" pin="4"/><net_sink comp="979" pin=2"/></net>

<net id="993"><net_src comp="92" pin="0"/><net_sink comp="987" pin=0"/></net>

<net id="994"><net_src comp="552" pin="4"/><net_sink comp="987" pin=1"/></net>

<net id="995"><net_src comp="94" pin="0"/><net_sink comp="987" pin=2"/></net>

<net id="996"><net_src comp="88" pin="0"/><net_sink comp="987" pin=3"/></net>

<net id="1000"><net_src comp="552" pin="4"/><net_sink comp="997" pin=0"/></net>

<net id="1006"><net_src comp="96" pin="0"/><net_sink comp="1001" pin=0"/></net>

<net id="1007"><net_src comp="997" pin="1"/><net_sink comp="1001" pin=1"/></net>

<net id="1008"><net_src comp="987" pin="4"/><net_sink comp="1001" pin=2"/></net>

<net id="1015"><net_src comp="98" pin="0"/><net_sink comp="1009" pin=0"/></net>

<net id="1016"><net_src comp="552" pin="4"/><net_sink comp="1009" pin=1"/></net>

<net id="1017"><net_src comp="100" pin="0"/><net_sink comp="1009" pin=2"/></net>

<net id="1018"><net_src comp="88" pin="0"/><net_sink comp="1009" pin=3"/></net>

<net id="1022"><net_src comp="552" pin="4"/><net_sink comp="1019" pin=0"/></net>

<net id="1028"><net_src comp="102" pin="0"/><net_sink comp="1023" pin=0"/></net>

<net id="1029"><net_src comp="1019" pin="1"/><net_sink comp="1023" pin=1"/></net>

<net id="1030"><net_src comp="1009" pin="4"/><net_sink comp="1023" pin=2"/></net>

<net id="1035"><net_src comp="979" pin="3"/><net_sink comp="1031" pin=0"/></net>

<net id="1036"><net_src comp="1023" pin="3"/><net_sink comp="1031" pin=1"/></net>

<net id="1041"><net_src comp="1031" pin="2"/><net_sink comp="1037" pin=0"/></net>

<net id="1042"><net_src comp="1001" pin="3"/><net_sink comp="1037" pin=1"/></net>

<net id="1049"><net_src comp="104" pin="0"/><net_sink comp="1043" pin=0"/></net>

<net id="1050"><net_src comp="595" pin="4"/><net_sink comp="1043" pin=1"/></net>

<net id="1051"><net_src comp="106" pin="0"/><net_sink comp="1043" pin=2"/></net>

<net id="1052"><net_src comp="88" pin="0"/><net_sink comp="1043" pin=3"/></net>

<net id="1056"><net_src comp="595" pin="4"/><net_sink comp="1053" pin=0"/></net>

<net id="1062"><net_src comp="108" pin="0"/><net_sink comp="1057" pin=0"/></net>

<net id="1063"><net_src comp="1053" pin="1"/><net_sink comp="1057" pin=1"/></net>

<net id="1064"><net_src comp="1043" pin="4"/><net_sink comp="1057" pin=2"/></net>

<net id="1071"><net_src comp="110" pin="0"/><net_sink comp="1065" pin=0"/></net>

<net id="1072"><net_src comp="595" pin="4"/><net_sink comp="1065" pin=1"/></net>

<net id="1073"><net_src comp="112" pin="0"/><net_sink comp="1065" pin=2"/></net>

<net id="1074"><net_src comp="88" pin="0"/><net_sink comp="1065" pin=3"/></net>

<net id="1078"><net_src comp="595" pin="4"/><net_sink comp="1075" pin=0"/></net>

<net id="1084"><net_src comp="114" pin="0"/><net_sink comp="1079" pin=0"/></net>

<net id="1085"><net_src comp="1075" pin="1"/><net_sink comp="1079" pin=1"/></net>

<net id="1086"><net_src comp="1065" pin="4"/><net_sink comp="1079" pin=2"/></net>

<net id="1093"><net_src comp="116" pin="0"/><net_sink comp="1087" pin=0"/></net>

<net id="1094"><net_src comp="595" pin="4"/><net_sink comp="1087" pin=1"/></net>

<net id="1095"><net_src comp="118" pin="0"/><net_sink comp="1087" pin=2"/></net>

<net id="1096"><net_src comp="88" pin="0"/><net_sink comp="1087" pin=3"/></net>

<net id="1100"><net_src comp="595" pin="4"/><net_sink comp="1097" pin=0"/></net>

<net id="1106"><net_src comp="120" pin="0"/><net_sink comp="1101" pin=0"/></net>

<net id="1107"><net_src comp="1097" pin="1"/><net_sink comp="1101" pin=1"/></net>

<net id="1108"><net_src comp="1087" pin="4"/><net_sink comp="1101" pin=2"/></net>

<net id="1113"><net_src comp="1057" pin="3"/><net_sink comp="1109" pin=0"/></net>

<net id="1114"><net_src comp="1101" pin="3"/><net_sink comp="1109" pin=1"/></net>

<net id="1119"><net_src comp="1109" pin="2"/><net_sink comp="1115" pin=0"/></net>

<net id="1120"><net_src comp="1079" pin="3"/><net_sink comp="1115" pin=1"/></net>

<net id="1127"><net_src comp="122" pin="0"/><net_sink comp="1121" pin=0"/></net>

<net id="1128"><net_src comp="639" pin="4"/><net_sink comp="1121" pin=1"/></net>

<net id="1129"><net_src comp="124" pin="0"/><net_sink comp="1121" pin=2"/></net>

<net id="1130"><net_src comp="106" pin="0"/><net_sink comp="1121" pin=3"/></net>

<net id="1135"><net_src comp="1121" pin="4"/><net_sink comp="1131" pin=0"/></net>

<net id="1136"><net_src comp="56" pin="0"/><net_sink comp="1131" pin=1"/></net>

<net id="1140"><net_src comp="639" pin="4"/><net_sink comp="1137" pin=0"/></net>

<net id="1145"><net_src comp="639" pin="4"/><net_sink comp="1141" pin=1"/></net>

<net id="1149"><net_src comp="1141" pin="2"/><net_sink comp="1146" pin=0"/></net>

<net id="1150"><net_src comp="1146" pin="1"/><net_sink comp="336" pin=2"/></net>

<net id="1155"><net_src comp="126" pin="0"/><net_sink comp="1151" pin=0"/></net>

<net id="1156"><net_src comp="639" pin="4"/><net_sink comp="1151" pin=1"/></net>

<net id="1160"><net_src comp="1151" pin="2"/><net_sink comp="1157" pin=0"/></net>

<net id="1161"><net_src comp="1157" pin="1"/><net_sink comp="342" pin=2"/></net>

<net id="1166"><net_src comp="128" pin="0"/><net_sink comp="1162" pin=0"/></net>

<net id="1167"><net_src comp="639" pin="4"/><net_sink comp="1162" pin=1"/></net>

<net id="1171"><net_src comp="1162" pin="2"/><net_sink comp="1168" pin=0"/></net>

<net id="1172"><net_src comp="1168" pin="1"/><net_sink comp="354" pin=2"/></net>

<net id="1178"><net_src comp="54" pin="0"/><net_sink comp="1173" pin=0"/></net>

<net id="1179"><net_src comp="537" pin="1"/><net_sink comp="1173" pin=1"/></net>

<net id="1180"><net_src comp="56" pin="0"/><net_sink comp="1173" pin=2"/></net>

<net id="1184"><net_src comp="1173" pin="3"/><net_sink comp="1181" pin=0"/></net>

<net id="1185"><net_src comp="1181" pin="1"/><net_sink comp="366" pin=2"/></net>

<net id="1190"><net_src comp="1173" pin="3"/><net_sink comp="1186" pin=0"/></net>

<net id="1191"><net_src comp="36" pin="0"/><net_sink comp="1186" pin=1"/></net>

<net id="1197"><net_src comp="58" pin="0"/><net_sink comp="1192" pin=0"/></net>

<net id="1198"><net_src comp="60" pin="0"/><net_sink comp="1192" pin=1"/></net>

<net id="1199"><net_src comp="1186" pin="2"/><net_sink comp="1192" pin=2"/></net>

<net id="1200"><net_src comp="1192" pin="3"/><net_sink comp="372" pin=2"/></net>

<net id="1205"><net_src comp="552" pin="4"/><net_sink comp="1201" pin=0"/></net>

<net id="1206"><net_src comp="1201" pin="2"/><net_sink comp="269" pin=4"/></net>

<net id="1211"><net_src comp="562" pin="4"/><net_sink comp="1207" pin=0"/></net>

<net id="1212"><net_src comp="1207" pin="2"/><net_sink comp="269" pin=1"/></net>

<net id="1217"><net_src comp="573" pin="4"/><net_sink comp="1213" pin=0"/></net>

<net id="1222"><net_src comp="595" pin="4"/><net_sink comp="1218" pin=0"/></net>

<net id="1227"><net_src comp="605" pin="4"/><net_sink comp="1223" pin=0"/></net>

<net id="1232"><net_src comp="616" pin="4"/><net_sink comp="1228" pin=0"/></net>

<net id="1237"><net_src comp="537" pin="1"/><net_sink comp="1233" pin=0"/></net>

<net id="1238"><net_src comp="44" pin="0"/><net_sink comp="1233" pin=1"/></net>

<net id="1243"><net_src comp="130" pin="0"/><net_sink comp="1239" pin=0"/></net>

<net id="1244"><net_src comp="635" pin="1"/><net_sink comp="1239" pin=1"/></net>

<net id="1248"><net_src comp="1239" pin="2"/><net_sink comp="1245" pin=0"/></net>

<net id="1249"><net_src comp="1245" pin="1"/><net_sink comp="380" pin=2"/></net>

<net id="1254"><net_src comp="132" pin="0"/><net_sink comp="1250" pin=0"/></net>

<net id="1255"><net_src comp="635" pin="1"/><net_sink comp="1250" pin=1"/></net>

<net id="1259"><net_src comp="1250" pin="2"/><net_sink comp="1256" pin=0"/></net>

<net id="1260"><net_src comp="1256" pin="1"/><net_sink comp="387" pin=2"/></net>

<net id="1267"><net_src comp="134" pin="0"/><net_sink comp="1261" pin=0"/></net>

<net id="1268"><net_src comp="659" pin="1"/><net_sink comp="1261" pin=1"/></net>

<net id="1269"><net_src comp="136" pin="0"/><net_sink comp="1261" pin=2"/></net>

<net id="1270"><net_src comp="88" pin="0"/><net_sink comp="1261" pin=3"/></net>

<net id="1274"><net_src comp="659" pin="1"/><net_sink comp="1271" pin=0"/></net>

<net id="1280"><net_src comp="138" pin="0"/><net_sink comp="1275" pin=0"/></net>

<net id="1281"><net_src comp="1271" pin="1"/><net_sink comp="1275" pin=1"/></net>

<net id="1282"><net_src comp="1261" pin="4"/><net_sink comp="1275" pin=2"/></net>

<net id="1289"><net_src comp="140" pin="0"/><net_sink comp="1283" pin=0"/></net>

<net id="1290"><net_src comp="659" pin="1"/><net_sink comp="1283" pin=1"/></net>

<net id="1291"><net_src comp="142" pin="0"/><net_sink comp="1283" pin=2"/></net>

<net id="1292"><net_src comp="88" pin="0"/><net_sink comp="1283" pin=3"/></net>

<net id="1296"><net_src comp="659" pin="1"/><net_sink comp="1293" pin=0"/></net>

<net id="1302"><net_src comp="144" pin="0"/><net_sink comp="1297" pin=0"/></net>

<net id="1303"><net_src comp="1293" pin="1"/><net_sink comp="1297" pin=1"/></net>

<net id="1304"><net_src comp="1283" pin="4"/><net_sink comp="1297" pin=2"/></net>

<net id="1311"><net_src comp="146" pin="0"/><net_sink comp="1305" pin=0"/></net>

<net id="1312"><net_src comp="659" pin="1"/><net_sink comp="1305" pin=1"/></net>

<net id="1313"><net_src comp="148" pin="0"/><net_sink comp="1305" pin=2"/></net>

<net id="1314"><net_src comp="88" pin="0"/><net_sink comp="1305" pin=3"/></net>

<net id="1318"><net_src comp="1305" pin="4"/><net_sink comp="1315" pin=0"/></net>

<net id="1323"><net_src comp="1315" pin="1"/><net_sink comp="1319" pin=0"/></net>

<net id="1324"><net_src comp="1297" pin="3"/><net_sink comp="1319" pin=1"/></net>

<net id="1329"><net_src comp="1319" pin="2"/><net_sink comp="1325" pin=0"/></net>

<net id="1330"><net_src comp="1275" pin="3"/><net_sink comp="1325" pin=1"/></net>

<net id="1337"><net_src comp="150" pin="0"/><net_sink comp="1331" pin=0"/></net>

<net id="1338"><net_src comp="348" pin="3"/><net_sink comp="1331" pin=1"/></net>

<net id="1339"><net_src comp="152" pin="0"/><net_sink comp="1331" pin=2"/></net>

<net id="1340"><net_src comp="88" pin="0"/><net_sink comp="1331" pin=3"/></net>

<net id="1344"><net_src comp="348" pin="3"/><net_sink comp="1341" pin=0"/></net>

<net id="1350"><net_src comp="154" pin="0"/><net_sink comp="1345" pin=0"/></net>

<net id="1351"><net_src comp="1341" pin="1"/><net_sink comp="1345" pin=1"/></net>

<net id="1352"><net_src comp="1331" pin="4"/><net_sink comp="1345" pin=2"/></net>

<net id="1359"><net_src comp="156" pin="0"/><net_sink comp="1353" pin=0"/></net>

<net id="1360"><net_src comp="348" pin="3"/><net_sink comp="1353" pin=1"/></net>

<net id="1361"><net_src comp="158" pin="0"/><net_sink comp="1353" pin=2"/></net>

<net id="1362"><net_src comp="88" pin="0"/><net_sink comp="1353" pin=3"/></net>

<net id="1366"><net_src comp="348" pin="3"/><net_sink comp="1363" pin=0"/></net>

<net id="1372"><net_src comp="160" pin="0"/><net_sink comp="1367" pin=0"/></net>

<net id="1373"><net_src comp="1363" pin="1"/><net_sink comp="1367" pin=1"/></net>

<net id="1374"><net_src comp="1353" pin="4"/><net_sink comp="1367" pin=2"/></net>

<net id="1381"><net_src comp="162" pin="0"/><net_sink comp="1375" pin=0"/></net>

<net id="1382"><net_src comp="348" pin="3"/><net_sink comp="1375" pin=1"/></net>

<net id="1383"><net_src comp="164" pin="0"/><net_sink comp="1375" pin=2"/></net>

<net id="1384"><net_src comp="88" pin="0"/><net_sink comp="1375" pin=3"/></net>

<net id="1388"><net_src comp="1375" pin="4"/><net_sink comp="1385" pin=0"/></net>

<net id="1393"><net_src comp="1385" pin="1"/><net_sink comp="1389" pin=0"/></net>

<net id="1394"><net_src comp="1367" pin="3"/><net_sink comp="1389" pin=1"/></net>

<net id="1399"><net_src comp="1389" pin="2"/><net_sink comp="1395" pin=0"/></net>

<net id="1400"><net_src comp="1345" pin="3"/><net_sink comp="1395" pin=1"/></net>

<net id="1405"><net_src comp="1325" pin="2"/><net_sink comp="1401" pin=0"/></net>

<net id="1406"><net_src comp="1395" pin="2"/><net_sink comp="1401" pin=1"/></net>

<net id="1411"><net_src comp="659" pin="1"/><net_sink comp="1407" pin=1"/></net>

<net id="1416"><net_src comp="1407" pin="2"/><net_sink comp="1412" pin=1"/></net>

<net id="1417"><net_src comp="1412" pin="2"/><net_sink comp="348" pin=1"/></net>

<net id="1422"><net_src comp="624" pin="1"/><net_sink comp="1418" pin=1"/></net>

<net id="1427"><net_src comp="1418" pin="2"/><net_sink comp="1423" pin=0"/></net>

<net id="1432"><net_src comp="416" pin="3"/><net_sink comp="1428" pin=0"/></net>

<net id="1433"><net_src comp="348" pin="3"/><net_sink comp="1428" pin=1"/></net>

<net id="1438"><net_src comp="1428" pin="2"/><net_sink comp="1434" pin=1"/></net>

<net id="1443"><net_src comp="581" pin="1"/><net_sink comp="1439" pin=0"/></net>

<net id="1452"><net_src comp="1444" pin="2"/><net_sink comp="1448" pin=0"/></net>

<net id="1457"><net_src comp="62" pin="0"/><net_sink comp="1453" pin=1"/></net>

<net id="1463"><net_src comp="58" pin="0"/><net_sink comp="1458" pin=0"/></net>

<net id="1464"><net_src comp="60" pin="0"/><net_sink comp="1458" pin=1"/></net>

<net id="1465"><net_src comp="1453" pin="2"/><net_sink comp="1458" pin=2"/></net>

<net id="1466"><net_src comp="1458" pin="3"/><net_sink comp="429" pin=2"/></net>

<net id="1471"><net_src comp="64" pin="0"/><net_sink comp="1467" pin=1"/></net>

<net id="1477"><net_src comp="58" pin="0"/><net_sink comp="1472" pin=0"/></net>

<net id="1478"><net_src comp="60" pin="0"/><net_sink comp="1472" pin=1"/></net>

<net id="1479"><net_src comp="1467" pin="2"/><net_sink comp="1472" pin=2"/></net>

<net id="1480"><net_src comp="1472" pin="3"/><net_sink comp="435" pin=2"/></net>

<net id="1485"><net_src comp="581" pin="1"/><net_sink comp="1481" pin=0"/></net>

<net id="1486"><net_src comp="1481" pin="2"/><net_sink comp="269" pin=1"/></net>

<net id="1491"><net_src comp="66" pin="0"/><net_sink comp="1487" pin=1"/></net>

<net id="1497"><net_src comp="58" pin="0"/><net_sink comp="1492" pin=0"/></net>

<net id="1498"><net_src comp="60" pin="0"/><net_sink comp="1492" pin=1"/></net>

<net id="1499"><net_src comp="1487" pin="2"/><net_sink comp="1492" pin=2"/></net>

<net id="1500"><net_src comp="1492" pin="3"/><net_sink comp="443" pin=2"/></net>

<net id="1505"><net_src comp="68" pin="0"/><net_sink comp="1501" pin=1"/></net>

<net id="1511"><net_src comp="58" pin="0"/><net_sink comp="1506" pin=0"/></net>

<net id="1512"><net_src comp="60" pin="0"/><net_sink comp="1506" pin=1"/></net>

<net id="1513"><net_src comp="1501" pin="2"/><net_sink comp="1506" pin=2"/></net>

<net id="1514"><net_src comp="1506" pin="3"/><net_sink comp="449" pin=2"/></net>

<net id="1519"><net_src comp="70" pin="0"/><net_sink comp="1515" pin=1"/></net>

<net id="1525"><net_src comp="58" pin="0"/><net_sink comp="1520" pin=0"/></net>

<net id="1526"><net_src comp="60" pin="0"/><net_sink comp="1520" pin=1"/></net>

<net id="1527"><net_src comp="1515" pin="2"/><net_sink comp="1520" pin=2"/></net>

<net id="1528"><net_src comp="1520" pin="3"/><net_sink comp="457" pin=2"/></net>

<net id="1533"><net_src comp="72" pin="0"/><net_sink comp="1529" pin=1"/></net>

<net id="1539"><net_src comp="58" pin="0"/><net_sink comp="1534" pin=0"/></net>

<net id="1540"><net_src comp="60" pin="0"/><net_sink comp="1534" pin=1"/></net>

<net id="1541"><net_src comp="1529" pin="2"/><net_sink comp="1534" pin=2"/></net>

<net id="1542"><net_src comp="1534" pin="3"/><net_sink comp="463" pin=2"/></net>

<net id="1547"><net_src comp="624" pin="1"/><net_sink comp="1543" pin=0"/></net>

<net id="1548"><net_src comp="1543" pin="2"/><net_sink comp="269" pin=1"/></net>

<net id="1553"><net_src comp="651" pin="4"/><net_sink comp="1549" pin=0"/></net>

<net id="1554"><net_src comp="50" pin="0"/><net_sink comp="1549" pin=1"/></net>

<net id="1559"><net_src comp="651" pin="4"/><net_sink comp="1555" pin=0"/></net>

<net id="1560"><net_src comp="18" pin="0"/><net_sink comp="1555" pin=1"/></net>

<net id="1565"><net_src comp="651" pin="4"/><net_sink comp="1561" pin=0"/></net>

<net id="1566"><net_src comp="50" pin="0"/><net_sink comp="1561" pin=1"/></net>

<net id="1570"><net_src comp="1561" pin="2"/><net_sink comp="1567" pin=0"/></net>

<net id="1571"><net_src comp="1567" pin="1"/><net_sink comp="471" pin=2"/></net>

<net id="1575"><net_src comp="647" pin="1"/><net_sink comp="1572" pin=0"/></net>

<net id="1576"><net_src comp="1572" pin="1"/><net_sink comp="478" pin=2"/></net>

<net id="1583"><net_src comp="670" pin="2"/><net_sink comp="1580" pin=0"/></net>

<net id="1584"><net_src comp="1580" pin="1"/><net_sink comp="496" pin=0"/></net>

<net id="1588"><net_src comp="676" pin="1"/><net_sink comp="1585" pin=0"/></net>

<net id="1589"><net_src comp="1585" pin="1"/><net_sink comp="222" pin=2"/></net>

<net id="1593"><net_src comp="182" pin="3"/><net_sink comp="1590" pin=0"/></net>

<net id="1594"><net_src comp="1590" pin="1"/><net_sink comp="189" pin=0"/></net>

<net id="1601"><net_src comp="687" pin="2"/><net_sink comp="1598" pin=0"/></net>

<net id="1602"><net_src comp="1598" pin="1"/><net_sink comp="507" pin=2"/></net>

<net id="1606"><net_src comp="693" pin="1"/><net_sink comp="1603" pin=0"/></net>

<net id="1607"><net_src comp="1603" pin="1"/><net_sink comp="721" pin=1"/></net>

<net id="1614"><net_src comp="703" pin="2"/><net_sink comp="1611" pin=0"/></net>

<net id="1615"><net_src comp="1611" pin="1"/><net_sink comp="519" pin=0"/></net>

<net id="1619"><net_src comp="721" pin="2"/><net_sink comp="1616" pin=0"/></net>

<net id="1620"><net_src comp="1616" pin="1"/><net_sink comp="749" pin=0"/></net>

<net id="1624"><net_src comp="230" pin="3"/><net_sink comp="1621" pin=0"/></net>

<net id="1625"><net_src comp="1621" pin="1"/><net_sink comp="202" pin=2"/></net>

<net id="1632"><net_src comp="759" pin="2"/><net_sink comp="1629" pin=0"/></net>

<net id="1633"><net_src comp="1629" pin="1"/><net_sink comp="530" pin=0"/></net>

<net id="1637"><net_src comp="765" pin="1"/><net_sink comp="1634" pin=0"/></net>

<net id="1638"><net_src comp="1634" pin="1"/><net_sink comp="263" pin=2"/></net>

<net id="1642"><net_src comp="250" pin="3"/><net_sink comp="1639" pin=0"/></net>

<net id="1643"><net_src comp="1639" pin="1"/><net_sink comp="257" pin=0"/></net>

<net id="1650"><net_src comp="776" pin="2"/><net_sink comp="1647" pin=0"/></net>

<net id="1651"><net_src comp="1647" pin="1"/><net_sink comp="894" pin=1"/></net>

<net id="1655"><net_src comp="782" pin="3"/><net_sink comp="1652" pin=0"/></net>

<net id="1656"><net_src comp="1652" pin="1"/><net_sink comp="810" pin=0"/></net>

<net id="1657"><net_src comp="1652" pin="1"/><net_sink comp="824" pin=0"/></net>

<net id="1658"><net_src comp="1652" pin="1"/><net_sink comp="838" pin=0"/></net>

<net id="1659"><net_src comp="1652" pin="1"/><net_sink comp="852" pin=0"/></net>

<net id="1660"><net_src comp="1652" pin="1"/><net_sink comp="866" pin=0"/></net>

<net id="1661"><net_src comp="1652" pin="1"/><net_sink comp="880" pin=0"/></net>

<net id="1665"><net_src comp="276" pin="3"/><net_sink comp="1662" pin=0"/></net>

<net id="1666"><net_src comp="1662" pin="1"/><net_sink comp="269" pin=0"/></net>

<net id="1670"><net_src comp="282" pin="3"/><net_sink comp="1667" pin=0"/></net>

<net id="1671"><net_src comp="1667" pin="1"/><net_sink comp="269" pin=2"/></net>

<net id="1675"><net_src comp="294" pin="3"/><net_sink comp="1672" pin=0"/></net>

<net id="1676"><net_src comp="1672" pin="1"/><net_sink comp="269" pin=2"/></net>

<net id="1680"><net_src comp="300" pin="3"/><net_sink comp="1677" pin=0"/></net>

<net id="1681"><net_src comp="1677" pin="1"/><net_sink comp="269" pin=0"/></net>

<net id="1685"><net_src comp="269" pin="3"/><net_sink comp="1682" pin=0"/></net>

<net id="1686"><net_src comp="1682" pin="1"/><net_sink comp="552" pin=2"/></net>

<net id="1687"><net_src comp="1682" pin="1"/><net_sink comp="1201" pin=1"/></net>

<net id="1691"><net_src comp="269" pin="7"/><net_sink comp="1688" pin=0"/></net>

<net id="1692"><net_src comp="1688" pin="1"/><net_sink comp="562" pin=2"/></net>

<net id="1693"><net_src comp="1688" pin="1"/><net_sink comp="1207" pin=1"/></net>

<net id="1697"><net_src comp="308" pin="3"/><net_sink comp="1694" pin=0"/></net>

<net id="1698"><net_src comp="1694" pin="1"/><net_sink comp="269" pin=2"/></net>

<net id="1702"><net_src comp="314" pin="3"/><net_sink comp="1699" pin=0"/></net>

<net id="1703"><net_src comp="1699" pin="1"/><net_sink comp="269" pin=0"/></net>

<net id="1707"><net_src comp="269" pin="7"/><net_sink comp="1704" pin=0"/></net>

<net id="1708"><net_src comp="1704" pin="1"/><net_sink comp="573" pin=2"/></net>

<net id="1709"><net_src comp="1704" pin="1"/><net_sink comp="1213" pin=1"/></net>

<net id="1713"><net_src comp="269" pin="3"/><net_sink comp="1710" pin=0"/></net>

<net id="1714"><net_src comp="1710" pin="1"/><net_sink comp="584" pin=2"/></net>

<net id="1715"><net_src comp="1710" pin="1"/><net_sink comp="1481" pin=1"/></net>

<net id="1719"><net_src comp="322" pin="3"/><net_sink comp="1716" pin=0"/></net>

<net id="1720"><net_src comp="1716" pin="1"/><net_sink comp="269" pin=2"/></net>

<net id="1724"><net_src comp="328" pin="3"/><net_sink comp="1721" pin=0"/></net>

<net id="1725"><net_src comp="1721" pin="1"/><net_sink comp="269" pin=0"/></net>

<net id="1729"><net_src comp="269" pin="7"/><net_sink comp="1726" pin=0"/></net>

<net id="1730"><net_src comp="1726" pin="1"/><net_sink comp="595" pin=2"/></net>

<net id="1731"><net_src comp="1726" pin="1"/><net_sink comp="1218" pin=1"/></net>

<net id="1735"><net_src comp="269" pin="3"/><net_sink comp="1732" pin=0"/></net>

<net id="1736"><net_src comp="1732" pin="1"/><net_sink comp="605" pin=2"/></net>

<net id="1737"><net_src comp="1732" pin="1"/><net_sink comp="1223" pin=1"/></net>

<net id="1741"><net_src comp="901" pin="1"/><net_sink comp="1738" pin=0"/></net>

<net id="1742"><net_src comp="1738" pin="1"/><net_sink comp="1141" pin=0"/></net>

<net id="1746"><net_src comp="269" pin="7"/><net_sink comp="1743" pin=0"/></net>

<net id="1747"><net_src comp="1743" pin="1"/><net_sink comp="616" pin=2"/></net>

<net id="1748"><net_src comp="1743" pin="1"/><net_sink comp="1228" pin=1"/></net>

<net id="1752"><net_src comp="269" pin="3"/><net_sink comp="1749" pin=0"/></net>

<net id="1753"><net_src comp="1749" pin="1"/><net_sink comp="627" pin=2"/></net>

<net id="1754"><net_src comp="1749" pin="1"/><net_sink comp="1543" pin=1"/></net>

<net id="1761"><net_src comp="911" pin="2"/><net_sink comp="1758" pin=0"/></net>

<net id="1762"><net_src comp="1758" pin="1"/><net_sink comp="639" pin=0"/></net>

<net id="1766"><net_src comp="935" pin="2"/><net_sink comp="1763" pin=0"/></net>

<net id="1767"><net_src comp="1763" pin="1"/><net_sink comp="1423" pin=1"/></net>

<net id="1771"><net_src comp="959" pin="2"/><net_sink comp="1768" pin=0"/></net>

<net id="1772"><net_src comp="1768" pin="1"/><net_sink comp="1448" pin=1"/></net>

<net id="1776"><net_src comp="1037" pin="2"/><net_sink comp="1773" pin=0"/></net>

<net id="1777"><net_src comp="1773" pin="1"/><net_sink comp="1444" pin=0"/></net>

<net id="1781"><net_src comp="1115" pin="2"/><net_sink comp="1778" pin=0"/></net>

<net id="1782"><net_src comp="1778" pin="1"/><net_sink comp="1418" pin=0"/></net>

<net id="1786"><net_src comp="1131" pin="2"/><net_sink comp="1783" pin=0"/></net>

<net id="1790"><net_src comp="1137" pin="1"/><net_sink comp="1787" pin=0"/></net>

<net id="1791"><net_src comp="1787" pin="1"/><net_sink comp="394" pin=2"/></net>

<net id="1792"><net_src comp="1787" pin="1"/><net_sink comp="401" pin=2"/></net>

<net id="1793"><net_src comp="1787" pin="1"/><net_sink comp="409" pin=2"/></net>

<net id="1794"><net_src comp="1787" pin="1"/><net_sink comp="422" pin=2"/></net>

<net id="1798"><net_src comp="336" pin="3"/><net_sink comp="1795" pin=0"/></net>

<net id="1799"><net_src comp="1795" pin="1"/><net_sink comp="243" pin=0"/></net>

<net id="1803"><net_src comp="342" pin="3"/><net_sink comp="1800" pin=0"/></net>

<net id="1804"><net_src comp="1800" pin="1"/><net_sink comp="348" pin=0"/></net>

<net id="1808"><net_src comp="354" pin="3"/><net_sink comp="1805" pin=0"/></net>

<net id="1809"><net_src comp="1805" pin="1"/><net_sink comp="348" pin=2"/></net>

<net id="1813"><net_src comp="1173" pin="3"/><net_sink comp="1810" pin=0"/></net>

<net id="1814"><net_src comp="1810" pin="1"/><net_sink comp="1453" pin=0"/></net>

<net id="1815"><net_src comp="1810" pin="1"/><net_sink comp="1467" pin=0"/></net>

<net id="1816"><net_src comp="1810" pin="1"/><net_sink comp="1487" pin=0"/></net>

<net id="1817"><net_src comp="1810" pin="1"/><net_sink comp="1501" pin=0"/></net>

<net id="1818"><net_src comp="1810" pin="1"/><net_sink comp="1515" pin=0"/></net>

<net id="1819"><net_src comp="1810" pin="1"/><net_sink comp="1529" pin=0"/></net>

<net id="1823"><net_src comp="1213" pin="2"/><net_sink comp="1820" pin=0"/></net>

<net id="1824"><net_src comp="1820" pin="1"/><net_sink comp="269" pin=4"/></net>

<net id="1828"><net_src comp="1218" pin="2"/><net_sink comp="1825" pin=0"/></net>

<net id="1829"><net_src comp="1825" pin="1"/><net_sink comp="269" pin=4"/></net>

<net id="1833"><net_src comp="1223" pin="2"/><net_sink comp="1830" pin=0"/></net>

<net id="1834"><net_src comp="1830" pin="1"/><net_sink comp="269" pin=1"/></net>

<net id="1838"><net_src comp="1228" pin="2"/><net_sink comp="1835" pin=0"/></net>

<net id="1839"><net_src comp="1835" pin="1"/><net_sink comp="269" pin=4"/></net>

<net id="1843"><net_src comp="1233" pin="2"/><net_sink comp="1840" pin=0"/></net>

<net id="1844"><net_src comp="1840" pin="1"/><net_sink comp="541" pin=0"/></net>

<net id="1848"><net_src comp="348" pin="7"/><net_sink comp="1845" pin=0"/></net>

<net id="1849"><net_src comp="1845" pin="1"/><net_sink comp="1407" pin=0"/></net>

<net id="1853"><net_src comp="380" pin="3"/><net_sink comp="1850" pin=0"/></net>

<net id="1854"><net_src comp="1850" pin="1"/><net_sink comp="348" pin=0"/></net>

<net id="1858"><net_src comp="387" pin="3"/><net_sink comp="1855" pin=0"/></net>

<net id="1859"><net_src comp="1855" pin="1"/><net_sink comp="348" pin=2"/></net>

<net id="1863"><net_src comp="1401" pin="2"/><net_sink comp="1860" pin=0"/></net>

<net id="1864"><net_src comp="1860" pin="1"/><net_sink comp="1412" pin=0"/></net>

<net id="1868"><net_src comp="1423" pin="2"/><net_sink comp="1865" pin=0"/></net>

<net id="1869"><net_src comp="1865" pin="1"/><net_sink comp="1434" pin=0"/></net>

<net id="1873"><net_src comp="409" pin="3"/><net_sink comp="1870" pin=0"/></net>

<net id="1874"><net_src comp="1870" pin="1"/><net_sink comp="416" pin=0"/></net>

<net id="1878"><net_src comp="422" pin="3"/><net_sink comp="1875" pin=0"/></net>

<net id="1879"><net_src comp="1875" pin="1"/><net_sink comp="348" pin=0"/></net>

<net id="1883"><net_src comp="1434" pin="2"/><net_sink comp="1880" pin=0"/></net>

<net id="1884"><net_src comp="1880" pin="1"/><net_sink comp="1439" pin=1"/></net>

<net id="1885"><net_src comp="1880" pin="1"/><net_sink comp="1444" pin=1"/></net>

<net id="1889"><net_src comp="1439" pin="2"/><net_sink comp="1886" pin=0"/></net>

<net id="1890"><net_src comp="1886" pin="1"/><net_sink comp="595" pin=0"/></net>

<net id="1894"><net_src comp="1448" pin="2"/><net_sink comp="1891" pin=0"/></net>

<net id="1895"><net_src comp="1891" pin="1"/><net_sink comp="552" pin=0"/></net>

<net id="1902"><net_src comp="1555" pin="2"/><net_sink comp="1899" pin=0"/></net>

<net id="1903"><net_src comp="1899" pin="1"/><net_sink comp="651" pin=0"/></net>

<net id="1907"><net_src comp="471" pin="3"/><net_sink comp="1904" pin=0"/></net>

<net id="1908"><net_src comp="1904" pin="1"/><net_sink comp="269" pin=2"/></net>

</net_list>

</model> 
---------------- Datapath Model END ------------------

* FSMD analyzer results:
  - Output states:
	Port: outputlocation_V | {26 }
	Port: H_0_V | {}
	Port: K | {}
 - Input state : 
	Port: hash1 : input_V | {2 3 }
	Port: hash1 : H_0_V | {7 8 }
	Port: hash1 : K | {19 20 }
  - Chain level:
	State 1
	State 2
		icmp_ln79 : 1
		i : 1
		br_ln79 : 2
		zext_ln80 : 1
		input_V_addr : 2
		input_V_load : 3
		store_ln85 : 1
		store_ln98 : 1
	State 3
		store_ln80 : 1
	State 4
		icmp_ln104 : 1
		i_11 : 1
		br_ln104 : 2
		zext_ln1598 : 1
	State 5
		icmp_ln105 : 1
		j : 1
		br_ln105 : 2
		tmp : 1
		zext_ln321 : 2
		add_ln321 : 3
		trunc_ln106 : 1
		shl_ln : 2
		add_ln106 : 3
		zext_ln106 : 4
		message_V_addr_5 : 5
		message_V_load : 6
	State 6
		M_V_addr : 1
		store_ln106 : 2
	State 7
		icmp_ln110 : 1
		i_12 : 1
		br_ln110 : 2
		zext_ln111 : 1
		H_0_V_addr : 2
		H_0_V_load : 3
	State 8
		store_ln111 : 1
	State 9
		icmp_ln114 : 1
		br_ln114 : 2
		add_ln116 : 1
		tmp_18 : 2
		zext_ln116 : 3
		H_V_addr_1 : 4
		or_ln117 : 3
		tmp_19 : 3
		H_V_addr_2 : 4
		a_V : 5
		b_V : 5
	State 10
		H_V_addr_3 : 1
		H_V_addr_4 : 1
		c_V : 2
		d_V : 2
	State 11
		H_V_addr_5 : 1
		H_V_addr_6 : 1
		e_V : 2
		f_V : 2
	State 12
		H_V_addr_7 : 1
		H_V_addr_8 : 1
		g_V : 2
		h_V : 2
	State 13
		zext_ln116_2 : 1
	State 14
		icmp_ln127 : 1
		j_2 : 1
		br_ln127 : 2
		and_ln26 : 1
		xor_ln26 : 1
		and_ln26_2 : 1
		ch_V : 1
		xor_ln31 : 1
		and_ln31 : 1
		and_ln31_2 : 1
		maj_V : 1
		r_V : 1
		trunc_ln1503 : 1
		ret_V_39 : 2
		r_V_s : 1
		trunc_ln1503_10 : 1
		ret_V_40 : 2
		r_V_11 : 1
		trunc_ln1503_11 : 1
		ret_V_41 : 2
		xor_ln1357 : 3
		ret_V_42 : 3
		r_V_12 : 1
		trunc_ln1503_12 : 1
		ret_V_43 : 2
		r_V_13 : 1
		trunc_ln1503_13 : 1
		ret_V_44 : 2
		r_V_14 : 1
		trunc_ln1503_14 : 1
		ret_V_45 : 2
		xor_ln1357_9 : 3
		ret_V_46 : 3
		tmp_34 : 1
		icmp_ln134 : 2
		zext_ln135 : 1
		add_ln321_2 : 1
		zext_ln321_7 : 2
		M_V_addr_1 : 3
		br_ln134 : 3
		add_ln137 : 1
		zext_ln137 : 2
		W_V_addr_1 : 3
		tempWord_V : 4
		add_ln137_1 : 1
		zext_ln137_4 : 2
		W_V_addr_2 : 3
		W_V_load_1 : 4
		M_V_load : 4
		zext_ln321_4 : 1
		H_V_addr_10 : 2
		or_ln321 : 1
		tmp_27 : 1
		H_V_addr_11 : 2
		add_ln209 : 1
		store_ln151 : 3
		add_ln209_1 : 1
		store_ln152 : 3
		add_ln209_2 : 1
		add_ln209_4 : 1
		add_ln209_5 : 1
		add_ln209_6 : 1
	State 15
		zext_ln137_5 : 1
		W_V_addr_3 : 2
		tempWord_V_6 : 3
		zext_ln137_6 : 1
		W_V_addr_4 : 2
		W_V_load_3 : 3
	State 16
		ret_V_47 : 1
		ret_V_48 : 1
		r_V_23 : 1
		xor_ln1357_11 : 2
		ret_V : 2
		r_V_18 : 1
		trunc_ln1503_17 : 1
		ret_V_49 : 2
		r_V_19 : 1
		trunc_ln1503_18 : 1
		ret_V_50 : 2
		r_V_20 : 1
		r_V_24 : 2
		xor_ln1357_13 : 3
		ret_V_38 : 3
		add_ln209_19 : 3
	State 17
		add_ln209_10 : 1
		store_ln137 : 2
		add_ln209_22 : 1
	State 18
		store_ln135 : 1
	State 19
		K_load : 1
		W_V_load : 1
	State 20
		add_ln209_20 : 1
		T1_V : 2
	State 21
		a_V_2 : 1
	State 22
		H_V_addr_12 : 1
		H_V_addr_13 : 1
		store_ln153 : 2
		store_ln154 : 2
	State 23
		H_V_addr_14 : 1
		H_V_addr_15 : 1
		store_ln155 : 2
		store_ln156 : 2
	State 24
		H_V_addr_16 : 1
		H_V_addr_17 : 1
		store_ln157 : 2
		store_ln158 : 2
	State 25
		icmp_ln161 : 1
		i_13 : 1
		br_ln161 : 2
		xor_ln321 : 1
		zext_ln321_6 : 1
		H_V_addr_9 : 2
		H_V_load : 3
	State 26
		outputlocation_V_add : 1
		store_ln162 : 2


============================================================
+ Verbose Summary: Datapath Resource usage 
============================================================

* Functional unit list:
|----------|-------------------------|---------|---------|
| Operation|     Functional Unit     |    FF   |   LUT   |
|----------|-------------------------|---------|---------|
|          |         i_fu_670        |    0    |    13   |
|          |       i_11_fu_687       |    0    |    15   |
|          |         j_fu_703        |    0    |    10   |
|          |     add_ln321_fu_721    |    0    |    15   |
|          |     add_ln106_fu_738    |    0    |    15   |
|          |       i_12_fu_759       |    0    |    13   |
|          |     add_ln116_fu_776    |    0    |    10   |
|          |        j_2_fu_911       |    0    |    15   |
|          |   add_ln321_2_fu_1141   |    0    |    15   |
|          |    add_ln137_fu_1151    |    0    |    15   |
|          |   add_ln137_1_fu_1162   |    0    |    15   |
|          |    add_ln209_fu_1201    |    0    |    39   |
|          |   add_ln209_1_fu_1207   |    0    |    39   |
|          |   add_ln209_2_fu_1213   |    0    |    39   |
|          |   add_ln209_4_fu_1218   |    0    |    39   |
|          |   add_ln209_5_fu_1223   |    0    |    39   |
|    add   |   add_ln209_6_fu_1228   |    0    |    39   |
|          |       i_14_fu_1233      |    0    |    10   |
|          |   add_ln137_2_fu_1239   |    0    |    15   |
|          |   add_ln137_3_fu_1250   |    0    |    15   |
|          |   add_ln209_19_fu_1401  |    0    |    39   |
|          |   add_ln209_18_fu_1407  |    0    |    32   |
|          |   add_ln209_10_fu_1412  |    0    |    32   |
|          |   add_ln209_21_fu_1418  |    0    |    32   |
|          |   add_ln209_22_fu_1423  |    0    |    32   |
|          |   add_ln209_20_fu_1428  |    0    |    32   |
|          |       T1_V_fu_1434      |    0    |    32   |
|          |      e_V_2_fu_1439      |    0    |    39   |
|          |   add_ln209_25_fu_1444  |    0    |    32   |
|          |      a_V_2_fu_1448      |    0    |    32   |
|          |   add_ln209_3_fu_1481   |    0    |    39   |
|          |   add_ln209_7_fu_1543   |    0    |    39   |
|          |       i_13_fu_1555      |    0    |    13   |
|----------|-------------------------|---------|---------|
|          |     xor_ln26_fu_923     |    0    |    32   |
|          |       ch_V_fu_935       |    0    |    32   |
|          |     xor_ln31_fu_941     |    0    |    32   |
|          |       maj_V_fu_959      |    0    |    32   |
|          |    xor_ln1357_fu_1031   |    0    |    32   |
|          |     ret_V_42_fu_1037    |    0    |    32   |
|    xor   |   xor_ln1357_9_fu_1109  |    0    |    32   |
|          |     ret_V_46_fu_1115    |    0    |    32   |
|          |  xor_ln1357_11_fu_1319  |    0    |    32   |
|          |      ret_V_fu_1325      |    0    |    32   |
|          |  xor_ln1357_13_fu_1389  |    0    |    32   |
|          |     ret_V_38_fu_1395    |    0    |    32   |
|          |    xor_ln321_fu_1561    |    0    |    4    |
|----------|-------------------------|---------|---------|
|          |     and_ln26_fu_917     |    0    |    32   |
|    and   |    and_ln26_2_fu_929    |    0    |    32   |
|          |     and_ln31_fu_947     |    0    |    32   |
|          |    and_ln31_2_fu_953    |    0    |    32   |
|----------|-------------------------|---------|---------|
|          |     icmp_ln79_fu_664    |    0    |    9    |
|          |    icmp_ln104_fu_681    |    0    |    11   |
|          |    icmp_ln105_fu_697    |    0    |    8    |
|   icmp   |    icmp_ln110_fu_753    |    0    |    9    |
|          |    icmp_ln114_fu_770    |    0    |    8    |
|          |    icmp_ln127_fu_905    |    0    |    11   |
|          |    icmp_ln134_fu_1131   |    0    |    9    |
|          |    icmp_ln161_fu_1549   |    0    |    9    |
|----------|-------------------------|---------|---------|
|          |     zext_ln80_fu_676    |    0    |    0    |
|          |    zext_ln1598_fu_693   |    0    |    0    |
|          |    zext_ln321_fu_717    |    0    |    0    |
|          |    zext_ln106_fu_744    |    0    |    0    |
|          |   zext_ln321_5_fu_749   |    0    |    0    |
|          |    zext_ln111_fu_765    |    0    |    0    |
|          |    zext_ln116_fu_790    |    0    |    0    |
|          |   zext_ln116_2_fu_901   |    0    |    0    |
|          |    zext_ln135_fu_1137   |    0    |    0    |
|   zext   |   zext_ln321_7_fu_1146  |    0    |    0    |
|          |    zext_ln137_fu_1157   |    0    |    0    |
|          |   zext_ln137_4_fu_1168  |    0    |    0    |
|          |   zext_ln321_4_fu_1181  |    0    |    0    |
|          |   zext_ln137_5_fu_1245  |    0    |    0    |
|          |   zext_ln137_6_fu_1256  |    0    |    0    |
|          |      r_V_23_fu_1315     |    0    |    0    |
|          |      r_V_24_fu_1385     |    0    |    0    |
|          |   zext_ln321_6_fu_1567  |    0    |    0    |
|          |    zext_ln162_fu_1572   |    0    |    0    |
|----------|-------------------------|---------|---------|
|          |        tmp_fu_709       |    0    |    0    |
|          |      shl_ln_fu_730      |    0    |    0    |
|          |      tmp_18_fu_782      |    0    |    0    |
|          |      tmp_19_fu_801      |    0    |    0    |
|          |      tmp_20_fu_815      |    0    |    0    |
|          |      tmp_21_fu_829      |    0    |    0    |
|          |      tmp_22_fu_843      |    0    |    0    |
|          |      tmp_23_fu_857      |    0    |    0    |
|          |      tmp_24_fu_871      |    0    |    0    |
|          |      tmp_25_fu_885      |    0    |    0    |
|          |       tmp_s_fu_894      |    0    |    0    |
|          |     ret_V_39_fu_979     |    0    |    0    |
|          |     ret_V_40_fu_1001    |    0    |    0    |
|          |     ret_V_41_fu_1023    |    0    |    0    |
|bitconcatenate|     ret_V_43_fu_1057    |    0    |    0    |
|          |     ret_V_44_fu_1079    |    0    |    0    |
|          |     ret_V_45_fu_1101    |    0    |    0    |
|          |      tmp_26_fu_1173     |    0    |    0    |
|          |      tmp_27_fu_1192     |    0    |    0    |
|          |     ret_V_47_fu_1275    |    0    |    0    |
|          |     ret_V_48_fu_1297    |    0    |    0    |
|          |     ret_V_49_fu_1345    |    0    |    0    |
|          |     ret_V_50_fu_1367    |    0    |    0    |
|          |      tmp_28_fu_1458     |    0    |    0    |
|          |      tmp_29_fu_1472     |    0    |    0    |
|          |      tmp_30_fu_1492     |    0    |    0    |
|          |      tmp_31_fu_1506     |    0    |    0    |
|          |      tmp_32_fu_1520     |    0    |    0    |
|          |      tmp_33_fu_1534     |    0    |    0    |
|----------|-------------------------|---------|---------|
|          |    trunc_ln106_fu_726   |    0    |    0    |
|          |   trunc_ln1503_fu_975   |    0    |    0    |
|          |  trunc_ln1503_10_fu_997 |    0    |    0    |
|          | trunc_ln1503_11_fu_1019 |    0    |    0    |
|          | trunc_ln1503_12_fu_1053 |    0    |    0    |
|   trunc  | trunc_ln1503_13_fu_1075 |    0    |    0    |
|          | trunc_ln1503_14_fu_1097 |    0    |    0    |
|          | trunc_ln1503_15_fu_1271 |    0    |    0    |
|          | trunc_ln1503_16_fu_1293 |    0    |    0    |
|          | trunc_ln1503_17_fu_1341 |    0    |    0    |
|          | trunc_ln1503_18_fu_1363 |    0    |    0    |
|----------|-------------------------|---------|---------|
|          |     or_ln117_fu_795     |    0    |    0    |
|          |     or_ln118_fu_810     |    0    |    0    |
|          |     or_ln119_fu_824     |    0    |    0    |
|          |     or_ln120_fu_838     |    0    |    0    |
|          |     or_ln121_fu_852     |    0    |    0    |
|          |     or_ln122_fu_866     |    0    |    0    |
|    or    |     or_ln123_fu_880     |    0    |    0    |
|          |     or_ln321_fu_1186    |    0    |    0    |
|          |    or_ln321_7_fu_1453   |    0    |    0    |
|          |    or_ln321_8_fu_1467   |    0    |    0    |
|          |    or_ln321_9_fu_1487   |    0    |    0    |
|          |   or_ln321_10_fu_1501   |    0    |    0    |
|          |   or_ln321_11_fu_1515   |    0    |    0    |
|          |   or_ln321_12_fu_1529   |    0    |    0    |
|----------|-------------------------|---------|---------|
|          |        r_V_fu_965       |    0    |    0    |
|          |       r_V_s_fu_987      |    0    |    0    |
|          |      r_V_11_fu_1009     |    0    |    0    |
|          |      r_V_12_fu_1043     |    0    |    0    |
|          |      r_V_13_fu_1065     |    0    |    0    |
|          |      r_V_14_fu_1087     |    0    |    0    |
|partselect|      tmp_34_fu_1121     |    0    |    0    |
|          |      r_V_15_fu_1261     |    0    |    0    |
|          |      r_V_16_fu_1283     |    0    |    0    |
|          |      r_V_17_fu_1305     |    0    |    0    |
|          |      r_V_18_fu_1331     |    0    |    0    |
|          |      r_V_19_fu_1353     |    0    |    0    |
|          |      r_V_20_fu_1375     |    0    |    0    |
|----------|-------------------------|---------|---------|
|   Total  |                         |    0    |   1440  |
|----------|-------------------------|---------|---------|

Memories:
+---------+--------+--------+--------+--------+
|         |  BRAM  |   FF   |   LUT  |  URAM  |
+---------+--------+--------+--------+--------+
|   H_V   |    2   |    0   |    0   |    0   |
|   M_V   |    1   |    0   |    0   |    0   |
|   W_V   |    2   |    0   |    0   |    0   |
|message_V|   32   |    0   |    0   |    0   |
+---------+--------+--------+--------+--------+
|  Total  |   37   |    0   |    0   |    0   |
+---------+--------+--------+--------+--------+

* Register list:
+-------------------------+--------+
|                         |   FF   |
+-------------------------+--------+
|   H_0_V_addr_reg_1639   |    3   |
|   H_V_addr_1_reg_1662   |    8   |
|   H_V_addr_2_reg_1667   |    8   |
|   H_V_addr_3_reg_1672   |    8   |
|   H_V_addr_4_reg_1677   |    8   |
|   H_V_addr_5_reg_1694   |    8   |
|   H_V_addr_6_reg_1699   |    8   |
|   H_V_addr_7_reg_1716   |    8   |
|   H_V_addr_8_reg_1721   |    8   |
|   H_V_addr_9_reg_1904   |    8   |
|     K_addr_reg_1870     |    6   |
|   M_V_addr_1_reg_1795   |    9   |
|      T1_V_reg_1880      |   32   |
|   W_V_addr_1_reg_1800   |    6   |
|   W_V_addr_2_reg_1805   |    6   |
|   W_V_addr_3_reg_1850   |    6   |
|   W_V_addr_4_reg_1855   |    6   |
|   W_V_addr_6_reg_1875   |    6   |
|   W_V_load_1_reg_1845   |   32   |
|      a_V_2_reg_1891     |   32   |
|       a_V_reg_1682      |   32   |
|    add_ln116_reg_1647   |    2   |
|  add_ln209_19_reg_1860  |   32   |
|  add_ln209_22_reg_1865  |   32   |
|   add_ln209_2_reg_1820  |   32   |
|   add_ln209_4_reg_1825  |   32   |
|   add_ln209_5_reg_1830  |   32   |
|   add_ln209_6_reg_1835  |   32   |
|    add_ln321_reg_1616   |    7   |
|      b_V_2_reg_549      |   32   |
|       b_V_reg_1688      |   32   |
|      c_V_2_reg_559      |   32   |
|       c_V_reg_1704      |   32   |
|      ch_V_reg_1763      |   32   |
|      d_V_2_reg_570      |   32   |
|       d_V_reg_1710      |   32   |
|      e_V_2_reg_1886     |   32   |
|       e_V_reg_1726      |   32   |
|      f_V_2_reg_592      |   32   |
|       f_V_reg_1732      |   32   |
|      g_V_2_reg_602      |   32   |
|       g_V_reg_1743      |   32   |
|      h_V_2_reg_613      |   32   |
|       h_V_reg_1749      |   32   |
|      i13_0_reg_647      |    4   |
|       i4_0_reg_503      |    5   |
|       i9_0_reg_526      |    4   |
|       i_0_reg_492       |    4   |
|      i_11_reg_1598      |    5   |
|      i_12_reg_1629      |    4   |
|      i_13_reg_1899      |    4   |
|      i_14_reg_1840      |    2   |
|  i_op_assign_2_reg_537  |    2   |
|   i_op_assign_reg_515   |    2   |
|        i_reg_1580       |    4   |
|   icmp_ln134_reg_1783   |    1   |
|  input_V_addr_reg_1590  |    3   |
|      j12_0_reg_635      |    7   |
|       j_2_reg_1758      |    7   |
|        j_reg_1611       |    2   |
|      maj_V_reg_1768     |   32   |
|message_V_addr_5_reg_1621|   14   |
|     p_0622_0_reg_581    |   32   |
|     p_0657_0_reg_624    |   32   |
|         reg_659         |   32   |
|    ret_V_42_reg_1773    |   32   |
|    ret_V_46_reg_1778    |   32   |
|     tmp_18_reg_1652     |    5   |
|     tmp_26_reg_1810     |    5   |
|   zext_ln111_reg_1634   |   64   |
|  zext_ln116_2_reg_1738  |    7   |
|   zext_ln135_reg_1787   |   64   |
|   zext_ln1598_reg_1603  |    7   |
|    zext_ln80_reg_1585   |   64   |
+-------------------------+--------+
|          Total          |  1411  |
+-------------------------+--------+

* Multiplexer (MUX) list: 
|-----------------------|------|------|------|--------||---------||---------|
|          Comp         |  Pin | Size |  BW  | S x BW ||  Delay  ||   LUT   |
|-----------------------|------|------|------|--------||---------||---------|
|   grp_access_fu_189   |  p0  |   2  |   3  |    6   ||    9    |
|   grp_access_fu_202   |  p0  |   2  |  14  |   28   ||    9    |
|   grp_access_fu_202   |  p1  |   2  |  32  |   64   ||    9    |
|   grp_access_fu_202   |  p2  |   3  |   0  |    0   ||    15   |
|   grp_access_fu_243   |  p0  |   3  |   9  |   27   ||    15   |
|   grp_access_fu_257   |  p0  |   2  |   3  |    6   ||    9    |
|   grp_access_fu_269   |  p0  |  13  |   8  |   104  ||    56   |
|   grp_access_fu_269   |  p1  |   5  |  32  |   160  ||    27   |
|   grp_access_fu_269   |  p2  |  14  |   0  |    0   ||    59   |
|   grp_access_fu_269   |  p4  |   4  |   8  |   32   ||    21   |
|   grp_access_fu_348   |  p0  |   7  |   6  |   42   ||    38   |
|   grp_access_fu_348   |  p2  |   5  |   0  |    0   ||    27   |
|   grp_access_fu_416   |  p0  |   2  |   6  |   12   ||    9    |
|      i4_0_reg_503     |  p0  |   2  |   5  |   10   ||    9    |
| i_op_assign_2_reg_537 |  p0  |   2  |   2  |    4   ||    9    |
|     j12_0_reg_635     |  p0  |   2  |   7  |   14   ||    9    |
|     i13_0_reg_647     |  p0  |   2  |   4  |    8   ||    9    |
|        reg_659        |  p0  |   2  |  32  |   64   ||    9    |
|-----------------------|------|------|------|--------||---------||---------|
|         Total         |      |      |      |   581  || 33.2437 ||   348   |
|-----------------------|------|------|------|--------||---------||---------|



* Summary:
+-----------+--------+--------+--------+--------+--------+
|           |  BRAM  |  Delay |   FF   |   LUT  |  URAM  |
+-----------+--------+--------+--------+--------+--------+
|  Function |    -   |    -   |    0   |  1440  |    -   |
|   Memory  |   37   |    -   |    0   |    0   |    0   |
|Multiplexer|    -   |   33   |    -   |   348  |    -   |
|  Register |    -   |    -   |  1411  |    -   |    -   |
+-----------+--------+--------+--------+--------+--------+
|   Total   |   37   |   33   |  1411  |  1788  |    0   |
+-----------+--------+--------+--------+--------+--------+
