

================================================================
== Vivado HLS Report for 'Loop_1_proc'
================================================================
* Date:           Sun Dec  1 12:23:47 2024

* Version:        2019.2 (Build 2704478 on Wed Nov 06 22:10:23 MST 2019)
* Project:        sha.prj
* Solution:       solution1
* Product family: zynq
* Target device:  xc7z020-clg484-1


================================================================
== Performance Estimates
================================================================
+ Timing: 
    * Summary: 
    +--------+----------+-----------+------------+
    |  Clock |  Target  | Estimated | Uncertainty|
    +--------+----------+-----------+------------+
    |ap_clk  | 10.00 ns | 10.177 ns |   1.25 ns  |
    +--------+----------+-----------+------------+

+ Latency: 
    * Summary: 
    +---------+---------+----------+----------+-----+-----+---------+
    |  Latency (cycles) |  Latency (absolute) |  Interval | Pipeline|
    |   min   |   max   |    min   |    max   | min | max |   Type  |
    +---------+---------+----------+----------+-----+-----+---------+
    |        ?|        ?|         ?|         ?|    ?|    ?|   none  |
    +---------+---------+----------+----------+-----+-----+---------+

    + Detail: 
        * Instance: 
        +-----------------------------+------------------+---------+---------+----------+----------+-----+-----+----------+
        |                             |                  |  Latency (cycles) |  Latency (absolute) |  Interval | Pipeline |
        |           Instance          |      Module      |   min   |   max   |    min   |    max   | min | max |   Type   |
        +-----------------------------+------------------+---------+---------+----------+----------+-----+-----+----------+
        |grp_computeHashRound_fu_210  |computeHashRound  |       81|       81| 0.824 us | 0.824 us |    1|    1| function |
        +-----------------------------+------------------+---------+---------+----------+----------+-----+-----+----------+

        * Loop: 
        +----------+---------+---------+----------+-----------+-----------+------+----------+
        |          |  Latency (cycles) | Iteration|  Initiation Interval  | Trip |          |
        | Loop Name|   min   |   max   |  Latency |  achieved |   target  | Count| Pipelined|
        +----------+---------+---------+----------+-----------+-----------+------+----------+
        |- Loop 1  |        ?|        ?|        83|         81|          1|     ?|    yes   |
        +----------+---------+---------+----------+-----------+-----------+------+----------+



================================================================
== Utilization Estimates
================================================================
* Summary: 
+-----------------+---------+-------+--------+-------+-----+
|       Name      | BRAM_18K| DSP48E|   FF   |  LUT  | URAM|
+-----------------+---------+-------+--------+-------+-----+
|DSP              |        -|      -|       -|      -|    -|
|Expression       |        -|      -|       0|    210|    -|
|FIFO             |        -|      -|       -|      -|    -|
|Instance         |        0|      -|   33554|  58682|    -|
|Memory           |        -|      -|       -|      -|    -|
|Multiplexer      |        -|      -|       -|    562|    -|
|Register         |        -|      -|     451|      -|    -|
+-----------------+---------+-------+--------+-------+-----+
|Total            |        0|      0|   34005|  59454|    0|
+-----------------+---------+-------+--------+-------+-----+
|Available        |      280|    220|  106400|  53200|    0|
+-----------------+---------+-------+--------+-------+-----+
|Utilization (%)  |        0|      0|      31|    111|    0|
+-----------------+---------+-------+--------+-------+-----+

+ Detail: 
    * Instance: 
    +-----------------------------+------------------+---------+-------+-------+-------+-----+
    |           Instance          |      Module      | BRAM_18K| DSP48E|   FF  |  LUT  | URAM|
    +-----------------------------+------------------+---------+-------+-------+-------+-----+
    |grp_computeHashRound_fu_210  |computeHashRound  |        0|      0|  33554|  58682|    0|
    +-----------------------------+------------------+---------+-------+-------+-------+-----+
    |Total                        |                  |        0|      0|  33554|  58682|    0|
    +-----------------------------+------------------+---------+-------+-------+-------+-----+

    * DSP48E: 
    N/A

    * Memory: 
    N/A

    * FIFO: 
    N/A

    * Expression: 
    +----------------------------------------+----------+-------+---+----+------------+------------+
    |              Variable Name             | Operation| DSP48E| FF| LUT| Bitwidth P0| Bitwidth P1|
    +----------------------------------------+----------+-------+---+----+------------+------------+
    |grp_computeHashRound_fu_210_M_V_offset  |     +    |      0|  0|  31|          24|           2|
    |i_fu_342_p2                             |     +    |      0|  0|  31|          24|           1|
    |rounds_fu_320_p2                        |     +    |      0|  0|  32|          25|           1|
    |sub_ln189_1_fu_289_p2                   |     -    |      0|  0|  31|           1|          24|
    |sub_ln189_fu_270_p2                     |     -    |      0|  0|  39|           1|          32|
    |icmp_ln190_fu_330_p2                    |   icmp   |      0|  0|  18|          25|          25|
    |ap_block_state1                         |    or    |      0|  0|   2|           1|           1|
    |select_ln189_fu_308_p3                  |  select  |      0|  0|  24|           1|          24|
    |ap_enable_pp0                           |    xor   |      0|  0|   2|           1|           2|
    +----------------------------------------+----------+-------+---+----+------------+------------+
    |Total                                   |          |      0|  0| 210|         103|         112|
    +----------------------------------------+----------+-------+---+----+------------+------------+

    * Multiplexer: 
    +----------------------------------------+-----+-----------+-----+-----------+
    |                  Name                  | LUT | Input Size| Bits| Total Bits|
    +----------------------------------------+-----+-----------+-----+-----------+
    |H_V_0_0_out_0_reg_186                   |    9|          2|   32|         64|
    |H_V_1_0_out_0_reg_174                   |    9|          2|   32|         64|
    |H_V_2_0_out_0_reg_162                   |    9|          2|   32|         64|
    |H_V_3_0_out_0_reg_150                   |    9|          2|   32|         64|
    |H_V_4_0_out_0_reg_138                   |    9|          2|   32|         64|
    |H_V_5_0_out_0_reg_126                   |    9|          2|   32|         64|
    |H_V_6_0_out_0_reg_114                   |    9|          2|   32|         64|
    |H_V_7_0_out_0_reg_102                   |    9|          2|   32|         64|
    |ap_NS_fsm                               |  373|         85|    1|         85|
    |ap_done                                 |    9|          2|    1|          2|
    |ap_enable_reg_pp0_iter1                 |    9|          2|    1|          2|
    |ap_phi_mux_H_V_0_0_out_0_phi_fu_190_p4  |    9|          2|   32|         64|
    |ap_phi_mux_H_V_1_0_out_0_phi_fu_178_p4  |    9|          2|   32|         64|
    |ap_phi_mux_H_V_2_0_out_0_phi_fu_166_p4  |    9|          2|   32|         64|
    |ap_phi_mux_H_V_3_0_out_0_phi_fu_154_p4  |    9|          2|   32|         64|
    |ap_phi_mux_H_V_4_0_out_0_phi_fu_142_p4  |    9|          2|   32|         64|
    |ap_phi_mux_H_V_5_0_out_0_phi_fu_130_p4  |    9|          2|   32|         64|
    |ap_phi_mux_H_V_6_0_out_0_phi_fu_118_p4  |    9|          2|   32|         64|
    |ap_phi_mux_H_V_7_0_out_0_phi_fu_106_p4  |    9|          2|   32|         64|
    |ap_phi_mux_i1_0_i_phi_fu_202_p4         |    9|          2|   24|         48|
    |bitlength_blk_n                         |    9|          2|    1|          2|
    |i1_0_i_reg_198                          |    9|          2|   24|         48|
    +----------------------------------------+-----+-----------+-----+-----------+
    |Total                                   |  562|        127|  564|       1211|
    +----------------------------------------+-----+-----------+-----+-----------+

    * Register: 
    +------------------------------------------+----+----+-----+-----------+
    |                   Name                   | FF | LUT| Bits| Const Bits|
    +------------------------------------------+----+----+-----+-----------+
    |H_V_0_0_out_0_reg_186                     |  32|   0|   32|          0|
    |H_V_1_0_out_0_reg_174                     |  32|   0|   32|          0|
    |H_V_2_0_out_0_reg_162                     |  32|   0|   32|          0|
    |H_V_3_0_out_0_reg_150                     |  32|   0|   32|          0|
    |H_V_4_0_out_0_reg_138                     |  32|   0|   32|          0|
    |H_V_5_0_out_0_reg_126                     |  32|   0|   32|          0|
    |H_V_6_0_out_0_reg_114                     |  32|   0|   32|          0|
    |H_V_7_0_out_0_reg_102                     |  32|   0|   32|          0|
    |ap_CS_fsm                                 |  84|   0|   84|          0|
    |ap_done_reg                               |   1|   0|    1|          0|
    |ap_enable_reg_pp0_iter0                   |   1|   0|    1|          0|
    |ap_enable_reg_pp0_iter1                   |   1|   0|    1|          0|
    |bitlength_read_reg_428                    |  32|   0|   32|          0|
    |grp_computeHashRound_fu_210_ap_start_reg  |   1|   0|    1|          0|
    |i1_0_i_reg_198                            |  24|   0|   24|          0|
    |i_reg_444                                 |  24|   0|   24|          0|
    |icmp_ln190_reg_440                        |   1|   0|    1|          0|
    |icmp_ln190_reg_440_pp0_iter1_reg          |   1|   0|    1|          0|
    |rounds_reg_435                            |  25|   0|   25|          0|
    +------------------------------------------+----+----+-----+-----------+
    |Total                                     | 451|   0|  451|          0|
    +------------------------------------------+----+----+-----+-----------+



================================================================
== Interface
================================================================
* Summary: 
+-------------------+-----+-----+------------+--------------+--------------+
|     RTL Ports     | Dir | Bits|  Protocol  | Source Object|    C Type    |
+-------------------+-----+-----+------------+--------------+--------------+
|ap_clk             |  in |    1| ap_ctrl_hs |  Loop_1_proc | return value |
|ap_rst             |  in |    1| ap_ctrl_hs |  Loop_1_proc | return value |
|ap_start           |  in |    1| ap_ctrl_hs |  Loop_1_proc | return value |
|ap_done            | out |    1| ap_ctrl_hs |  Loop_1_proc | return value |
|ap_continue        |  in |    1| ap_ctrl_hs |  Loop_1_proc | return value |
|ap_idle            | out |    1| ap_ctrl_hs |  Loop_1_proc | return value |
|ap_ready           | out |    1| ap_ctrl_hs |  Loop_1_proc | return value |
|ap_return_0        | out |   32| ap_ctrl_hs |  Loop_1_proc | return value |
|ap_return_1        | out |   32| ap_ctrl_hs |  Loop_1_proc | return value |
|ap_return_2        | out |   32| ap_ctrl_hs |  Loop_1_proc | return value |
|ap_return_3        | out |   32| ap_ctrl_hs |  Loop_1_proc | return value |
|ap_return_4        | out |   32| ap_ctrl_hs |  Loop_1_proc | return value |
|ap_return_5        | out |   32| ap_ctrl_hs |  Loop_1_proc | return value |
|ap_return_6        | out |   32| ap_ctrl_hs |  Loop_1_proc | return value |
|ap_return_7        | out |   32| ap_ctrl_hs |  Loop_1_proc | return value |
|bitlength_dout     |  in |   32|   ap_fifo  |   bitlength  |    pointer   |
|bitlength_empty_n  |  in |    1|   ap_fifo  |   bitlength  |    pointer   |
|bitlength_read     | out |    1|   ap_fifo  |   bitlength  |    pointer   |
|M_0_V_address0     | out |    5|  ap_memory |     M_0_V    |     array    |
|M_0_V_ce0          | out |    1|  ap_memory |     M_0_V    |     array    |
|M_0_V_q0           |  in |   32|  ap_memory |     M_0_V    |     array    |
|M_1_V_address0     | out |    5|  ap_memory |     M_1_V    |     array    |
|M_1_V_ce0          | out |    1|  ap_memory |     M_1_V    |     array    |
|M_1_V_q0           |  in |   32|  ap_memory |     M_1_V    |     array    |
|M_2_V_address0     | out |    5|  ap_memory |     M_2_V    |     array    |
|M_2_V_ce0          | out |    1|  ap_memory |     M_2_V    |     array    |
|M_2_V_q0           |  in |   32|  ap_memory |     M_2_V    |     array    |
|M_3_V_address0     | out |    5|  ap_memory |     M_3_V    |     array    |
|M_3_V_ce0          | out |    1|  ap_memory |     M_3_V    |     array    |
|M_3_V_q0           |  in |   32|  ap_memory |     M_3_V    |     array    |
|M_4_V_address0     | out |    5|  ap_memory |     M_4_V    |     array    |
|M_4_V_ce0          | out |    1|  ap_memory |     M_4_V    |     array    |
|M_4_V_q0           |  in |   32|  ap_memory |     M_4_V    |     array    |
|M_5_V_address0     | out |    5|  ap_memory |     M_5_V    |     array    |
|M_5_V_ce0          | out |    1|  ap_memory |     M_5_V    |     array    |
|M_5_V_q0           |  in |   32|  ap_memory |     M_5_V    |     array    |
|M_6_V_address0     | out |    5|  ap_memory |     M_6_V    |     array    |
|M_6_V_ce0          | out |    1|  ap_memory |     M_6_V    |     array    |
|M_6_V_q0           |  in |   32|  ap_memory |     M_6_V    |     array    |
|M_7_V_address0     | out |    5|  ap_memory |     M_7_V    |     array    |
|M_7_V_ce0          | out |    1|  ap_memory |     M_7_V    |     array    |
|M_7_V_q0           |  in |   32|  ap_memory |     M_7_V    |     array    |
|M_8_V_address0     | out |    5|  ap_memory |     M_8_V    |     array    |
|M_8_V_ce0          | out |    1|  ap_memory |     M_8_V    |     array    |
|M_8_V_q0           |  in |   32|  ap_memory |     M_8_V    |     array    |
|M_9_V_address0     | out |    5|  ap_memory |     M_9_V    |     array    |
|M_9_V_ce0          | out |    1|  ap_memory |     M_9_V    |     array    |
|M_9_V_q0           |  in |   32|  ap_memory |     M_9_V    |     array    |
|M_10_V_address0    | out |    5|  ap_memory |    M_10_V    |     array    |
|M_10_V_ce0         | out |    1|  ap_memory |    M_10_V    |     array    |
|M_10_V_q0          |  in |   32|  ap_memory |    M_10_V    |     array    |
|M_11_V_address0    | out |    5|  ap_memory |    M_11_V    |     array    |
|M_11_V_ce0         | out |    1|  ap_memory |    M_11_V    |     array    |
|M_11_V_q0          |  in |   32|  ap_memory |    M_11_V    |     array    |
|M_12_V_address0    | out |    5|  ap_memory |    M_12_V    |     array    |
|M_12_V_ce0         | out |    1|  ap_memory |    M_12_V    |     array    |
|M_12_V_q0          |  in |   32|  ap_memory |    M_12_V    |     array    |
|M_13_V_address0    | out |    5|  ap_memory |    M_13_V    |     array    |
|M_13_V_ce0         | out |    1|  ap_memory |    M_13_V    |     array    |
|M_13_V_q0          |  in |   32|  ap_memory |    M_13_V    |     array    |
|M_14_V_address0    | out |    5|  ap_memory |    M_14_V    |     array    |
|M_14_V_ce0         | out |    1|  ap_memory |    M_14_V    |     array    |
|M_14_V_q0          |  in |   32|  ap_memory |    M_14_V    |     array    |
|M_15_V_address0    | out |    5|  ap_memory |    M_15_V    |     array    |
|M_15_V_ce0         | out |    1|  ap_memory |    M_15_V    |     array    |
|M_15_V_q0          |  in |   32|  ap_memory |    M_15_V    |     array    |
+-------------------+-----+-----+------------+--------------+--------------+

============================================================
+ Verbose Summary: Synthesis Manager
============================================================
InlineROM: 1
ExposeGlobal: 0
============================================================
+ Verbose Summary: CDFG Model
============================================================
IsTopModel: 0
ResetActiveHigh: 1
IsCombinational: 2
IsDatapathOnly: 0
HasWiredReturn: 1
HasMFsm: 0
HasVarLatency: 1
IsPipeline: 0
IsRtlPipelined: 0
IsInstanceOverlapped: 0
IsDontTouch: 0
HasImplIP: 0
IsGatedGlobalClock: 0

+ Individual pipeline summary: 
  * Pipeline-0: initiation interval (II) = 81, depth = 83


============================================================
+ Verbose Summary: Schedule
============================================================
* Number of FSM states : 86
* Pipeline : 1
  Pipeline-0 : II = 81, D = 83, States = { 3 4 5 6 7 8 9 10 11 12 13 14 15 16 17 18 19 20 21 22 23 24 25 26 27 28 29 30 31 32 33 34 35 36 37 38 39 40 41 42 43 44 45 46 47 48 49 50 51 52 53 54 55 56 57 58 59 60 61 62 63 64 65 66 67 68 69 70 71 72 73 74 75 76 77 78 79 80 81 82 83 84 85 }
* Dataflow Pipeline: 0

* FSM state transitions: 
1 --> 2 
2 --> 3 
3 --> 86 4 
4 --> 5 
5 --> 6 
6 --> 7 
7 --> 8 
8 --> 9 
9 --> 10 
10 --> 11 
11 --> 12 
12 --> 13 
13 --> 14 
14 --> 15 
15 --> 16 
16 --> 17 
17 --> 18 
18 --> 19 
19 --> 20 
20 --> 21 
21 --> 22 
22 --> 23 
23 --> 24 
24 --> 25 
25 --> 26 
26 --> 27 
27 --> 28 
28 --> 29 
29 --> 30 
30 --> 31 
31 --> 32 
32 --> 33 
33 --> 34 
34 --> 35 
35 --> 36 
36 --> 37 
37 --> 38 
38 --> 39 
39 --> 40 
40 --> 41 
41 --> 42 
42 --> 43 
43 --> 44 
44 --> 45 
45 --> 46 
46 --> 47 
47 --> 48 
48 --> 49 
49 --> 50 
50 --> 51 
51 --> 52 
52 --> 53 
53 --> 54 
54 --> 55 
55 --> 56 
56 --> 57 
57 --> 58 
58 --> 59 
59 --> 60 
60 --> 61 
61 --> 62 
62 --> 63 
63 --> 64 
64 --> 65 
65 --> 66 
66 --> 67 
67 --> 68 
68 --> 69 
69 --> 70 
70 --> 71 
71 --> 72 
72 --> 73 
73 --> 74 
74 --> 75 
75 --> 76 
76 --> 77 
77 --> 78 
78 --> 79 
79 --> 80 
80 --> 81 
81 --> 82 
82 --> 83 
83 --> 84 
84 --> 85 
85 --> 3 
86 --> 

* FSM state operations: 

State 1 <SV = 0> <Delay = 3.63>
ST_1 : Operation 87 [1/1] (3.63ns)   --->   "%bitlength_read = call i32 @_ssdm_op_Read.ap_fifo.i32P(i32* %bitlength)" [sha256.cpp:189]   --->   Operation 87 'read' 'bitlength_read' <Predicate = true> <Delay = 3.63> <Core = "FIFO">   --->   Core 32 'FIFO' <Latency = 0> <II = 1> <Delay = 3.63> <Storage> <Opcode : 'read' 'write' 'nbread' 'nbwrite'> <Ports = 0> <Width = 32> <Depth = 2> <FIFO>

State 2 <SV = 1> <Delay = 7.15>
ST_2 : Operation 88 [1/1] (0.00ns)   --->   "%empty = call i32 (...)* @_ssdm_op_SpecInterface(i32* %bitlength, [8 x i8]* @ap_fifo_str, i32 0, i32 0, [1 x i8]* @p_str, i32 0, i32 0, [1 x i8]* @p_str, [1 x i8]* @p_str, [1 x i8]* @p_str, i32 2, i32 2, i32 16, i32 16, [1 x i8]* @p_str, [11 x i8]* @ScalarProp_str)"   --->   Operation 88 'specinterface' 'empty' <Predicate = true> <Delay = 0.00>
ST_2 : Operation 89 [1/1] (0.00ns) (grouped into LUT with out node rounds)   --->   "%tmp_5 = call i1 @_ssdm_op_BitSelect.i1.i32.i32(i32 %bitlength_read, i32 31)" [sha256.cpp:189->sha256.cpp:153]   --->   Operation 89 'bitselect' 'tmp_5' <Predicate = true> <Delay = 0.00>
ST_2 : Operation 90 [1/1] (2.55ns)   --->   "%sub_ln189 = sub i32 0, %bitlength_read" [sha256.cpp:189->sha256.cpp:153]   --->   Operation 90 'sub' 'sub_ln189' <Predicate = true> <Delay = 2.55> <Core = "AddSub">   --->   Core 14 'AddSub' <Latency = 0> <II = 1> <Delay = 2.55> <FuncUnit> <Opcode : 'add' 'sub'> <InPorts = 2> <OutPorts = 1>
ST_2 : Operation 91 [1/1] (0.00ns)   --->   "%tmp = call i23 @_ssdm_op_PartSelect.i23.i32.i32.i32(i32 %sub_ln189, i32 9, i32 31)" [sha256.cpp:189->sha256.cpp:153]   --->   Operation 91 'partselect' 'tmp' <Predicate = true> <Delay = 0.00>
ST_2 : Operation 92 [1/1] (0.00ns)   --->   "%zext_ln189 = zext i23 %tmp to i24" [sha256.cpp:189->sha256.cpp:153]   --->   Operation 92 'zext' 'zext_ln189' <Predicate = true> <Delay = 0.00>
ST_2 : Operation 93 [1/1] (2.28ns)   --->   "%sub_ln189_1 = sub i24 0, %zext_ln189" [sha256.cpp:189->sha256.cpp:153]   --->   Operation 93 'sub' 'sub_ln189_1' <Predicate = true> <Delay = 2.28> <Core = "AddSub">   --->   Core 14 'AddSub' <Latency = 0> <II = 1> <Delay = 2.55> <FuncUnit> <Opcode : 'add' 'sub'> <InPorts = 2> <OutPorts = 1>
ST_2 : Operation 94 [1/1] (0.00ns) (grouped into LUT with out node rounds)   --->   "%tmp_s = call i23 @_ssdm_op_PartSelect.i23.i32.i32.i32(i32 %bitlength_read, i32 9, i32 31)" [sha256.cpp:189->sha256.cpp:153]   --->   Operation 94 'partselect' 'tmp_s' <Predicate = true> <Delay = 0.00>
ST_2 : Operation 95 [1/1] (0.00ns) (grouped into LUT with out node rounds)   --->   "%zext_ln189_1 = zext i23 %tmp_s to i24" [sha256.cpp:189->sha256.cpp:153]   --->   Operation 95 'zext' 'zext_ln189_1' <Predicate = true> <Delay = 0.00>
ST_2 : Operation 96 [1/1] (0.00ns) (grouped into LUT with out node rounds)   --->   "%select_ln189 = select i1 %tmp_5, i24 %sub_ln189_1, i24 %zext_ln189_1" [sha256.cpp:189->sha256.cpp:153]   --->   Operation 96 'select' 'select_ln189' <Predicate = true> <Delay = 0.00> <Core = "Sel">   --->   Core 26 'Sel' <Latency = 0> <II = 1> <Delay = 0.69> <FuncUnit> <Opcode : 'select'> <InPorts = 3> <OutPorts = 1>
ST_2 : Operation 97 [1/1] (0.00ns) (grouped into LUT with out node rounds)   --->   "%sext_ln189 = sext i24 %select_ln189 to i25" [sha256.cpp:189->sha256.cpp:153]   --->   Operation 97 'sext' 'sext_ln189' <Predicate = true> <Delay = 0.00>
ST_2 : Operation 98 [1/1] (2.31ns) (out node of the LUT)   --->   "%rounds = add i25 %sext_ln189, 1" [sha256.cpp:189->sha256.cpp:153]   --->   Operation 98 'add' 'rounds' <Predicate = true> <Delay = 2.31> <Core = "AddSub">   --->   Core 14 'AddSub' <Latency = 0> <II = 1> <Delay = 2.55> <FuncUnit> <Opcode : 'add' 'sub'> <InPorts = 2> <OutPorts = 1>
ST_2 : Operation 99 [1/1] (1.76ns)   --->   "br label %0" [sha256.cpp:190->sha256.cpp:153]   --->   Operation 99 'br' <Predicate = true> <Delay = 1.76>

State 3 <SV = 2> <Delay = 3.25>
ST_3 : Operation 100 [1/1] (0.00ns)   --->   "%H_V_7_0_out_0 = phi i32 [ 1541459225, %entry ], [ %H_7_V, %hls_label_6 ]"   --->   Operation 100 'phi' 'H_V_7_0_out_0' <Predicate = true> <Delay = 0.00>
ST_3 : Operation 101 [1/1] (0.00ns)   --->   "%H_V_6_0_out_0 = phi i32 [ 528734635, %entry ], [ %H_6_V, %hls_label_6 ]"   --->   Operation 101 'phi' 'H_V_6_0_out_0' <Predicate = true> <Delay = 0.00>
ST_3 : Operation 102 [1/1] (0.00ns)   --->   "%H_V_5_0_out_0 = phi i32 [ -1694144372, %entry ], [ %H_5_V, %hls_label_6 ]"   --->   Operation 102 'phi' 'H_V_5_0_out_0' <Predicate = true> <Delay = 0.00>
ST_3 : Operation 103 [1/1] (0.00ns)   --->   "%H_V_4_0_out_0 = phi i32 [ 1359893119, %entry ], [ %H_4_V, %hls_label_6 ]"   --->   Operation 103 'phi' 'H_V_4_0_out_0' <Predicate = true> <Delay = 0.00>
ST_3 : Operation 104 [1/1] (0.00ns)   --->   "%H_V_3_0_out_0 = phi i32 [ -1521486534, %entry ], [ %H_3_V, %hls_label_6 ]"   --->   Operation 104 'phi' 'H_V_3_0_out_0' <Predicate = true> <Delay = 0.00>
ST_3 : Operation 105 [1/1] (0.00ns)   --->   "%H_V_2_0_out_0 = phi i32 [ 1013904242, %entry ], [ %H_2_V, %hls_label_6 ]"   --->   Operation 105 'phi' 'H_V_2_0_out_0' <Predicate = true> <Delay = 0.00>
ST_3 : Operation 106 [1/1] (0.00ns)   --->   "%H_V_1_0_out_0 = phi i32 [ -1150833019, %entry ], [ %H_1_V, %hls_label_6 ]"   --->   Operation 106 'phi' 'H_V_1_0_out_0' <Predicate = true> <Delay = 0.00>
ST_3 : Operation 107 [1/1] (0.00ns)   --->   "%H_V_0_0_out_0 = phi i32 [ 1779033703, %entry ], [ %H_0_V, %hls_label_6 ]"   --->   Operation 107 'phi' 'H_V_0_0_out_0' <Predicate = true> <Delay = 0.00>
ST_3 : Operation 108 [1/1] (0.00ns)   --->   "%i1_0_i = phi i24 [ 1, %entry ], [ %i, %hls_label_6 ]"   --->   Operation 108 'phi' 'i1_0_i' <Predicate = true> <Delay = 0.00>
ST_3 : Operation 109 [1/1] (0.00ns)   --->   "%zext_ln190 = zext i24 %i1_0_i to i25" [sha256.cpp:190->sha256.cpp:153]   --->   Operation 109 'zext' 'zext_ln190' <Predicate = true> <Delay = 0.00>
ST_3 : Operation 110 [1/1] (2.45ns)   --->   "%icmp_ln190 = icmp sgt i25 %zext_ln190, %rounds" [sha256.cpp:190->sha256.cpp:153]   --->   Operation 110 'icmp' 'icmp_ln190' <Predicate = true> <Delay = 2.45> <Core = "Cmp">   --->   Core 25 'Cmp' <Latency = 0> <II = 1> <Delay = 2.45> <FuncUnit> <Opcode : 'icmp'> <InPorts = 2> <OutPorts = 1>
ST_3 : Operation 111 [1/1] (0.00ns)   --->   "br i1 %icmp_ln190, label %.exit, label %hls_label_6" [sha256.cpp:190->sha256.cpp:153]   --->   Operation 111 'br' <Predicate = true> <Delay = 0.00>

State 4 <SV = 3> <Delay = 5.56>
ST_4 : Operation 112 [1/1] (2.31ns)   --->   "%add_ln192 = add i24 %i1_0_i, -1" [sha256.cpp:192->sha256.cpp:153]   --->   Operation 112 'add' 'add_ln192' <Predicate = (!icmp_ln190)> <Delay = 2.31> <Core = "AddSub">   --->   Core 14 'AddSub' <Latency = 0> <II = 1> <Delay = 2.55> <FuncUnit> <Opcode : 'add' 'sub'> <InPorts = 2> <OutPorts = 1>
ST_4 : Operation 113 [82/82] (3.25ns)   --->   "%call_ret_i = call fastcc { i32, i32, i32, i32, i32, i32, i32, i32 } @computeHashRound(i32 %H_V_0_0_out_0, i32 %H_V_1_0_out_0, i32 %H_V_2_0_out_0, i32 %H_V_3_0_out_0, i32 %H_V_4_0_out_0, i32 %H_V_5_0_out_0, i32 %H_V_6_0_out_0, i32 %H_V_7_0_out_0, [32 x i32]* %M_0_V, [32 x i32]* %M_1_V, [32 x i32]* %M_2_V, [32 x i32]* %M_3_V, [32 x i32]* %M_4_V, [32 x i32]* %M_5_V, [32 x i32]* %M_6_V, [32 x i32]* %M_7_V, [32 x i32]* %M_8_V, [32 x i32]* %M_9_V, [32 x i32]* %M_10_V, [32 x i32]* %M_11_V, [32 x i32]* %M_12_V, [32 x i32]* %M_13_V, [32 x i32]* %M_14_V, [32 x i32]* %M_15_V, i24 %add_ln192)" [sha256.cpp:192->sha256.cpp:153]   --->   Operation 113 'call' 'call_ret_i' <Predicate = (!icmp_ln190)> <Delay = 3.25> <CoreType = "Generic">   --->   Core 0 '' <Latency = 0> <II = 1> <Delay = 1.00> <Generic> <Opcode : >

State 5 <SV = 4> <Delay = 8.74>
ST_5 : Operation 114 [81/82] (8.74ns)   --->   "%call_ret_i = call fastcc { i32, i32, i32, i32, i32, i32, i32, i32 } @computeHashRound(i32 %H_V_0_0_out_0, i32 %H_V_1_0_out_0, i32 %H_V_2_0_out_0, i32 %H_V_3_0_out_0, i32 %H_V_4_0_out_0, i32 %H_V_5_0_out_0, i32 %H_V_6_0_out_0, i32 %H_V_7_0_out_0, [32 x i32]* %M_0_V, [32 x i32]* %M_1_V, [32 x i32]* %M_2_V, [32 x i32]* %M_3_V, [32 x i32]* %M_4_V, [32 x i32]* %M_5_V, [32 x i32]* %M_6_V, [32 x i32]* %M_7_V, [32 x i32]* %M_8_V, [32 x i32]* %M_9_V, [32 x i32]* %M_10_V, [32 x i32]* %M_11_V, [32 x i32]* %M_12_V, [32 x i32]* %M_13_V, [32 x i32]* %M_14_V, [32 x i32]* %M_15_V, i24 %add_ln192)" [sha256.cpp:192->sha256.cpp:153]   --->   Operation 114 'call' 'call_ret_i' <Predicate = (!icmp_ln190)> <Delay = 8.74> <CoreType = "Generic">   --->   Core 0 '' <Latency = 0> <II = 1> <Delay = 1.00> <Generic> <Opcode : >

State 6 <SV = 5> <Delay = 8.74>
ST_6 : Operation 115 [80/82] (8.74ns)   --->   "%call_ret_i = call fastcc { i32, i32, i32, i32, i32, i32, i32, i32 } @computeHashRound(i32 %H_V_0_0_out_0, i32 %H_V_1_0_out_0, i32 %H_V_2_0_out_0, i32 %H_V_3_0_out_0, i32 %H_V_4_0_out_0, i32 %H_V_5_0_out_0, i32 %H_V_6_0_out_0, i32 %H_V_7_0_out_0, [32 x i32]* %M_0_V, [32 x i32]* %M_1_V, [32 x i32]* %M_2_V, [32 x i32]* %M_3_V, [32 x i32]* %M_4_V, [32 x i32]* %M_5_V, [32 x i32]* %M_6_V, [32 x i32]* %M_7_V, [32 x i32]* %M_8_V, [32 x i32]* %M_9_V, [32 x i32]* %M_10_V, [32 x i32]* %M_11_V, [32 x i32]* %M_12_V, [32 x i32]* %M_13_V, [32 x i32]* %M_14_V, [32 x i32]* %M_15_V, i24 %add_ln192)" [sha256.cpp:192->sha256.cpp:153]   --->   Operation 115 'call' 'call_ret_i' <Predicate = (!icmp_ln190)> <Delay = 8.74> <CoreType = "Generic">   --->   Core 0 '' <Latency = 0> <II = 1> <Delay = 1.00> <Generic> <Opcode : >

State 7 <SV = 6> <Delay = 8.74>
ST_7 : Operation 116 [79/82] (8.74ns)   --->   "%call_ret_i = call fastcc { i32, i32, i32, i32, i32, i32, i32, i32 } @computeHashRound(i32 %H_V_0_0_out_0, i32 %H_V_1_0_out_0, i32 %H_V_2_0_out_0, i32 %H_V_3_0_out_0, i32 %H_V_4_0_out_0, i32 %H_V_5_0_out_0, i32 %H_V_6_0_out_0, i32 %H_V_7_0_out_0, [32 x i32]* %M_0_V, [32 x i32]* %M_1_V, [32 x i32]* %M_2_V, [32 x i32]* %M_3_V, [32 x i32]* %M_4_V, [32 x i32]* %M_5_V, [32 x i32]* %M_6_V, [32 x i32]* %M_7_V, [32 x i32]* %M_8_V, [32 x i32]* %M_9_V, [32 x i32]* %M_10_V, [32 x i32]* %M_11_V, [32 x i32]* %M_12_V, [32 x i32]* %M_13_V, [32 x i32]* %M_14_V, [32 x i32]* %M_15_V, i24 %add_ln192)" [sha256.cpp:192->sha256.cpp:153]   --->   Operation 116 'call' 'call_ret_i' <Predicate = (!icmp_ln190)> <Delay = 8.74> <CoreType = "Generic">   --->   Core 0 '' <Latency = 0> <II = 1> <Delay = 1.00> <Generic> <Opcode : >

State 8 <SV = 7> <Delay = 8.74>
ST_8 : Operation 117 [78/82] (8.74ns)   --->   "%call_ret_i = call fastcc { i32, i32, i32, i32, i32, i32, i32, i32 } @computeHashRound(i32 %H_V_0_0_out_0, i32 %H_V_1_0_out_0, i32 %H_V_2_0_out_0, i32 %H_V_3_0_out_0, i32 %H_V_4_0_out_0, i32 %H_V_5_0_out_0, i32 %H_V_6_0_out_0, i32 %H_V_7_0_out_0, [32 x i32]* %M_0_V, [32 x i32]* %M_1_V, [32 x i32]* %M_2_V, [32 x i32]* %M_3_V, [32 x i32]* %M_4_V, [32 x i32]* %M_5_V, [32 x i32]* %M_6_V, [32 x i32]* %M_7_V, [32 x i32]* %M_8_V, [32 x i32]* %M_9_V, [32 x i32]* %M_10_V, [32 x i32]* %M_11_V, [32 x i32]* %M_12_V, [32 x i32]* %M_13_V, [32 x i32]* %M_14_V, [32 x i32]* %M_15_V, i24 %add_ln192)" [sha256.cpp:192->sha256.cpp:153]   --->   Operation 117 'call' 'call_ret_i' <Predicate = (!icmp_ln190)> <Delay = 8.74> <CoreType = "Generic">   --->   Core 0 '' <Latency = 0> <II = 1> <Delay = 1.00> <Generic> <Opcode : >

State 9 <SV = 8> <Delay = 8.74>
ST_9 : Operation 118 [77/82] (8.74ns)   --->   "%call_ret_i = call fastcc { i32, i32, i32, i32, i32, i32, i32, i32 } @computeHashRound(i32 %H_V_0_0_out_0, i32 %H_V_1_0_out_0, i32 %H_V_2_0_out_0, i32 %H_V_3_0_out_0, i32 %H_V_4_0_out_0, i32 %H_V_5_0_out_0, i32 %H_V_6_0_out_0, i32 %H_V_7_0_out_0, [32 x i32]* %M_0_V, [32 x i32]* %M_1_V, [32 x i32]* %M_2_V, [32 x i32]* %M_3_V, [32 x i32]* %M_4_V, [32 x i32]* %M_5_V, [32 x i32]* %M_6_V, [32 x i32]* %M_7_V, [32 x i32]* %M_8_V, [32 x i32]* %M_9_V, [32 x i32]* %M_10_V, [32 x i32]* %M_11_V, [32 x i32]* %M_12_V, [32 x i32]* %M_13_V, [32 x i32]* %M_14_V, [32 x i32]* %M_15_V, i24 %add_ln192)" [sha256.cpp:192->sha256.cpp:153]   --->   Operation 118 'call' 'call_ret_i' <Predicate = (!icmp_ln190)> <Delay = 8.74> <CoreType = "Generic">   --->   Core 0 '' <Latency = 0> <II = 1> <Delay = 1.00> <Generic> <Opcode : >

State 10 <SV = 9> <Delay = 8.74>
ST_10 : Operation 119 [76/82] (8.74ns)   --->   "%call_ret_i = call fastcc { i32, i32, i32, i32, i32, i32, i32, i32 } @computeHashRound(i32 %H_V_0_0_out_0, i32 %H_V_1_0_out_0, i32 %H_V_2_0_out_0, i32 %H_V_3_0_out_0, i32 %H_V_4_0_out_0, i32 %H_V_5_0_out_0, i32 %H_V_6_0_out_0, i32 %H_V_7_0_out_0, [32 x i32]* %M_0_V, [32 x i32]* %M_1_V, [32 x i32]* %M_2_V, [32 x i32]* %M_3_V, [32 x i32]* %M_4_V, [32 x i32]* %M_5_V, [32 x i32]* %M_6_V, [32 x i32]* %M_7_V, [32 x i32]* %M_8_V, [32 x i32]* %M_9_V, [32 x i32]* %M_10_V, [32 x i32]* %M_11_V, [32 x i32]* %M_12_V, [32 x i32]* %M_13_V, [32 x i32]* %M_14_V, [32 x i32]* %M_15_V, i24 %add_ln192)" [sha256.cpp:192->sha256.cpp:153]   --->   Operation 119 'call' 'call_ret_i' <Predicate = (!icmp_ln190)> <Delay = 8.74> <CoreType = "Generic">   --->   Core 0 '' <Latency = 0> <II = 1> <Delay = 1.00> <Generic> <Opcode : >

State 11 <SV = 10> <Delay = 8.74>
ST_11 : Operation 120 [75/82] (8.74ns)   --->   "%call_ret_i = call fastcc { i32, i32, i32, i32, i32, i32, i32, i32 } @computeHashRound(i32 %H_V_0_0_out_0, i32 %H_V_1_0_out_0, i32 %H_V_2_0_out_0, i32 %H_V_3_0_out_0, i32 %H_V_4_0_out_0, i32 %H_V_5_0_out_0, i32 %H_V_6_0_out_0, i32 %H_V_7_0_out_0, [32 x i32]* %M_0_V, [32 x i32]* %M_1_V, [32 x i32]* %M_2_V, [32 x i32]* %M_3_V, [32 x i32]* %M_4_V, [32 x i32]* %M_5_V, [32 x i32]* %M_6_V, [32 x i32]* %M_7_V, [32 x i32]* %M_8_V, [32 x i32]* %M_9_V, [32 x i32]* %M_10_V, [32 x i32]* %M_11_V, [32 x i32]* %M_12_V, [32 x i32]* %M_13_V, [32 x i32]* %M_14_V, [32 x i32]* %M_15_V, i24 %add_ln192)" [sha256.cpp:192->sha256.cpp:153]   --->   Operation 120 'call' 'call_ret_i' <Predicate = (!icmp_ln190)> <Delay = 8.74> <CoreType = "Generic">   --->   Core 0 '' <Latency = 0> <II = 1> <Delay = 1.00> <Generic> <Opcode : >

State 12 <SV = 11> <Delay = 8.74>
ST_12 : Operation 121 [74/82] (8.74ns)   --->   "%call_ret_i = call fastcc { i32, i32, i32, i32, i32, i32, i32, i32 } @computeHashRound(i32 %H_V_0_0_out_0, i32 %H_V_1_0_out_0, i32 %H_V_2_0_out_0, i32 %H_V_3_0_out_0, i32 %H_V_4_0_out_0, i32 %H_V_5_0_out_0, i32 %H_V_6_0_out_0, i32 %H_V_7_0_out_0, [32 x i32]* %M_0_V, [32 x i32]* %M_1_V, [32 x i32]* %M_2_V, [32 x i32]* %M_3_V, [32 x i32]* %M_4_V, [32 x i32]* %M_5_V, [32 x i32]* %M_6_V, [32 x i32]* %M_7_V, [32 x i32]* %M_8_V, [32 x i32]* %M_9_V, [32 x i32]* %M_10_V, [32 x i32]* %M_11_V, [32 x i32]* %M_12_V, [32 x i32]* %M_13_V, [32 x i32]* %M_14_V, [32 x i32]* %M_15_V, i24 %add_ln192)" [sha256.cpp:192->sha256.cpp:153]   --->   Operation 121 'call' 'call_ret_i' <Predicate = (!icmp_ln190)> <Delay = 8.74> <CoreType = "Generic">   --->   Core 0 '' <Latency = 0> <II = 1> <Delay = 1.00> <Generic> <Opcode : >

State 13 <SV = 12> <Delay = 8.74>
ST_13 : Operation 122 [73/82] (8.74ns)   --->   "%call_ret_i = call fastcc { i32, i32, i32, i32, i32, i32, i32, i32 } @computeHashRound(i32 %H_V_0_0_out_0, i32 %H_V_1_0_out_0, i32 %H_V_2_0_out_0, i32 %H_V_3_0_out_0, i32 %H_V_4_0_out_0, i32 %H_V_5_0_out_0, i32 %H_V_6_0_out_0, i32 %H_V_7_0_out_0, [32 x i32]* %M_0_V, [32 x i32]* %M_1_V, [32 x i32]* %M_2_V, [32 x i32]* %M_3_V, [32 x i32]* %M_4_V, [32 x i32]* %M_5_V, [32 x i32]* %M_6_V, [32 x i32]* %M_7_V, [32 x i32]* %M_8_V, [32 x i32]* %M_9_V, [32 x i32]* %M_10_V, [32 x i32]* %M_11_V, [32 x i32]* %M_12_V, [32 x i32]* %M_13_V, [32 x i32]* %M_14_V, [32 x i32]* %M_15_V, i24 %add_ln192)" [sha256.cpp:192->sha256.cpp:153]   --->   Operation 122 'call' 'call_ret_i' <Predicate = (!icmp_ln190)> <Delay = 8.74> <CoreType = "Generic">   --->   Core 0 '' <Latency = 0> <II = 1> <Delay = 1.00> <Generic> <Opcode : >

State 14 <SV = 13> <Delay = 8.74>
ST_14 : Operation 123 [72/82] (8.74ns)   --->   "%call_ret_i = call fastcc { i32, i32, i32, i32, i32, i32, i32, i32 } @computeHashRound(i32 %H_V_0_0_out_0, i32 %H_V_1_0_out_0, i32 %H_V_2_0_out_0, i32 %H_V_3_0_out_0, i32 %H_V_4_0_out_0, i32 %H_V_5_0_out_0, i32 %H_V_6_0_out_0, i32 %H_V_7_0_out_0, [32 x i32]* %M_0_V, [32 x i32]* %M_1_V, [32 x i32]* %M_2_V, [32 x i32]* %M_3_V, [32 x i32]* %M_4_V, [32 x i32]* %M_5_V, [32 x i32]* %M_6_V, [32 x i32]* %M_7_V, [32 x i32]* %M_8_V, [32 x i32]* %M_9_V, [32 x i32]* %M_10_V, [32 x i32]* %M_11_V, [32 x i32]* %M_12_V, [32 x i32]* %M_13_V, [32 x i32]* %M_14_V, [32 x i32]* %M_15_V, i24 %add_ln192)" [sha256.cpp:192->sha256.cpp:153]   --->   Operation 123 'call' 'call_ret_i' <Predicate = (!icmp_ln190)> <Delay = 8.74> <CoreType = "Generic">   --->   Core 0 '' <Latency = 0> <II = 1> <Delay = 1.00> <Generic> <Opcode : >

State 15 <SV = 14> <Delay = 8.74>
ST_15 : Operation 124 [71/82] (8.74ns)   --->   "%call_ret_i = call fastcc { i32, i32, i32, i32, i32, i32, i32, i32 } @computeHashRound(i32 %H_V_0_0_out_0, i32 %H_V_1_0_out_0, i32 %H_V_2_0_out_0, i32 %H_V_3_0_out_0, i32 %H_V_4_0_out_0, i32 %H_V_5_0_out_0, i32 %H_V_6_0_out_0, i32 %H_V_7_0_out_0, [32 x i32]* %M_0_V, [32 x i32]* %M_1_V, [32 x i32]* %M_2_V, [32 x i32]* %M_3_V, [32 x i32]* %M_4_V, [32 x i32]* %M_5_V, [32 x i32]* %M_6_V, [32 x i32]* %M_7_V, [32 x i32]* %M_8_V, [32 x i32]* %M_9_V, [32 x i32]* %M_10_V, [32 x i32]* %M_11_V, [32 x i32]* %M_12_V, [32 x i32]* %M_13_V, [32 x i32]* %M_14_V, [32 x i32]* %M_15_V, i24 %add_ln192)" [sha256.cpp:192->sha256.cpp:153]   --->   Operation 124 'call' 'call_ret_i' <Predicate = (!icmp_ln190)> <Delay = 8.74> <CoreType = "Generic">   --->   Core 0 '' <Latency = 0> <II = 1> <Delay = 1.00> <Generic> <Opcode : >

State 16 <SV = 15> <Delay = 8.74>
ST_16 : Operation 125 [70/82] (8.74ns)   --->   "%call_ret_i = call fastcc { i32, i32, i32, i32, i32, i32, i32, i32 } @computeHashRound(i32 %H_V_0_0_out_0, i32 %H_V_1_0_out_0, i32 %H_V_2_0_out_0, i32 %H_V_3_0_out_0, i32 %H_V_4_0_out_0, i32 %H_V_5_0_out_0, i32 %H_V_6_0_out_0, i32 %H_V_7_0_out_0, [32 x i32]* %M_0_V, [32 x i32]* %M_1_V, [32 x i32]* %M_2_V, [32 x i32]* %M_3_V, [32 x i32]* %M_4_V, [32 x i32]* %M_5_V, [32 x i32]* %M_6_V, [32 x i32]* %M_7_V, [32 x i32]* %M_8_V, [32 x i32]* %M_9_V, [32 x i32]* %M_10_V, [32 x i32]* %M_11_V, [32 x i32]* %M_12_V, [32 x i32]* %M_13_V, [32 x i32]* %M_14_V, [32 x i32]* %M_15_V, i24 %add_ln192)" [sha256.cpp:192->sha256.cpp:153]   --->   Operation 125 'call' 'call_ret_i' <Predicate = (!icmp_ln190)> <Delay = 8.74> <CoreType = "Generic">   --->   Core 0 '' <Latency = 0> <II = 1> <Delay = 1.00> <Generic> <Opcode : >

State 17 <SV = 16> <Delay = 8.74>
ST_17 : Operation 126 [69/82] (8.74ns)   --->   "%call_ret_i = call fastcc { i32, i32, i32, i32, i32, i32, i32, i32 } @computeHashRound(i32 %H_V_0_0_out_0, i32 %H_V_1_0_out_0, i32 %H_V_2_0_out_0, i32 %H_V_3_0_out_0, i32 %H_V_4_0_out_0, i32 %H_V_5_0_out_0, i32 %H_V_6_0_out_0, i32 %H_V_7_0_out_0, [32 x i32]* %M_0_V, [32 x i32]* %M_1_V, [32 x i32]* %M_2_V, [32 x i32]* %M_3_V, [32 x i32]* %M_4_V, [32 x i32]* %M_5_V, [32 x i32]* %M_6_V, [32 x i32]* %M_7_V, [32 x i32]* %M_8_V, [32 x i32]* %M_9_V, [32 x i32]* %M_10_V, [32 x i32]* %M_11_V, [32 x i32]* %M_12_V, [32 x i32]* %M_13_V, [32 x i32]* %M_14_V, [32 x i32]* %M_15_V, i24 %add_ln192)" [sha256.cpp:192->sha256.cpp:153]   --->   Operation 126 'call' 'call_ret_i' <Predicate = (!icmp_ln190)> <Delay = 8.74> <CoreType = "Generic">   --->   Core 0 '' <Latency = 0> <II = 1> <Delay = 1.00> <Generic> <Opcode : >

State 18 <SV = 17> <Delay = 8.74>
ST_18 : Operation 127 [68/82] (8.74ns)   --->   "%call_ret_i = call fastcc { i32, i32, i32, i32, i32, i32, i32, i32 } @computeHashRound(i32 %H_V_0_0_out_0, i32 %H_V_1_0_out_0, i32 %H_V_2_0_out_0, i32 %H_V_3_0_out_0, i32 %H_V_4_0_out_0, i32 %H_V_5_0_out_0, i32 %H_V_6_0_out_0, i32 %H_V_7_0_out_0, [32 x i32]* %M_0_V, [32 x i32]* %M_1_V, [32 x i32]* %M_2_V, [32 x i32]* %M_3_V, [32 x i32]* %M_4_V, [32 x i32]* %M_5_V, [32 x i32]* %M_6_V, [32 x i32]* %M_7_V, [32 x i32]* %M_8_V, [32 x i32]* %M_9_V, [32 x i32]* %M_10_V, [32 x i32]* %M_11_V, [32 x i32]* %M_12_V, [32 x i32]* %M_13_V, [32 x i32]* %M_14_V, [32 x i32]* %M_15_V, i24 %add_ln192)" [sha256.cpp:192->sha256.cpp:153]   --->   Operation 127 'call' 'call_ret_i' <Predicate = (!icmp_ln190)> <Delay = 8.74> <CoreType = "Generic">   --->   Core 0 '' <Latency = 0> <II = 1> <Delay = 1.00> <Generic> <Opcode : >

State 19 <SV = 18> <Delay = 8.74>
ST_19 : Operation 128 [67/82] (8.74ns)   --->   "%call_ret_i = call fastcc { i32, i32, i32, i32, i32, i32, i32, i32 } @computeHashRound(i32 %H_V_0_0_out_0, i32 %H_V_1_0_out_0, i32 %H_V_2_0_out_0, i32 %H_V_3_0_out_0, i32 %H_V_4_0_out_0, i32 %H_V_5_0_out_0, i32 %H_V_6_0_out_0, i32 %H_V_7_0_out_0, [32 x i32]* %M_0_V, [32 x i32]* %M_1_V, [32 x i32]* %M_2_V, [32 x i32]* %M_3_V, [32 x i32]* %M_4_V, [32 x i32]* %M_5_V, [32 x i32]* %M_6_V, [32 x i32]* %M_7_V, [32 x i32]* %M_8_V, [32 x i32]* %M_9_V, [32 x i32]* %M_10_V, [32 x i32]* %M_11_V, [32 x i32]* %M_12_V, [32 x i32]* %M_13_V, [32 x i32]* %M_14_V, [32 x i32]* %M_15_V, i24 %add_ln192)" [sha256.cpp:192->sha256.cpp:153]   --->   Operation 128 'call' 'call_ret_i' <Predicate = (!icmp_ln190)> <Delay = 8.74> <CoreType = "Generic">   --->   Core 0 '' <Latency = 0> <II = 1> <Delay = 1.00> <Generic> <Opcode : >

State 20 <SV = 19> <Delay = 8.74>
ST_20 : Operation 129 [66/82] (8.74ns)   --->   "%call_ret_i = call fastcc { i32, i32, i32, i32, i32, i32, i32, i32 } @computeHashRound(i32 %H_V_0_0_out_0, i32 %H_V_1_0_out_0, i32 %H_V_2_0_out_0, i32 %H_V_3_0_out_0, i32 %H_V_4_0_out_0, i32 %H_V_5_0_out_0, i32 %H_V_6_0_out_0, i32 %H_V_7_0_out_0, [32 x i32]* %M_0_V, [32 x i32]* %M_1_V, [32 x i32]* %M_2_V, [32 x i32]* %M_3_V, [32 x i32]* %M_4_V, [32 x i32]* %M_5_V, [32 x i32]* %M_6_V, [32 x i32]* %M_7_V, [32 x i32]* %M_8_V, [32 x i32]* %M_9_V, [32 x i32]* %M_10_V, [32 x i32]* %M_11_V, [32 x i32]* %M_12_V, [32 x i32]* %M_13_V, [32 x i32]* %M_14_V, [32 x i32]* %M_15_V, i24 %add_ln192)" [sha256.cpp:192->sha256.cpp:153]   --->   Operation 129 'call' 'call_ret_i' <Predicate = (!icmp_ln190)> <Delay = 8.74> <CoreType = "Generic">   --->   Core 0 '' <Latency = 0> <II = 1> <Delay = 1.00> <Generic> <Opcode : >

State 21 <SV = 20> <Delay = 8.74>
ST_21 : Operation 130 [65/82] (8.74ns)   --->   "%call_ret_i = call fastcc { i32, i32, i32, i32, i32, i32, i32, i32 } @computeHashRound(i32 %H_V_0_0_out_0, i32 %H_V_1_0_out_0, i32 %H_V_2_0_out_0, i32 %H_V_3_0_out_0, i32 %H_V_4_0_out_0, i32 %H_V_5_0_out_0, i32 %H_V_6_0_out_0, i32 %H_V_7_0_out_0, [32 x i32]* %M_0_V, [32 x i32]* %M_1_V, [32 x i32]* %M_2_V, [32 x i32]* %M_3_V, [32 x i32]* %M_4_V, [32 x i32]* %M_5_V, [32 x i32]* %M_6_V, [32 x i32]* %M_7_V, [32 x i32]* %M_8_V, [32 x i32]* %M_9_V, [32 x i32]* %M_10_V, [32 x i32]* %M_11_V, [32 x i32]* %M_12_V, [32 x i32]* %M_13_V, [32 x i32]* %M_14_V, [32 x i32]* %M_15_V, i24 %add_ln192)" [sha256.cpp:192->sha256.cpp:153]   --->   Operation 130 'call' 'call_ret_i' <Predicate = (!icmp_ln190)> <Delay = 8.74> <CoreType = "Generic">   --->   Core 0 '' <Latency = 0> <II = 1> <Delay = 1.00> <Generic> <Opcode : >

State 22 <SV = 21> <Delay = 8.74>
ST_22 : Operation 131 [64/82] (8.74ns)   --->   "%call_ret_i = call fastcc { i32, i32, i32, i32, i32, i32, i32, i32 } @computeHashRound(i32 %H_V_0_0_out_0, i32 %H_V_1_0_out_0, i32 %H_V_2_0_out_0, i32 %H_V_3_0_out_0, i32 %H_V_4_0_out_0, i32 %H_V_5_0_out_0, i32 %H_V_6_0_out_0, i32 %H_V_7_0_out_0, [32 x i32]* %M_0_V, [32 x i32]* %M_1_V, [32 x i32]* %M_2_V, [32 x i32]* %M_3_V, [32 x i32]* %M_4_V, [32 x i32]* %M_5_V, [32 x i32]* %M_6_V, [32 x i32]* %M_7_V, [32 x i32]* %M_8_V, [32 x i32]* %M_9_V, [32 x i32]* %M_10_V, [32 x i32]* %M_11_V, [32 x i32]* %M_12_V, [32 x i32]* %M_13_V, [32 x i32]* %M_14_V, [32 x i32]* %M_15_V, i24 %add_ln192)" [sha256.cpp:192->sha256.cpp:153]   --->   Operation 131 'call' 'call_ret_i' <Predicate = (!icmp_ln190)> <Delay = 8.74> <CoreType = "Generic">   --->   Core 0 '' <Latency = 0> <II = 1> <Delay = 1.00> <Generic> <Opcode : >

State 23 <SV = 22> <Delay = 8.74>
ST_23 : Operation 132 [63/82] (8.74ns)   --->   "%call_ret_i = call fastcc { i32, i32, i32, i32, i32, i32, i32, i32 } @computeHashRound(i32 %H_V_0_0_out_0, i32 %H_V_1_0_out_0, i32 %H_V_2_0_out_0, i32 %H_V_3_0_out_0, i32 %H_V_4_0_out_0, i32 %H_V_5_0_out_0, i32 %H_V_6_0_out_0, i32 %H_V_7_0_out_0, [32 x i32]* %M_0_V, [32 x i32]* %M_1_V, [32 x i32]* %M_2_V, [32 x i32]* %M_3_V, [32 x i32]* %M_4_V, [32 x i32]* %M_5_V, [32 x i32]* %M_6_V, [32 x i32]* %M_7_V, [32 x i32]* %M_8_V, [32 x i32]* %M_9_V, [32 x i32]* %M_10_V, [32 x i32]* %M_11_V, [32 x i32]* %M_12_V, [32 x i32]* %M_13_V, [32 x i32]* %M_14_V, [32 x i32]* %M_15_V, i24 %add_ln192)" [sha256.cpp:192->sha256.cpp:153]   --->   Operation 132 'call' 'call_ret_i' <Predicate = (!icmp_ln190)> <Delay = 8.74> <CoreType = "Generic">   --->   Core 0 '' <Latency = 0> <II = 1> <Delay = 1.00> <Generic> <Opcode : >

State 24 <SV = 23> <Delay = 8.74>
ST_24 : Operation 133 [62/82] (8.74ns)   --->   "%call_ret_i = call fastcc { i32, i32, i32, i32, i32, i32, i32, i32 } @computeHashRound(i32 %H_V_0_0_out_0, i32 %H_V_1_0_out_0, i32 %H_V_2_0_out_0, i32 %H_V_3_0_out_0, i32 %H_V_4_0_out_0, i32 %H_V_5_0_out_0, i32 %H_V_6_0_out_0, i32 %H_V_7_0_out_0, [32 x i32]* %M_0_V, [32 x i32]* %M_1_V, [32 x i32]* %M_2_V, [32 x i32]* %M_3_V, [32 x i32]* %M_4_V, [32 x i32]* %M_5_V, [32 x i32]* %M_6_V, [32 x i32]* %M_7_V, [32 x i32]* %M_8_V, [32 x i32]* %M_9_V, [32 x i32]* %M_10_V, [32 x i32]* %M_11_V, [32 x i32]* %M_12_V, [32 x i32]* %M_13_V, [32 x i32]* %M_14_V, [32 x i32]* %M_15_V, i24 %add_ln192)" [sha256.cpp:192->sha256.cpp:153]   --->   Operation 133 'call' 'call_ret_i' <Predicate = (!icmp_ln190)> <Delay = 8.74> <CoreType = "Generic">   --->   Core 0 '' <Latency = 0> <II = 1> <Delay = 1.00> <Generic> <Opcode : >

State 25 <SV = 24> <Delay = 8.74>
ST_25 : Operation 134 [61/82] (8.74ns)   --->   "%call_ret_i = call fastcc { i32, i32, i32, i32, i32, i32, i32, i32 } @computeHashRound(i32 %H_V_0_0_out_0, i32 %H_V_1_0_out_0, i32 %H_V_2_0_out_0, i32 %H_V_3_0_out_0, i32 %H_V_4_0_out_0, i32 %H_V_5_0_out_0, i32 %H_V_6_0_out_0, i32 %H_V_7_0_out_0, [32 x i32]* %M_0_V, [32 x i32]* %M_1_V, [32 x i32]* %M_2_V, [32 x i32]* %M_3_V, [32 x i32]* %M_4_V, [32 x i32]* %M_5_V, [32 x i32]* %M_6_V, [32 x i32]* %M_7_V, [32 x i32]* %M_8_V, [32 x i32]* %M_9_V, [32 x i32]* %M_10_V, [32 x i32]* %M_11_V, [32 x i32]* %M_12_V, [32 x i32]* %M_13_V, [32 x i32]* %M_14_V, [32 x i32]* %M_15_V, i24 %add_ln192)" [sha256.cpp:192->sha256.cpp:153]   --->   Operation 134 'call' 'call_ret_i' <Predicate = (!icmp_ln190)> <Delay = 8.74> <CoreType = "Generic">   --->   Core 0 '' <Latency = 0> <II = 1> <Delay = 1.00> <Generic> <Opcode : >

State 26 <SV = 25> <Delay = 8.74>
ST_26 : Operation 135 [60/82] (8.74ns)   --->   "%call_ret_i = call fastcc { i32, i32, i32, i32, i32, i32, i32, i32 } @computeHashRound(i32 %H_V_0_0_out_0, i32 %H_V_1_0_out_0, i32 %H_V_2_0_out_0, i32 %H_V_3_0_out_0, i32 %H_V_4_0_out_0, i32 %H_V_5_0_out_0, i32 %H_V_6_0_out_0, i32 %H_V_7_0_out_0, [32 x i32]* %M_0_V, [32 x i32]* %M_1_V, [32 x i32]* %M_2_V, [32 x i32]* %M_3_V, [32 x i32]* %M_4_V, [32 x i32]* %M_5_V, [32 x i32]* %M_6_V, [32 x i32]* %M_7_V, [32 x i32]* %M_8_V, [32 x i32]* %M_9_V, [32 x i32]* %M_10_V, [32 x i32]* %M_11_V, [32 x i32]* %M_12_V, [32 x i32]* %M_13_V, [32 x i32]* %M_14_V, [32 x i32]* %M_15_V, i24 %add_ln192)" [sha256.cpp:192->sha256.cpp:153]   --->   Operation 135 'call' 'call_ret_i' <Predicate = (!icmp_ln190)> <Delay = 8.74> <CoreType = "Generic">   --->   Core 0 '' <Latency = 0> <II = 1> <Delay = 1.00> <Generic> <Opcode : >

State 27 <SV = 26> <Delay = 8.74>
ST_27 : Operation 136 [59/82] (8.74ns)   --->   "%call_ret_i = call fastcc { i32, i32, i32, i32, i32, i32, i32, i32 } @computeHashRound(i32 %H_V_0_0_out_0, i32 %H_V_1_0_out_0, i32 %H_V_2_0_out_0, i32 %H_V_3_0_out_0, i32 %H_V_4_0_out_0, i32 %H_V_5_0_out_0, i32 %H_V_6_0_out_0, i32 %H_V_7_0_out_0, [32 x i32]* %M_0_V, [32 x i32]* %M_1_V, [32 x i32]* %M_2_V, [32 x i32]* %M_3_V, [32 x i32]* %M_4_V, [32 x i32]* %M_5_V, [32 x i32]* %M_6_V, [32 x i32]* %M_7_V, [32 x i32]* %M_8_V, [32 x i32]* %M_9_V, [32 x i32]* %M_10_V, [32 x i32]* %M_11_V, [32 x i32]* %M_12_V, [32 x i32]* %M_13_V, [32 x i32]* %M_14_V, [32 x i32]* %M_15_V, i24 %add_ln192)" [sha256.cpp:192->sha256.cpp:153]   --->   Operation 136 'call' 'call_ret_i' <Predicate = (!icmp_ln190)> <Delay = 8.74> <CoreType = "Generic">   --->   Core 0 '' <Latency = 0> <II = 1> <Delay = 1.00> <Generic> <Opcode : >

State 28 <SV = 27> <Delay = 8.74>
ST_28 : Operation 137 [58/82] (8.74ns)   --->   "%call_ret_i = call fastcc { i32, i32, i32, i32, i32, i32, i32, i32 } @computeHashRound(i32 %H_V_0_0_out_0, i32 %H_V_1_0_out_0, i32 %H_V_2_0_out_0, i32 %H_V_3_0_out_0, i32 %H_V_4_0_out_0, i32 %H_V_5_0_out_0, i32 %H_V_6_0_out_0, i32 %H_V_7_0_out_0, [32 x i32]* %M_0_V, [32 x i32]* %M_1_V, [32 x i32]* %M_2_V, [32 x i32]* %M_3_V, [32 x i32]* %M_4_V, [32 x i32]* %M_5_V, [32 x i32]* %M_6_V, [32 x i32]* %M_7_V, [32 x i32]* %M_8_V, [32 x i32]* %M_9_V, [32 x i32]* %M_10_V, [32 x i32]* %M_11_V, [32 x i32]* %M_12_V, [32 x i32]* %M_13_V, [32 x i32]* %M_14_V, [32 x i32]* %M_15_V, i24 %add_ln192)" [sha256.cpp:192->sha256.cpp:153]   --->   Operation 137 'call' 'call_ret_i' <Predicate = (!icmp_ln190)> <Delay = 8.74> <CoreType = "Generic">   --->   Core 0 '' <Latency = 0> <II = 1> <Delay = 1.00> <Generic> <Opcode : >

State 29 <SV = 28> <Delay = 8.74>
ST_29 : Operation 138 [57/82] (8.74ns)   --->   "%call_ret_i = call fastcc { i32, i32, i32, i32, i32, i32, i32, i32 } @computeHashRound(i32 %H_V_0_0_out_0, i32 %H_V_1_0_out_0, i32 %H_V_2_0_out_0, i32 %H_V_3_0_out_0, i32 %H_V_4_0_out_0, i32 %H_V_5_0_out_0, i32 %H_V_6_0_out_0, i32 %H_V_7_0_out_0, [32 x i32]* %M_0_V, [32 x i32]* %M_1_V, [32 x i32]* %M_2_V, [32 x i32]* %M_3_V, [32 x i32]* %M_4_V, [32 x i32]* %M_5_V, [32 x i32]* %M_6_V, [32 x i32]* %M_7_V, [32 x i32]* %M_8_V, [32 x i32]* %M_9_V, [32 x i32]* %M_10_V, [32 x i32]* %M_11_V, [32 x i32]* %M_12_V, [32 x i32]* %M_13_V, [32 x i32]* %M_14_V, [32 x i32]* %M_15_V, i24 %add_ln192)" [sha256.cpp:192->sha256.cpp:153]   --->   Operation 138 'call' 'call_ret_i' <Predicate = (!icmp_ln190)> <Delay = 8.74> <CoreType = "Generic">   --->   Core 0 '' <Latency = 0> <II = 1> <Delay = 1.00> <Generic> <Opcode : >

State 30 <SV = 29> <Delay = 8.74>
ST_30 : Operation 139 [56/82] (8.74ns)   --->   "%call_ret_i = call fastcc { i32, i32, i32, i32, i32, i32, i32, i32 } @computeHashRound(i32 %H_V_0_0_out_0, i32 %H_V_1_0_out_0, i32 %H_V_2_0_out_0, i32 %H_V_3_0_out_0, i32 %H_V_4_0_out_0, i32 %H_V_5_0_out_0, i32 %H_V_6_0_out_0, i32 %H_V_7_0_out_0, [32 x i32]* %M_0_V, [32 x i32]* %M_1_V, [32 x i32]* %M_2_V, [32 x i32]* %M_3_V, [32 x i32]* %M_4_V, [32 x i32]* %M_5_V, [32 x i32]* %M_6_V, [32 x i32]* %M_7_V, [32 x i32]* %M_8_V, [32 x i32]* %M_9_V, [32 x i32]* %M_10_V, [32 x i32]* %M_11_V, [32 x i32]* %M_12_V, [32 x i32]* %M_13_V, [32 x i32]* %M_14_V, [32 x i32]* %M_15_V, i24 %add_ln192)" [sha256.cpp:192->sha256.cpp:153]   --->   Operation 139 'call' 'call_ret_i' <Predicate = (!icmp_ln190)> <Delay = 8.74> <CoreType = "Generic">   --->   Core 0 '' <Latency = 0> <II = 1> <Delay = 1.00> <Generic> <Opcode : >

State 31 <SV = 30> <Delay = 8.74>
ST_31 : Operation 140 [55/82] (8.74ns)   --->   "%call_ret_i = call fastcc { i32, i32, i32, i32, i32, i32, i32, i32 } @computeHashRound(i32 %H_V_0_0_out_0, i32 %H_V_1_0_out_0, i32 %H_V_2_0_out_0, i32 %H_V_3_0_out_0, i32 %H_V_4_0_out_0, i32 %H_V_5_0_out_0, i32 %H_V_6_0_out_0, i32 %H_V_7_0_out_0, [32 x i32]* %M_0_V, [32 x i32]* %M_1_V, [32 x i32]* %M_2_V, [32 x i32]* %M_3_V, [32 x i32]* %M_4_V, [32 x i32]* %M_5_V, [32 x i32]* %M_6_V, [32 x i32]* %M_7_V, [32 x i32]* %M_8_V, [32 x i32]* %M_9_V, [32 x i32]* %M_10_V, [32 x i32]* %M_11_V, [32 x i32]* %M_12_V, [32 x i32]* %M_13_V, [32 x i32]* %M_14_V, [32 x i32]* %M_15_V, i24 %add_ln192)" [sha256.cpp:192->sha256.cpp:153]   --->   Operation 140 'call' 'call_ret_i' <Predicate = (!icmp_ln190)> <Delay = 8.74> <CoreType = "Generic">   --->   Core 0 '' <Latency = 0> <II = 1> <Delay = 1.00> <Generic> <Opcode : >

State 32 <SV = 31> <Delay = 8.74>
ST_32 : Operation 141 [54/82] (8.74ns)   --->   "%call_ret_i = call fastcc { i32, i32, i32, i32, i32, i32, i32, i32 } @computeHashRound(i32 %H_V_0_0_out_0, i32 %H_V_1_0_out_0, i32 %H_V_2_0_out_0, i32 %H_V_3_0_out_0, i32 %H_V_4_0_out_0, i32 %H_V_5_0_out_0, i32 %H_V_6_0_out_0, i32 %H_V_7_0_out_0, [32 x i32]* %M_0_V, [32 x i32]* %M_1_V, [32 x i32]* %M_2_V, [32 x i32]* %M_3_V, [32 x i32]* %M_4_V, [32 x i32]* %M_5_V, [32 x i32]* %M_6_V, [32 x i32]* %M_7_V, [32 x i32]* %M_8_V, [32 x i32]* %M_9_V, [32 x i32]* %M_10_V, [32 x i32]* %M_11_V, [32 x i32]* %M_12_V, [32 x i32]* %M_13_V, [32 x i32]* %M_14_V, [32 x i32]* %M_15_V, i24 %add_ln192)" [sha256.cpp:192->sha256.cpp:153]   --->   Operation 141 'call' 'call_ret_i' <Predicate = (!icmp_ln190)> <Delay = 8.74> <CoreType = "Generic">   --->   Core 0 '' <Latency = 0> <II = 1> <Delay = 1.00> <Generic> <Opcode : >

State 33 <SV = 32> <Delay = 8.74>
ST_33 : Operation 142 [53/82] (8.74ns)   --->   "%call_ret_i = call fastcc { i32, i32, i32, i32, i32, i32, i32, i32 } @computeHashRound(i32 %H_V_0_0_out_0, i32 %H_V_1_0_out_0, i32 %H_V_2_0_out_0, i32 %H_V_3_0_out_0, i32 %H_V_4_0_out_0, i32 %H_V_5_0_out_0, i32 %H_V_6_0_out_0, i32 %H_V_7_0_out_0, [32 x i32]* %M_0_V, [32 x i32]* %M_1_V, [32 x i32]* %M_2_V, [32 x i32]* %M_3_V, [32 x i32]* %M_4_V, [32 x i32]* %M_5_V, [32 x i32]* %M_6_V, [32 x i32]* %M_7_V, [32 x i32]* %M_8_V, [32 x i32]* %M_9_V, [32 x i32]* %M_10_V, [32 x i32]* %M_11_V, [32 x i32]* %M_12_V, [32 x i32]* %M_13_V, [32 x i32]* %M_14_V, [32 x i32]* %M_15_V, i24 %add_ln192)" [sha256.cpp:192->sha256.cpp:153]   --->   Operation 142 'call' 'call_ret_i' <Predicate = (!icmp_ln190)> <Delay = 8.74> <CoreType = "Generic">   --->   Core 0 '' <Latency = 0> <II = 1> <Delay = 1.00> <Generic> <Opcode : >

State 34 <SV = 33> <Delay = 8.74>
ST_34 : Operation 143 [52/82] (8.74ns)   --->   "%call_ret_i = call fastcc { i32, i32, i32, i32, i32, i32, i32, i32 } @computeHashRound(i32 %H_V_0_0_out_0, i32 %H_V_1_0_out_0, i32 %H_V_2_0_out_0, i32 %H_V_3_0_out_0, i32 %H_V_4_0_out_0, i32 %H_V_5_0_out_0, i32 %H_V_6_0_out_0, i32 %H_V_7_0_out_0, [32 x i32]* %M_0_V, [32 x i32]* %M_1_V, [32 x i32]* %M_2_V, [32 x i32]* %M_3_V, [32 x i32]* %M_4_V, [32 x i32]* %M_5_V, [32 x i32]* %M_6_V, [32 x i32]* %M_7_V, [32 x i32]* %M_8_V, [32 x i32]* %M_9_V, [32 x i32]* %M_10_V, [32 x i32]* %M_11_V, [32 x i32]* %M_12_V, [32 x i32]* %M_13_V, [32 x i32]* %M_14_V, [32 x i32]* %M_15_V, i24 %add_ln192)" [sha256.cpp:192->sha256.cpp:153]   --->   Operation 143 'call' 'call_ret_i' <Predicate = (!icmp_ln190)> <Delay = 8.74> <CoreType = "Generic">   --->   Core 0 '' <Latency = 0> <II = 1> <Delay = 1.00> <Generic> <Opcode : >

State 35 <SV = 34> <Delay = 8.74>
ST_35 : Operation 144 [51/82] (8.74ns)   --->   "%call_ret_i = call fastcc { i32, i32, i32, i32, i32, i32, i32, i32 } @computeHashRound(i32 %H_V_0_0_out_0, i32 %H_V_1_0_out_0, i32 %H_V_2_0_out_0, i32 %H_V_3_0_out_0, i32 %H_V_4_0_out_0, i32 %H_V_5_0_out_0, i32 %H_V_6_0_out_0, i32 %H_V_7_0_out_0, [32 x i32]* %M_0_V, [32 x i32]* %M_1_V, [32 x i32]* %M_2_V, [32 x i32]* %M_3_V, [32 x i32]* %M_4_V, [32 x i32]* %M_5_V, [32 x i32]* %M_6_V, [32 x i32]* %M_7_V, [32 x i32]* %M_8_V, [32 x i32]* %M_9_V, [32 x i32]* %M_10_V, [32 x i32]* %M_11_V, [32 x i32]* %M_12_V, [32 x i32]* %M_13_V, [32 x i32]* %M_14_V, [32 x i32]* %M_15_V, i24 %add_ln192)" [sha256.cpp:192->sha256.cpp:153]   --->   Operation 144 'call' 'call_ret_i' <Predicate = (!icmp_ln190)> <Delay = 8.74> <CoreType = "Generic">   --->   Core 0 '' <Latency = 0> <II = 1> <Delay = 1.00> <Generic> <Opcode : >

State 36 <SV = 35> <Delay = 8.74>
ST_36 : Operation 145 [50/82] (8.74ns)   --->   "%call_ret_i = call fastcc { i32, i32, i32, i32, i32, i32, i32, i32 } @computeHashRound(i32 %H_V_0_0_out_0, i32 %H_V_1_0_out_0, i32 %H_V_2_0_out_0, i32 %H_V_3_0_out_0, i32 %H_V_4_0_out_0, i32 %H_V_5_0_out_0, i32 %H_V_6_0_out_0, i32 %H_V_7_0_out_0, [32 x i32]* %M_0_V, [32 x i32]* %M_1_V, [32 x i32]* %M_2_V, [32 x i32]* %M_3_V, [32 x i32]* %M_4_V, [32 x i32]* %M_5_V, [32 x i32]* %M_6_V, [32 x i32]* %M_7_V, [32 x i32]* %M_8_V, [32 x i32]* %M_9_V, [32 x i32]* %M_10_V, [32 x i32]* %M_11_V, [32 x i32]* %M_12_V, [32 x i32]* %M_13_V, [32 x i32]* %M_14_V, [32 x i32]* %M_15_V, i24 %add_ln192)" [sha256.cpp:192->sha256.cpp:153]   --->   Operation 145 'call' 'call_ret_i' <Predicate = (!icmp_ln190)> <Delay = 8.74> <CoreType = "Generic">   --->   Core 0 '' <Latency = 0> <II = 1> <Delay = 1.00> <Generic> <Opcode : >

State 37 <SV = 36> <Delay = 8.74>
ST_37 : Operation 146 [49/82] (8.74ns)   --->   "%call_ret_i = call fastcc { i32, i32, i32, i32, i32, i32, i32, i32 } @computeHashRound(i32 %H_V_0_0_out_0, i32 %H_V_1_0_out_0, i32 %H_V_2_0_out_0, i32 %H_V_3_0_out_0, i32 %H_V_4_0_out_0, i32 %H_V_5_0_out_0, i32 %H_V_6_0_out_0, i32 %H_V_7_0_out_0, [32 x i32]* %M_0_V, [32 x i32]* %M_1_V, [32 x i32]* %M_2_V, [32 x i32]* %M_3_V, [32 x i32]* %M_4_V, [32 x i32]* %M_5_V, [32 x i32]* %M_6_V, [32 x i32]* %M_7_V, [32 x i32]* %M_8_V, [32 x i32]* %M_9_V, [32 x i32]* %M_10_V, [32 x i32]* %M_11_V, [32 x i32]* %M_12_V, [32 x i32]* %M_13_V, [32 x i32]* %M_14_V, [32 x i32]* %M_15_V, i24 %add_ln192)" [sha256.cpp:192->sha256.cpp:153]   --->   Operation 146 'call' 'call_ret_i' <Predicate = (!icmp_ln190)> <Delay = 8.74> <CoreType = "Generic">   --->   Core 0 '' <Latency = 0> <II = 1> <Delay = 1.00> <Generic> <Opcode : >

State 38 <SV = 37> <Delay = 8.74>
ST_38 : Operation 147 [48/82] (8.74ns)   --->   "%call_ret_i = call fastcc { i32, i32, i32, i32, i32, i32, i32, i32 } @computeHashRound(i32 %H_V_0_0_out_0, i32 %H_V_1_0_out_0, i32 %H_V_2_0_out_0, i32 %H_V_3_0_out_0, i32 %H_V_4_0_out_0, i32 %H_V_5_0_out_0, i32 %H_V_6_0_out_0, i32 %H_V_7_0_out_0, [32 x i32]* %M_0_V, [32 x i32]* %M_1_V, [32 x i32]* %M_2_V, [32 x i32]* %M_3_V, [32 x i32]* %M_4_V, [32 x i32]* %M_5_V, [32 x i32]* %M_6_V, [32 x i32]* %M_7_V, [32 x i32]* %M_8_V, [32 x i32]* %M_9_V, [32 x i32]* %M_10_V, [32 x i32]* %M_11_V, [32 x i32]* %M_12_V, [32 x i32]* %M_13_V, [32 x i32]* %M_14_V, [32 x i32]* %M_15_V, i24 %add_ln192)" [sha256.cpp:192->sha256.cpp:153]   --->   Operation 147 'call' 'call_ret_i' <Predicate = (!icmp_ln190)> <Delay = 8.74> <CoreType = "Generic">   --->   Core 0 '' <Latency = 0> <II = 1> <Delay = 1.00> <Generic> <Opcode : >

State 39 <SV = 38> <Delay = 8.74>
ST_39 : Operation 148 [47/82] (8.74ns)   --->   "%call_ret_i = call fastcc { i32, i32, i32, i32, i32, i32, i32, i32 } @computeHashRound(i32 %H_V_0_0_out_0, i32 %H_V_1_0_out_0, i32 %H_V_2_0_out_0, i32 %H_V_3_0_out_0, i32 %H_V_4_0_out_0, i32 %H_V_5_0_out_0, i32 %H_V_6_0_out_0, i32 %H_V_7_0_out_0, [32 x i32]* %M_0_V, [32 x i32]* %M_1_V, [32 x i32]* %M_2_V, [32 x i32]* %M_3_V, [32 x i32]* %M_4_V, [32 x i32]* %M_5_V, [32 x i32]* %M_6_V, [32 x i32]* %M_7_V, [32 x i32]* %M_8_V, [32 x i32]* %M_9_V, [32 x i32]* %M_10_V, [32 x i32]* %M_11_V, [32 x i32]* %M_12_V, [32 x i32]* %M_13_V, [32 x i32]* %M_14_V, [32 x i32]* %M_15_V, i24 %add_ln192)" [sha256.cpp:192->sha256.cpp:153]   --->   Operation 148 'call' 'call_ret_i' <Predicate = (!icmp_ln190)> <Delay = 8.74> <CoreType = "Generic">   --->   Core 0 '' <Latency = 0> <II = 1> <Delay = 1.00> <Generic> <Opcode : >

State 40 <SV = 39> <Delay = 8.74>
ST_40 : Operation 149 [46/82] (8.74ns)   --->   "%call_ret_i = call fastcc { i32, i32, i32, i32, i32, i32, i32, i32 } @computeHashRound(i32 %H_V_0_0_out_0, i32 %H_V_1_0_out_0, i32 %H_V_2_0_out_0, i32 %H_V_3_0_out_0, i32 %H_V_4_0_out_0, i32 %H_V_5_0_out_0, i32 %H_V_6_0_out_0, i32 %H_V_7_0_out_0, [32 x i32]* %M_0_V, [32 x i32]* %M_1_V, [32 x i32]* %M_2_V, [32 x i32]* %M_3_V, [32 x i32]* %M_4_V, [32 x i32]* %M_5_V, [32 x i32]* %M_6_V, [32 x i32]* %M_7_V, [32 x i32]* %M_8_V, [32 x i32]* %M_9_V, [32 x i32]* %M_10_V, [32 x i32]* %M_11_V, [32 x i32]* %M_12_V, [32 x i32]* %M_13_V, [32 x i32]* %M_14_V, [32 x i32]* %M_15_V, i24 %add_ln192)" [sha256.cpp:192->sha256.cpp:153]   --->   Operation 149 'call' 'call_ret_i' <Predicate = (!icmp_ln190)> <Delay = 8.74> <CoreType = "Generic">   --->   Core 0 '' <Latency = 0> <II = 1> <Delay = 1.00> <Generic> <Opcode : >

State 41 <SV = 40> <Delay = 8.74>
ST_41 : Operation 150 [45/82] (8.74ns)   --->   "%call_ret_i = call fastcc { i32, i32, i32, i32, i32, i32, i32, i32 } @computeHashRound(i32 %H_V_0_0_out_0, i32 %H_V_1_0_out_0, i32 %H_V_2_0_out_0, i32 %H_V_3_0_out_0, i32 %H_V_4_0_out_0, i32 %H_V_5_0_out_0, i32 %H_V_6_0_out_0, i32 %H_V_7_0_out_0, [32 x i32]* %M_0_V, [32 x i32]* %M_1_V, [32 x i32]* %M_2_V, [32 x i32]* %M_3_V, [32 x i32]* %M_4_V, [32 x i32]* %M_5_V, [32 x i32]* %M_6_V, [32 x i32]* %M_7_V, [32 x i32]* %M_8_V, [32 x i32]* %M_9_V, [32 x i32]* %M_10_V, [32 x i32]* %M_11_V, [32 x i32]* %M_12_V, [32 x i32]* %M_13_V, [32 x i32]* %M_14_V, [32 x i32]* %M_15_V, i24 %add_ln192)" [sha256.cpp:192->sha256.cpp:153]   --->   Operation 150 'call' 'call_ret_i' <Predicate = (!icmp_ln190)> <Delay = 8.74> <CoreType = "Generic">   --->   Core 0 '' <Latency = 0> <II = 1> <Delay = 1.00> <Generic> <Opcode : >

State 42 <SV = 41> <Delay = 8.74>
ST_42 : Operation 151 [44/82] (8.74ns)   --->   "%call_ret_i = call fastcc { i32, i32, i32, i32, i32, i32, i32, i32 } @computeHashRound(i32 %H_V_0_0_out_0, i32 %H_V_1_0_out_0, i32 %H_V_2_0_out_0, i32 %H_V_3_0_out_0, i32 %H_V_4_0_out_0, i32 %H_V_5_0_out_0, i32 %H_V_6_0_out_0, i32 %H_V_7_0_out_0, [32 x i32]* %M_0_V, [32 x i32]* %M_1_V, [32 x i32]* %M_2_V, [32 x i32]* %M_3_V, [32 x i32]* %M_4_V, [32 x i32]* %M_5_V, [32 x i32]* %M_6_V, [32 x i32]* %M_7_V, [32 x i32]* %M_8_V, [32 x i32]* %M_9_V, [32 x i32]* %M_10_V, [32 x i32]* %M_11_V, [32 x i32]* %M_12_V, [32 x i32]* %M_13_V, [32 x i32]* %M_14_V, [32 x i32]* %M_15_V, i24 %add_ln192)" [sha256.cpp:192->sha256.cpp:153]   --->   Operation 151 'call' 'call_ret_i' <Predicate = (!icmp_ln190)> <Delay = 8.74> <CoreType = "Generic">   --->   Core 0 '' <Latency = 0> <II = 1> <Delay = 1.00> <Generic> <Opcode : >

State 43 <SV = 42> <Delay = 8.74>
ST_43 : Operation 152 [43/82] (8.74ns)   --->   "%call_ret_i = call fastcc { i32, i32, i32, i32, i32, i32, i32, i32 } @computeHashRound(i32 %H_V_0_0_out_0, i32 %H_V_1_0_out_0, i32 %H_V_2_0_out_0, i32 %H_V_3_0_out_0, i32 %H_V_4_0_out_0, i32 %H_V_5_0_out_0, i32 %H_V_6_0_out_0, i32 %H_V_7_0_out_0, [32 x i32]* %M_0_V, [32 x i32]* %M_1_V, [32 x i32]* %M_2_V, [32 x i32]* %M_3_V, [32 x i32]* %M_4_V, [32 x i32]* %M_5_V, [32 x i32]* %M_6_V, [32 x i32]* %M_7_V, [32 x i32]* %M_8_V, [32 x i32]* %M_9_V, [32 x i32]* %M_10_V, [32 x i32]* %M_11_V, [32 x i32]* %M_12_V, [32 x i32]* %M_13_V, [32 x i32]* %M_14_V, [32 x i32]* %M_15_V, i24 %add_ln192)" [sha256.cpp:192->sha256.cpp:153]   --->   Operation 152 'call' 'call_ret_i' <Predicate = (!icmp_ln190)> <Delay = 8.74> <CoreType = "Generic">   --->   Core 0 '' <Latency = 0> <II = 1> <Delay = 1.00> <Generic> <Opcode : >

State 44 <SV = 43> <Delay = 8.74>
ST_44 : Operation 153 [42/82] (8.74ns)   --->   "%call_ret_i = call fastcc { i32, i32, i32, i32, i32, i32, i32, i32 } @computeHashRound(i32 %H_V_0_0_out_0, i32 %H_V_1_0_out_0, i32 %H_V_2_0_out_0, i32 %H_V_3_0_out_0, i32 %H_V_4_0_out_0, i32 %H_V_5_0_out_0, i32 %H_V_6_0_out_0, i32 %H_V_7_0_out_0, [32 x i32]* %M_0_V, [32 x i32]* %M_1_V, [32 x i32]* %M_2_V, [32 x i32]* %M_3_V, [32 x i32]* %M_4_V, [32 x i32]* %M_5_V, [32 x i32]* %M_6_V, [32 x i32]* %M_7_V, [32 x i32]* %M_8_V, [32 x i32]* %M_9_V, [32 x i32]* %M_10_V, [32 x i32]* %M_11_V, [32 x i32]* %M_12_V, [32 x i32]* %M_13_V, [32 x i32]* %M_14_V, [32 x i32]* %M_15_V, i24 %add_ln192)" [sha256.cpp:192->sha256.cpp:153]   --->   Operation 153 'call' 'call_ret_i' <Predicate = (!icmp_ln190)> <Delay = 8.74> <CoreType = "Generic">   --->   Core 0 '' <Latency = 0> <II = 1> <Delay = 1.00> <Generic> <Opcode : >

State 45 <SV = 44> <Delay = 8.74>
ST_45 : Operation 154 [41/82] (8.74ns)   --->   "%call_ret_i = call fastcc { i32, i32, i32, i32, i32, i32, i32, i32 } @computeHashRound(i32 %H_V_0_0_out_0, i32 %H_V_1_0_out_0, i32 %H_V_2_0_out_0, i32 %H_V_3_0_out_0, i32 %H_V_4_0_out_0, i32 %H_V_5_0_out_0, i32 %H_V_6_0_out_0, i32 %H_V_7_0_out_0, [32 x i32]* %M_0_V, [32 x i32]* %M_1_V, [32 x i32]* %M_2_V, [32 x i32]* %M_3_V, [32 x i32]* %M_4_V, [32 x i32]* %M_5_V, [32 x i32]* %M_6_V, [32 x i32]* %M_7_V, [32 x i32]* %M_8_V, [32 x i32]* %M_9_V, [32 x i32]* %M_10_V, [32 x i32]* %M_11_V, [32 x i32]* %M_12_V, [32 x i32]* %M_13_V, [32 x i32]* %M_14_V, [32 x i32]* %M_15_V, i24 %add_ln192)" [sha256.cpp:192->sha256.cpp:153]   --->   Operation 154 'call' 'call_ret_i' <Predicate = (!icmp_ln190)> <Delay = 8.74> <CoreType = "Generic">   --->   Core 0 '' <Latency = 0> <II = 1> <Delay = 1.00> <Generic> <Opcode : >

State 46 <SV = 45> <Delay = 8.74>
ST_46 : Operation 155 [40/82] (8.74ns)   --->   "%call_ret_i = call fastcc { i32, i32, i32, i32, i32, i32, i32, i32 } @computeHashRound(i32 %H_V_0_0_out_0, i32 %H_V_1_0_out_0, i32 %H_V_2_0_out_0, i32 %H_V_3_0_out_0, i32 %H_V_4_0_out_0, i32 %H_V_5_0_out_0, i32 %H_V_6_0_out_0, i32 %H_V_7_0_out_0, [32 x i32]* %M_0_V, [32 x i32]* %M_1_V, [32 x i32]* %M_2_V, [32 x i32]* %M_3_V, [32 x i32]* %M_4_V, [32 x i32]* %M_5_V, [32 x i32]* %M_6_V, [32 x i32]* %M_7_V, [32 x i32]* %M_8_V, [32 x i32]* %M_9_V, [32 x i32]* %M_10_V, [32 x i32]* %M_11_V, [32 x i32]* %M_12_V, [32 x i32]* %M_13_V, [32 x i32]* %M_14_V, [32 x i32]* %M_15_V, i24 %add_ln192)" [sha256.cpp:192->sha256.cpp:153]   --->   Operation 155 'call' 'call_ret_i' <Predicate = (!icmp_ln190)> <Delay = 8.74> <CoreType = "Generic">   --->   Core 0 '' <Latency = 0> <II = 1> <Delay = 1.00> <Generic> <Opcode : >

State 47 <SV = 46> <Delay = 8.74>
ST_47 : Operation 156 [39/82] (8.74ns)   --->   "%call_ret_i = call fastcc { i32, i32, i32, i32, i32, i32, i32, i32 } @computeHashRound(i32 %H_V_0_0_out_0, i32 %H_V_1_0_out_0, i32 %H_V_2_0_out_0, i32 %H_V_3_0_out_0, i32 %H_V_4_0_out_0, i32 %H_V_5_0_out_0, i32 %H_V_6_0_out_0, i32 %H_V_7_0_out_0, [32 x i32]* %M_0_V, [32 x i32]* %M_1_V, [32 x i32]* %M_2_V, [32 x i32]* %M_3_V, [32 x i32]* %M_4_V, [32 x i32]* %M_5_V, [32 x i32]* %M_6_V, [32 x i32]* %M_7_V, [32 x i32]* %M_8_V, [32 x i32]* %M_9_V, [32 x i32]* %M_10_V, [32 x i32]* %M_11_V, [32 x i32]* %M_12_V, [32 x i32]* %M_13_V, [32 x i32]* %M_14_V, [32 x i32]* %M_15_V, i24 %add_ln192)" [sha256.cpp:192->sha256.cpp:153]   --->   Operation 156 'call' 'call_ret_i' <Predicate = (!icmp_ln190)> <Delay = 8.74> <CoreType = "Generic">   --->   Core 0 '' <Latency = 0> <II = 1> <Delay = 1.00> <Generic> <Opcode : >

State 48 <SV = 47> <Delay = 8.74>
ST_48 : Operation 157 [38/82] (8.74ns)   --->   "%call_ret_i = call fastcc { i32, i32, i32, i32, i32, i32, i32, i32 } @computeHashRound(i32 %H_V_0_0_out_0, i32 %H_V_1_0_out_0, i32 %H_V_2_0_out_0, i32 %H_V_3_0_out_0, i32 %H_V_4_0_out_0, i32 %H_V_5_0_out_0, i32 %H_V_6_0_out_0, i32 %H_V_7_0_out_0, [32 x i32]* %M_0_V, [32 x i32]* %M_1_V, [32 x i32]* %M_2_V, [32 x i32]* %M_3_V, [32 x i32]* %M_4_V, [32 x i32]* %M_5_V, [32 x i32]* %M_6_V, [32 x i32]* %M_7_V, [32 x i32]* %M_8_V, [32 x i32]* %M_9_V, [32 x i32]* %M_10_V, [32 x i32]* %M_11_V, [32 x i32]* %M_12_V, [32 x i32]* %M_13_V, [32 x i32]* %M_14_V, [32 x i32]* %M_15_V, i24 %add_ln192)" [sha256.cpp:192->sha256.cpp:153]   --->   Operation 157 'call' 'call_ret_i' <Predicate = (!icmp_ln190)> <Delay = 8.74> <CoreType = "Generic">   --->   Core 0 '' <Latency = 0> <II = 1> <Delay = 1.00> <Generic> <Opcode : >

State 49 <SV = 48> <Delay = 8.74>
ST_49 : Operation 158 [37/82] (8.74ns)   --->   "%call_ret_i = call fastcc { i32, i32, i32, i32, i32, i32, i32, i32 } @computeHashRound(i32 %H_V_0_0_out_0, i32 %H_V_1_0_out_0, i32 %H_V_2_0_out_0, i32 %H_V_3_0_out_0, i32 %H_V_4_0_out_0, i32 %H_V_5_0_out_0, i32 %H_V_6_0_out_0, i32 %H_V_7_0_out_0, [32 x i32]* %M_0_V, [32 x i32]* %M_1_V, [32 x i32]* %M_2_V, [32 x i32]* %M_3_V, [32 x i32]* %M_4_V, [32 x i32]* %M_5_V, [32 x i32]* %M_6_V, [32 x i32]* %M_7_V, [32 x i32]* %M_8_V, [32 x i32]* %M_9_V, [32 x i32]* %M_10_V, [32 x i32]* %M_11_V, [32 x i32]* %M_12_V, [32 x i32]* %M_13_V, [32 x i32]* %M_14_V, [32 x i32]* %M_15_V, i24 %add_ln192)" [sha256.cpp:192->sha256.cpp:153]   --->   Operation 158 'call' 'call_ret_i' <Predicate = (!icmp_ln190)> <Delay = 8.74> <CoreType = "Generic">   --->   Core 0 '' <Latency = 0> <II = 1> <Delay = 1.00> <Generic> <Opcode : >

State 50 <SV = 49> <Delay = 8.74>
ST_50 : Operation 159 [36/82] (8.74ns)   --->   "%call_ret_i = call fastcc { i32, i32, i32, i32, i32, i32, i32, i32 } @computeHashRound(i32 %H_V_0_0_out_0, i32 %H_V_1_0_out_0, i32 %H_V_2_0_out_0, i32 %H_V_3_0_out_0, i32 %H_V_4_0_out_0, i32 %H_V_5_0_out_0, i32 %H_V_6_0_out_0, i32 %H_V_7_0_out_0, [32 x i32]* %M_0_V, [32 x i32]* %M_1_V, [32 x i32]* %M_2_V, [32 x i32]* %M_3_V, [32 x i32]* %M_4_V, [32 x i32]* %M_5_V, [32 x i32]* %M_6_V, [32 x i32]* %M_7_V, [32 x i32]* %M_8_V, [32 x i32]* %M_9_V, [32 x i32]* %M_10_V, [32 x i32]* %M_11_V, [32 x i32]* %M_12_V, [32 x i32]* %M_13_V, [32 x i32]* %M_14_V, [32 x i32]* %M_15_V, i24 %add_ln192)" [sha256.cpp:192->sha256.cpp:153]   --->   Operation 159 'call' 'call_ret_i' <Predicate = (!icmp_ln190)> <Delay = 8.74> <CoreType = "Generic">   --->   Core 0 '' <Latency = 0> <II = 1> <Delay = 1.00> <Generic> <Opcode : >

State 51 <SV = 50> <Delay = 8.74>
ST_51 : Operation 160 [35/82] (8.74ns)   --->   "%call_ret_i = call fastcc { i32, i32, i32, i32, i32, i32, i32, i32 } @computeHashRound(i32 %H_V_0_0_out_0, i32 %H_V_1_0_out_0, i32 %H_V_2_0_out_0, i32 %H_V_3_0_out_0, i32 %H_V_4_0_out_0, i32 %H_V_5_0_out_0, i32 %H_V_6_0_out_0, i32 %H_V_7_0_out_0, [32 x i32]* %M_0_V, [32 x i32]* %M_1_V, [32 x i32]* %M_2_V, [32 x i32]* %M_3_V, [32 x i32]* %M_4_V, [32 x i32]* %M_5_V, [32 x i32]* %M_6_V, [32 x i32]* %M_7_V, [32 x i32]* %M_8_V, [32 x i32]* %M_9_V, [32 x i32]* %M_10_V, [32 x i32]* %M_11_V, [32 x i32]* %M_12_V, [32 x i32]* %M_13_V, [32 x i32]* %M_14_V, [32 x i32]* %M_15_V, i24 %add_ln192)" [sha256.cpp:192->sha256.cpp:153]   --->   Operation 160 'call' 'call_ret_i' <Predicate = (!icmp_ln190)> <Delay = 8.74> <CoreType = "Generic">   --->   Core 0 '' <Latency = 0> <II = 1> <Delay = 1.00> <Generic> <Opcode : >

State 52 <SV = 51> <Delay = 8.74>
ST_52 : Operation 161 [34/82] (8.74ns)   --->   "%call_ret_i = call fastcc { i32, i32, i32, i32, i32, i32, i32, i32 } @computeHashRound(i32 %H_V_0_0_out_0, i32 %H_V_1_0_out_0, i32 %H_V_2_0_out_0, i32 %H_V_3_0_out_0, i32 %H_V_4_0_out_0, i32 %H_V_5_0_out_0, i32 %H_V_6_0_out_0, i32 %H_V_7_0_out_0, [32 x i32]* %M_0_V, [32 x i32]* %M_1_V, [32 x i32]* %M_2_V, [32 x i32]* %M_3_V, [32 x i32]* %M_4_V, [32 x i32]* %M_5_V, [32 x i32]* %M_6_V, [32 x i32]* %M_7_V, [32 x i32]* %M_8_V, [32 x i32]* %M_9_V, [32 x i32]* %M_10_V, [32 x i32]* %M_11_V, [32 x i32]* %M_12_V, [32 x i32]* %M_13_V, [32 x i32]* %M_14_V, [32 x i32]* %M_15_V, i24 %add_ln192)" [sha256.cpp:192->sha256.cpp:153]   --->   Operation 161 'call' 'call_ret_i' <Predicate = (!icmp_ln190)> <Delay = 8.74> <CoreType = "Generic">   --->   Core 0 '' <Latency = 0> <II = 1> <Delay = 1.00> <Generic> <Opcode : >

State 53 <SV = 52> <Delay = 8.74>
ST_53 : Operation 162 [33/82] (8.74ns)   --->   "%call_ret_i = call fastcc { i32, i32, i32, i32, i32, i32, i32, i32 } @computeHashRound(i32 %H_V_0_0_out_0, i32 %H_V_1_0_out_0, i32 %H_V_2_0_out_0, i32 %H_V_3_0_out_0, i32 %H_V_4_0_out_0, i32 %H_V_5_0_out_0, i32 %H_V_6_0_out_0, i32 %H_V_7_0_out_0, [32 x i32]* %M_0_V, [32 x i32]* %M_1_V, [32 x i32]* %M_2_V, [32 x i32]* %M_3_V, [32 x i32]* %M_4_V, [32 x i32]* %M_5_V, [32 x i32]* %M_6_V, [32 x i32]* %M_7_V, [32 x i32]* %M_8_V, [32 x i32]* %M_9_V, [32 x i32]* %M_10_V, [32 x i32]* %M_11_V, [32 x i32]* %M_12_V, [32 x i32]* %M_13_V, [32 x i32]* %M_14_V, [32 x i32]* %M_15_V, i24 %add_ln192)" [sha256.cpp:192->sha256.cpp:153]   --->   Operation 162 'call' 'call_ret_i' <Predicate = (!icmp_ln190)> <Delay = 8.74> <CoreType = "Generic">   --->   Core 0 '' <Latency = 0> <II = 1> <Delay = 1.00> <Generic> <Opcode : >

State 54 <SV = 53> <Delay = 8.74>
ST_54 : Operation 163 [32/82] (8.74ns)   --->   "%call_ret_i = call fastcc { i32, i32, i32, i32, i32, i32, i32, i32 } @computeHashRound(i32 %H_V_0_0_out_0, i32 %H_V_1_0_out_0, i32 %H_V_2_0_out_0, i32 %H_V_3_0_out_0, i32 %H_V_4_0_out_0, i32 %H_V_5_0_out_0, i32 %H_V_6_0_out_0, i32 %H_V_7_0_out_0, [32 x i32]* %M_0_V, [32 x i32]* %M_1_V, [32 x i32]* %M_2_V, [32 x i32]* %M_3_V, [32 x i32]* %M_4_V, [32 x i32]* %M_5_V, [32 x i32]* %M_6_V, [32 x i32]* %M_7_V, [32 x i32]* %M_8_V, [32 x i32]* %M_9_V, [32 x i32]* %M_10_V, [32 x i32]* %M_11_V, [32 x i32]* %M_12_V, [32 x i32]* %M_13_V, [32 x i32]* %M_14_V, [32 x i32]* %M_15_V, i24 %add_ln192)" [sha256.cpp:192->sha256.cpp:153]   --->   Operation 163 'call' 'call_ret_i' <Predicate = (!icmp_ln190)> <Delay = 8.74> <CoreType = "Generic">   --->   Core 0 '' <Latency = 0> <II = 1> <Delay = 1.00> <Generic> <Opcode : >

State 55 <SV = 54> <Delay = 8.74>
ST_55 : Operation 164 [31/82] (8.74ns)   --->   "%call_ret_i = call fastcc { i32, i32, i32, i32, i32, i32, i32, i32 } @computeHashRound(i32 %H_V_0_0_out_0, i32 %H_V_1_0_out_0, i32 %H_V_2_0_out_0, i32 %H_V_3_0_out_0, i32 %H_V_4_0_out_0, i32 %H_V_5_0_out_0, i32 %H_V_6_0_out_0, i32 %H_V_7_0_out_0, [32 x i32]* %M_0_V, [32 x i32]* %M_1_V, [32 x i32]* %M_2_V, [32 x i32]* %M_3_V, [32 x i32]* %M_4_V, [32 x i32]* %M_5_V, [32 x i32]* %M_6_V, [32 x i32]* %M_7_V, [32 x i32]* %M_8_V, [32 x i32]* %M_9_V, [32 x i32]* %M_10_V, [32 x i32]* %M_11_V, [32 x i32]* %M_12_V, [32 x i32]* %M_13_V, [32 x i32]* %M_14_V, [32 x i32]* %M_15_V, i24 %add_ln192)" [sha256.cpp:192->sha256.cpp:153]   --->   Operation 164 'call' 'call_ret_i' <Predicate = (!icmp_ln190)> <Delay = 8.74> <CoreType = "Generic">   --->   Core 0 '' <Latency = 0> <II = 1> <Delay = 1.00> <Generic> <Opcode : >

State 56 <SV = 55> <Delay = 8.74>
ST_56 : Operation 165 [30/82] (8.74ns)   --->   "%call_ret_i = call fastcc { i32, i32, i32, i32, i32, i32, i32, i32 } @computeHashRound(i32 %H_V_0_0_out_0, i32 %H_V_1_0_out_0, i32 %H_V_2_0_out_0, i32 %H_V_3_0_out_0, i32 %H_V_4_0_out_0, i32 %H_V_5_0_out_0, i32 %H_V_6_0_out_0, i32 %H_V_7_0_out_0, [32 x i32]* %M_0_V, [32 x i32]* %M_1_V, [32 x i32]* %M_2_V, [32 x i32]* %M_3_V, [32 x i32]* %M_4_V, [32 x i32]* %M_5_V, [32 x i32]* %M_6_V, [32 x i32]* %M_7_V, [32 x i32]* %M_8_V, [32 x i32]* %M_9_V, [32 x i32]* %M_10_V, [32 x i32]* %M_11_V, [32 x i32]* %M_12_V, [32 x i32]* %M_13_V, [32 x i32]* %M_14_V, [32 x i32]* %M_15_V, i24 %add_ln192)" [sha256.cpp:192->sha256.cpp:153]   --->   Operation 165 'call' 'call_ret_i' <Predicate = (!icmp_ln190)> <Delay = 8.74> <CoreType = "Generic">   --->   Core 0 '' <Latency = 0> <II = 1> <Delay = 1.00> <Generic> <Opcode : >

State 57 <SV = 56> <Delay = 8.74>
ST_57 : Operation 166 [29/82] (8.74ns)   --->   "%call_ret_i = call fastcc { i32, i32, i32, i32, i32, i32, i32, i32 } @computeHashRound(i32 %H_V_0_0_out_0, i32 %H_V_1_0_out_0, i32 %H_V_2_0_out_0, i32 %H_V_3_0_out_0, i32 %H_V_4_0_out_0, i32 %H_V_5_0_out_0, i32 %H_V_6_0_out_0, i32 %H_V_7_0_out_0, [32 x i32]* %M_0_V, [32 x i32]* %M_1_V, [32 x i32]* %M_2_V, [32 x i32]* %M_3_V, [32 x i32]* %M_4_V, [32 x i32]* %M_5_V, [32 x i32]* %M_6_V, [32 x i32]* %M_7_V, [32 x i32]* %M_8_V, [32 x i32]* %M_9_V, [32 x i32]* %M_10_V, [32 x i32]* %M_11_V, [32 x i32]* %M_12_V, [32 x i32]* %M_13_V, [32 x i32]* %M_14_V, [32 x i32]* %M_15_V, i24 %add_ln192)" [sha256.cpp:192->sha256.cpp:153]   --->   Operation 166 'call' 'call_ret_i' <Predicate = (!icmp_ln190)> <Delay = 8.74> <CoreType = "Generic">   --->   Core 0 '' <Latency = 0> <II = 1> <Delay = 1.00> <Generic> <Opcode : >

State 58 <SV = 57> <Delay = 8.74>
ST_58 : Operation 167 [28/82] (8.74ns)   --->   "%call_ret_i = call fastcc { i32, i32, i32, i32, i32, i32, i32, i32 } @computeHashRound(i32 %H_V_0_0_out_0, i32 %H_V_1_0_out_0, i32 %H_V_2_0_out_0, i32 %H_V_3_0_out_0, i32 %H_V_4_0_out_0, i32 %H_V_5_0_out_0, i32 %H_V_6_0_out_0, i32 %H_V_7_0_out_0, [32 x i32]* %M_0_V, [32 x i32]* %M_1_V, [32 x i32]* %M_2_V, [32 x i32]* %M_3_V, [32 x i32]* %M_4_V, [32 x i32]* %M_5_V, [32 x i32]* %M_6_V, [32 x i32]* %M_7_V, [32 x i32]* %M_8_V, [32 x i32]* %M_9_V, [32 x i32]* %M_10_V, [32 x i32]* %M_11_V, [32 x i32]* %M_12_V, [32 x i32]* %M_13_V, [32 x i32]* %M_14_V, [32 x i32]* %M_15_V, i24 %add_ln192)" [sha256.cpp:192->sha256.cpp:153]   --->   Operation 167 'call' 'call_ret_i' <Predicate = (!icmp_ln190)> <Delay = 8.74> <CoreType = "Generic">   --->   Core 0 '' <Latency = 0> <II = 1> <Delay = 1.00> <Generic> <Opcode : >

State 59 <SV = 58> <Delay = 8.74>
ST_59 : Operation 168 [27/82] (8.74ns)   --->   "%call_ret_i = call fastcc { i32, i32, i32, i32, i32, i32, i32, i32 } @computeHashRound(i32 %H_V_0_0_out_0, i32 %H_V_1_0_out_0, i32 %H_V_2_0_out_0, i32 %H_V_3_0_out_0, i32 %H_V_4_0_out_0, i32 %H_V_5_0_out_0, i32 %H_V_6_0_out_0, i32 %H_V_7_0_out_0, [32 x i32]* %M_0_V, [32 x i32]* %M_1_V, [32 x i32]* %M_2_V, [32 x i32]* %M_3_V, [32 x i32]* %M_4_V, [32 x i32]* %M_5_V, [32 x i32]* %M_6_V, [32 x i32]* %M_7_V, [32 x i32]* %M_8_V, [32 x i32]* %M_9_V, [32 x i32]* %M_10_V, [32 x i32]* %M_11_V, [32 x i32]* %M_12_V, [32 x i32]* %M_13_V, [32 x i32]* %M_14_V, [32 x i32]* %M_15_V, i24 %add_ln192)" [sha256.cpp:192->sha256.cpp:153]   --->   Operation 168 'call' 'call_ret_i' <Predicate = (!icmp_ln190)> <Delay = 8.74> <CoreType = "Generic">   --->   Core 0 '' <Latency = 0> <II = 1> <Delay = 1.00> <Generic> <Opcode : >

State 60 <SV = 59> <Delay = 8.74>
ST_60 : Operation 169 [26/82] (8.74ns)   --->   "%call_ret_i = call fastcc { i32, i32, i32, i32, i32, i32, i32, i32 } @computeHashRound(i32 %H_V_0_0_out_0, i32 %H_V_1_0_out_0, i32 %H_V_2_0_out_0, i32 %H_V_3_0_out_0, i32 %H_V_4_0_out_0, i32 %H_V_5_0_out_0, i32 %H_V_6_0_out_0, i32 %H_V_7_0_out_0, [32 x i32]* %M_0_V, [32 x i32]* %M_1_V, [32 x i32]* %M_2_V, [32 x i32]* %M_3_V, [32 x i32]* %M_4_V, [32 x i32]* %M_5_V, [32 x i32]* %M_6_V, [32 x i32]* %M_7_V, [32 x i32]* %M_8_V, [32 x i32]* %M_9_V, [32 x i32]* %M_10_V, [32 x i32]* %M_11_V, [32 x i32]* %M_12_V, [32 x i32]* %M_13_V, [32 x i32]* %M_14_V, [32 x i32]* %M_15_V, i24 %add_ln192)" [sha256.cpp:192->sha256.cpp:153]   --->   Operation 169 'call' 'call_ret_i' <Predicate = (!icmp_ln190)> <Delay = 8.74> <CoreType = "Generic">   --->   Core 0 '' <Latency = 0> <II = 1> <Delay = 1.00> <Generic> <Opcode : >

State 61 <SV = 60> <Delay = 8.74>
ST_61 : Operation 170 [25/82] (8.74ns)   --->   "%call_ret_i = call fastcc { i32, i32, i32, i32, i32, i32, i32, i32 } @computeHashRound(i32 %H_V_0_0_out_0, i32 %H_V_1_0_out_0, i32 %H_V_2_0_out_0, i32 %H_V_3_0_out_0, i32 %H_V_4_0_out_0, i32 %H_V_5_0_out_0, i32 %H_V_6_0_out_0, i32 %H_V_7_0_out_0, [32 x i32]* %M_0_V, [32 x i32]* %M_1_V, [32 x i32]* %M_2_V, [32 x i32]* %M_3_V, [32 x i32]* %M_4_V, [32 x i32]* %M_5_V, [32 x i32]* %M_6_V, [32 x i32]* %M_7_V, [32 x i32]* %M_8_V, [32 x i32]* %M_9_V, [32 x i32]* %M_10_V, [32 x i32]* %M_11_V, [32 x i32]* %M_12_V, [32 x i32]* %M_13_V, [32 x i32]* %M_14_V, [32 x i32]* %M_15_V, i24 %add_ln192)" [sha256.cpp:192->sha256.cpp:153]   --->   Operation 170 'call' 'call_ret_i' <Predicate = (!icmp_ln190)> <Delay = 8.74> <CoreType = "Generic">   --->   Core 0 '' <Latency = 0> <II = 1> <Delay = 1.00> <Generic> <Opcode : >

State 62 <SV = 61> <Delay = 8.74>
ST_62 : Operation 171 [24/82] (8.74ns)   --->   "%call_ret_i = call fastcc { i32, i32, i32, i32, i32, i32, i32, i32 } @computeHashRound(i32 %H_V_0_0_out_0, i32 %H_V_1_0_out_0, i32 %H_V_2_0_out_0, i32 %H_V_3_0_out_0, i32 %H_V_4_0_out_0, i32 %H_V_5_0_out_0, i32 %H_V_6_0_out_0, i32 %H_V_7_0_out_0, [32 x i32]* %M_0_V, [32 x i32]* %M_1_V, [32 x i32]* %M_2_V, [32 x i32]* %M_3_V, [32 x i32]* %M_4_V, [32 x i32]* %M_5_V, [32 x i32]* %M_6_V, [32 x i32]* %M_7_V, [32 x i32]* %M_8_V, [32 x i32]* %M_9_V, [32 x i32]* %M_10_V, [32 x i32]* %M_11_V, [32 x i32]* %M_12_V, [32 x i32]* %M_13_V, [32 x i32]* %M_14_V, [32 x i32]* %M_15_V, i24 %add_ln192)" [sha256.cpp:192->sha256.cpp:153]   --->   Operation 171 'call' 'call_ret_i' <Predicate = (!icmp_ln190)> <Delay = 8.74> <CoreType = "Generic">   --->   Core 0 '' <Latency = 0> <II = 1> <Delay = 1.00> <Generic> <Opcode : >

State 63 <SV = 62> <Delay = 8.74>
ST_63 : Operation 172 [23/82] (8.74ns)   --->   "%call_ret_i = call fastcc { i32, i32, i32, i32, i32, i32, i32, i32 } @computeHashRound(i32 %H_V_0_0_out_0, i32 %H_V_1_0_out_0, i32 %H_V_2_0_out_0, i32 %H_V_3_0_out_0, i32 %H_V_4_0_out_0, i32 %H_V_5_0_out_0, i32 %H_V_6_0_out_0, i32 %H_V_7_0_out_0, [32 x i32]* %M_0_V, [32 x i32]* %M_1_V, [32 x i32]* %M_2_V, [32 x i32]* %M_3_V, [32 x i32]* %M_4_V, [32 x i32]* %M_5_V, [32 x i32]* %M_6_V, [32 x i32]* %M_7_V, [32 x i32]* %M_8_V, [32 x i32]* %M_9_V, [32 x i32]* %M_10_V, [32 x i32]* %M_11_V, [32 x i32]* %M_12_V, [32 x i32]* %M_13_V, [32 x i32]* %M_14_V, [32 x i32]* %M_15_V, i24 %add_ln192)" [sha256.cpp:192->sha256.cpp:153]   --->   Operation 172 'call' 'call_ret_i' <Predicate = (!icmp_ln190)> <Delay = 8.74> <CoreType = "Generic">   --->   Core 0 '' <Latency = 0> <II = 1> <Delay = 1.00> <Generic> <Opcode : >

State 64 <SV = 63> <Delay = 8.74>
ST_64 : Operation 173 [22/82] (8.74ns)   --->   "%call_ret_i = call fastcc { i32, i32, i32, i32, i32, i32, i32, i32 } @computeHashRound(i32 %H_V_0_0_out_0, i32 %H_V_1_0_out_0, i32 %H_V_2_0_out_0, i32 %H_V_3_0_out_0, i32 %H_V_4_0_out_0, i32 %H_V_5_0_out_0, i32 %H_V_6_0_out_0, i32 %H_V_7_0_out_0, [32 x i32]* %M_0_V, [32 x i32]* %M_1_V, [32 x i32]* %M_2_V, [32 x i32]* %M_3_V, [32 x i32]* %M_4_V, [32 x i32]* %M_5_V, [32 x i32]* %M_6_V, [32 x i32]* %M_7_V, [32 x i32]* %M_8_V, [32 x i32]* %M_9_V, [32 x i32]* %M_10_V, [32 x i32]* %M_11_V, [32 x i32]* %M_12_V, [32 x i32]* %M_13_V, [32 x i32]* %M_14_V, [32 x i32]* %M_15_V, i24 %add_ln192)" [sha256.cpp:192->sha256.cpp:153]   --->   Operation 173 'call' 'call_ret_i' <Predicate = (!icmp_ln190)> <Delay = 8.74> <CoreType = "Generic">   --->   Core 0 '' <Latency = 0> <II = 1> <Delay = 1.00> <Generic> <Opcode : >

State 65 <SV = 64> <Delay = 8.74>
ST_65 : Operation 174 [21/82] (8.74ns)   --->   "%call_ret_i = call fastcc { i32, i32, i32, i32, i32, i32, i32, i32 } @computeHashRound(i32 %H_V_0_0_out_0, i32 %H_V_1_0_out_0, i32 %H_V_2_0_out_0, i32 %H_V_3_0_out_0, i32 %H_V_4_0_out_0, i32 %H_V_5_0_out_0, i32 %H_V_6_0_out_0, i32 %H_V_7_0_out_0, [32 x i32]* %M_0_V, [32 x i32]* %M_1_V, [32 x i32]* %M_2_V, [32 x i32]* %M_3_V, [32 x i32]* %M_4_V, [32 x i32]* %M_5_V, [32 x i32]* %M_6_V, [32 x i32]* %M_7_V, [32 x i32]* %M_8_V, [32 x i32]* %M_9_V, [32 x i32]* %M_10_V, [32 x i32]* %M_11_V, [32 x i32]* %M_12_V, [32 x i32]* %M_13_V, [32 x i32]* %M_14_V, [32 x i32]* %M_15_V, i24 %add_ln192)" [sha256.cpp:192->sha256.cpp:153]   --->   Operation 174 'call' 'call_ret_i' <Predicate = (!icmp_ln190)> <Delay = 8.74> <CoreType = "Generic">   --->   Core 0 '' <Latency = 0> <II = 1> <Delay = 1.00> <Generic> <Opcode : >

State 66 <SV = 65> <Delay = 8.74>
ST_66 : Operation 175 [20/82] (8.74ns)   --->   "%call_ret_i = call fastcc { i32, i32, i32, i32, i32, i32, i32, i32 } @computeHashRound(i32 %H_V_0_0_out_0, i32 %H_V_1_0_out_0, i32 %H_V_2_0_out_0, i32 %H_V_3_0_out_0, i32 %H_V_4_0_out_0, i32 %H_V_5_0_out_0, i32 %H_V_6_0_out_0, i32 %H_V_7_0_out_0, [32 x i32]* %M_0_V, [32 x i32]* %M_1_V, [32 x i32]* %M_2_V, [32 x i32]* %M_3_V, [32 x i32]* %M_4_V, [32 x i32]* %M_5_V, [32 x i32]* %M_6_V, [32 x i32]* %M_7_V, [32 x i32]* %M_8_V, [32 x i32]* %M_9_V, [32 x i32]* %M_10_V, [32 x i32]* %M_11_V, [32 x i32]* %M_12_V, [32 x i32]* %M_13_V, [32 x i32]* %M_14_V, [32 x i32]* %M_15_V, i24 %add_ln192)" [sha256.cpp:192->sha256.cpp:153]   --->   Operation 175 'call' 'call_ret_i' <Predicate = (!icmp_ln190)> <Delay = 8.74> <CoreType = "Generic">   --->   Core 0 '' <Latency = 0> <II = 1> <Delay = 1.00> <Generic> <Opcode : >

State 67 <SV = 66> <Delay = 8.74>
ST_67 : Operation 176 [19/82] (8.74ns)   --->   "%call_ret_i = call fastcc { i32, i32, i32, i32, i32, i32, i32, i32 } @computeHashRound(i32 %H_V_0_0_out_0, i32 %H_V_1_0_out_0, i32 %H_V_2_0_out_0, i32 %H_V_3_0_out_0, i32 %H_V_4_0_out_0, i32 %H_V_5_0_out_0, i32 %H_V_6_0_out_0, i32 %H_V_7_0_out_0, [32 x i32]* %M_0_V, [32 x i32]* %M_1_V, [32 x i32]* %M_2_V, [32 x i32]* %M_3_V, [32 x i32]* %M_4_V, [32 x i32]* %M_5_V, [32 x i32]* %M_6_V, [32 x i32]* %M_7_V, [32 x i32]* %M_8_V, [32 x i32]* %M_9_V, [32 x i32]* %M_10_V, [32 x i32]* %M_11_V, [32 x i32]* %M_12_V, [32 x i32]* %M_13_V, [32 x i32]* %M_14_V, [32 x i32]* %M_15_V, i24 %add_ln192)" [sha256.cpp:192->sha256.cpp:153]   --->   Operation 176 'call' 'call_ret_i' <Predicate = (!icmp_ln190)> <Delay = 8.74> <CoreType = "Generic">   --->   Core 0 '' <Latency = 0> <II = 1> <Delay = 1.00> <Generic> <Opcode : >

State 68 <SV = 67> <Delay = 8.74>
ST_68 : Operation 177 [18/82] (8.74ns)   --->   "%call_ret_i = call fastcc { i32, i32, i32, i32, i32, i32, i32, i32 } @computeHashRound(i32 %H_V_0_0_out_0, i32 %H_V_1_0_out_0, i32 %H_V_2_0_out_0, i32 %H_V_3_0_out_0, i32 %H_V_4_0_out_0, i32 %H_V_5_0_out_0, i32 %H_V_6_0_out_0, i32 %H_V_7_0_out_0, [32 x i32]* %M_0_V, [32 x i32]* %M_1_V, [32 x i32]* %M_2_V, [32 x i32]* %M_3_V, [32 x i32]* %M_4_V, [32 x i32]* %M_5_V, [32 x i32]* %M_6_V, [32 x i32]* %M_7_V, [32 x i32]* %M_8_V, [32 x i32]* %M_9_V, [32 x i32]* %M_10_V, [32 x i32]* %M_11_V, [32 x i32]* %M_12_V, [32 x i32]* %M_13_V, [32 x i32]* %M_14_V, [32 x i32]* %M_15_V, i24 %add_ln192)" [sha256.cpp:192->sha256.cpp:153]   --->   Operation 177 'call' 'call_ret_i' <Predicate = (!icmp_ln190)> <Delay = 8.74> <CoreType = "Generic">   --->   Core 0 '' <Latency = 0> <II = 1> <Delay = 1.00> <Generic> <Opcode : >

State 69 <SV = 68> <Delay = 8.74>
ST_69 : Operation 178 [17/82] (8.74ns)   --->   "%call_ret_i = call fastcc { i32, i32, i32, i32, i32, i32, i32, i32 } @computeHashRound(i32 %H_V_0_0_out_0, i32 %H_V_1_0_out_0, i32 %H_V_2_0_out_0, i32 %H_V_3_0_out_0, i32 %H_V_4_0_out_0, i32 %H_V_5_0_out_0, i32 %H_V_6_0_out_0, i32 %H_V_7_0_out_0, [32 x i32]* %M_0_V, [32 x i32]* %M_1_V, [32 x i32]* %M_2_V, [32 x i32]* %M_3_V, [32 x i32]* %M_4_V, [32 x i32]* %M_5_V, [32 x i32]* %M_6_V, [32 x i32]* %M_7_V, [32 x i32]* %M_8_V, [32 x i32]* %M_9_V, [32 x i32]* %M_10_V, [32 x i32]* %M_11_V, [32 x i32]* %M_12_V, [32 x i32]* %M_13_V, [32 x i32]* %M_14_V, [32 x i32]* %M_15_V, i24 %add_ln192)" [sha256.cpp:192->sha256.cpp:153]   --->   Operation 178 'call' 'call_ret_i' <Predicate = (!icmp_ln190)> <Delay = 8.74> <CoreType = "Generic">   --->   Core 0 '' <Latency = 0> <II = 1> <Delay = 1.00> <Generic> <Opcode : >

State 70 <SV = 69> <Delay = 8.74>
ST_70 : Operation 179 [16/82] (8.74ns)   --->   "%call_ret_i = call fastcc { i32, i32, i32, i32, i32, i32, i32, i32 } @computeHashRound(i32 %H_V_0_0_out_0, i32 %H_V_1_0_out_0, i32 %H_V_2_0_out_0, i32 %H_V_3_0_out_0, i32 %H_V_4_0_out_0, i32 %H_V_5_0_out_0, i32 %H_V_6_0_out_0, i32 %H_V_7_0_out_0, [32 x i32]* %M_0_V, [32 x i32]* %M_1_V, [32 x i32]* %M_2_V, [32 x i32]* %M_3_V, [32 x i32]* %M_4_V, [32 x i32]* %M_5_V, [32 x i32]* %M_6_V, [32 x i32]* %M_7_V, [32 x i32]* %M_8_V, [32 x i32]* %M_9_V, [32 x i32]* %M_10_V, [32 x i32]* %M_11_V, [32 x i32]* %M_12_V, [32 x i32]* %M_13_V, [32 x i32]* %M_14_V, [32 x i32]* %M_15_V, i24 %add_ln192)" [sha256.cpp:192->sha256.cpp:153]   --->   Operation 179 'call' 'call_ret_i' <Predicate = (!icmp_ln190)> <Delay = 8.74> <CoreType = "Generic">   --->   Core 0 '' <Latency = 0> <II = 1> <Delay = 1.00> <Generic> <Opcode : >

State 71 <SV = 70> <Delay = 8.74>
ST_71 : Operation 180 [15/82] (8.74ns)   --->   "%call_ret_i = call fastcc { i32, i32, i32, i32, i32, i32, i32, i32 } @computeHashRound(i32 %H_V_0_0_out_0, i32 %H_V_1_0_out_0, i32 %H_V_2_0_out_0, i32 %H_V_3_0_out_0, i32 %H_V_4_0_out_0, i32 %H_V_5_0_out_0, i32 %H_V_6_0_out_0, i32 %H_V_7_0_out_0, [32 x i32]* %M_0_V, [32 x i32]* %M_1_V, [32 x i32]* %M_2_V, [32 x i32]* %M_3_V, [32 x i32]* %M_4_V, [32 x i32]* %M_5_V, [32 x i32]* %M_6_V, [32 x i32]* %M_7_V, [32 x i32]* %M_8_V, [32 x i32]* %M_9_V, [32 x i32]* %M_10_V, [32 x i32]* %M_11_V, [32 x i32]* %M_12_V, [32 x i32]* %M_13_V, [32 x i32]* %M_14_V, [32 x i32]* %M_15_V, i24 %add_ln192)" [sha256.cpp:192->sha256.cpp:153]   --->   Operation 180 'call' 'call_ret_i' <Predicate = (!icmp_ln190)> <Delay = 8.74> <CoreType = "Generic">   --->   Core 0 '' <Latency = 0> <II = 1> <Delay = 1.00> <Generic> <Opcode : >

State 72 <SV = 71> <Delay = 8.74>
ST_72 : Operation 181 [14/82] (8.74ns)   --->   "%call_ret_i = call fastcc { i32, i32, i32, i32, i32, i32, i32, i32 } @computeHashRound(i32 %H_V_0_0_out_0, i32 %H_V_1_0_out_0, i32 %H_V_2_0_out_0, i32 %H_V_3_0_out_0, i32 %H_V_4_0_out_0, i32 %H_V_5_0_out_0, i32 %H_V_6_0_out_0, i32 %H_V_7_0_out_0, [32 x i32]* %M_0_V, [32 x i32]* %M_1_V, [32 x i32]* %M_2_V, [32 x i32]* %M_3_V, [32 x i32]* %M_4_V, [32 x i32]* %M_5_V, [32 x i32]* %M_6_V, [32 x i32]* %M_7_V, [32 x i32]* %M_8_V, [32 x i32]* %M_9_V, [32 x i32]* %M_10_V, [32 x i32]* %M_11_V, [32 x i32]* %M_12_V, [32 x i32]* %M_13_V, [32 x i32]* %M_14_V, [32 x i32]* %M_15_V, i24 %add_ln192)" [sha256.cpp:192->sha256.cpp:153]   --->   Operation 181 'call' 'call_ret_i' <Predicate = (!icmp_ln190)> <Delay = 8.74> <CoreType = "Generic">   --->   Core 0 '' <Latency = 0> <II = 1> <Delay = 1.00> <Generic> <Opcode : >

State 73 <SV = 72> <Delay = 8.74>
ST_73 : Operation 182 [13/82] (8.74ns)   --->   "%call_ret_i = call fastcc { i32, i32, i32, i32, i32, i32, i32, i32 } @computeHashRound(i32 %H_V_0_0_out_0, i32 %H_V_1_0_out_0, i32 %H_V_2_0_out_0, i32 %H_V_3_0_out_0, i32 %H_V_4_0_out_0, i32 %H_V_5_0_out_0, i32 %H_V_6_0_out_0, i32 %H_V_7_0_out_0, [32 x i32]* %M_0_V, [32 x i32]* %M_1_V, [32 x i32]* %M_2_V, [32 x i32]* %M_3_V, [32 x i32]* %M_4_V, [32 x i32]* %M_5_V, [32 x i32]* %M_6_V, [32 x i32]* %M_7_V, [32 x i32]* %M_8_V, [32 x i32]* %M_9_V, [32 x i32]* %M_10_V, [32 x i32]* %M_11_V, [32 x i32]* %M_12_V, [32 x i32]* %M_13_V, [32 x i32]* %M_14_V, [32 x i32]* %M_15_V, i24 %add_ln192)" [sha256.cpp:192->sha256.cpp:153]   --->   Operation 182 'call' 'call_ret_i' <Predicate = (!icmp_ln190)> <Delay = 8.74> <CoreType = "Generic">   --->   Core 0 '' <Latency = 0> <II = 1> <Delay = 1.00> <Generic> <Opcode : >

State 74 <SV = 73> <Delay = 8.74>
ST_74 : Operation 183 [12/82] (8.74ns)   --->   "%call_ret_i = call fastcc { i32, i32, i32, i32, i32, i32, i32, i32 } @computeHashRound(i32 %H_V_0_0_out_0, i32 %H_V_1_0_out_0, i32 %H_V_2_0_out_0, i32 %H_V_3_0_out_0, i32 %H_V_4_0_out_0, i32 %H_V_5_0_out_0, i32 %H_V_6_0_out_0, i32 %H_V_7_0_out_0, [32 x i32]* %M_0_V, [32 x i32]* %M_1_V, [32 x i32]* %M_2_V, [32 x i32]* %M_3_V, [32 x i32]* %M_4_V, [32 x i32]* %M_5_V, [32 x i32]* %M_6_V, [32 x i32]* %M_7_V, [32 x i32]* %M_8_V, [32 x i32]* %M_9_V, [32 x i32]* %M_10_V, [32 x i32]* %M_11_V, [32 x i32]* %M_12_V, [32 x i32]* %M_13_V, [32 x i32]* %M_14_V, [32 x i32]* %M_15_V, i24 %add_ln192)" [sha256.cpp:192->sha256.cpp:153]   --->   Operation 183 'call' 'call_ret_i' <Predicate = (!icmp_ln190)> <Delay = 8.74> <CoreType = "Generic">   --->   Core 0 '' <Latency = 0> <II = 1> <Delay = 1.00> <Generic> <Opcode : >

State 75 <SV = 74> <Delay = 8.74>
ST_75 : Operation 184 [11/82] (8.74ns)   --->   "%call_ret_i = call fastcc { i32, i32, i32, i32, i32, i32, i32, i32 } @computeHashRound(i32 %H_V_0_0_out_0, i32 %H_V_1_0_out_0, i32 %H_V_2_0_out_0, i32 %H_V_3_0_out_0, i32 %H_V_4_0_out_0, i32 %H_V_5_0_out_0, i32 %H_V_6_0_out_0, i32 %H_V_7_0_out_0, [32 x i32]* %M_0_V, [32 x i32]* %M_1_V, [32 x i32]* %M_2_V, [32 x i32]* %M_3_V, [32 x i32]* %M_4_V, [32 x i32]* %M_5_V, [32 x i32]* %M_6_V, [32 x i32]* %M_7_V, [32 x i32]* %M_8_V, [32 x i32]* %M_9_V, [32 x i32]* %M_10_V, [32 x i32]* %M_11_V, [32 x i32]* %M_12_V, [32 x i32]* %M_13_V, [32 x i32]* %M_14_V, [32 x i32]* %M_15_V, i24 %add_ln192)" [sha256.cpp:192->sha256.cpp:153]   --->   Operation 184 'call' 'call_ret_i' <Predicate = (!icmp_ln190)> <Delay = 8.74> <CoreType = "Generic">   --->   Core 0 '' <Latency = 0> <II = 1> <Delay = 1.00> <Generic> <Opcode : >

State 76 <SV = 75> <Delay = 8.74>
ST_76 : Operation 185 [10/82] (8.74ns)   --->   "%call_ret_i = call fastcc { i32, i32, i32, i32, i32, i32, i32, i32 } @computeHashRound(i32 %H_V_0_0_out_0, i32 %H_V_1_0_out_0, i32 %H_V_2_0_out_0, i32 %H_V_3_0_out_0, i32 %H_V_4_0_out_0, i32 %H_V_5_0_out_0, i32 %H_V_6_0_out_0, i32 %H_V_7_0_out_0, [32 x i32]* %M_0_V, [32 x i32]* %M_1_V, [32 x i32]* %M_2_V, [32 x i32]* %M_3_V, [32 x i32]* %M_4_V, [32 x i32]* %M_5_V, [32 x i32]* %M_6_V, [32 x i32]* %M_7_V, [32 x i32]* %M_8_V, [32 x i32]* %M_9_V, [32 x i32]* %M_10_V, [32 x i32]* %M_11_V, [32 x i32]* %M_12_V, [32 x i32]* %M_13_V, [32 x i32]* %M_14_V, [32 x i32]* %M_15_V, i24 %add_ln192)" [sha256.cpp:192->sha256.cpp:153]   --->   Operation 185 'call' 'call_ret_i' <Predicate = (!icmp_ln190)> <Delay = 8.74> <CoreType = "Generic">   --->   Core 0 '' <Latency = 0> <II = 1> <Delay = 1.00> <Generic> <Opcode : >

State 77 <SV = 76> <Delay = 8.74>
ST_77 : Operation 186 [9/82] (8.74ns)   --->   "%call_ret_i = call fastcc { i32, i32, i32, i32, i32, i32, i32, i32 } @computeHashRound(i32 %H_V_0_0_out_0, i32 %H_V_1_0_out_0, i32 %H_V_2_0_out_0, i32 %H_V_3_0_out_0, i32 %H_V_4_0_out_0, i32 %H_V_5_0_out_0, i32 %H_V_6_0_out_0, i32 %H_V_7_0_out_0, [32 x i32]* %M_0_V, [32 x i32]* %M_1_V, [32 x i32]* %M_2_V, [32 x i32]* %M_3_V, [32 x i32]* %M_4_V, [32 x i32]* %M_5_V, [32 x i32]* %M_6_V, [32 x i32]* %M_7_V, [32 x i32]* %M_8_V, [32 x i32]* %M_9_V, [32 x i32]* %M_10_V, [32 x i32]* %M_11_V, [32 x i32]* %M_12_V, [32 x i32]* %M_13_V, [32 x i32]* %M_14_V, [32 x i32]* %M_15_V, i24 %add_ln192)" [sha256.cpp:192->sha256.cpp:153]   --->   Operation 186 'call' 'call_ret_i' <Predicate = (!icmp_ln190)> <Delay = 8.74> <CoreType = "Generic">   --->   Core 0 '' <Latency = 0> <II = 1> <Delay = 1.00> <Generic> <Opcode : >

State 78 <SV = 77> <Delay = 8.74>
ST_78 : Operation 187 [8/82] (8.74ns)   --->   "%call_ret_i = call fastcc { i32, i32, i32, i32, i32, i32, i32, i32 } @computeHashRound(i32 %H_V_0_0_out_0, i32 %H_V_1_0_out_0, i32 %H_V_2_0_out_0, i32 %H_V_3_0_out_0, i32 %H_V_4_0_out_0, i32 %H_V_5_0_out_0, i32 %H_V_6_0_out_0, i32 %H_V_7_0_out_0, [32 x i32]* %M_0_V, [32 x i32]* %M_1_V, [32 x i32]* %M_2_V, [32 x i32]* %M_3_V, [32 x i32]* %M_4_V, [32 x i32]* %M_5_V, [32 x i32]* %M_6_V, [32 x i32]* %M_7_V, [32 x i32]* %M_8_V, [32 x i32]* %M_9_V, [32 x i32]* %M_10_V, [32 x i32]* %M_11_V, [32 x i32]* %M_12_V, [32 x i32]* %M_13_V, [32 x i32]* %M_14_V, [32 x i32]* %M_15_V, i24 %add_ln192)" [sha256.cpp:192->sha256.cpp:153]   --->   Operation 187 'call' 'call_ret_i' <Predicate = (!icmp_ln190)> <Delay = 8.74> <CoreType = "Generic">   --->   Core 0 '' <Latency = 0> <II = 1> <Delay = 1.00> <Generic> <Opcode : >

State 79 <SV = 78> <Delay = 8.74>
ST_79 : Operation 188 [7/82] (8.74ns)   --->   "%call_ret_i = call fastcc { i32, i32, i32, i32, i32, i32, i32, i32 } @computeHashRound(i32 %H_V_0_0_out_0, i32 %H_V_1_0_out_0, i32 %H_V_2_0_out_0, i32 %H_V_3_0_out_0, i32 %H_V_4_0_out_0, i32 %H_V_5_0_out_0, i32 %H_V_6_0_out_0, i32 %H_V_7_0_out_0, [32 x i32]* %M_0_V, [32 x i32]* %M_1_V, [32 x i32]* %M_2_V, [32 x i32]* %M_3_V, [32 x i32]* %M_4_V, [32 x i32]* %M_5_V, [32 x i32]* %M_6_V, [32 x i32]* %M_7_V, [32 x i32]* %M_8_V, [32 x i32]* %M_9_V, [32 x i32]* %M_10_V, [32 x i32]* %M_11_V, [32 x i32]* %M_12_V, [32 x i32]* %M_13_V, [32 x i32]* %M_14_V, [32 x i32]* %M_15_V, i24 %add_ln192)" [sha256.cpp:192->sha256.cpp:153]   --->   Operation 188 'call' 'call_ret_i' <Predicate = (!icmp_ln190)> <Delay = 8.74> <CoreType = "Generic">   --->   Core 0 '' <Latency = 0> <II = 1> <Delay = 1.00> <Generic> <Opcode : >

State 80 <SV = 79> <Delay = 8.74>
ST_80 : Operation 189 [6/82] (8.74ns)   --->   "%call_ret_i = call fastcc { i32, i32, i32, i32, i32, i32, i32, i32 } @computeHashRound(i32 %H_V_0_0_out_0, i32 %H_V_1_0_out_0, i32 %H_V_2_0_out_0, i32 %H_V_3_0_out_0, i32 %H_V_4_0_out_0, i32 %H_V_5_0_out_0, i32 %H_V_6_0_out_0, i32 %H_V_7_0_out_0, [32 x i32]* %M_0_V, [32 x i32]* %M_1_V, [32 x i32]* %M_2_V, [32 x i32]* %M_3_V, [32 x i32]* %M_4_V, [32 x i32]* %M_5_V, [32 x i32]* %M_6_V, [32 x i32]* %M_7_V, [32 x i32]* %M_8_V, [32 x i32]* %M_9_V, [32 x i32]* %M_10_V, [32 x i32]* %M_11_V, [32 x i32]* %M_12_V, [32 x i32]* %M_13_V, [32 x i32]* %M_14_V, [32 x i32]* %M_15_V, i24 %add_ln192)" [sha256.cpp:192->sha256.cpp:153]   --->   Operation 189 'call' 'call_ret_i' <Predicate = (!icmp_ln190)> <Delay = 8.74> <CoreType = "Generic">   --->   Core 0 '' <Latency = 0> <II = 1> <Delay = 1.00> <Generic> <Opcode : >

State 81 <SV = 80> <Delay = 8.74>
ST_81 : Operation 190 [5/82] (8.74ns)   --->   "%call_ret_i = call fastcc { i32, i32, i32, i32, i32, i32, i32, i32 } @computeHashRound(i32 %H_V_0_0_out_0, i32 %H_V_1_0_out_0, i32 %H_V_2_0_out_0, i32 %H_V_3_0_out_0, i32 %H_V_4_0_out_0, i32 %H_V_5_0_out_0, i32 %H_V_6_0_out_0, i32 %H_V_7_0_out_0, [32 x i32]* %M_0_V, [32 x i32]* %M_1_V, [32 x i32]* %M_2_V, [32 x i32]* %M_3_V, [32 x i32]* %M_4_V, [32 x i32]* %M_5_V, [32 x i32]* %M_6_V, [32 x i32]* %M_7_V, [32 x i32]* %M_8_V, [32 x i32]* %M_9_V, [32 x i32]* %M_10_V, [32 x i32]* %M_11_V, [32 x i32]* %M_12_V, [32 x i32]* %M_13_V, [32 x i32]* %M_14_V, [32 x i32]* %M_15_V, i24 %add_ln192)" [sha256.cpp:192->sha256.cpp:153]   --->   Operation 190 'call' 'call_ret_i' <Predicate = (!icmp_ln190)> <Delay = 8.74> <CoreType = "Generic">   --->   Core 0 '' <Latency = 0> <II = 1> <Delay = 1.00> <Generic> <Opcode : >

State 82 <SV = 81> <Delay = 8.74>
ST_82 : Operation 191 [4/82] (8.74ns)   --->   "%call_ret_i = call fastcc { i32, i32, i32, i32, i32, i32, i32, i32 } @computeHashRound(i32 %H_V_0_0_out_0, i32 %H_V_1_0_out_0, i32 %H_V_2_0_out_0, i32 %H_V_3_0_out_0, i32 %H_V_4_0_out_0, i32 %H_V_5_0_out_0, i32 %H_V_6_0_out_0, i32 %H_V_7_0_out_0, [32 x i32]* %M_0_V, [32 x i32]* %M_1_V, [32 x i32]* %M_2_V, [32 x i32]* %M_3_V, [32 x i32]* %M_4_V, [32 x i32]* %M_5_V, [32 x i32]* %M_6_V, [32 x i32]* %M_7_V, [32 x i32]* %M_8_V, [32 x i32]* %M_9_V, [32 x i32]* %M_10_V, [32 x i32]* %M_11_V, [32 x i32]* %M_12_V, [32 x i32]* %M_13_V, [32 x i32]* %M_14_V, [32 x i32]* %M_15_V, i24 %add_ln192)" [sha256.cpp:192->sha256.cpp:153]   --->   Operation 191 'call' 'call_ret_i' <Predicate = (!icmp_ln190)> <Delay = 8.74> <CoreType = "Generic">   --->   Core 0 '' <Latency = 0> <II = 1> <Delay = 1.00> <Generic> <Opcode : >

State 83 <SV = 82> <Delay = 8.74>
ST_83 : Operation 192 [3/82] (8.74ns)   --->   "%call_ret_i = call fastcc { i32, i32, i32, i32, i32, i32, i32, i32 } @computeHashRound(i32 %H_V_0_0_out_0, i32 %H_V_1_0_out_0, i32 %H_V_2_0_out_0, i32 %H_V_3_0_out_0, i32 %H_V_4_0_out_0, i32 %H_V_5_0_out_0, i32 %H_V_6_0_out_0, i32 %H_V_7_0_out_0, [32 x i32]* %M_0_V, [32 x i32]* %M_1_V, [32 x i32]* %M_2_V, [32 x i32]* %M_3_V, [32 x i32]* %M_4_V, [32 x i32]* %M_5_V, [32 x i32]* %M_6_V, [32 x i32]* %M_7_V, [32 x i32]* %M_8_V, [32 x i32]* %M_9_V, [32 x i32]* %M_10_V, [32 x i32]* %M_11_V, [32 x i32]* %M_12_V, [32 x i32]* %M_13_V, [32 x i32]* %M_14_V, [32 x i32]* %M_15_V, i24 %add_ln192)" [sha256.cpp:192->sha256.cpp:153]   --->   Operation 192 'call' 'call_ret_i' <Predicate = (!icmp_ln190)> <Delay = 8.74> <CoreType = "Generic">   --->   Core 0 '' <Latency = 0> <II = 1> <Delay = 1.00> <Generic> <Opcode : >
ST_83 : Operation 193 [1/1] (2.31ns)   --->   "%i = add i24 %i1_0_i, 1" [sha256.cpp:190->sha256.cpp:153]   --->   Operation 193 'add' 'i' <Predicate = (!icmp_ln190)> <Delay = 2.31> <Core = "AddSub">   --->   Core 14 'AddSub' <Latency = 0> <II = 1> <Delay = 2.55> <FuncUnit> <Opcode : 'add' 'sub'> <InPorts = 2> <OutPorts = 1>

State 84 <SV = 83> <Delay = 8.74>
ST_84 : Operation 194 [2/82] (8.74ns)   --->   "%call_ret_i = call fastcc { i32, i32, i32, i32, i32, i32, i32, i32 } @computeHashRound(i32 %H_V_0_0_out_0, i32 %H_V_1_0_out_0, i32 %H_V_2_0_out_0, i32 %H_V_3_0_out_0, i32 %H_V_4_0_out_0, i32 %H_V_5_0_out_0, i32 %H_V_6_0_out_0, i32 %H_V_7_0_out_0, [32 x i32]* %M_0_V, [32 x i32]* %M_1_V, [32 x i32]* %M_2_V, [32 x i32]* %M_3_V, [32 x i32]* %M_4_V, [32 x i32]* %M_5_V, [32 x i32]* %M_6_V, [32 x i32]* %M_7_V, [32 x i32]* %M_8_V, [32 x i32]* %M_9_V, [32 x i32]* %M_10_V, [32 x i32]* %M_11_V, [32 x i32]* %M_12_V, [32 x i32]* %M_13_V, [32 x i32]* %M_14_V, [32 x i32]* %M_15_V, i24 %add_ln192)" [sha256.cpp:192->sha256.cpp:153]   --->   Operation 194 'call' 'call_ret_i' <Predicate = (!icmp_ln190)> <Delay = 8.74> <CoreType = "Generic">   --->   Core 0 '' <Latency = 0> <II = 1> <Delay = 1.00> <Generic> <Opcode : >

State 85 <SV = 84> <Delay = 10.1>
ST_85 : Operation 195 [1/1] (0.00ns)   --->   "%tmp_i = call i32 (...)* @_ssdm_op_SpecRegionBegin([12 x i8]* @p_str8)" [sha256.cpp:190->sha256.cpp:153]   --->   Operation 195 'specregionbegin' 'tmp_i' <Predicate = (!icmp_ln190)> <Delay = 0.00>
ST_85 : Operation 196 [1/1] (0.00ns)   --->   "call void (...)* @_ssdm_op_SpecPipeline(i32 1, i32 1, i32 1, i32 0, [1 x i8]* @p_str) nounwind" [sha256.cpp:191->sha256.cpp:153]   --->   Operation 196 'specpipeline' <Predicate = (!icmp_ln190)> <Delay = 0.00>
ST_85 : Operation 197 [1/82] (6.92ns)   --->   "%call_ret_i = call fastcc { i32, i32, i32, i32, i32, i32, i32, i32 } @computeHashRound(i32 %H_V_0_0_out_0, i32 %H_V_1_0_out_0, i32 %H_V_2_0_out_0, i32 %H_V_3_0_out_0, i32 %H_V_4_0_out_0, i32 %H_V_5_0_out_0, i32 %H_V_6_0_out_0, i32 %H_V_7_0_out_0, [32 x i32]* %M_0_V, [32 x i32]* %M_1_V, [32 x i32]* %M_2_V, [32 x i32]* %M_3_V, [32 x i32]* %M_4_V, [32 x i32]* %M_5_V, [32 x i32]* %M_6_V, [32 x i32]* %M_7_V, [32 x i32]* %M_8_V, [32 x i32]* %M_9_V, [32 x i32]* %M_10_V, [32 x i32]* %M_11_V, [32 x i32]* %M_12_V, [32 x i32]* %M_13_V, [32 x i32]* %M_14_V, [32 x i32]* %M_15_V, i24 %add_ln192)" [sha256.cpp:192->sha256.cpp:153]   --->   Operation 197 'call' 'call_ret_i' <Predicate = (!icmp_ln190)> <Delay = 6.92> <CoreType = "Generic">   --->   Core 0 '' <Latency = 0> <II = 1> <Delay = 1.00> <Generic> <Opcode : >
ST_85 : Operation 198 [1/1] (0.00ns)   --->   "%H_0_V = extractvalue { i32, i32, i32, i32, i32, i32, i32, i32 } %call_ret_i, 0" [sha256.cpp:192->sha256.cpp:153]   --->   Operation 198 'extractvalue' 'H_0_V' <Predicate = (!icmp_ln190)> <Delay = 0.00>
ST_85 : Operation 199 [1/1] (0.00ns)   --->   "%H_1_V = extractvalue { i32, i32, i32, i32, i32, i32, i32, i32 } %call_ret_i, 1" [sha256.cpp:192->sha256.cpp:153]   --->   Operation 199 'extractvalue' 'H_1_V' <Predicate = (!icmp_ln190)> <Delay = 0.00>
ST_85 : Operation 200 [1/1] (0.00ns)   --->   "%H_2_V = extractvalue { i32, i32, i32, i32, i32, i32, i32, i32 } %call_ret_i, 2" [sha256.cpp:192->sha256.cpp:153]   --->   Operation 200 'extractvalue' 'H_2_V' <Predicate = (!icmp_ln190)> <Delay = 0.00>
ST_85 : Operation 201 [1/1] (0.00ns)   --->   "%H_3_V = extractvalue { i32, i32, i32, i32, i32, i32, i32, i32 } %call_ret_i, 3" [sha256.cpp:192->sha256.cpp:153]   --->   Operation 201 'extractvalue' 'H_3_V' <Predicate = (!icmp_ln190)> <Delay = 0.00>
ST_85 : Operation 202 [1/1] (0.00ns)   --->   "%H_4_V = extractvalue { i32, i32, i32, i32, i32, i32, i32, i32 } %call_ret_i, 4" [sha256.cpp:192->sha256.cpp:153]   --->   Operation 202 'extractvalue' 'H_4_V' <Predicate = (!icmp_ln190)> <Delay = 0.00>
ST_85 : Operation 203 [1/1] (0.00ns)   --->   "%H_5_V = extractvalue { i32, i32, i32, i32, i32, i32, i32, i32 } %call_ret_i, 5" [sha256.cpp:192->sha256.cpp:153]   --->   Operation 203 'extractvalue' 'H_5_V' <Predicate = (!icmp_ln190)> <Delay = 0.00>
ST_85 : Operation 204 [1/1] (0.00ns)   --->   "%H_6_V = extractvalue { i32, i32, i32, i32, i32, i32, i32, i32 } %call_ret_i, 6" [sha256.cpp:192->sha256.cpp:153]   --->   Operation 204 'extractvalue' 'H_6_V' <Predicate = (!icmp_ln190)> <Delay = 0.00>
ST_85 : Operation 205 [1/1] (0.00ns)   --->   "%H_7_V = extractvalue { i32, i32, i32, i32, i32, i32, i32, i32 } %call_ret_i, 7" [sha256.cpp:192->sha256.cpp:153]   --->   Operation 205 'extractvalue' 'H_7_V' <Predicate = (!icmp_ln190)> <Delay = 0.00>
ST_85 : Operation 206 [1/1] (0.00ns)   --->   "%empty_68 = call i32 (...)* @_ssdm_op_SpecRegionEnd([12 x i8]* @p_str8, i32 %tmp_i)" [sha256.cpp:193->sha256.cpp:153]   --->   Operation 206 'specregionend' 'empty_68' <Predicate = (!icmp_ln190)> <Delay = 0.00>
ST_85 : Operation 207 [1/1] (0.00ns)   --->   "br label %0" [sha256.cpp:190->sha256.cpp:153]   --->   Operation 207 'br' <Predicate = (!icmp_ln190)> <Delay = 0.00>

State 86 <SV = 3> <Delay = 0.00>
ST_86 : Operation 208 [1/1] (0.00ns)   --->   "%mrv = insertvalue { i32, i32, i32, i32, i32, i32, i32, i32 } undef, i32 %H_V_7_0_out_0, 0" [sha256.cpp:153]   --->   Operation 208 'insertvalue' 'mrv' <Predicate = true> <Delay = 0.00>
ST_86 : Operation 209 [1/1] (0.00ns)   --->   "%mrv_1 = insertvalue { i32, i32, i32, i32, i32, i32, i32, i32 } %mrv, i32 %H_V_6_0_out_0, 1" [sha256.cpp:153]   --->   Operation 209 'insertvalue' 'mrv_1' <Predicate = true> <Delay = 0.00>
ST_86 : Operation 210 [1/1] (0.00ns)   --->   "%mrv_2 = insertvalue { i32, i32, i32, i32, i32, i32, i32, i32 } %mrv_1, i32 %H_V_5_0_out_0, 2" [sha256.cpp:153]   --->   Operation 210 'insertvalue' 'mrv_2' <Predicate = true> <Delay = 0.00>
ST_86 : Operation 211 [1/1] (0.00ns)   --->   "%mrv_3 = insertvalue { i32, i32, i32, i32, i32, i32, i32, i32 } %mrv_2, i32 %H_V_4_0_out_0, 3" [sha256.cpp:153]   --->   Operation 211 'insertvalue' 'mrv_3' <Predicate = true> <Delay = 0.00>
ST_86 : Operation 212 [1/1] (0.00ns)   --->   "%mrv_4 = insertvalue { i32, i32, i32, i32, i32, i32, i32, i32 } %mrv_3, i32 %H_V_3_0_out_0, 4" [sha256.cpp:153]   --->   Operation 212 'insertvalue' 'mrv_4' <Predicate = true> <Delay = 0.00>
ST_86 : Operation 213 [1/1] (0.00ns)   --->   "%mrv_5 = insertvalue { i32, i32, i32, i32, i32, i32, i32, i32 } %mrv_4, i32 %H_V_2_0_out_0, 5" [sha256.cpp:153]   --->   Operation 213 'insertvalue' 'mrv_5' <Predicate = true> <Delay = 0.00>
ST_86 : Operation 214 [1/1] (0.00ns)   --->   "%mrv_6 = insertvalue { i32, i32, i32, i32, i32, i32, i32, i32 } %mrv_5, i32 %H_V_1_0_out_0, 6" [sha256.cpp:153]   --->   Operation 214 'insertvalue' 'mrv_6' <Predicate = true> <Delay = 0.00>
ST_86 : Operation 215 [1/1] (0.00ns)   --->   "%mrv_7 = insertvalue { i32, i32, i32, i32, i32, i32, i32, i32 } %mrv_6, i32 %H_V_0_0_out_0, 7" [sha256.cpp:153]   --->   Operation 215 'insertvalue' 'mrv_7' <Predicate = true> <Delay = 0.00>
ST_86 : Operation 216 [1/1] (0.00ns)   --->   "ret { i32, i32, i32, i32, i32, i32, i32, i32 } %mrv_7" [sha256.cpp:153]   --->   Operation 216 'ret' <Predicate = true> <Delay = 0.00>


============================================================
+ Verbose Summary: Binding
============================================================
STG Binding: 
---------------- STG Properties BEGIN ----------------
- Is combinational: 0
- Is one-state seq: 0
- Is datapath-only: 0
- Is pipelined: 0
- Is top level: 0
Port [ Return ] is wired: 1; IO mode=ap_ctrl_hs:ce=0
Port [ bitlength]:  wired=1; compound=1; hidden=0; nouse=0; global=0; static=0; extern=0; dir=0; type=3; pingpong=0; private_global=0; IO mode=ap_fifo:ce=0
Port [ M_0_V]:  wired=1; compound=1; hidden=0; nouse=0; global=0; static=0; extern=0; dir=0; type=1; pingpong=1; private_global=0; MemPort=[13]; IO mode=ap_memory:ce=0
Port [ M_1_V]:  wired=1; compound=1; hidden=0; nouse=0; global=0; static=0; extern=0; dir=0; type=1; pingpong=1; private_global=0; MemPort=[13]; IO mode=ap_memory:ce=0
Port [ M_2_V]:  wired=1; compound=1; hidden=0; nouse=0; global=0; static=0; extern=0; dir=0; type=1; pingpong=1; private_global=0; MemPort=[13]; IO mode=ap_memory:ce=0
Port [ M_3_V]:  wired=1; compound=1; hidden=0; nouse=0; global=0; static=0; extern=0; dir=0; type=1; pingpong=1; private_global=0; MemPort=[13]; IO mode=ap_memory:ce=0
Port [ M_4_V]:  wired=1; compound=1; hidden=0; nouse=0; global=0; static=0; extern=0; dir=0; type=1; pingpong=1; private_global=0; MemPort=[13]; IO mode=ap_memory:ce=0
Port [ M_5_V]:  wired=1; compound=1; hidden=0; nouse=0; global=0; static=0; extern=0; dir=0; type=1; pingpong=1; private_global=0; MemPort=[13]; IO mode=ap_memory:ce=0
Port [ M_6_V]:  wired=1; compound=1; hidden=0; nouse=0; global=0; static=0; extern=0; dir=0; type=1; pingpong=1; private_global=0; MemPort=[13]; IO mode=ap_memory:ce=0
Port [ M_7_V]:  wired=1; compound=1; hidden=0; nouse=0; global=0; static=0; extern=0; dir=0; type=1; pingpong=1; private_global=0; MemPort=[13]; IO mode=ap_memory:ce=0
Port [ M_8_V]:  wired=1; compound=1; hidden=0; nouse=0; global=0; static=0; extern=0; dir=0; type=1; pingpong=1; private_global=0; MemPort=[13]; IO mode=ap_memory:ce=0
Port [ M_9_V]:  wired=1; compound=1; hidden=0; nouse=0; global=0; static=0; extern=0; dir=0; type=1; pingpong=1; private_global=0; MemPort=[13]; IO mode=ap_memory:ce=0
Port [ M_10_V]:  wired=1; compound=1; hidden=0; nouse=0; global=0; static=0; extern=0; dir=0; type=1; pingpong=1; private_global=0; MemPort=[13]; IO mode=ap_memory:ce=0
Port [ M_11_V]:  wired=1; compound=1; hidden=0; nouse=0; global=0; static=0; extern=0; dir=0; type=1; pingpong=1; private_global=0; MemPort=[13]; IO mode=ap_memory:ce=0
Port [ M_12_V]:  wired=1; compound=1; hidden=0; nouse=0; global=0; static=0; extern=0; dir=0; type=1; pingpong=1; private_global=0; MemPort=[13]; IO mode=ap_memory:ce=0
Port [ M_13_V]:  wired=1; compound=1; hidden=0; nouse=0; global=0; static=0; extern=0; dir=0; type=1; pingpong=1; private_global=0; MemPort=[13]; IO mode=ap_memory:ce=0
Port [ M_14_V]:  wired=1; compound=1; hidden=0; nouse=0; global=0; static=0; extern=0; dir=0; type=1; pingpong=1; private_global=0; MemPort=[13]; IO mode=ap_memory:ce=0
Port [ M_15_V]:  wired=1; compound=1; hidden=0; nouse=0; global=0; static=0; extern=0; dir=0; type=1; pingpong=1; private_global=0; MemPort=[13]; IO mode=ap_memory:ce=0
---------------- STG Properties END ------------------

---------------- Datapath Model BEGIN ----------------

<LifeTime>
<method=bitvector/>
bitlength_read     (read           ) [ 001000000000000000000000000000000000000000000000000000000000000000000000000000000000000]
empty              (specinterface  ) [ 000000000000000000000000000000000000000000000000000000000000000000000000000000000000000]
tmp_5              (bitselect      ) [ 000000000000000000000000000000000000000000000000000000000000000000000000000000000000000]
sub_ln189          (sub            ) [ 000000000000000000000000000000000000000000000000000000000000000000000000000000000000000]
tmp                (partselect     ) [ 000000000000000000000000000000000000000000000000000000000000000000000000000000000000000]
zext_ln189         (zext           ) [ 000000000000000000000000000000000000000000000000000000000000000000000000000000000000000]
sub_ln189_1        (sub            ) [ 000000000000000000000000000000000000000000000000000000000000000000000000000000000000000]
tmp_s              (partselect     ) [ 000000000000000000000000000000000000000000000000000000000000000000000000000000000000000]
zext_ln189_1       (zext           ) [ 000000000000000000000000000000000000000000000000000000000000000000000000000000000000000]
select_ln189       (select         ) [ 000000000000000000000000000000000000000000000000000000000000000000000000000000000000000]
sext_ln189         (sext           ) [ 000000000000000000000000000000000000000000000000000000000000000000000000000000000000000]
rounds             (add            ) [ 000111111111111111111111111111111111111111111111111111111111111111111111111111111111110]
br_ln190           (br             ) [ 001111111111111111111111111111111111111111111111111111111111111111111111111111111111110]
H_V_7_0_out_0      (phi            ) [ 000110000000000000000000000000000000000000000000000000000000000000000000000000000000001]
H_V_6_0_out_0      (phi            ) [ 000110000000000000000000000000000000000000000000000000000000000000000000000000000000001]
H_V_5_0_out_0      (phi            ) [ 000110000000000000000000000000000000000000000000000000000000000000000000000000000000001]
H_V_4_0_out_0      (phi            ) [ 000110000000000000000000000000000000000000000000000000000000000000000000000000000000001]
H_V_3_0_out_0      (phi            ) [ 000110000000000000000000000000000000000000000000000000000000000000000000000000000000001]
H_V_2_0_out_0      (phi            ) [ 000110000000000000000000000000000000000000000000000000000000000000000000000000000000001]
H_V_1_0_out_0      (phi            ) [ 000110000000000000000000000000000000000000000000000000000000000000000000000000000000001]
H_V_0_0_out_0      (phi            ) [ 000110000000000000000000000000000000000000000000000000000000000000000000000000000000001]
i1_0_i             (phi            ) [ 000111111111111111111111111111111111111111111111111111111111111111111111111111111111000]
zext_ln190         (zext           ) [ 000000000000000000000000000000000000000000000000000000000000000000000000000000000000000]
icmp_ln190         (icmp           ) [ 000111111111111111111111111111111111111111111111111111111111111111111111111111111111110]
br_ln190           (br             ) [ 000000000000000000000000000000000000000000000000000000000000000000000000000000000000000]
add_ln192          (add            ) [ 000000000000000000000000000000000000000000000000000000000000000000000000000000000000000]
i                  (add            ) [ 001110000000000000000000000000000000000000000000000000000000000000000000000000000000110]
tmp_i              (specregionbegin) [ 000000000000000000000000000000000000000000000000000000000000000000000000000000000000000]
specpipeline_ln191 (specpipeline   ) [ 000000000000000000000000000000000000000000000000000000000000000000000000000000000000000]
call_ret_i         (call           ) [ 000000000000000000000000000000000000000000000000000000000000000000000000000000000000000]
H_0_V              (extractvalue   ) [ 001111111111111111111111111111111111111111111111111111111111111111111111111111111111110]
H_1_V              (extractvalue   ) [ 001111111111111111111111111111111111111111111111111111111111111111111111111111111111110]
H_2_V              (extractvalue   ) [ 001111111111111111111111111111111111111111111111111111111111111111111111111111111111110]
H_3_V              (extractvalue   ) [ 001111111111111111111111111111111111111111111111111111111111111111111111111111111111110]
H_4_V              (extractvalue   ) [ 001111111111111111111111111111111111111111111111111111111111111111111111111111111111110]
H_5_V              (extractvalue   ) [ 001111111111111111111111111111111111111111111111111111111111111111111111111111111111110]
H_6_V              (extractvalue   ) [ 001111111111111111111111111111111111111111111111111111111111111111111111111111111111110]
H_7_V              (extractvalue   ) [ 001111111111111111111111111111111111111111111111111111111111111111111111111111111111110]
empty_68           (specregionend  ) [ 000000000000000000000000000000000000000000000000000000000000000000000000000000000000000]
br_ln190           (br             ) [ 001111111111111111111111111111111111111111111111111111111111111111111111111111111111110]
mrv                (insertvalue    ) [ 000000000000000000000000000000000000000000000000000000000000000000000000000000000000000]
mrv_1              (insertvalue    ) [ 000000000000000000000000000000000000000000000000000000000000000000000000000000000000000]
mrv_2              (insertvalue    ) [ 000000000000000000000000000000000000000000000000000000000000000000000000000000000000000]
mrv_3              (insertvalue    ) [ 000000000000000000000000000000000000000000000000000000000000000000000000000000000000000]
mrv_4              (insertvalue    ) [ 000000000000000000000000000000000000000000000000000000000000000000000000000000000000000]
mrv_5              (insertvalue    ) [ 000000000000000000000000000000000000000000000000000000000000000000000000000000000000000]
mrv_6              (insertvalue    ) [ 000000000000000000000000000000000000000000000000000000000000000000000000000000000000000]
mrv_7              (insertvalue    ) [ 000000000000000000000000000000000000000000000000000000000000000000000000000000000000000]
ret_ln153          (ret            ) [ 000000000000000000000000000000000000000000000000000000000000000000000000000000000000000]
</LifeTime>

<model>

<comp_list>
<comp id="0" class="1000" name="bitlength">
<pin_list>
<pin id="1" dir="1" index="0" bw="1" slack="0"/>
</pin_list>
<bind>
<StgValue><ssdm name="bitlength"/></StgValue>
</bind>
</comp>

<comp id="2" class="1000" name="M_0_V">
<pin_list>
<pin id="3" dir="1" index="0" bw="1" slack="0"/>
</pin_list>
<bind>
<StgValue><ssdm name="M_0_V"/><MemPortTyVec>1 3 </MemPortTyVec>
</StgValue>
</bind>
</comp>

<comp id="4" class="1000" name="M_1_V">
<pin_list>
<pin id="5" dir="1" index="0" bw="1" slack="0"/>
</pin_list>
<bind>
<StgValue><ssdm name="M_1_V"/><MemPortTyVec>1 3 </MemPortTyVec>
</StgValue>
</bind>
</comp>

<comp id="6" class="1000" name="M_2_V">
<pin_list>
<pin id="7" dir="1" index="0" bw="1" slack="0"/>
</pin_list>
<bind>
<StgValue><ssdm name="M_2_V"/><MemPortTyVec>1 3 </MemPortTyVec>
</StgValue>
</bind>
</comp>

<comp id="8" class="1000" name="M_3_V">
<pin_list>
<pin id="9" dir="1" index="0" bw="1" slack="0"/>
</pin_list>
<bind>
<StgValue><ssdm name="M_3_V"/><MemPortTyVec>1 3 </MemPortTyVec>
</StgValue>
</bind>
</comp>

<comp id="10" class="1000" name="M_4_V">
<pin_list>
<pin id="11" dir="1" index="0" bw="1" slack="0"/>
</pin_list>
<bind>
<StgValue><ssdm name="M_4_V"/><MemPortTyVec>1 3 </MemPortTyVec>
</StgValue>
</bind>
</comp>

<comp id="12" class="1000" name="M_5_V">
<pin_list>
<pin id="13" dir="1" index="0" bw="1" slack="0"/>
</pin_list>
<bind>
<StgValue><ssdm name="M_5_V"/><MemPortTyVec>1 3 </MemPortTyVec>
</StgValue>
</bind>
</comp>

<comp id="14" class="1000" name="M_6_V">
<pin_list>
<pin id="15" dir="1" index="0" bw="1" slack="0"/>
</pin_list>
<bind>
<StgValue><ssdm name="M_6_V"/><MemPortTyVec>1 3 </MemPortTyVec>
</StgValue>
</bind>
</comp>

<comp id="16" class="1000" name="M_7_V">
<pin_list>
<pin id="17" dir="1" index="0" bw="1" slack="0"/>
</pin_list>
<bind>
<StgValue><ssdm name="M_7_V"/><MemPortTyVec>1 3 </MemPortTyVec>
</StgValue>
</bind>
</comp>

<comp id="18" class="1000" name="M_8_V">
<pin_list>
<pin id="19" dir="1" index="0" bw="1" slack="0"/>
</pin_list>
<bind>
<StgValue><ssdm name="M_8_V"/><MemPortTyVec>1 3 </MemPortTyVec>
</StgValue>
</bind>
</comp>

<comp id="20" class="1000" name="M_9_V">
<pin_list>
<pin id="21" dir="1" index="0" bw="1" slack="0"/>
</pin_list>
<bind>
<StgValue><ssdm name="M_9_V"/><MemPortTyVec>1 3 </MemPortTyVec>
</StgValue>
</bind>
</comp>

<comp id="22" class="1000" name="M_10_V">
<pin_list>
<pin id="23" dir="1" index="0" bw="1" slack="0"/>
</pin_list>
<bind>
<StgValue><ssdm name="M_10_V"/><MemPortTyVec>1 3 </MemPortTyVec>
</StgValue>
</bind>
</comp>

<comp id="24" class="1000" name="M_11_V">
<pin_list>
<pin id="25" dir="1" index="0" bw="1" slack="0"/>
</pin_list>
<bind>
<StgValue><ssdm name="M_11_V"/><MemPortTyVec>1 3 </MemPortTyVec>
</StgValue>
</bind>
</comp>

<comp id="26" class="1000" name="M_12_V">
<pin_list>
<pin id="27" dir="1" index="0" bw="1" slack="0"/>
</pin_list>
<bind>
<StgValue><ssdm name="M_12_V"/><MemPortTyVec>1 3 </MemPortTyVec>
</StgValue>
</bind>
</comp>

<comp id="28" class="1000" name="M_13_V">
<pin_list>
<pin id="29" dir="1" index="0" bw="1" slack="0"/>
</pin_list>
<bind>
<StgValue><ssdm name="M_13_V"/><MemPortTyVec>1 3 </MemPortTyVec>
</StgValue>
</bind>
</comp>

<comp id="30" class="1000" name="M_14_V">
<pin_list>
<pin id="31" dir="1" index="0" bw="1" slack="0"/>
</pin_list>
<bind>
<StgValue><ssdm name="M_14_V"/><MemPortTyVec>1 3 </MemPortTyVec>
</StgValue>
</bind>
</comp>

<comp id="32" class="1000" name="M_15_V">
<pin_list>
<pin id="33" dir="1" index="0" bw="1" slack="0"/>
</pin_list>
<bind>
<StgValue><ssdm name="M_15_V"/><MemPortTyVec>1 3 </MemPortTyVec>
</StgValue>
</bind>
</comp>

<comp id="34" class="1001" name="const_34">
<pin_list>
<pin id="35" dir="1" index="0" bw="1" slack="0"/>
</pin_list>
<bind>
<StgValue><ssdm name="_ssdm_op_Read.ap_fifo.i32P"/></StgValue>
</bind>
</comp>

<comp id="36" class="1001" name="const_36">
<pin_list>
<pin id="37" dir="1" index="0" bw="1" slack="2147483647"/>
</pin_list>
<bind>
<StgValue><ssdm name="_ssdm_op_SpecInterface"/></StgValue>
</bind>
</comp>

<comp id="38" class="1001" name="const_38">
<pin_list>
<pin id="39" dir="1" index="0" bw="1" slack="2147483647"/>
</pin_list>
<bind>
<StgValue><ssdm name="ap_fifo_str"/></StgValue>
</bind>
</comp>

<comp id="40" class="1001" name="const_40">
<pin_list>
<pin id="41" dir="1" index="0" bw="1" slack="0"/>
</pin_list>
<bind>
<StgValue><ssdm name=""/></StgValue>
</bind>
</comp>

<comp id="42" class="1001" name="const_42">
<pin_list>
<pin id="43" dir="1" index="0" bw="1" slack="2147483647"/>
</pin_list>
<bind>
<StgValue><ssdm name="p_str"/></StgValue>
</bind>
</comp>

<comp id="44" class="1001" name="const_44">
<pin_list>
<pin id="45" dir="1" index="0" bw="1" slack="2147483647"/>
</pin_list>
<bind>
<StgValue><ssdm name=""/></StgValue>
</bind>
</comp>

<comp id="46" class="1001" name="const_46">
<pin_list>
<pin id="47" dir="1" index="0" bw="1" slack="2147483647"/>
</pin_list>
<bind>
<StgValue><ssdm name=""/></StgValue>
</bind>
</comp>

<comp id="48" class="1001" name="const_48">
<pin_list>
<pin id="49" dir="1" index="0" bw="1" slack="2147483647"/>
</pin_list>
<bind>
<StgValue><ssdm name="ScalarProp_str"/></StgValue>
</bind>
</comp>

<comp id="50" class="1001" name="const_50">
<pin_list>
<pin id="51" dir="1" index="0" bw="1" slack="0"/>
</pin_list>
<bind>
<StgValue><ssdm name="_ssdm_op_BitSelect.i1.i32.i32"/></StgValue>
</bind>
</comp>

<comp id="52" class="1001" name="const_52">
<pin_list>
<pin id="53" dir="1" index="0" bw="1" slack="0"/>
</pin_list>
<bind>
<StgValue><ssdm name=""/></StgValue>
</bind>
</comp>

<comp id="54" class="1001" name="const_54">
<pin_list>
<pin id="55" dir="1" index="0" bw="1" slack="0"/>
</pin_list>
<bind>
<StgValue><ssdm name="_ssdm_op_PartSelect.i23.i32.i32.i32"/></StgValue>
</bind>
</comp>

<comp id="56" class="1001" name="const_56">
<pin_list>
<pin id="57" dir="1" index="0" bw="1" slack="0"/>
</pin_list>
<bind>
<StgValue><ssdm name=""/></StgValue>
</bind>
</comp>

<comp id="58" class="1001" name="const_58">
<pin_list>
<pin id="59" dir="1" index="0" bw="1" slack="0"/>
</pin_list>
<bind>
<StgValue><ssdm name=""/></StgValue>
</bind>
</comp>

<comp id="60" class="1001" name="const_60">
<pin_list>
<pin id="61" dir="1" index="0" bw="1" slack="0"/>
</pin_list>
<bind>
<StgValue><ssdm name=""/></StgValue>
</bind>
</comp>

<comp id="62" class="1001" name="const_62">
<pin_list>
<pin id="63" dir="1" index="0" bw="1" slack="1"/>
</pin_list>
<bind>
<StgValue><ssdm name=""/></StgValue>
</bind>
</comp>

<comp id="64" class="1001" name="const_64">
<pin_list>
<pin id="65" dir="1" index="0" bw="1" slack="1"/>
</pin_list>
<bind>
<StgValue><ssdm name=""/></StgValue>
</bind>
</comp>

<comp id="66" class="1001" name="const_66">
<pin_list>
<pin id="67" dir="1" index="0" bw="1" slack="1"/>
</pin_list>
<bind>
<StgValue><ssdm name=""/></StgValue>
</bind>
</comp>

<comp id="68" class="1001" name="const_68">
<pin_list>
<pin id="69" dir="1" index="0" bw="1" slack="1"/>
</pin_list>
<bind>
<StgValue><ssdm name=""/></StgValue>
</bind>
</comp>

<comp id="70" class="1001" name="const_70">
<pin_list>
<pin id="71" dir="1" index="0" bw="1" slack="1"/>
</pin_list>
<bind>
<StgValue><ssdm name=""/></StgValue>
</bind>
</comp>

<comp id="72" class="1001" name="const_72">
<pin_list>
<pin id="73" dir="1" index="0" bw="1" slack="1"/>
</pin_list>
<bind>
<StgValue><ssdm name=""/></StgValue>
</bind>
</comp>

<comp id="74" class="1001" name="const_74">
<pin_list>
<pin id="75" dir="1" index="0" bw="1" slack="1"/>
</pin_list>
<bind>
<StgValue><ssdm name=""/></StgValue>
</bind>
</comp>

<comp id="76" class="1001" name="const_76">
<pin_list>
<pin id="77" dir="1" index="0" bw="1" slack="1"/>
</pin_list>
<bind>
<StgValue><ssdm name=""/></StgValue>
</bind>
</comp>

<comp id="78" class="1001" name="const_78">
<pin_list>
<pin id="79" dir="1" index="0" bw="1" slack="0"/>
</pin_list>
<bind>
<StgValue><ssdm name=""/></StgValue>
</bind>
</comp>

<comp id="80" class="1001" name="const_80">
<pin_list>
<pin id="81" dir="1" index="0" bw="1" slack="0"/>
</pin_list>
<bind>
<StgValue><ssdm name=""/></StgValue>
</bind>
</comp>

<comp id="82" class="1001" name="const_82">
<pin_list>
<pin id="83" dir="1" index="0" bw="1" slack="0"/>
</pin_list>
<bind>
<StgValue><ssdm name="computeHashRound"/></StgValue>
</bind>
</comp>

<comp id="84" class="1001" name="const_84">
<pin_list>
<pin id="85" dir="1" index="0" bw="1" slack="2147483647"/>
</pin_list>
<bind>
<StgValue><ssdm name="_ssdm_op_SpecRegionBegin"/></StgValue>
</bind>
</comp>

<comp id="86" class="1001" name="const_86">
<pin_list>
<pin id="87" dir="1" index="0" bw="1" slack="2147483647"/>
</pin_list>
<bind>
<StgValue><ssdm name="p_str8"/></StgValue>
</bind>
</comp>

<comp id="88" class="1001" name="const_88">
<pin_list>
<pin id="89" dir="1" index="0" bw="1" slack="2147483647"/>
</pin_list>
<bind>
<StgValue><ssdm name="_ssdm_op_SpecPipeline"/></StgValue>
</bind>
</comp>

<comp id="90" class="1001" name="const_90">
<pin_list>
<pin id="91" dir="1" index="0" bw="1" slack="2147483647"/>
</pin_list>
<bind>
<StgValue><ssdm name=""/></StgValue>
</bind>
</comp>

<comp id="92" class="1001" name="const_92">
<pin_list>
<pin id="93" dir="1" index="0" bw="1" slack="2147483647"/>
</pin_list>
<bind>
<StgValue><ssdm name="_ssdm_op_SpecRegionEnd"/></StgValue>
</bind>
</comp>

<comp id="94" class="1001" name="const_94">
<pin_list>
<pin id="95" dir="1" index="0" bw="1" slack="0"/>
</pin_list>
<bind>
<StgValue><ssdm name=""/></StgValue>
</bind>
</comp>

<comp id="96" class="1004" name="bitlength_read_read_fu_96">
<pin_list>
<pin id="97" dir="0" index="0" bw="32" slack="0"/>
<pin id="98" dir="0" index="1" bw="32" slack="0"/>
<pin id="99" dir="1" index="2" bw="32" slack="1"/>
</pin_list>
<bind>
<opcode="read(1150) " fcode="read"/>
<opset="bitlength_read/1 "/>
</bind>
</comp>

<comp id="102" class="1005" name="H_V_7_0_out_0_reg_102">
<pin_list>
<pin id="103" dir="0" index="0" bw="32" slack="1"/>
<pin id="104" dir="1" index="1" bw="32" slack="1"/>
</pin_list>
<bind>
<opset="H_V_7_0_out_0 (phireg) "/>
</bind>
</comp>

<comp id="106" class="1004" name="H_V_7_0_out_0_phi_fu_106">
<pin_list>
<pin id="107" dir="0" index="0" bw="32" slack="1"/>
<pin id="108" dir="0" index="1" bw="0" slack="2147483647"/>
<pin id="109" dir="0" index="2" bw="32" slack="1"/>
<pin id="110" dir="0" index="3" bw="0" slack="2147483647"/>
<pin id="111" dir="1" index="4" bw="32" slack="1"/>
</pin_list>
<bind>
<opcode="phi(47) " fcode="phi"/>
<opset="H_V_7_0_out_0/3 "/>
</bind>
</comp>

<comp id="114" class="1005" name="H_V_6_0_out_0_reg_114">
<pin_list>
<pin id="115" dir="0" index="0" bw="32" slack="1"/>
<pin id="116" dir="1" index="1" bw="32" slack="1"/>
</pin_list>
<bind>
<opset="H_V_6_0_out_0 (phireg) "/>
</bind>
</comp>

<comp id="118" class="1004" name="H_V_6_0_out_0_phi_fu_118">
<pin_list>
<pin id="119" dir="0" index="0" bw="30" slack="1"/>
<pin id="120" dir="0" index="1" bw="0" slack="2147483647"/>
<pin id="121" dir="0" index="2" bw="32" slack="1"/>
<pin id="122" dir="0" index="3" bw="0" slack="2147483647"/>
<pin id="123" dir="1" index="4" bw="32" slack="1"/>
</pin_list>
<bind>
<opcode="phi(47) " fcode="phi"/>
<opset="H_V_6_0_out_0/3 "/>
</bind>
</comp>

<comp id="126" class="1005" name="H_V_5_0_out_0_reg_126">
<pin_list>
<pin id="127" dir="0" index="0" bw="32" slack="1"/>
<pin id="128" dir="1" index="1" bw="32" slack="1"/>
</pin_list>
<bind>
<opset="H_V_5_0_out_0 (phireg) "/>
</bind>
</comp>

<comp id="130" class="1004" name="H_V_5_0_out_0_phi_fu_130">
<pin_list>
<pin id="131" dir="0" index="0" bw="32" slack="1"/>
<pin id="132" dir="0" index="1" bw="0" slack="2147483647"/>
<pin id="133" dir="0" index="2" bw="32" slack="1"/>
<pin id="134" dir="0" index="3" bw="0" slack="2147483647"/>
<pin id="135" dir="1" index="4" bw="32" slack="1"/>
</pin_list>
<bind>
<opcode="phi(47) " fcode="phi"/>
<opset="H_V_5_0_out_0/3 "/>
</bind>
</comp>

<comp id="138" class="1005" name="H_V_4_0_out_0_reg_138">
<pin_list>
<pin id="139" dir="0" index="0" bw="32" slack="1"/>
<pin id="140" dir="1" index="1" bw="32" slack="1"/>
</pin_list>
<bind>
<opset="H_V_4_0_out_0 (phireg) "/>
</bind>
</comp>

<comp id="142" class="1004" name="H_V_4_0_out_0_phi_fu_142">
<pin_list>
<pin id="143" dir="0" index="0" bw="32" slack="1"/>
<pin id="144" dir="0" index="1" bw="0" slack="2147483647"/>
<pin id="145" dir="0" index="2" bw="32" slack="1"/>
<pin id="146" dir="0" index="3" bw="0" slack="2147483647"/>
<pin id="147" dir="1" index="4" bw="32" slack="1"/>
</pin_list>
<bind>
<opcode="phi(47) " fcode="phi"/>
<opset="H_V_4_0_out_0/3 "/>
</bind>
</comp>

<comp id="150" class="1005" name="H_V_3_0_out_0_reg_150">
<pin_list>
<pin id="151" dir="0" index="0" bw="32" slack="1"/>
<pin id="152" dir="1" index="1" bw="32" slack="1"/>
</pin_list>
<bind>
<opset="H_V_3_0_out_0 (phireg) "/>
</bind>
</comp>

<comp id="154" class="1004" name="H_V_3_0_out_0_phi_fu_154">
<pin_list>
<pin id="155" dir="0" index="0" bw="32" slack="1"/>
<pin id="156" dir="0" index="1" bw="0" slack="2147483647"/>
<pin id="157" dir="0" index="2" bw="32" slack="1"/>
<pin id="158" dir="0" index="3" bw="0" slack="2147483647"/>
<pin id="159" dir="1" index="4" bw="32" slack="1"/>
</pin_list>
<bind>
<opcode="phi(47) " fcode="phi"/>
<opset="H_V_3_0_out_0/3 "/>
</bind>
</comp>

<comp id="162" class="1005" name="H_V_2_0_out_0_reg_162">
<pin_list>
<pin id="163" dir="0" index="0" bw="32" slack="1"/>
<pin id="164" dir="1" index="1" bw="32" slack="1"/>
</pin_list>
<bind>
<opset="H_V_2_0_out_0 (phireg) "/>
</bind>
</comp>

<comp id="166" class="1004" name="H_V_2_0_out_0_phi_fu_166">
<pin_list>
<pin id="167" dir="0" index="0" bw="31" slack="1"/>
<pin id="168" dir="0" index="1" bw="0" slack="2147483647"/>
<pin id="169" dir="0" index="2" bw="32" slack="1"/>
<pin id="170" dir="0" index="3" bw="0" slack="2147483647"/>
<pin id="171" dir="1" index="4" bw="32" slack="1"/>
</pin_list>
<bind>
<opcode="phi(47) " fcode="phi"/>
<opset="H_V_2_0_out_0/3 "/>
</bind>
</comp>

<comp id="174" class="1005" name="H_V_1_0_out_0_reg_174">
<pin_list>
<pin id="175" dir="0" index="0" bw="32" slack="1"/>
<pin id="176" dir="1" index="1" bw="32" slack="1"/>
</pin_list>
<bind>
<opset="H_V_1_0_out_0 (phireg) "/>
</bind>
</comp>

<comp id="178" class="1004" name="H_V_1_0_out_0_phi_fu_178">
<pin_list>
<pin id="179" dir="0" index="0" bw="32" slack="1"/>
<pin id="180" dir="0" index="1" bw="0" slack="2147483647"/>
<pin id="181" dir="0" index="2" bw="32" slack="1"/>
<pin id="182" dir="0" index="3" bw="0" slack="2147483647"/>
<pin id="183" dir="1" index="4" bw="32" slack="1"/>
</pin_list>
<bind>
<opcode="phi(47) " fcode="phi"/>
<opset="H_V_1_0_out_0/3 "/>
</bind>
</comp>

<comp id="186" class="1005" name="H_V_0_0_out_0_reg_186">
<pin_list>
<pin id="187" dir="0" index="0" bw="32" slack="1"/>
<pin id="188" dir="1" index="1" bw="32" slack="1"/>
</pin_list>
<bind>
<opset="H_V_0_0_out_0 (phireg) "/>
</bind>
</comp>

<comp id="190" class="1004" name="H_V_0_0_out_0_phi_fu_190">
<pin_list>
<pin id="191" dir="0" index="0" bw="32" slack="1"/>
<pin id="192" dir="0" index="1" bw="0" slack="2147483647"/>
<pin id="193" dir="0" index="2" bw="32" slack="1"/>
<pin id="194" dir="0" index="3" bw="0" slack="2147483647"/>
<pin id="195" dir="1" index="4" bw="32" slack="1"/>
</pin_list>
<bind>
<opcode="phi(47) " fcode="phi"/>
<opset="H_V_0_0_out_0/3 "/>
</bind>
</comp>

<comp id="198" class="1005" name="i1_0_i_reg_198">
<pin_list>
<pin id="199" dir="0" index="0" bw="24" slack="1"/>
<pin id="200" dir="1" index="1" bw="24" slack="1"/>
</pin_list>
<bind>
<opset="i1_0_i (phireg) "/>
</bind>
</comp>

<comp id="202" class="1004" name="i1_0_i_phi_fu_202">
<pin_list>
<pin id="203" dir="0" index="0" bw="1" slack="1"/>
<pin id="204" dir="0" index="1" bw="0" slack="2147483647"/>
<pin id="205" dir="0" index="2" bw="24" slack="1"/>
<pin id="206" dir="0" index="3" bw="0" slack="2147483647"/>
<pin id="207" dir="1" index="4" bw="24" slack="0"/>
</pin_list>
<bind>
<opcode="phi(47) " fcode="phi"/>
<opset="i1_0_i/3 "/>
</bind>
</comp>

<comp id="210" class="1004" name="grp_computeHashRound_fu_210">
<pin_list>
<pin id="211" dir="0" index="0" bw="256" slack="0"/>
<pin id="212" dir="0" index="1" bw="32" slack="1"/>
<pin id="213" dir="0" index="2" bw="32" slack="1"/>
<pin id="214" dir="0" index="3" bw="32" slack="1"/>
<pin id="215" dir="0" index="4" bw="32" slack="1"/>
<pin id="216" dir="0" index="5" bw="32" slack="1"/>
<pin id="217" dir="0" index="6" bw="32" slack="1"/>
<pin id="218" dir="0" index="7" bw="32" slack="1"/>
<pin id="219" dir="0" index="8" bw="32" slack="1"/>
<pin id="220" dir="0" index="9" bw="32" slack="0"/>
<pin id="221" dir="0" index="10" bw="32" slack="0"/>
<pin id="222" dir="0" index="11" bw="32" slack="0"/>
<pin id="223" dir="0" index="12" bw="32" slack="0"/>
<pin id="224" dir="0" index="13" bw="32" slack="0"/>
<pin id="225" dir="0" index="14" bw="32" slack="0"/>
<pin id="226" dir="0" index="15" bw="32" slack="0"/>
<pin id="227" dir="0" index="16" bw="32" slack="0"/>
<pin id="228" dir="0" index="17" bw="32" slack="0"/>
<pin id="229" dir="0" index="18" bw="32" slack="0"/>
<pin id="230" dir="0" index="19" bw="32" slack="0"/>
<pin id="231" dir="0" index="20" bw="32" slack="0"/>
<pin id="232" dir="0" index="21" bw="32" slack="0"/>
<pin id="233" dir="0" index="22" bw="32" slack="0"/>
<pin id="234" dir="0" index="23" bw="32" slack="0"/>
<pin id="235" dir="0" index="24" bw="32" slack="0"/>
<pin id="236" dir="0" index="25" bw="24" slack="0"/>
<pin id="237" dir="1" index="26" bw="256" slack="0"/>
</pin_list>
<bind>
<opcode="call(48) " fcode="call"/>
<opset="call_ret_i/4 "/>
</bind>
</comp>

<comp id="263" class="1004" name="tmp_5_fu_263">
<pin_list>
<pin id="264" dir="0" index="0" bw="1" slack="0"/>
<pin id="265" dir="0" index="1" bw="32" slack="1"/>
<pin id="266" dir="0" index="2" bw="6" slack="0"/>
<pin id="267" dir="1" index="3" bw="1" slack="0"/>
</pin_list>
<bind>
<opcode="bitselect(1000) " fcode="bitselect"/>
<opset="tmp_5/2 "/>
</bind>
</comp>

<comp id="270" class="1004" name="sub_ln189_fu_270">
<pin_list>
<pin id="271" dir="0" index="0" bw="1" slack="0"/>
<pin id="272" dir="0" index="1" bw="32" slack="1"/>
<pin id="273" dir="1" index="2" bw="32" slack="0"/>
</pin_list>
<bind>
<opcode="sub(10) " fcode="sub"/>
<opset="sub_ln189/2 "/>
</bind>
</comp>

<comp id="275" class="1004" name="tmp_fu_275">
<pin_list>
<pin id="276" dir="0" index="0" bw="23" slack="0"/>
<pin id="277" dir="0" index="1" bw="32" slack="0"/>
<pin id="278" dir="0" index="2" bw="5" slack="0"/>
<pin id="279" dir="0" index="3" bw="6" slack="0"/>
<pin id="280" dir="1" index="4" bw="23" slack="0"/>
</pin_list>
<bind>
<opcode="partselect(1002) " fcode="partselect"/>
<opset="tmp/2 "/>
</bind>
</comp>

<comp id="285" class="1004" name="zext_ln189_fu_285">
<pin_list>
<pin id="286" dir="0" index="0" bw="23" slack="0"/>
<pin id="287" dir="1" index="1" bw="24" slack="0"/>
</pin_list>
<bind>
<opcode="zext(34) " fcode="zext"/>
<opset="zext_ln189/2 "/>
</bind>
</comp>

<comp id="289" class="1004" name="sub_ln189_1_fu_289">
<pin_list>
<pin id="290" dir="0" index="0" bw="1" slack="0"/>
<pin id="291" dir="0" index="1" bw="23" slack="0"/>
<pin id="292" dir="1" index="2" bw="24" slack="0"/>
</pin_list>
<bind>
<opcode="sub(10) " fcode="sub"/>
<opset="sub_ln189_1/2 "/>
</bind>
</comp>

<comp id="295" class="1004" name="tmp_s_fu_295">
<pin_list>
<pin id="296" dir="0" index="0" bw="23" slack="0"/>
<pin id="297" dir="0" index="1" bw="32" slack="1"/>
<pin id="298" dir="0" index="2" bw="5" slack="0"/>
<pin id="299" dir="0" index="3" bw="6" slack="0"/>
<pin id="300" dir="1" index="4" bw="23" slack="0"/>
</pin_list>
<bind>
<opcode="partselect(1002) " fcode="partselect"/>
<opset="tmp_s/2 "/>
</bind>
</comp>

<comp id="304" class="1004" name="zext_ln189_1_fu_304">
<pin_list>
<pin id="305" dir="0" index="0" bw="23" slack="0"/>
<pin id="306" dir="1" index="1" bw="24" slack="0"/>
</pin_list>
<bind>
<opcode="zext(34) " fcode="zext"/>
<opset="zext_ln189_1/2 "/>
</bind>
</comp>

<comp id="308" class="1004" name="select_ln189_fu_308">
<pin_list>
<pin id="309" dir="0" index="0" bw="1" slack="0"/>
<pin id="310" dir="0" index="1" bw="24" slack="0"/>
<pin id="311" dir="0" index="2" bw="24" slack="0"/>
<pin id="312" dir="1" index="3" bw="24" slack="0"/>
</pin_list>
<bind>
<opcode="select(49) " fcode="select"/>
<opset="select_ln189/2 "/>
</bind>
</comp>

<comp id="316" class="1004" name="sext_ln189_fu_316">
<pin_list>
<pin id="317" dir="0" index="0" bw="24" slack="0"/>
<pin id="318" dir="1" index="1" bw="25" slack="0"/>
</pin_list>
<bind>
<opcode="sext(35) " fcode="sext"/>
<opset="sext_ln189/2 "/>
</bind>
</comp>

<comp id="320" class="1004" name="rounds_fu_320">
<pin_list>
<pin id="321" dir="0" index="0" bw="24" slack="0"/>
<pin id="322" dir="0" index="1" bw="1" slack="0"/>
<pin id="323" dir="1" index="2" bw="25" slack="1"/>
</pin_list>
<bind>
<opcode="add(8) " fcode="add"/>
<opset="rounds/2 "/>
</bind>
</comp>

<comp id="326" class="1004" name="zext_ln190_fu_326">
<pin_list>
<pin id="327" dir="0" index="0" bw="24" slack="0"/>
<pin id="328" dir="1" index="1" bw="25" slack="0"/>
</pin_list>
<bind>
<opcode="zext(34) " fcode="zext"/>
<opset="zext_ln190/3 "/>
</bind>
</comp>

<comp id="330" class="1004" name="icmp_ln190_fu_330">
<pin_list>
<pin id="331" dir="0" index="0" bw="25" slack="0"/>
<pin id="332" dir="0" index="1" bw="25" slack="1"/>
<pin id="333" dir="1" index="2" bw="1" slack="1"/>
</pin_list>
<bind>
<opcode="icmp(45) " fcode="icmp"/>
<opset="icmp_ln190/3 "/>
</bind>
</comp>

<comp id="335" class="1004" name="add_ln192_fu_335">
<pin_list>
<pin id="336" dir="0" index="0" bw="24" slack="1"/>
<pin id="337" dir="0" index="1" bw="1" slack="0"/>
<pin id="338" dir="1" index="2" bw="24" slack="0"/>
</pin_list>
<bind>
<opcode="add(8) " fcode="add"/>
<opset="add_ln192/4 "/>
</bind>
</comp>

<comp id="342" class="1004" name="i_fu_342">
<pin_list>
<pin id="343" dir="0" index="0" bw="24" slack="80"/>
<pin id="344" dir="0" index="1" bw="1" slack="0"/>
<pin id="345" dir="1" index="2" bw="24" slack="1"/>
</pin_list>
<bind>
<opcode="add(8) " fcode="add"/>
<opset="i/83 "/>
</bind>
</comp>

<comp id="348" class="1004" name="H_0_V_fu_348">
<pin_list>
<pin id="349" dir="0" index="0" bw="256" slack="0"/>
<pin id="350" dir="1" index="1" bw="32" slack="1"/>
</pin_list>
<bind>
<opcode="extractvalue(56) " fcode="extractvalue"/>
<opset="H_0_V/85 "/>
</bind>
</comp>

<comp id="352" class="1004" name="H_1_V_fu_352">
<pin_list>
<pin id="353" dir="0" index="0" bw="256" slack="0"/>
<pin id="354" dir="1" index="1" bw="32" slack="1"/>
</pin_list>
<bind>
<opcode="extractvalue(56) " fcode="extractvalue"/>
<opset="H_1_V/85 "/>
</bind>
</comp>

<comp id="356" class="1004" name="H_2_V_fu_356">
<pin_list>
<pin id="357" dir="0" index="0" bw="256" slack="0"/>
<pin id="358" dir="1" index="1" bw="32" slack="1"/>
</pin_list>
<bind>
<opcode="extractvalue(56) " fcode="extractvalue"/>
<opset="H_2_V/85 "/>
</bind>
</comp>

<comp id="360" class="1004" name="H_3_V_fu_360">
<pin_list>
<pin id="361" dir="0" index="0" bw="256" slack="0"/>
<pin id="362" dir="1" index="1" bw="32" slack="1"/>
</pin_list>
<bind>
<opcode="extractvalue(56) " fcode="extractvalue"/>
<opset="H_3_V/85 "/>
</bind>
</comp>

<comp id="364" class="1004" name="H_4_V_fu_364">
<pin_list>
<pin id="365" dir="0" index="0" bw="256" slack="0"/>
<pin id="366" dir="1" index="1" bw="32" slack="1"/>
</pin_list>
<bind>
<opcode="extractvalue(56) " fcode="extractvalue"/>
<opset="H_4_V/85 "/>
</bind>
</comp>

<comp id="368" class="1004" name="H_5_V_fu_368">
<pin_list>
<pin id="369" dir="0" index="0" bw="256" slack="0"/>
<pin id="370" dir="1" index="1" bw="32" slack="1"/>
</pin_list>
<bind>
<opcode="extractvalue(56) " fcode="extractvalue"/>
<opset="H_5_V/85 "/>
</bind>
</comp>

<comp id="372" class="1004" name="H_6_V_fu_372">
<pin_list>
<pin id="373" dir="0" index="0" bw="256" slack="0"/>
<pin id="374" dir="1" index="1" bw="32" slack="1"/>
</pin_list>
<bind>
<opcode="extractvalue(56) " fcode="extractvalue"/>
<opset="H_6_V/85 "/>
</bind>
</comp>

<comp id="376" class="1004" name="H_7_V_fu_376">
<pin_list>
<pin id="377" dir="0" index="0" bw="256" slack="0"/>
<pin id="378" dir="1" index="1" bw="32" slack="1"/>
</pin_list>
<bind>
<opcode="extractvalue(56) " fcode="extractvalue"/>
<opset="H_7_V/85 "/>
</bind>
</comp>

<comp id="380" class="1004" name="mrv_fu_380">
<pin_list>
<pin id="381" dir="0" index="0" bw="256" slack="0"/>
<pin id="382" dir="0" index="1" bw="32" slack="1"/>
<pin id="383" dir="1" index="2" bw="256" slack="0"/>
</pin_list>
<bind>
<opcode="insertvalue(57) " fcode="insertvalue"/>
<opset="mrv/86 "/>
</bind>
</comp>

<comp id="386" class="1004" name="mrv_1_fu_386">
<pin_list>
<pin id="387" dir="0" index="0" bw="256" slack="0"/>
<pin id="388" dir="0" index="1" bw="32" slack="1"/>
<pin id="389" dir="1" index="2" bw="256" slack="0"/>
</pin_list>
<bind>
<opcode="insertvalue(57) " fcode="insertvalue"/>
<opset="mrv_1/86 "/>
</bind>
</comp>

<comp id="392" class="1004" name="mrv_2_fu_392">
<pin_list>
<pin id="393" dir="0" index="0" bw="256" slack="0"/>
<pin id="394" dir="0" index="1" bw="32" slack="1"/>
<pin id="395" dir="1" index="2" bw="256" slack="0"/>
</pin_list>
<bind>
<opcode="insertvalue(57) " fcode="insertvalue"/>
<opset="mrv_2/86 "/>
</bind>
</comp>

<comp id="398" class="1004" name="mrv_3_fu_398">
<pin_list>
<pin id="399" dir="0" index="0" bw="256" slack="0"/>
<pin id="400" dir="0" index="1" bw="32" slack="1"/>
<pin id="401" dir="1" index="2" bw="256" slack="0"/>
</pin_list>
<bind>
<opcode="insertvalue(57) " fcode="insertvalue"/>
<opset="mrv_3/86 "/>
</bind>
</comp>

<comp id="404" class="1004" name="mrv_4_fu_404">
<pin_list>
<pin id="405" dir="0" index="0" bw="256" slack="0"/>
<pin id="406" dir="0" index="1" bw="32" slack="1"/>
<pin id="407" dir="1" index="2" bw="256" slack="0"/>
</pin_list>
<bind>
<opcode="insertvalue(57) " fcode="insertvalue"/>
<opset="mrv_4/86 "/>
</bind>
</comp>

<comp id="410" class="1004" name="mrv_5_fu_410">
<pin_list>
<pin id="411" dir="0" index="0" bw="256" slack="0"/>
<pin id="412" dir="0" index="1" bw="32" slack="1"/>
<pin id="413" dir="1" index="2" bw="256" slack="0"/>
</pin_list>
<bind>
<opcode="insertvalue(57) " fcode="insertvalue"/>
<opset="mrv_5/86 "/>
</bind>
</comp>

<comp id="416" class="1004" name="mrv_6_fu_416">
<pin_list>
<pin id="417" dir="0" index="0" bw="256" slack="0"/>
<pin id="418" dir="0" index="1" bw="32" slack="1"/>
<pin id="419" dir="1" index="2" bw="256" slack="0"/>
</pin_list>
<bind>
<opcode="insertvalue(57) " fcode="insertvalue"/>
<opset="mrv_6/86 "/>
</bind>
</comp>

<comp id="422" class="1004" name="mrv_7_fu_422">
<pin_list>
<pin id="423" dir="0" index="0" bw="256" slack="0"/>
<pin id="424" dir="0" index="1" bw="32" slack="1"/>
<pin id="425" dir="1" index="2" bw="256" slack="2147483647"/>
</pin_list>
<bind>
<opcode="insertvalue(57) " fcode="insertvalue"/>
<opset="mrv_7/86 "/>
</bind>
</comp>

<comp id="428" class="1005" name="bitlength_read_reg_428">
<pin_list>
<pin id="429" dir="0" index="0" bw="32" slack="1"/>
<pin id="430" dir="1" index="1" bw="32" slack="1"/>
</pin_list>
<bind>
<opset="bitlength_read "/>
</bind>
</comp>

<comp id="435" class="1005" name="rounds_reg_435">
<pin_list>
<pin id="436" dir="0" index="0" bw="25" slack="1"/>
<pin id="437" dir="1" index="1" bw="25" slack="1"/>
</pin_list>
<bind>
<opset="rounds "/>
</bind>
</comp>

<comp id="440" class="1005" name="icmp_ln190_reg_440">
<pin_list>
<pin id="441" dir="0" index="0" bw="1" slack="1"/>
<pin id="442" dir="1" index="1" bw="1" slack="2147483647"/>
</pin_list>
<bind>
<opset="icmp_ln190 "/>
</bind>
</comp>

<comp id="444" class="1005" name="i_reg_444">
<pin_list>
<pin id="445" dir="0" index="0" bw="24" slack="1"/>
<pin id="446" dir="1" index="1" bw="24" slack="1"/>
</pin_list>
<bind>
<opset="i "/>
</bind>
</comp>

<comp id="449" class="1005" name="H_0_V_reg_449">
<pin_list>
<pin id="450" dir="0" index="0" bw="32" slack="1"/>
<pin id="451" dir="1" index="1" bw="32" slack="1"/>
</pin_list>
<bind>
<opset="H_0_V "/>
</bind>
</comp>

<comp id="454" class="1005" name="H_1_V_reg_454">
<pin_list>
<pin id="455" dir="0" index="0" bw="32" slack="1"/>
<pin id="456" dir="1" index="1" bw="32" slack="1"/>
</pin_list>
<bind>
<opset="H_1_V "/>
</bind>
</comp>

<comp id="459" class="1005" name="H_2_V_reg_459">
<pin_list>
<pin id="460" dir="0" index="0" bw="32" slack="1"/>
<pin id="461" dir="1" index="1" bw="32" slack="1"/>
</pin_list>
<bind>
<opset="H_2_V "/>
</bind>
</comp>

<comp id="464" class="1005" name="H_3_V_reg_464">
<pin_list>
<pin id="465" dir="0" index="0" bw="32" slack="1"/>
<pin id="466" dir="1" index="1" bw="32" slack="1"/>
</pin_list>
<bind>
<opset="H_3_V "/>
</bind>
</comp>

<comp id="469" class="1005" name="H_4_V_reg_469">
<pin_list>
<pin id="470" dir="0" index="0" bw="32" slack="1"/>
<pin id="471" dir="1" index="1" bw="32" slack="1"/>
</pin_list>
<bind>
<opset="H_4_V "/>
</bind>
</comp>

<comp id="474" class="1005" name="H_5_V_reg_474">
<pin_list>
<pin id="475" dir="0" index="0" bw="32" slack="1"/>
<pin id="476" dir="1" index="1" bw="32" slack="1"/>
</pin_list>
<bind>
<opset="H_5_V "/>
</bind>
</comp>

<comp id="479" class="1005" name="H_6_V_reg_479">
<pin_list>
<pin id="480" dir="0" index="0" bw="32" slack="1"/>
<pin id="481" dir="1" index="1" bw="32" slack="1"/>
</pin_list>
<bind>
<opset="H_6_V "/>
</bind>
</comp>

<comp id="484" class="1005" name="H_7_V_reg_484">
<pin_list>
<pin id="485" dir="0" index="0" bw="32" slack="1"/>
<pin id="486" dir="1" index="1" bw="32" slack="1"/>
</pin_list>
<bind>
<opset="H_7_V "/>
</bind>
</comp>

</comp_list>

<net_list>
<net id="100"><net_src comp="34" pin="0"/><net_sink comp="96" pin=0"/></net>

<net id="101"><net_src comp="0" pin="0"/><net_sink comp="96" pin=1"/></net>

<net id="105"><net_src comp="62" pin="0"/><net_sink comp="102" pin=0"/></net>

<net id="112"><net_src comp="102" pin="1"/><net_sink comp="106" pin=0"/></net>

<net id="113"><net_src comp="106" pin="4"/><net_sink comp="102" pin=0"/></net>

<net id="117"><net_src comp="64" pin="0"/><net_sink comp="114" pin=0"/></net>

<net id="124"><net_src comp="114" pin="1"/><net_sink comp="118" pin=0"/></net>

<net id="125"><net_src comp="118" pin="4"/><net_sink comp="114" pin=0"/></net>

<net id="129"><net_src comp="66" pin="0"/><net_sink comp="126" pin=0"/></net>

<net id="136"><net_src comp="126" pin="1"/><net_sink comp="130" pin=0"/></net>

<net id="137"><net_src comp="130" pin="4"/><net_sink comp="126" pin=0"/></net>

<net id="141"><net_src comp="68" pin="0"/><net_sink comp="138" pin=0"/></net>

<net id="148"><net_src comp="138" pin="1"/><net_sink comp="142" pin=0"/></net>

<net id="149"><net_src comp="142" pin="4"/><net_sink comp="138" pin=0"/></net>

<net id="153"><net_src comp="70" pin="0"/><net_sink comp="150" pin=0"/></net>

<net id="160"><net_src comp="150" pin="1"/><net_sink comp="154" pin=0"/></net>

<net id="161"><net_src comp="154" pin="4"/><net_sink comp="150" pin=0"/></net>

<net id="165"><net_src comp="72" pin="0"/><net_sink comp="162" pin=0"/></net>

<net id="172"><net_src comp="162" pin="1"/><net_sink comp="166" pin=0"/></net>

<net id="173"><net_src comp="166" pin="4"/><net_sink comp="162" pin=0"/></net>

<net id="177"><net_src comp="74" pin="0"/><net_sink comp="174" pin=0"/></net>

<net id="184"><net_src comp="174" pin="1"/><net_sink comp="178" pin=0"/></net>

<net id="185"><net_src comp="178" pin="4"/><net_sink comp="174" pin=0"/></net>

<net id="189"><net_src comp="76" pin="0"/><net_sink comp="186" pin=0"/></net>

<net id="196"><net_src comp="186" pin="1"/><net_sink comp="190" pin=0"/></net>

<net id="197"><net_src comp="190" pin="4"/><net_sink comp="186" pin=0"/></net>

<net id="201"><net_src comp="78" pin="0"/><net_sink comp="198" pin=0"/></net>

<net id="208"><net_src comp="198" pin="1"/><net_sink comp="202" pin=0"/></net>

<net id="209"><net_src comp="202" pin="4"/><net_sink comp="198" pin=0"/></net>

<net id="238"><net_src comp="82" pin="0"/><net_sink comp="210" pin=0"/></net>

<net id="239"><net_src comp="186" pin="1"/><net_sink comp="210" pin=1"/></net>

<net id="240"><net_src comp="174" pin="1"/><net_sink comp="210" pin=2"/></net>

<net id="241"><net_src comp="162" pin="1"/><net_sink comp="210" pin=3"/></net>

<net id="242"><net_src comp="150" pin="1"/><net_sink comp="210" pin=4"/></net>

<net id="243"><net_src comp="138" pin="1"/><net_sink comp="210" pin=5"/></net>

<net id="244"><net_src comp="126" pin="1"/><net_sink comp="210" pin=6"/></net>

<net id="245"><net_src comp="114" pin="1"/><net_sink comp="210" pin=7"/></net>

<net id="246"><net_src comp="102" pin="1"/><net_sink comp="210" pin=8"/></net>

<net id="247"><net_src comp="2" pin="0"/><net_sink comp="210" pin=9"/></net>

<net id="248"><net_src comp="4" pin="0"/><net_sink comp="210" pin=10"/></net>

<net id="249"><net_src comp="6" pin="0"/><net_sink comp="210" pin=11"/></net>

<net id="250"><net_src comp="8" pin="0"/><net_sink comp="210" pin=12"/></net>

<net id="251"><net_src comp="10" pin="0"/><net_sink comp="210" pin=13"/></net>

<net id="252"><net_src comp="12" pin="0"/><net_sink comp="210" pin=14"/></net>

<net id="253"><net_src comp="14" pin="0"/><net_sink comp="210" pin=15"/></net>

<net id="254"><net_src comp="16" pin="0"/><net_sink comp="210" pin=16"/></net>

<net id="255"><net_src comp="18" pin="0"/><net_sink comp="210" pin=17"/></net>

<net id="256"><net_src comp="20" pin="0"/><net_sink comp="210" pin=18"/></net>

<net id="257"><net_src comp="22" pin="0"/><net_sink comp="210" pin=19"/></net>

<net id="258"><net_src comp="24" pin="0"/><net_sink comp="210" pin=20"/></net>

<net id="259"><net_src comp="26" pin="0"/><net_sink comp="210" pin=21"/></net>

<net id="260"><net_src comp="28" pin="0"/><net_sink comp="210" pin=22"/></net>

<net id="261"><net_src comp="30" pin="0"/><net_sink comp="210" pin=23"/></net>

<net id="262"><net_src comp="32" pin="0"/><net_sink comp="210" pin=24"/></net>

<net id="268"><net_src comp="50" pin="0"/><net_sink comp="263" pin=0"/></net>

<net id="269"><net_src comp="52" pin="0"/><net_sink comp="263" pin=2"/></net>

<net id="274"><net_src comp="40" pin="0"/><net_sink comp="270" pin=0"/></net>

<net id="281"><net_src comp="54" pin="0"/><net_sink comp="275" pin=0"/></net>

<net id="282"><net_src comp="270" pin="2"/><net_sink comp="275" pin=1"/></net>

<net id="283"><net_src comp="56" pin="0"/><net_sink comp="275" pin=2"/></net>

<net id="284"><net_src comp="52" pin="0"/><net_sink comp="275" pin=3"/></net>

<net id="288"><net_src comp="275" pin="4"/><net_sink comp="285" pin=0"/></net>

<net id="293"><net_src comp="58" pin="0"/><net_sink comp="289" pin=0"/></net>

<net id="294"><net_src comp="285" pin="1"/><net_sink comp="289" pin=1"/></net>

<net id="301"><net_src comp="54" pin="0"/><net_sink comp="295" pin=0"/></net>

<net id="302"><net_src comp="56" pin="0"/><net_sink comp="295" pin=2"/></net>

<net id="303"><net_src comp="52" pin="0"/><net_sink comp="295" pin=3"/></net>

<net id="307"><net_src comp="295" pin="4"/><net_sink comp="304" pin=0"/></net>

<net id="313"><net_src comp="263" pin="3"/><net_sink comp="308" pin=0"/></net>

<net id="314"><net_src comp="289" pin="2"/><net_sink comp="308" pin=1"/></net>

<net id="315"><net_src comp="304" pin="1"/><net_sink comp="308" pin=2"/></net>

<net id="319"><net_src comp="308" pin="3"/><net_sink comp="316" pin=0"/></net>

<net id="324"><net_src comp="316" pin="1"/><net_sink comp="320" pin=0"/></net>

<net id="325"><net_src comp="60" pin="0"/><net_sink comp="320" pin=1"/></net>

<net id="329"><net_src comp="202" pin="4"/><net_sink comp="326" pin=0"/></net>

<net id="334"><net_src comp="326" pin="1"/><net_sink comp="330" pin=0"/></net>

<net id="339"><net_src comp="198" pin="1"/><net_sink comp="335" pin=0"/></net>

<net id="340"><net_src comp="80" pin="0"/><net_sink comp="335" pin=1"/></net>

<net id="341"><net_src comp="335" pin="2"/><net_sink comp="210" pin=25"/></net>

<net id="346"><net_src comp="198" pin="1"/><net_sink comp="342" pin=0"/></net>

<net id="347"><net_src comp="78" pin="0"/><net_sink comp="342" pin=1"/></net>

<net id="351"><net_src comp="210" pin="26"/><net_sink comp="348" pin=0"/></net>

<net id="355"><net_src comp="210" pin="26"/><net_sink comp="352" pin=0"/></net>

<net id="359"><net_src comp="210" pin="26"/><net_sink comp="356" pin=0"/></net>

<net id="363"><net_src comp="210" pin="26"/><net_sink comp="360" pin=0"/></net>

<net id="367"><net_src comp="210" pin="26"/><net_sink comp="364" pin=0"/></net>

<net id="371"><net_src comp="210" pin="26"/><net_sink comp="368" pin=0"/></net>

<net id="375"><net_src comp="210" pin="26"/><net_sink comp="372" pin=0"/></net>

<net id="379"><net_src comp="210" pin="26"/><net_sink comp="376" pin=0"/></net>

<net id="384"><net_src comp="94" pin="0"/><net_sink comp="380" pin=0"/></net>

<net id="385"><net_src comp="102" pin="1"/><net_sink comp="380" pin=1"/></net>

<net id="390"><net_src comp="380" pin="2"/><net_sink comp="386" pin=0"/></net>

<net id="391"><net_src comp="114" pin="1"/><net_sink comp="386" pin=1"/></net>

<net id="396"><net_src comp="386" pin="2"/><net_sink comp="392" pin=0"/></net>

<net id="397"><net_src comp="126" pin="1"/><net_sink comp="392" pin=1"/></net>

<net id="402"><net_src comp="392" pin="2"/><net_sink comp="398" pin=0"/></net>

<net id="403"><net_src comp="138" pin="1"/><net_sink comp="398" pin=1"/></net>

<net id="408"><net_src comp="398" pin="2"/><net_sink comp="404" pin=0"/></net>

<net id="409"><net_src comp="150" pin="1"/><net_sink comp="404" pin=1"/></net>

<net id="414"><net_src comp="404" pin="2"/><net_sink comp="410" pin=0"/></net>

<net id="415"><net_src comp="162" pin="1"/><net_sink comp="410" pin=1"/></net>

<net id="420"><net_src comp="410" pin="2"/><net_sink comp="416" pin=0"/></net>

<net id="421"><net_src comp="174" pin="1"/><net_sink comp="416" pin=1"/></net>

<net id="426"><net_src comp="416" pin="2"/><net_sink comp="422" pin=0"/></net>

<net id="427"><net_src comp="186" pin="1"/><net_sink comp="422" pin=1"/></net>

<net id="431"><net_src comp="96" pin="2"/><net_sink comp="428" pin=0"/></net>

<net id="432"><net_src comp="428" pin="1"/><net_sink comp="263" pin=1"/></net>

<net id="433"><net_src comp="428" pin="1"/><net_sink comp="270" pin=1"/></net>

<net id="434"><net_src comp="428" pin="1"/><net_sink comp="295" pin=1"/></net>

<net id="438"><net_src comp="320" pin="2"/><net_sink comp="435" pin=0"/></net>

<net id="439"><net_src comp="435" pin="1"/><net_sink comp="330" pin=1"/></net>

<net id="443"><net_src comp="330" pin="2"/><net_sink comp="440" pin=0"/></net>

<net id="447"><net_src comp="342" pin="2"/><net_sink comp="444" pin=0"/></net>

<net id="448"><net_src comp="444" pin="1"/><net_sink comp="202" pin=2"/></net>

<net id="452"><net_src comp="348" pin="1"/><net_sink comp="449" pin=0"/></net>

<net id="453"><net_src comp="449" pin="1"/><net_sink comp="190" pin=2"/></net>

<net id="457"><net_src comp="352" pin="1"/><net_sink comp="454" pin=0"/></net>

<net id="458"><net_src comp="454" pin="1"/><net_sink comp="178" pin=2"/></net>

<net id="462"><net_src comp="356" pin="1"/><net_sink comp="459" pin=0"/></net>

<net id="463"><net_src comp="459" pin="1"/><net_sink comp="166" pin=2"/></net>

<net id="467"><net_src comp="360" pin="1"/><net_sink comp="464" pin=0"/></net>

<net id="468"><net_src comp="464" pin="1"/><net_sink comp="154" pin=2"/></net>

<net id="472"><net_src comp="364" pin="1"/><net_sink comp="469" pin=0"/></net>

<net id="473"><net_src comp="469" pin="1"/><net_sink comp="142" pin=2"/></net>

<net id="477"><net_src comp="368" pin="1"/><net_sink comp="474" pin=0"/></net>

<net id="478"><net_src comp="474" pin="1"/><net_sink comp="130" pin=2"/></net>

<net id="482"><net_src comp="372" pin="1"/><net_sink comp="479" pin=0"/></net>

<net id="483"><net_src comp="479" pin="1"/><net_sink comp="118" pin=2"/></net>

<net id="487"><net_src comp="376" pin="1"/><net_sink comp="484" pin=0"/></net>

<net id="488"><net_src comp="484" pin="1"/><net_sink comp="106" pin=2"/></net>

</net_list>

</model> 
---------------- Datapath Model END ------------------

* FSMD analyzer results:
  - Output states:
 - Input state : 
	Port: Loop_1_proc : bitlength | {1 }
	Port: Loop_1_proc : M_0_V | {4 5 }
	Port: Loop_1_proc : M_1_V | {4 5 }
	Port: Loop_1_proc : M_2_V | {4 5 }
	Port: Loop_1_proc : M_3_V | {4 5 }
	Port: Loop_1_proc : M_4_V | {4 5 }
	Port: Loop_1_proc : M_5_V | {4 5 }
	Port: Loop_1_proc : M_6_V | {4 5 }
	Port: Loop_1_proc : M_7_V | {4 5 }
	Port: Loop_1_proc : M_8_V | {4 5 }
	Port: Loop_1_proc : M_9_V | {4 5 }
	Port: Loop_1_proc : M_10_V | {4 5 }
	Port: Loop_1_proc : M_11_V | {4 5 }
	Port: Loop_1_proc : M_12_V | {4 5 }
	Port: Loop_1_proc : M_13_V | {4 5 }
	Port: Loop_1_proc : M_14_V | {4 5 }
	Port: Loop_1_proc : M_15_V | {4 5 }
  - Chain level:
	State 1
	State 2
		tmp : 1
		zext_ln189 : 2
		sub_ln189_1 : 3
		zext_ln189_1 : 1
		select_ln189 : 4
		sext_ln189 : 5
		rounds : 6
	State 3
		zext_ln190 : 1
		icmp_ln190 : 2
		br_ln190 : 3
	State 4
		call_ret_i : 1
	State 5
	State 6
	State 7
	State 8
	State 9
	State 10
	State 11
	State 12
	State 13
	State 14
	State 15
	State 16
	State 17
	State 18
	State 19
	State 20
	State 21
	State 22
	State 23
	State 24
	State 25
	State 26
	State 27
	State 28
	State 29
	State 30
	State 31
	State 32
	State 33
	State 34
	State 35
	State 36
	State 37
	State 38
	State 39
	State 40
	State 41
	State 42
	State 43
	State 44
	State 45
	State 46
	State 47
	State 48
	State 49
	State 50
	State 51
	State 52
	State 53
	State 54
	State 55
	State 56
	State 57
	State 58
	State 59
	State 60
	State 61
	State 62
	State 63
	State 64
	State 65
	State 66
	State 67
	State 68
	State 69
	State 70
	State 71
	State 72
	State 73
	State 74
	State 75
	State 76
	State 77
	State 78
	State 79
	State 80
	State 81
	State 82
	State 83
	State 84
	State 85
		H_0_V : 1
		H_1_V : 1
		H_2_V : 1
		H_3_V : 1
		H_4_V : 1
		H_5_V : 1
		H_6_V : 1
		H_7_V : 1
		empty_68 : 1
	State 86
		mrv_1 : 1
		mrv_2 : 2
		mrv_3 : 3
		mrv_4 : 4
		mrv_5 : 5
		mrv_6 : 6
		mrv_7 : 7
		ret_ln153 : 8


============================================================
+ Verbose Summary: Datapath Resource usage 
============================================================

* Functional unit list:
|----------|-----------------------------|---------|---------|---------|
| Operation|       Functional Unit       |  Delay  |    FF   |   LUT   |
|----------|-----------------------------|---------|---------|---------|
|   call   | grp_computeHashRound_fu_210 |  28.304 |  15664  |  50918  |
|----------|-----------------------------|---------|---------|---------|
|          |        rounds_fu_320        |    0    |    0    |    31   |
|    add   |       add_ln192_fu_335      |    0    |    0    |    31   |
|          |           i_fu_342          |    0    |    0    |    31   |
|----------|-----------------------------|---------|---------|---------|
|    sub   |       sub_ln189_fu_270      |    0    |    0    |    39   |
|          |      sub_ln189_1_fu_289     |    0    |    0    |    30   |
|----------|-----------------------------|---------|---------|---------|
|  select  |     select_ln189_fu_308     |    0    |    0    |    24   |
|----------|-----------------------------|---------|---------|---------|
|   icmp   |      icmp_ln190_fu_330      |    0    |    0    |    18   |
|----------|-----------------------------|---------|---------|---------|
|   read   |  bitlength_read_read_fu_96  |    0    |    0    |    0    |
|----------|-----------------------------|---------|---------|---------|
| bitselect|         tmp_5_fu_263        |    0    |    0    |    0    |
|----------|-----------------------------|---------|---------|---------|
|partselect|          tmp_fu_275         |    0    |    0    |    0    |
|          |         tmp_s_fu_295        |    0    |    0    |    0    |
|----------|-----------------------------|---------|---------|---------|
|          |      zext_ln189_fu_285      |    0    |    0    |    0    |
|   zext   |     zext_ln189_1_fu_304     |    0    |    0    |    0    |
|          |      zext_ln190_fu_326      |    0    |    0    |    0    |
|----------|-----------------------------|---------|---------|---------|
|   sext   |      sext_ln189_fu_316      |    0    |    0    |    0    |
|----------|-----------------------------|---------|---------|---------|
|          |         H_0_V_fu_348        |    0    |    0    |    0    |
|          |         H_1_V_fu_352        |    0    |    0    |    0    |
|          |         H_2_V_fu_356        |    0    |    0    |    0    |
|extractvalue|         H_3_V_fu_360        |    0    |    0    |    0    |
|          |         H_4_V_fu_364        |    0    |    0    |    0    |
|          |         H_5_V_fu_368        |    0    |    0    |    0    |
|          |         H_6_V_fu_372        |    0    |    0    |    0    |
|          |         H_7_V_fu_376        |    0    |    0    |    0    |
|----------|-----------------------------|---------|---------|---------|
|          |          mrv_fu_380         |    0    |    0    |    0    |
|          |         mrv_1_fu_386        |    0    |    0    |    0    |
|          |         mrv_2_fu_392        |    0    |    0    |    0    |
|insertvalue|         mrv_3_fu_398        |    0    |    0    |    0    |
|          |         mrv_4_fu_404        |    0    |    0    |    0    |
|          |         mrv_5_fu_410        |    0    |    0    |    0    |
|          |         mrv_6_fu_416        |    0    |    0    |    0    |
|          |         mrv_7_fu_422        |    0    |    0    |    0    |
|----------|-----------------------------|---------|---------|---------|
|   Total  |                             |  28.304 |  15664  |  51122  |
|----------|-----------------------------|---------|---------|---------|

Memories:
N/A

* Register list:
+----------------------+--------+
|                      |   FF   |
+----------------------+--------+
|     H_0_V_reg_449    |   32   |
|     H_1_V_reg_454    |   32   |
|     H_2_V_reg_459    |   32   |
|     H_3_V_reg_464    |   32   |
|     H_4_V_reg_469    |   32   |
|     H_5_V_reg_474    |   32   |
|     H_6_V_reg_479    |   32   |
|     H_7_V_reg_484    |   32   |
| H_V_0_0_out_0_reg_186|   32   |
| H_V_1_0_out_0_reg_174|   32   |
| H_V_2_0_out_0_reg_162|   32   |
| H_V_3_0_out_0_reg_150|   32   |
| H_V_4_0_out_0_reg_138|   32   |
| H_V_5_0_out_0_reg_126|   32   |
| H_V_6_0_out_0_reg_114|   32   |
| H_V_7_0_out_0_reg_102|   32   |
|bitlength_read_reg_428|   32   |
|    i1_0_i_reg_198    |   24   |
|       i_reg_444      |   24   |
|  icmp_ln190_reg_440  |    1   |
|    rounds_reg_435    |   25   |
+----------------------+--------+
|         Total        |   618  |
+----------------------+--------+

* Multiplexer (MUX) list: 
|-----------------------|------|------|------|--------||---------||---------|
|          Comp         |  Pin | Size |  BW  | S x BW ||  Delay  ||   LUT   |
|-----------------------|------|------|------|--------||---------||---------|
| H_V_7_0_out_0_reg_102 |  p0  |   2  |  32  |   64   ||    9    |
| H_V_6_0_out_0_reg_114 |  p0  |   2  |  32  |   64   ||    9    |
| H_V_5_0_out_0_reg_126 |  p0  |   2  |  32  |   64   ||    9    |
| H_V_4_0_out_0_reg_138 |  p0  |   2  |  32  |   64   ||    9    |
| H_V_3_0_out_0_reg_150 |  p0  |   2  |  32  |   64   ||    9    |
| H_V_2_0_out_0_reg_162 |  p0  |   2  |  32  |   64   ||    9    |
| H_V_1_0_out_0_reg_174 |  p0  |   2  |  32  |   64   ||    9    |
| H_V_0_0_out_0_reg_186 |  p0  |   2  |  32  |   64   ||    9    |
|     i1_0_i_reg_198    |  p0  |   2  |  24  |   48   ||    9    |
|-----------------------|------|------|------|--------||---------||---------|
|         Total         |      |      |      |   560  ||  15.921 ||    81   |
|-----------------------|------|------|------|--------||---------||---------|



* Summary:
+-----------+--------+--------+--------+
|           |  Delay |   FF   |   LUT  |
+-----------+--------+--------+--------+
|  Function |   28   |  15664 |  51122 |
|   Memory  |    -   |    -   |    -   |
|Multiplexer|   15   |    -   |   81   |
|  Register |    -   |   618  |    -   |
+-----------+--------+--------+--------+
|   Total   |   44   |  16282 |  51203 |
+-----------+--------+--------+--------+
