

================================================================
== Vivado HLS Report for 'Loop_1_proc'
================================================================
* Date:           Sun Dec  1 12:23:38 2024

* Version:        2019.2 (Build 2704478 on Wed Nov 06 22:10:23 MST 2019)
* Project:        sha.prj
* Solution:       solution1
* Product family: zynq
* Target device:  xc7z020-clg484-1


================================================================
== Performance Estimates
================================================================
+ Timing: 
    * Summary: 
    +--------+----------+-----------+------------+
    |  Clock |  Target  | Estimated | Uncertainty|
    +--------+----------+-----------+------------+
    |ap_clk  | 10.00 ns | 10.177 ns |   1.25 ns  |
    +--------+----------+-----------+------------+

+ Latency: 
    * Summary: 
    +---------+---------+----------+----------+-----+-----+---------+
    |  Latency (cycles) |  Latency (absolute) |  Interval | Pipeline|
    |   min   |   max   |    min   |    max   | min | max |   Type  |
    +---------+---------+----------+----------+-----+-----+---------+
    |        ?|        ?|         ?|         ?|    ?|    ?|   none  |
    +---------+---------+----------+----------+-----+-----+---------+

    + Detail: 
        * Instance: 
        N/A

        * Loop: 
        +----------+---------+---------+----------+-----------+-----------+------+----------+
        |          |  Latency (cycles) | Iteration|  Initiation Interval  | Trip |          |
        | Loop Name|   min   |   max   |  Latency |  achieved |   target  | Count| Pipelined|
        +----------+---------+---------+----------+-----------+-----------+------+----------+
        |- Loop 1  |        ?|        ?|        83|         81|          1|     ?|    yes   |
        +----------+---------+---------+----------+-----------+-----------+------+----------+

============================================================
+ Verbose Summary: Synthesis Manager
============================================================
InlineROM: 1
ExposeGlobal: 0
============================================================
+ Verbose Summary: CDFG Model
============================================================
IsTopModel: 0
ResetActiveHigh: 1
IsCombinational: 2
IsDatapathOnly: 0
HasWiredReturn: 1
HasMFsm: 0
HasVarLatency: 1
IsPipeline: 0
IsRtlPipelined: 0
IsInstanceOverlapped: 0
IsDontTouch: 0
HasImplIP: 0
IsGatedGlobalClock: 0

+ Individual pipeline summary: 
  * Pipeline-0: initiation interval (II) = 81, depth = 83


============================================================
+ Verbose Summary: Schedule
============================================================
* Number of FSM states : 86
* Pipeline : 1
  Pipeline-0 : II = 81, D = 83, States = { 3 4 5 6 7 8 9 10 11 12 13 14 15 16 17 18 19 20 21 22 23 24 25 26 27 28 29 30 31 32 33 34 35 36 37 38 39 40 41 42 43 44 45 46 47 48 49 50 51 52 53 54 55 56 57 58 59 60 61 62 63 64 65 66 67 68 69 70 71 72 73 74 75 76 77 78 79 80 81 82 83 84 85 }
* Dataflow Pipeline: 0

* FSM state transitions: 
1 --> 2 
2 --> 3 
3 --> 86 4 
4 --> 5 
5 --> 6 
6 --> 7 
7 --> 8 
8 --> 9 
9 --> 10 
10 --> 11 
11 --> 12 
12 --> 13 
13 --> 14 
14 --> 15 
15 --> 16 
16 --> 17 
17 --> 18 
18 --> 19 
19 --> 20 
20 --> 21 
21 --> 22 
22 --> 23 
23 --> 24 
24 --> 25 
25 --> 26 
26 --> 27 
27 --> 28 
28 --> 29 
29 --> 30 
30 --> 31 
31 --> 32 
32 --> 33 
33 --> 34 
34 --> 35 
35 --> 36 
36 --> 37 
37 --> 38 
38 --> 39 
39 --> 40 
40 --> 41 
41 --> 42 
42 --> 43 
43 --> 44 
44 --> 45 
45 --> 46 
46 --> 47 
47 --> 48 
48 --> 49 
49 --> 50 
50 --> 51 
51 --> 52 
52 --> 53 
53 --> 54 
54 --> 55 
55 --> 56 
56 --> 57 
57 --> 58 
58 --> 59 
59 --> 60 
60 --> 61 
61 --> 62 
62 --> 63 
63 --> 64 
64 --> 65 
65 --> 66 
66 --> 67 
67 --> 68 
68 --> 69 
69 --> 70 
70 --> 71 
71 --> 72 
72 --> 73 
73 --> 74 
74 --> 75 
75 --> 76 
76 --> 77 
77 --> 78 
78 --> 79 
79 --> 80 
80 --> 81 
81 --> 82 
82 --> 83 
83 --> 84 
84 --> 85 
85 --> 3 
86 --> 

* FSM state operations: 

State 1 <SV = 0> <Delay = 3.63>
ST_1 : Operation 87 [1/1] (3.63ns)   --->   "%bitlength_read = call i32 @_ssdm_op_Read.ap_fifo.i32P(i32* %bitlength)" [sha256.cpp:189]   --->   Operation 87 'read' 'bitlength_read' <Predicate = true> <Delay = 3.63> <Core = "FIFO">   --->   Core 32 'FIFO' <Latency = 0> <II = 1> <Delay = 3.63> <Storage> <Opcode : 'read' 'write' 'nbread' 'nbwrite'> <Ports = 0> <Width = 32> <Depth = 2> <FIFO>

State 2 <SV = 1> <Delay = 7.15>
ST_2 : Operation 88 [1/1] (0.00ns)   --->   "%empty = call i32 (...)* @_ssdm_op_SpecInterface(i32* %bitlength, [8 x i8]* @ap_fifo_str, i32 0, i32 0, [1 x i8]* @p_str, i32 0, i32 0, [1 x i8]* @p_str, [1 x i8]* @p_str, [1 x i8]* @p_str, i32 2, i32 2, i32 16, i32 16, [1 x i8]* @p_str, [11 x i8]* @ScalarProp_str)"   --->   Operation 88 'specinterface' 'empty' <Predicate = true> <Delay = 0.00>
ST_2 : Operation 89 [1/1] (0.00ns) (grouped into LUT with out node rounds)   --->   "%tmp_5 = call i1 @_ssdm_op_BitSelect.i1.i32.i32(i32 %bitlength_read, i32 31)" [sha256.cpp:189->sha256.cpp:153]   --->   Operation 89 'bitselect' 'tmp_5' <Predicate = true> <Delay = 0.00>
ST_2 : Operation 90 [1/1] (2.55ns)   --->   "%sub_ln189 = sub i32 0, %bitlength_read" [sha256.cpp:189->sha256.cpp:153]   --->   Operation 90 'sub' 'sub_ln189' <Predicate = true> <Delay = 2.55> <Core = "AddSub">   --->   Core 14 'AddSub' <Latency = 0> <II = 1> <Delay = 2.31> <FuncUnit> <Opcode : 'add' 'sub'> <InPorts = 2> <OutPorts = 1>
ST_2 : Operation 91 [1/1] (0.00ns)   --->   "%tmp = call i23 @_ssdm_op_PartSelect.i23.i32.i32.i32(i32 %sub_ln189, i32 9, i32 31)" [sha256.cpp:189->sha256.cpp:153]   --->   Operation 91 'partselect' 'tmp' <Predicate = true> <Delay = 0.00>
ST_2 : Operation 92 [1/1] (0.00ns)   --->   "%zext_ln189 = zext i23 %tmp to i24" [sha256.cpp:189->sha256.cpp:153]   --->   Operation 92 'zext' 'zext_ln189' <Predicate = true> <Delay = 0.00>
ST_2 : Operation 93 [1/1] (2.28ns)   --->   "%sub_ln189_1 = sub i24 0, %zext_ln189" [sha256.cpp:189->sha256.cpp:153]   --->   Operation 93 'sub' 'sub_ln189_1' <Predicate = true> <Delay = 2.28> <Core = "AddSub">   --->   Core 14 'AddSub' <Latency = 0> <II = 1> <Delay = 2.31> <FuncUnit> <Opcode : 'add' 'sub'> <InPorts = 2> <OutPorts = 1>
ST_2 : Operation 94 [1/1] (0.00ns) (grouped into LUT with out node rounds)   --->   "%tmp_s = call i23 @_ssdm_op_PartSelect.i23.i32.i32.i32(i32 %bitlength_read, i32 9, i32 31)" [sha256.cpp:189->sha256.cpp:153]   --->   Operation 94 'partselect' 'tmp_s' <Predicate = true> <Delay = 0.00>
ST_2 : Operation 95 [1/1] (0.00ns) (grouped into LUT with out node rounds)   --->   "%zext_ln189_1 = zext i23 %tmp_s to i24" [sha256.cpp:189->sha256.cpp:153]   --->   Operation 95 'zext' 'zext_ln189_1' <Predicate = true> <Delay = 0.00>
ST_2 : Operation 96 [1/1] (0.00ns) (grouped into LUT with out node rounds)   --->   "%select_ln189 = select i1 %tmp_5, i24 %sub_ln189_1, i24 %zext_ln189_1" [sha256.cpp:189->sha256.cpp:153]   --->   Operation 96 'select' 'select_ln189' <Predicate = true> <Delay = 0.00> <Core = "Sel">   --->   Core 26 'Sel' <Latency = 0> <II = 1> <Delay = 0.69> <FuncUnit> <Opcode : 'select'> <InPorts = 3> <OutPorts = 1>
ST_2 : Operation 97 [1/1] (0.00ns) (grouped into LUT with out node rounds)   --->   "%sext_ln189 = sext i24 %select_ln189 to i25" [sha256.cpp:189->sha256.cpp:153]   --->   Operation 97 'sext' 'sext_ln189' <Predicate = true> <Delay = 0.00>
ST_2 : Operation 98 [1/1] (2.31ns) (out node of the LUT)   --->   "%rounds = add i25 %sext_ln189, 1" [sha256.cpp:189->sha256.cpp:153]   --->   Operation 98 'add' 'rounds' <Predicate = true> <Delay = 2.31> <Core = "AddSub">   --->   Core 14 'AddSub' <Latency = 0> <II = 1> <Delay = 2.31> <FuncUnit> <Opcode : 'add' 'sub'> <InPorts = 2> <OutPorts = 1>
ST_2 : Operation 99 [1/1] (1.76ns)   --->   "br label %0" [sha256.cpp:190->sha256.cpp:153]   --->   Operation 99 'br' <Predicate = true> <Delay = 1.76>

State 3 <SV = 2> <Delay = 3.25>
ST_3 : Operation 100 [1/1] (0.00ns)   --->   "%H_V_7_0_out_0 = phi i32 [ 1541459225, %entry ], [ %H_7_V, %hls_label_6 ]"   --->   Operation 100 'phi' 'H_V_7_0_out_0' <Predicate = true> <Delay = 0.00>
ST_3 : Operation 101 [1/1] (0.00ns)   --->   "%H_V_6_0_out_0 = phi i32 [ 528734635, %entry ], [ %H_6_V, %hls_label_6 ]"   --->   Operation 101 'phi' 'H_V_6_0_out_0' <Predicate = true> <Delay = 0.00>
ST_3 : Operation 102 [1/1] (0.00ns)   --->   "%H_V_5_0_out_0 = phi i32 [ -1694144372, %entry ], [ %H_5_V, %hls_label_6 ]"   --->   Operation 102 'phi' 'H_V_5_0_out_0' <Predicate = true> <Delay = 0.00>
ST_3 : Operation 103 [1/1] (0.00ns)   --->   "%H_V_4_0_out_0 = phi i32 [ 1359893119, %entry ], [ %H_4_V, %hls_label_6 ]"   --->   Operation 103 'phi' 'H_V_4_0_out_0' <Predicate = true> <Delay = 0.00>
ST_3 : Operation 104 [1/1] (0.00ns)   --->   "%H_V_3_0_out_0 = phi i32 [ -1521486534, %entry ], [ %H_3_V, %hls_label_6 ]"   --->   Operation 104 'phi' 'H_V_3_0_out_0' <Predicate = true> <Delay = 0.00>
ST_3 : Operation 105 [1/1] (0.00ns)   --->   "%H_V_2_0_out_0 = phi i32 [ 1013904242, %entry ], [ %H_2_V, %hls_label_6 ]"   --->   Operation 105 'phi' 'H_V_2_0_out_0' <Predicate = true> <Delay = 0.00>
ST_3 : Operation 106 [1/1] (0.00ns)   --->   "%H_V_1_0_out_0 = phi i32 [ -1150833019, %entry ], [ %H_1_V, %hls_label_6 ]"   --->   Operation 106 'phi' 'H_V_1_0_out_0' <Predicate = true> <Delay = 0.00>
ST_3 : Operation 107 [1/1] (0.00ns)   --->   "%H_V_0_0_out_0 = phi i32 [ 1779033703, %entry ], [ %H_0_V, %hls_label_6 ]"   --->   Operation 107 'phi' 'H_V_0_0_out_0' <Predicate = true> <Delay = 0.00>
ST_3 : Operation 108 [1/1] (0.00ns)   --->   "%i1_0_i = phi i24 [ 1, %entry ], [ %i, %hls_label_6 ]"   --->   Operation 108 'phi' 'i1_0_i' <Predicate = true> <Delay = 0.00>
ST_3 : Operation 109 [1/1] (0.00ns)   --->   "%zext_ln190 = zext i24 %i1_0_i to i25" [sha256.cpp:190->sha256.cpp:153]   --->   Operation 109 'zext' 'zext_ln190' <Predicate = true> <Delay = 0.00>
ST_3 : Operation 110 [1/1] (2.45ns)   --->   "%icmp_ln190 = icmp sgt i25 %zext_ln190, %rounds" [sha256.cpp:190->sha256.cpp:153]   --->   Operation 110 'icmp' 'icmp_ln190' <Predicate = true> <Delay = 2.45> <Core = "Cmp">   --->   Core 25 'Cmp' <Latency = 0> <II = 1> <Delay = 2.45> <FuncUnit> <Opcode : 'icmp'> <InPorts = 2> <OutPorts = 1>
ST_3 : Operation 111 [1/1] (0.00ns)   --->   "br i1 %icmp_ln190, label %.exit, label %hls_label_6" [sha256.cpp:190->sha256.cpp:153]   --->   Operation 111 'br' <Predicate = true> <Delay = 0.00>

State 4 <SV = 3> <Delay = 5.56>
ST_4 : Operation 112 [1/1] (2.31ns)   --->   "%add_ln192 = add i24 %i1_0_i, -1" [sha256.cpp:192->sha256.cpp:153]   --->   Operation 112 'add' 'add_ln192' <Predicate = (!icmp_ln190)> <Delay = 2.31> <Core = "AddSub">   --->   Core 14 'AddSub' <Latency = 0> <II = 1> <Delay = 2.31> <FuncUnit> <Opcode : 'add' 'sub'> <InPorts = 2> <OutPorts = 1>
ST_4 : Operation 113 [82/82] (3.25ns)   --->   "%call_ret_i = call fastcc { i32, i32, i32, i32, i32, i32, i32, i32 } @computeHashRound(i32 %H_V_0_0_out_0, i32 %H_V_1_0_out_0, i32 %H_V_2_0_out_0, i32 %H_V_3_0_out_0, i32 %H_V_4_0_out_0, i32 %H_V_5_0_out_0, i32 %H_V_6_0_out_0, i32 %H_V_7_0_out_0, [32 x i32]* %M_0_V, [32 x i32]* %M_1_V, [32 x i32]* %M_2_V, [32 x i32]* %M_3_V, [32 x i32]* %M_4_V, [32 x i32]* %M_5_V, [32 x i32]* %M_6_V, [32 x i32]* %M_7_V, [32 x i32]* %M_8_V, [32 x i32]* %M_9_V, [32 x i32]* %M_10_V, [32 x i32]* %M_11_V, [32 x i32]* %M_12_V, [32 x i32]* %M_13_V, [32 x i32]* %M_14_V, [32 x i32]* %M_15_V, i24 %add_ln192)" [sha256.cpp:192->sha256.cpp:153]   --->   Operation 113 'call' 'call_ret_i' <Predicate = (!icmp_ln190)> <Delay = 3.25> <CoreType = "Generic">   --->   Core 0 '' <Latency = 0> <II = 1> <Delay = 1.00> <Generic> <Opcode : >

State 5 <SV = 4> <Delay = 8.74>
ST_5 : Operation 114 [81/82] (8.74ns)   --->   "%call_ret_i = call fastcc { i32, i32, i32, i32, i32, i32, i32, i32 } @computeHashRound(i32 %H_V_0_0_out_0, i32 %H_V_1_0_out_0, i32 %H_V_2_0_out_0, i32 %H_V_3_0_out_0, i32 %H_V_4_0_out_0, i32 %H_V_5_0_out_0, i32 %H_V_6_0_out_0, i32 %H_V_7_0_out_0, [32 x i32]* %M_0_V, [32 x i32]* %M_1_V, [32 x i32]* %M_2_V, [32 x i32]* %M_3_V, [32 x i32]* %M_4_V, [32 x i32]* %M_5_V, [32 x i32]* %M_6_V, [32 x i32]* %M_7_V, [32 x i32]* %M_8_V, [32 x i32]* %M_9_V, [32 x i32]* %M_10_V, [32 x i32]* %M_11_V, [32 x i32]* %M_12_V, [32 x i32]* %M_13_V, [32 x i32]* %M_14_V, [32 x i32]* %M_15_V, i24 %add_ln192)" [sha256.cpp:192->sha256.cpp:153]   --->   Operation 114 'call' 'call_ret_i' <Predicate = (!icmp_ln190)> <Delay = 8.74> <CoreType = "Generic">   --->   Core 0 '' <Latency = 0> <II = 1> <Delay = 1.00> <Generic> <Opcode : >

State 6 <SV = 5> <Delay = 8.74>
ST_6 : Operation 115 [80/82] (8.74ns)   --->   "%call_ret_i = call fastcc { i32, i32, i32, i32, i32, i32, i32, i32 } @computeHashRound(i32 %H_V_0_0_out_0, i32 %H_V_1_0_out_0, i32 %H_V_2_0_out_0, i32 %H_V_3_0_out_0, i32 %H_V_4_0_out_0, i32 %H_V_5_0_out_0, i32 %H_V_6_0_out_0, i32 %H_V_7_0_out_0, [32 x i32]* %M_0_V, [32 x i32]* %M_1_V, [32 x i32]* %M_2_V, [32 x i32]* %M_3_V, [32 x i32]* %M_4_V, [32 x i32]* %M_5_V, [32 x i32]* %M_6_V, [32 x i32]* %M_7_V, [32 x i32]* %M_8_V, [32 x i32]* %M_9_V, [32 x i32]* %M_10_V, [32 x i32]* %M_11_V, [32 x i32]* %M_12_V, [32 x i32]* %M_13_V, [32 x i32]* %M_14_V, [32 x i32]* %M_15_V, i24 %add_ln192)" [sha256.cpp:192->sha256.cpp:153]   --->   Operation 115 'call' 'call_ret_i' <Predicate = (!icmp_ln190)> <Delay = 8.74> <CoreType = "Generic">   --->   Core 0 '' <Latency = 0> <II = 1> <Delay = 1.00> <Generic> <Opcode : >

State 7 <SV = 6> <Delay = 8.74>
ST_7 : Operation 116 [79/82] (8.74ns)   --->   "%call_ret_i = call fastcc { i32, i32, i32, i32, i32, i32, i32, i32 } @computeHashRound(i32 %H_V_0_0_out_0, i32 %H_V_1_0_out_0, i32 %H_V_2_0_out_0, i32 %H_V_3_0_out_0, i32 %H_V_4_0_out_0, i32 %H_V_5_0_out_0, i32 %H_V_6_0_out_0, i32 %H_V_7_0_out_0, [32 x i32]* %M_0_V, [32 x i32]* %M_1_V, [32 x i32]* %M_2_V, [32 x i32]* %M_3_V, [32 x i32]* %M_4_V, [32 x i32]* %M_5_V, [32 x i32]* %M_6_V, [32 x i32]* %M_7_V, [32 x i32]* %M_8_V, [32 x i32]* %M_9_V, [32 x i32]* %M_10_V, [32 x i32]* %M_11_V, [32 x i32]* %M_12_V, [32 x i32]* %M_13_V, [32 x i32]* %M_14_V, [32 x i32]* %M_15_V, i24 %add_ln192)" [sha256.cpp:192->sha256.cpp:153]   --->   Operation 116 'call' 'call_ret_i' <Predicate = (!icmp_ln190)> <Delay = 8.74> <CoreType = "Generic">   --->   Core 0 '' <Latency = 0> <II = 1> <Delay = 1.00> <Generic> <Opcode : >

State 8 <SV = 7> <Delay = 8.74>
ST_8 : Operation 117 [78/82] (8.74ns)   --->   "%call_ret_i = call fastcc { i32, i32, i32, i32, i32, i32, i32, i32 } @computeHashRound(i32 %H_V_0_0_out_0, i32 %H_V_1_0_out_0, i32 %H_V_2_0_out_0, i32 %H_V_3_0_out_0, i32 %H_V_4_0_out_0, i32 %H_V_5_0_out_0, i32 %H_V_6_0_out_0, i32 %H_V_7_0_out_0, [32 x i32]* %M_0_V, [32 x i32]* %M_1_V, [32 x i32]* %M_2_V, [32 x i32]* %M_3_V, [32 x i32]* %M_4_V, [32 x i32]* %M_5_V, [32 x i32]* %M_6_V, [32 x i32]* %M_7_V, [32 x i32]* %M_8_V, [32 x i32]* %M_9_V, [32 x i32]* %M_10_V, [32 x i32]* %M_11_V, [32 x i32]* %M_12_V, [32 x i32]* %M_13_V, [32 x i32]* %M_14_V, [32 x i32]* %M_15_V, i24 %add_ln192)" [sha256.cpp:192->sha256.cpp:153]   --->   Operation 117 'call' 'call_ret_i' <Predicate = (!icmp_ln190)> <Delay = 8.74> <CoreType = "Generic">   --->   Core 0 '' <Latency = 0> <II = 1> <Delay = 1.00> <Generic> <Opcode : >

State 9 <SV = 8> <Delay = 8.74>
ST_9 : Operation 118 [77/82] (8.74ns)   --->   "%call_ret_i = call fastcc { i32, i32, i32, i32, i32, i32, i32, i32 } @computeHashRound(i32 %H_V_0_0_out_0, i32 %H_V_1_0_out_0, i32 %H_V_2_0_out_0, i32 %H_V_3_0_out_0, i32 %H_V_4_0_out_0, i32 %H_V_5_0_out_0, i32 %H_V_6_0_out_0, i32 %H_V_7_0_out_0, [32 x i32]* %M_0_V, [32 x i32]* %M_1_V, [32 x i32]* %M_2_V, [32 x i32]* %M_3_V, [32 x i32]* %M_4_V, [32 x i32]* %M_5_V, [32 x i32]* %M_6_V, [32 x i32]* %M_7_V, [32 x i32]* %M_8_V, [32 x i32]* %M_9_V, [32 x i32]* %M_10_V, [32 x i32]* %M_11_V, [32 x i32]* %M_12_V, [32 x i32]* %M_13_V, [32 x i32]* %M_14_V, [32 x i32]* %M_15_V, i24 %add_ln192)" [sha256.cpp:192->sha256.cpp:153]   --->   Operation 118 'call' 'call_ret_i' <Predicate = (!icmp_ln190)> <Delay = 8.74> <CoreType = "Generic">   --->   Core 0 '' <Latency = 0> <II = 1> <Delay = 1.00> <Generic> <Opcode : >

State 10 <SV = 9> <Delay = 8.74>
ST_10 : Operation 119 [76/82] (8.74ns)   --->   "%call_ret_i = call fastcc { i32, i32, i32, i32, i32, i32, i32, i32 } @computeHashRound(i32 %H_V_0_0_out_0, i32 %H_V_1_0_out_0, i32 %H_V_2_0_out_0, i32 %H_V_3_0_out_0, i32 %H_V_4_0_out_0, i32 %H_V_5_0_out_0, i32 %H_V_6_0_out_0, i32 %H_V_7_0_out_0, [32 x i32]* %M_0_V, [32 x i32]* %M_1_V, [32 x i32]* %M_2_V, [32 x i32]* %M_3_V, [32 x i32]* %M_4_V, [32 x i32]* %M_5_V, [32 x i32]* %M_6_V, [32 x i32]* %M_7_V, [32 x i32]* %M_8_V, [32 x i32]* %M_9_V, [32 x i32]* %M_10_V, [32 x i32]* %M_11_V, [32 x i32]* %M_12_V, [32 x i32]* %M_13_V, [32 x i32]* %M_14_V, [32 x i32]* %M_15_V, i24 %add_ln192)" [sha256.cpp:192->sha256.cpp:153]   --->   Operation 119 'call' 'call_ret_i' <Predicate = (!icmp_ln190)> <Delay = 8.74> <CoreType = "Generic">   --->   Core 0 '' <Latency = 0> <II = 1> <Delay = 1.00> <Generic> <Opcode : >

State 11 <SV = 10> <Delay = 8.74>
ST_11 : Operation 120 [75/82] (8.74ns)   --->   "%call_ret_i = call fastcc { i32, i32, i32, i32, i32, i32, i32, i32 } @computeHashRound(i32 %H_V_0_0_out_0, i32 %H_V_1_0_out_0, i32 %H_V_2_0_out_0, i32 %H_V_3_0_out_0, i32 %H_V_4_0_out_0, i32 %H_V_5_0_out_0, i32 %H_V_6_0_out_0, i32 %H_V_7_0_out_0, [32 x i32]* %M_0_V, [32 x i32]* %M_1_V, [32 x i32]* %M_2_V, [32 x i32]* %M_3_V, [32 x i32]* %M_4_V, [32 x i32]* %M_5_V, [32 x i32]* %M_6_V, [32 x i32]* %M_7_V, [32 x i32]* %M_8_V, [32 x i32]* %M_9_V, [32 x i32]* %M_10_V, [32 x i32]* %M_11_V, [32 x i32]* %M_12_V, [32 x i32]* %M_13_V, [32 x i32]* %M_14_V, [32 x i32]* %M_15_V, i24 %add_ln192)" [sha256.cpp:192->sha256.cpp:153]   --->   Operation 120 'call' 'call_ret_i' <Predicate = (!icmp_ln190)> <Delay = 8.74> <CoreType = "Generic">   --->   Core 0 '' <Latency = 0> <II = 1> <Delay = 1.00> <Generic> <Opcode : >

State 12 <SV = 11> <Delay = 8.74>
ST_12 : Operation 121 [74/82] (8.74ns)   --->   "%call_ret_i = call fastcc { i32, i32, i32, i32, i32, i32, i32, i32 } @computeHashRound(i32 %H_V_0_0_out_0, i32 %H_V_1_0_out_0, i32 %H_V_2_0_out_0, i32 %H_V_3_0_out_0, i32 %H_V_4_0_out_0, i32 %H_V_5_0_out_0, i32 %H_V_6_0_out_0, i32 %H_V_7_0_out_0, [32 x i32]* %M_0_V, [32 x i32]* %M_1_V, [32 x i32]* %M_2_V, [32 x i32]* %M_3_V, [32 x i32]* %M_4_V, [32 x i32]* %M_5_V, [32 x i32]* %M_6_V, [32 x i32]* %M_7_V, [32 x i32]* %M_8_V, [32 x i32]* %M_9_V, [32 x i32]* %M_10_V, [32 x i32]* %M_11_V, [32 x i32]* %M_12_V, [32 x i32]* %M_13_V, [32 x i32]* %M_14_V, [32 x i32]* %M_15_V, i24 %add_ln192)" [sha256.cpp:192->sha256.cpp:153]   --->   Operation 121 'call' 'call_ret_i' <Predicate = (!icmp_ln190)> <Delay = 8.74> <CoreType = "Generic">   --->   Core 0 '' <Latency = 0> <II = 1> <Delay = 1.00> <Generic> <Opcode : >

State 13 <SV = 12> <Delay = 8.74>
ST_13 : Operation 122 [73/82] (8.74ns)   --->   "%call_ret_i = call fastcc { i32, i32, i32, i32, i32, i32, i32, i32 } @computeHashRound(i32 %H_V_0_0_out_0, i32 %H_V_1_0_out_0, i32 %H_V_2_0_out_0, i32 %H_V_3_0_out_0, i32 %H_V_4_0_out_0, i32 %H_V_5_0_out_0, i32 %H_V_6_0_out_0, i32 %H_V_7_0_out_0, [32 x i32]* %M_0_V, [32 x i32]* %M_1_V, [32 x i32]* %M_2_V, [32 x i32]* %M_3_V, [32 x i32]* %M_4_V, [32 x i32]* %M_5_V, [32 x i32]* %M_6_V, [32 x i32]* %M_7_V, [32 x i32]* %M_8_V, [32 x i32]* %M_9_V, [32 x i32]* %M_10_V, [32 x i32]* %M_11_V, [32 x i32]* %M_12_V, [32 x i32]* %M_13_V, [32 x i32]* %M_14_V, [32 x i32]* %M_15_V, i24 %add_ln192)" [sha256.cpp:192->sha256.cpp:153]   --->   Operation 122 'call' 'call_ret_i' <Predicate = (!icmp_ln190)> <Delay = 8.74> <CoreType = "Generic">   --->   Core 0 '' <Latency = 0> <II = 1> <Delay = 1.00> <Generic> <Opcode : >

State 14 <SV = 13> <Delay = 8.74>
ST_14 : Operation 123 [72/82] (8.74ns)   --->   "%call_ret_i = call fastcc { i32, i32, i32, i32, i32, i32, i32, i32 } @computeHashRound(i32 %H_V_0_0_out_0, i32 %H_V_1_0_out_0, i32 %H_V_2_0_out_0, i32 %H_V_3_0_out_0, i32 %H_V_4_0_out_0, i32 %H_V_5_0_out_0, i32 %H_V_6_0_out_0, i32 %H_V_7_0_out_0, [32 x i32]* %M_0_V, [32 x i32]* %M_1_V, [32 x i32]* %M_2_V, [32 x i32]* %M_3_V, [32 x i32]* %M_4_V, [32 x i32]* %M_5_V, [32 x i32]* %M_6_V, [32 x i32]* %M_7_V, [32 x i32]* %M_8_V, [32 x i32]* %M_9_V, [32 x i32]* %M_10_V, [32 x i32]* %M_11_V, [32 x i32]* %M_12_V, [32 x i32]* %M_13_V, [32 x i32]* %M_14_V, [32 x i32]* %M_15_V, i24 %add_ln192)" [sha256.cpp:192->sha256.cpp:153]   --->   Operation 123 'call' 'call_ret_i' <Predicate = (!icmp_ln190)> <Delay = 8.74> <CoreType = "Generic">   --->   Core 0 '' <Latency = 0> <II = 1> <Delay = 1.00> <Generic> <Opcode : >

State 15 <SV = 14> <Delay = 8.74>
ST_15 : Operation 124 [71/82] (8.74ns)   --->   "%call_ret_i = call fastcc { i32, i32, i32, i32, i32, i32, i32, i32 } @computeHashRound(i32 %H_V_0_0_out_0, i32 %H_V_1_0_out_0, i32 %H_V_2_0_out_0, i32 %H_V_3_0_out_0, i32 %H_V_4_0_out_0, i32 %H_V_5_0_out_0, i32 %H_V_6_0_out_0, i32 %H_V_7_0_out_0, [32 x i32]* %M_0_V, [32 x i32]* %M_1_V, [32 x i32]* %M_2_V, [32 x i32]* %M_3_V, [32 x i32]* %M_4_V, [32 x i32]* %M_5_V, [32 x i32]* %M_6_V, [32 x i32]* %M_7_V, [32 x i32]* %M_8_V, [32 x i32]* %M_9_V, [32 x i32]* %M_10_V, [32 x i32]* %M_11_V, [32 x i32]* %M_12_V, [32 x i32]* %M_13_V, [32 x i32]* %M_14_V, [32 x i32]* %M_15_V, i24 %add_ln192)" [sha256.cpp:192->sha256.cpp:153]   --->   Operation 124 'call' 'call_ret_i' <Predicate = (!icmp_ln190)> <Delay = 8.74> <CoreType = "Generic">   --->   Core 0 '' <Latency = 0> <II = 1> <Delay = 1.00> <Generic> <Opcode : >

State 16 <SV = 15> <Delay = 8.74>
ST_16 : Operation 125 [70/82] (8.74ns)   --->   "%call_ret_i = call fastcc { i32, i32, i32, i32, i32, i32, i32, i32 } @computeHashRound(i32 %H_V_0_0_out_0, i32 %H_V_1_0_out_0, i32 %H_V_2_0_out_0, i32 %H_V_3_0_out_0, i32 %H_V_4_0_out_0, i32 %H_V_5_0_out_0, i32 %H_V_6_0_out_0, i32 %H_V_7_0_out_0, [32 x i32]* %M_0_V, [32 x i32]* %M_1_V, [32 x i32]* %M_2_V, [32 x i32]* %M_3_V, [32 x i32]* %M_4_V, [32 x i32]* %M_5_V, [32 x i32]* %M_6_V, [32 x i32]* %M_7_V, [32 x i32]* %M_8_V, [32 x i32]* %M_9_V, [32 x i32]* %M_10_V, [32 x i32]* %M_11_V, [32 x i32]* %M_12_V, [32 x i32]* %M_13_V, [32 x i32]* %M_14_V, [32 x i32]* %M_15_V, i24 %add_ln192)" [sha256.cpp:192->sha256.cpp:153]   --->   Operation 125 'call' 'call_ret_i' <Predicate = (!icmp_ln190)> <Delay = 8.74> <CoreType = "Generic">   --->   Core 0 '' <Latency = 0> <II = 1> <Delay = 1.00> <Generic> <Opcode : >

State 17 <SV = 16> <Delay = 8.74>
ST_17 : Operation 126 [69/82] (8.74ns)   --->   "%call_ret_i = call fastcc { i32, i32, i32, i32, i32, i32, i32, i32 } @computeHashRound(i32 %H_V_0_0_out_0, i32 %H_V_1_0_out_0, i32 %H_V_2_0_out_0, i32 %H_V_3_0_out_0, i32 %H_V_4_0_out_0, i32 %H_V_5_0_out_0, i32 %H_V_6_0_out_0, i32 %H_V_7_0_out_0, [32 x i32]* %M_0_V, [32 x i32]* %M_1_V, [32 x i32]* %M_2_V, [32 x i32]* %M_3_V, [32 x i32]* %M_4_V, [32 x i32]* %M_5_V, [32 x i32]* %M_6_V, [32 x i32]* %M_7_V, [32 x i32]* %M_8_V, [32 x i32]* %M_9_V, [32 x i32]* %M_10_V, [32 x i32]* %M_11_V, [32 x i32]* %M_12_V, [32 x i32]* %M_13_V, [32 x i32]* %M_14_V, [32 x i32]* %M_15_V, i24 %add_ln192)" [sha256.cpp:192->sha256.cpp:153]   --->   Operation 126 'call' 'call_ret_i' <Predicate = (!icmp_ln190)> <Delay = 8.74> <CoreType = "Generic">   --->   Core 0 '' <Latency = 0> <II = 1> <Delay = 1.00> <Generic> <Opcode : >

State 18 <SV = 17> <Delay = 8.74>
ST_18 : Operation 127 [68/82] (8.74ns)   --->   "%call_ret_i = call fastcc { i32, i32, i32, i32, i32, i32, i32, i32 } @computeHashRound(i32 %H_V_0_0_out_0, i32 %H_V_1_0_out_0, i32 %H_V_2_0_out_0, i32 %H_V_3_0_out_0, i32 %H_V_4_0_out_0, i32 %H_V_5_0_out_0, i32 %H_V_6_0_out_0, i32 %H_V_7_0_out_0, [32 x i32]* %M_0_V, [32 x i32]* %M_1_V, [32 x i32]* %M_2_V, [32 x i32]* %M_3_V, [32 x i32]* %M_4_V, [32 x i32]* %M_5_V, [32 x i32]* %M_6_V, [32 x i32]* %M_7_V, [32 x i32]* %M_8_V, [32 x i32]* %M_9_V, [32 x i32]* %M_10_V, [32 x i32]* %M_11_V, [32 x i32]* %M_12_V, [32 x i32]* %M_13_V, [32 x i32]* %M_14_V, [32 x i32]* %M_15_V, i24 %add_ln192)" [sha256.cpp:192->sha256.cpp:153]   --->   Operation 127 'call' 'call_ret_i' <Predicate = (!icmp_ln190)> <Delay = 8.74> <CoreType = "Generic">   --->   Core 0 '' <Latency = 0> <II = 1> <Delay = 1.00> <Generic> <Opcode : >

State 19 <SV = 18> <Delay = 8.74>
ST_19 : Operation 128 [67/82] (8.74ns)   --->   "%call_ret_i = call fastcc { i32, i32, i32, i32, i32, i32, i32, i32 } @computeHashRound(i32 %H_V_0_0_out_0, i32 %H_V_1_0_out_0, i32 %H_V_2_0_out_0, i32 %H_V_3_0_out_0, i32 %H_V_4_0_out_0, i32 %H_V_5_0_out_0, i32 %H_V_6_0_out_0, i32 %H_V_7_0_out_0, [32 x i32]* %M_0_V, [32 x i32]* %M_1_V, [32 x i32]* %M_2_V, [32 x i32]* %M_3_V, [32 x i32]* %M_4_V, [32 x i32]* %M_5_V, [32 x i32]* %M_6_V, [32 x i32]* %M_7_V, [32 x i32]* %M_8_V, [32 x i32]* %M_9_V, [32 x i32]* %M_10_V, [32 x i32]* %M_11_V, [32 x i32]* %M_12_V, [32 x i32]* %M_13_V, [32 x i32]* %M_14_V, [32 x i32]* %M_15_V, i24 %add_ln192)" [sha256.cpp:192->sha256.cpp:153]   --->   Operation 128 'call' 'call_ret_i' <Predicate = (!icmp_ln190)> <Delay = 8.74> <CoreType = "Generic">   --->   Core 0 '' <Latency = 0> <II = 1> <Delay = 1.00> <Generic> <Opcode : >

State 20 <SV = 19> <Delay = 8.74>
ST_20 : Operation 129 [66/82] (8.74ns)   --->   "%call_ret_i = call fastcc { i32, i32, i32, i32, i32, i32, i32, i32 } @computeHashRound(i32 %H_V_0_0_out_0, i32 %H_V_1_0_out_0, i32 %H_V_2_0_out_0, i32 %H_V_3_0_out_0, i32 %H_V_4_0_out_0, i32 %H_V_5_0_out_0, i32 %H_V_6_0_out_0, i32 %H_V_7_0_out_0, [32 x i32]* %M_0_V, [32 x i32]* %M_1_V, [32 x i32]* %M_2_V, [32 x i32]* %M_3_V, [32 x i32]* %M_4_V, [32 x i32]* %M_5_V, [32 x i32]* %M_6_V, [32 x i32]* %M_7_V, [32 x i32]* %M_8_V, [32 x i32]* %M_9_V, [32 x i32]* %M_10_V, [32 x i32]* %M_11_V, [32 x i32]* %M_12_V, [32 x i32]* %M_13_V, [32 x i32]* %M_14_V, [32 x i32]* %M_15_V, i24 %add_ln192)" [sha256.cpp:192->sha256.cpp:153]   --->   Operation 129 'call' 'call_ret_i' <Predicate = (!icmp_ln190)> <Delay = 8.74> <CoreType = "Generic">   --->   Core 0 '' <Latency = 0> <II = 1> <Delay = 1.00> <Generic> <Opcode : >

State 21 <SV = 20> <Delay = 8.74>
ST_21 : Operation 130 [65/82] (8.74ns)   --->   "%call_ret_i = call fastcc { i32, i32, i32, i32, i32, i32, i32, i32 } @computeHashRound(i32 %H_V_0_0_out_0, i32 %H_V_1_0_out_0, i32 %H_V_2_0_out_0, i32 %H_V_3_0_out_0, i32 %H_V_4_0_out_0, i32 %H_V_5_0_out_0, i32 %H_V_6_0_out_0, i32 %H_V_7_0_out_0, [32 x i32]* %M_0_V, [32 x i32]* %M_1_V, [32 x i32]* %M_2_V, [32 x i32]* %M_3_V, [32 x i32]* %M_4_V, [32 x i32]* %M_5_V, [32 x i32]* %M_6_V, [32 x i32]* %M_7_V, [32 x i32]* %M_8_V, [32 x i32]* %M_9_V, [32 x i32]* %M_10_V, [32 x i32]* %M_11_V, [32 x i32]* %M_12_V, [32 x i32]* %M_13_V, [32 x i32]* %M_14_V, [32 x i32]* %M_15_V, i24 %add_ln192)" [sha256.cpp:192->sha256.cpp:153]   --->   Operation 130 'call' 'call_ret_i' <Predicate = (!icmp_ln190)> <Delay = 8.74> <CoreType = "Generic">   --->   Core 0 '' <Latency = 0> <II = 1> <Delay = 1.00> <Generic> <Opcode : >

State 22 <SV = 21> <Delay = 8.74>
ST_22 : Operation 131 [64/82] (8.74ns)   --->   "%call_ret_i = call fastcc { i32, i32, i32, i32, i32, i32, i32, i32 } @computeHashRound(i32 %H_V_0_0_out_0, i32 %H_V_1_0_out_0, i32 %H_V_2_0_out_0, i32 %H_V_3_0_out_0, i32 %H_V_4_0_out_0, i32 %H_V_5_0_out_0, i32 %H_V_6_0_out_0, i32 %H_V_7_0_out_0, [32 x i32]* %M_0_V, [32 x i32]* %M_1_V, [32 x i32]* %M_2_V, [32 x i32]* %M_3_V, [32 x i32]* %M_4_V, [32 x i32]* %M_5_V, [32 x i32]* %M_6_V, [32 x i32]* %M_7_V, [32 x i32]* %M_8_V, [32 x i32]* %M_9_V, [32 x i32]* %M_10_V, [32 x i32]* %M_11_V, [32 x i32]* %M_12_V, [32 x i32]* %M_13_V, [32 x i32]* %M_14_V, [32 x i32]* %M_15_V, i24 %add_ln192)" [sha256.cpp:192->sha256.cpp:153]   --->   Operation 131 'call' 'call_ret_i' <Predicate = (!icmp_ln190)> <Delay = 8.74> <CoreType = "Generic">   --->   Core 0 '' <Latency = 0> <II = 1> <Delay = 1.00> <Generic> <Opcode : >

State 23 <SV = 22> <Delay = 8.74>
ST_23 : Operation 132 [63/82] (8.74ns)   --->   "%call_ret_i = call fastcc { i32, i32, i32, i32, i32, i32, i32, i32 } @computeHashRound(i32 %H_V_0_0_out_0, i32 %H_V_1_0_out_0, i32 %H_V_2_0_out_0, i32 %H_V_3_0_out_0, i32 %H_V_4_0_out_0, i32 %H_V_5_0_out_0, i32 %H_V_6_0_out_0, i32 %H_V_7_0_out_0, [32 x i32]* %M_0_V, [32 x i32]* %M_1_V, [32 x i32]* %M_2_V, [32 x i32]* %M_3_V, [32 x i32]* %M_4_V, [32 x i32]* %M_5_V, [32 x i32]* %M_6_V, [32 x i32]* %M_7_V, [32 x i32]* %M_8_V, [32 x i32]* %M_9_V, [32 x i32]* %M_10_V, [32 x i32]* %M_11_V, [32 x i32]* %M_12_V, [32 x i32]* %M_13_V, [32 x i32]* %M_14_V, [32 x i32]* %M_15_V, i24 %add_ln192)" [sha256.cpp:192->sha256.cpp:153]   --->   Operation 132 'call' 'call_ret_i' <Predicate = (!icmp_ln190)> <Delay = 8.74> <CoreType = "Generic">   --->   Core 0 '' <Latency = 0> <II = 1> <Delay = 1.00> <Generic> <Opcode : >

State 24 <SV = 23> <Delay = 8.74>
ST_24 : Operation 133 [62/82] (8.74ns)   --->   "%call_ret_i = call fastcc { i32, i32, i32, i32, i32, i32, i32, i32 } @computeHashRound(i32 %H_V_0_0_out_0, i32 %H_V_1_0_out_0, i32 %H_V_2_0_out_0, i32 %H_V_3_0_out_0, i32 %H_V_4_0_out_0, i32 %H_V_5_0_out_0, i32 %H_V_6_0_out_0, i32 %H_V_7_0_out_0, [32 x i32]* %M_0_V, [32 x i32]* %M_1_V, [32 x i32]* %M_2_V, [32 x i32]* %M_3_V, [32 x i32]* %M_4_V, [32 x i32]* %M_5_V, [32 x i32]* %M_6_V, [32 x i32]* %M_7_V, [32 x i32]* %M_8_V, [32 x i32]* %M_9_V, [32 x i32]* %M_10_V, [32 x i32]* %M_11_V, [32 x i32]* %M_12_V, [32 x i32]* %M_13_V, [32 x i32]* %M_14_V, [32 x i32]* %M_15_V, i24 %add_ln192)" [sha256.cpp:192->sha256.cpp:153]   --->   Operation 133 'call' 'call_ret_i' <Predicate = (!icmp_ln190)> <Delay = 8.74> <CoreType = "Generic">   --->   Core 0 '' <Latency = 0> <II = 1> <Delay = 1.00> <Generic> <Opcode : >

State 25 <SV = 24> <Delay = 8.74>
ST_25 : Operation 134 [61/82] (8.74ns)   --->   "%call_ret_i = call fastcc { i32, i32, i32, i32, i32, i32, i32, i32 } @computeHashRound(i32 %H_V_0_0_out_0, i32 %H_V_1_0_out_0, i32 %H_V_2_0_out_0, i32 %H_V_3_0_out_0, i32 %H_V_4_0_out_0, i32 %H_V_5_0_out_0, i32 %H_V_6_0_out_0, i32 %H_V_7_0_out_0, [32 x i32]* %M_0_V, [32 x i32]* %M_1_V, [32 x i32]* %M_2_V, [32 x i32]* %M_3_V, [32 x i32]* %M_4_V, [32 x i32]* %M_5_V, [32 x i32]* %M_6_V, [32 x i32]* %M_7_V, [32 x i32]* %M_8_V, [32 x i32]* %M_9_V, [32 x i32]* %M_10_V, [32 x i32]* %M_11_V, [32 x i32]* %M_12_V, [32 x i32]* %M_13_V, [32 x i32]* %M_14_V, [32 x i32]* %M_15_V, i24 %add_ln192)" [sha256.cpp:192->sha256.cpp:153]   --->   Operation 134 'call' 'call_ret_i' <Predicate = (!icmp_ln190)> <Delay = 8.74> <CoreType = "Generic">   --->   Core 0 '' <Latency = 0> <II = 1> <Delay = 1.00> <Generic> <Opcode : >

State 26 <SV = 25> <Delay = 8.74>
ST_26 : Operation 135 [60/82] (8.74ns)   --->   "%call_ret_i = call fastcc { i32, i32, i32, i32, i32, i32, i32, i32 } @computeHashRound(i32 %H_V_0_0_out_0, i32 %H_V_1_0_out_0, i32 %H_V_2_0_out_0, i32 %H_V_3_0_out_0, i32 %H_V_4_0_out_0, i32 %H_V_5_0_out_0, i32 %H_V_6_0_out_0, i32 %H_V_7_0_out_0, [32 x i32]* %M_0_V, [32 x i32]* %M_1_V, [32 x i32]* %M_2_V, [32 x i32]* %M_3_V, [32 x i32]* %M_4_V, [32 x i32]* %M_5_V, [32 x i32]* %M_6_V, [32 x i32]* %M_7_V, [32 x i32]* %M_8_V, [32 x i32]* %M_9_V, [32 x i32]* %M_10_V, [32 x i32]* %M_11_V, [32 x i32]* %M_12_V, [32 x i32]* %M_13_V, [32 x i32]* %M_14_V, [32 x i32]* %M_15_V, i24 %add_ln192)" [sha256.cpp:192->sha256.cpp:153]   --->   Operation 135 'call' 'call_ret_i' <Predicate = (!icmp_ln190)> <Delay = 8.74> <CoreType = "Generic">   --->   Core 0 '' <Latency = 0> <II = 1> <Delay = 1.00> <Generic> <Opcode : >

State 27 <SV = 26> <Delay = 8.74>
ST_27 : Operation 136 [59/82] (8.74ns)   --->   "%call_ret_i = call fastcc { i32, i32, i32, i32, i32, i32, i32, i32 } @computeHashRound(i32 %H_V_0_0_out_0, i32 %H_V_1_0_out_0, i32 %H_V_2_0_out_0, i32 %H_V_3_0_out_0, i32 %H_V_4_0_out_0, i32 %H_V_5_0_out_0, i32 %H_V_6_0_out_0, i32 %H_V_7_0_out_0, [32 x i32]* %M_0_V, [32 x i32]* %M_1_V, [32 x i32]* %M_2_V, [32 x i32]* %M_3_V, [32 x i32]* %M_4_V, [32 x i32]* %M_5_V, [32 x i32]* %M_6_V, [32 x i32]* %M_7_V, [32 x i32]* %M_8_V, [32 x i32]* %M_9_V, [32 x i32]* %M_10_V, [32 x i32]* %M_11_V, [32 x i32]* %M_12_V, [32 x i32]* %M_13_V, [32 x i32]* %M_14_V, [32 x i32]* %M_15_V, i24 %add_ln192)" [sha256.cpp:192->sha256.cpp:153]   --->   Operation 136 'call' 'call_ret_i' <Predicate = (!icmp_ln190)> <Delay = 8.74> <CoreType = "Generic">   --->   Core 0 '' <Latency = 0> <II = 1> <Delay = 1.00> <Generic> <Opcode : >

State 28 <SV = 27> <Delay = 8.74>
ST_28 : Operation 137 [58/82] (8.74ns)   --->   "%call_ret_i = call fastcc { i32, i32, i32, i32, i32, i32, i32, i32 } @computeHashRound(i32 %H_V_0_0_out_0, i32 %H_V_1_0_out_0, i32 %H_V_2_0_out_0, i32 %H_V_3_0_out_0, i32 %H_V_4_0_out_0, i32 %H_V_5_0_out_0, i32 %H_V_6_0_out_0, i32 %H_V_7_0_out_0, [32 x i32]* %M_0_V, [32 x i32]* %M_1_V, [32 x i32]* %M_2_V, [32 x i32]* %M_3_V, [32 x i32]* %M_4_V, [32 x i32]* %M_5_V, [32 x i32]* %M_6_V, [32 x i32]* %M_7_V, [32 x i32]* %M_8_V, [32 x i32]* %M_9_V, [32 x i32]* %M_10_V, [32 x i32]* %M_11_V, [32 x i32]* %M_12_V, [32 x i32]* %M_13_V, [32 x i32]* %M_14_V, [32 x i32]* %M_15_V, i24 %add_ln192)" [sha256.cpp:192->sha256.cpp:153]   --->   Operation 137 'call' 'call_ret_i' <Predicate = (!icmp_ln190)> <Delay = 8.74> <CoreType = "Generic">   --->   Core 0 '' <Latency = 0> <II = 1> <Delay = 1.00> <Generic> <Opcode : >

State 29 <SV = 28> <Delay = 8.74>
ST_29 : Operation 138 [57/82] (8.74ns)   --->   "%call_ret_i = call fastcc { i32, i32, i32, i32, i32, i32, i32, i32 } @computeHashRound(i32 %H_V_0_0_out_0, i32 %H_V_1_0_out_0, i32 %H_V_2_0_out_0, i32 %H_V_3_0_out_0, i32 %H_V_4_0_out_0, i32 %H_V_5_0_out_0, i32 %H_V_6_0_out_0, i32 %H_V_7_0_out_0, [32 x i32]* %M_0_V, [32 x i32]* %M_1_V, [32 x i32]* %M_2_V, [32 x i32]* %M_3_V, [32 x i32]* %M_4_V, [32 x i32]* %M_5_V, [32 x i32]* %M_6_V, [32 x i32]* %M_7_V, [32 x i32]* %M_8_V, [32 x i32]* %M_9_V, [32 x i32]* %M_10_V, [32 x i32]* %M_11_V, [32 x i32]* %M_12_V, [32 x i32]* %M_13_V, [32 x i32]* %M_14_V, [32 x i32]* %M_15_V, i24 %add_ln192)" [sha256.cpp:192->sha256.cpp:153]   --->   Operation 138 'call' 'call_ret_i' <Predicate = (!icmp_ln190)> <Delay = 8.74> <CoreType = "Generic">   --->   Core 0 '' <Latency = 0> <II = 1> <Delay = 1.00> <Generic> <Opcode : >

State 30 <SV = 29> <Delay = 8.74>
ST_30 : Operation 139 [56/82] (8.74ns)   --->   "%call_ret_i = call fastcc { i32, i32, i32, i32, i32, i32, i32, i32 } @computeHashRound(i32 %H_V_0_0_out_0, i32 %H_V_1_0_out_0, i32 %H_V_2_0_out_0, i32 %H_V_3_0_out_0, i32 %H_V_4_0_out_0, i32 %H_V_5_0_out_0, i32 %H_V_6_0_out_0, i32 %H_V_7_0_out_0, [32 x i32]* %M_0_V, [32 x i32]* %M_1_V, [32 x i32]* %M_2_V, [32 x i32]* %M_3_V, [32 x i32]* %M_4_V, [32 x i32]* %M_5_V, [32 x i32]* %M_6_V, [32 x i32]* %M_7_V, [32 x i32]* %M_8_V, [32 x i32]* %M_9_V, [32 x i32]* %M_10_V, [32 x i32]* %M_11_V, [32 x i32]* %M_12_V, [32 x i32]* %M_13_V, [32 x i32]* %M_14_V, [32 x i32]* %M_15_V, i24 %add_ln192)" [sha256.cpp:192->sha256.cpp:153]   --->   Operation 139 'call' 'call_ret_i' <Predicate = (!icmp_ln190)> <Delay = 8.74> <CoreType = "Generic">   --->   Core 0 '' <Latency = 0> <II = 1> <Delay = 1.00> <Generic> <Opcode : >

State 31 <SV = 30> <Delay = 8.74>
ST_31 : Operation 140 [55/82] (8.74ns)   --->   "%call_ret_i = call fastcc { i32, i32, i32, i32, i32, i32, i32, i32 } @computeHashRound(i32 %H_V_0_0_out_0, i32 %H_V_1_0_out_0, i32 %H_V_2_0_out_0, i32 %H_V_3_0_out_0, i32 %H_V_4_0_out_0, i32 %H_V_5_0_out_0, i32 %H_V_6_0_out_0, i32 %H_V_7_0_out_0, [32 x i32]* %M_0_V, [32 x i32]* %M_1_V, [32 x i32]* %M_2_V, [32 x i32]* %M_3_V, [32 x i32]* %M_4_V, [32 x i32]* %M_5_V, [32 x i32]* %M_6_V, [32 x i32]* %M_7_V, [32 x i32]* %M_8_V, [32 x i32]* %M_9_V, [32 x i32]* %M_10_V, [32 x i32]* %M_11_V, [32 x i32]* %M_12_V, [32 x i32]* %M_13_V, [32 x i32]* %M_14_V, [32 x i32]* %M_15_V, i24 %add_ln192)" [sha256.cpp:192->sha256.cpp:153]   --->   Operation 140 'call' 'call_ret_i' <Predicate = (!icmp_ln190)> <Delay = 8.74> <CoreType = "Generic">   --->   Core 0 '' <Latency = 0> <II = 1> <Delay = 1.00> <Generic> <Opcode : >

State 32 <SV = 31> <Delay = 8.74>
ST_32 : Operation 141 [54/82] (8.74ns)   --->   "%call_ret_i = call fastcc { i32, i32, i32, i32, i32, i32, i32, i32 } @computeHashRound(i32 %H_V_0_0_out_0, i32 %H_V_1_0_out_0, i32 %H_V_2_0_out_0, i32 %H_V_3_0_out_0, i32 %H_V_4_0_out_0, i32 %H_V_5_0_out_0, i32 %H_V_6_0_out_0, i32 %H_V_7_0_out_0, [32 x i32]* %M_0_V, [32 x i32]* %M_1_V, [32 x i32]* %M_2_V, [32 x i32]* %M_3_V, [32 x i32]* %M_4_V, [32 x i32]* %M_5_V, [32 x i32]* %M_6_V, [32 x i32]* %M_7_V, [32 x i32]* %M_8_V, [32 x i32]* %M_9_V, [32 x i32]* %M_10_V, [32 x i32]* %M_11_V, [32 x i32]* %M_12_V, [32 x i32]* %M_13_V, [32 x i32]* %M_14_V, [32 x i32]* %M_15_V, i24 %add_ln192)" [sha256.cpp:192->sha256.cpp:153]   --->   Operation 141 'call' 'call_ret_i' <Predicate = (!icmp_ln190)> <Delay = 8.74> <CoreType = "Generic">   --->   Core 0 '' <Latency = 0> <II = 1> <Delay = 1.00> <Generic> <Opcode : >

State 33 <SV = 32> <Delay = 8.74>
ST_33 : Operation 142 [53/82] (8.74ns)   --->   "%call_ret_i = call fastcc { i32, i32, i32, i32, i32, i32, i32, i32 } @computeHashRound(i32 %H_V_0_0_out_0, i32 %H_V_1_0_out_0, i32 %H_V_2_0_out_0, i32 %H_V_3_0_out_0, i32 %H_V_4_0_out_0, i32 %H_V_5_0_out_0, i32 %H_V_6_0_out_0, i32 %H_V_7_0_out_0, [32 x i32]* %M_0_V, [32 x i32]* %M_1_V, [32 x i32]* %M_2_V, [32 x i32]* %M_3_V, [32 x i32]* %M_4_V, [32 x i32]* %M_5_V, [32 x i32]* %M_6_V, [32 x i32]* %M_7_V, [32 x i32]* %M_8_V, [32 x i32]* %M_9_V, [32 x i32]* %M_10_V, [32 x i32]* %M_11_V, [32 x i32]* %M_12_V, [32 x i32]* %M_13_V, [32 x i32]* %M_14_V, [32 x i32]* %M_15_V, i24 %add_ln192)" [sha256.cpp:192->sha256.cpp:153]   --->   Operation 142 'call' 'call_ret_i' <Predicate = (!icmp_ln190)> <Delay = 8.74> <CoreType = "Generic">   --->   Core 0 '' <Latency = 0> <II = 1> <Delay = 1.00> <Generic> <Opcode : >

State 34 <SV = 33> <Delay = 8.74>
ST_34 : Operation 143 [52/82] (8.74ns)   --->   "%call_ret_i = call fastcc { i32, i32, i32, i32, i32, i32, i32, i32 } @computeHashRound(i32 %H_V_0_0_out_0, i32 %H_V_1_0_out_0, i32 %H_V_2_0_out_0, i32 %H_V_3_0_out_0, i32 %H_V_4_0_out_0, i32 %H_V_5_0_out_0, i32 %H_V_6_0_out_0, i32 %H_V_7_0_out_0, [32 x i32]* %M_0_V, [32 x i32]* %M_1_V, [32 x i32]* %M_2_V, [32 x i32]* %M_3_V, [32 x i32]* %M_4_V, [32 x i32]* %M_5_V, [32 x i32]* %M_6_V, [32 x i32]* %M_7_V, [32 x i32]* %M_8_V, [32 x i32]* %M_9_V, [32 x i32]* %M_10_V, [32 x i32]* %M_11_V, [32 x i32]* %M_12_V, [32 x i32]* %M_13_V, [32 x i32]* %M_14_V, [32 x i32]* %M_15_V, i24 %add_ln192)" [sha256.cpp:192->sha256.cpp:153]   --->   Operation 143 'call' 'call_ret_i' <Predicate = (!icmp_ln190)> <Delay = 8.74> <CoreType = "Generic">   --->   Core 0 '' <Latency = 0> <II = 1> <Delay = 1.00> <Generic> <Opcode : >

State 35 <SV = 34> <Delay = 8.74>
ST_35 : Operation 144 [51/82] (8.74ns)   --->   "%call_ret_i = call fastcc { i32, i32, i32, i32, i32, i32, i32, i32 } @computeHashRound(i32 %H_V_0_0_out_0, i32 %H_V_1_0_out_0, i32 %H_V_2_0_out_0, i32 %H_V_3_0_out_0, i32 %H_V_4_0_out_0, i32 %H_V_5_0_out_0, i32 %H_V_6_0_out_0, i32 %H_V_7_0_out_0, [32 x i32]* %M_0_V, [32 x i32]* %M_1_V, [32 x i32]* %M_2_V, [32 x i32]* %M_3_V, [32 x i32]* %M_4_V, [32 x i32]* %M_5_V, [32 x i32]* %M_6_V, [32 x i32]* %M_7_V, [32 x i32]* %M_8_V, [32 x i32]* %M_9_V, [32 x i32]* %M_10_V, [32 x i32]* %M_11_V, [32 x i32]* %M_12_V, [32 x i32]* %M_13_V, [32 x i32]* %M_14_V, [32 x i32]* %M_15_V, i24 %add_ln192)" [sha256.cpp:192->sha256.cpp:153]   --->   Operation 144 'call' 'call_ret_i' <Predicate = (!icmp_ln190)> <Delay = 8.74> <CoreType = "Generic">   --->   Core 0 '' <Latency = 0> <II = 1> <Delay = 1.00> <Generic> <Opcode : >

State 36 <SV = 35> <Delay = 8.74>
ST_36 : Operation 145 [50/82] (8.74ns)   --->   "%call_ret_i = call fastcc { i32, i32, i32, i32, i32, i32, i32, i32 } @computeHashRound(i32 %H_V_0_0_out_0, i32 %H_V_1_0_out_0, i32 %H_V_2_0_out_0, i32 %H_V_3_0_out_0, i32 %H_V_4_0_out_0, i32 %H_V_5_0_out_0, i32 %H_V_6_0_out_0, i32 %H_V_7_0_out_0, [32 x i32]* %M_0_V, [32 x i32]* %M_1_V, [32 x i32]* %M_2_V, [32 x i32]* %M_3_V, [32 x i32]* %M_4_V, [32 x i32]* %M_5_V, [32 x i32]* %M_6_V, [32 x i32]* %M_7_V, [32 x i32]* %M_8_V, [32 x i32]* %M_9_V, [32 x i32]* %M_10_V, [32 x i32]* %M_11_V, [32 x i32]* %M_12_V, [32 x i32]* %M_13_V, [32 x i32]* %M_14_V, [32 x i32]* %M_15_V, i24 %add_ln192)" [sha256.cpp:192->sha256.cpp:153]   --->   Operation 145 'call' 'call_ret_i' <Predicate = (!icmp_ln190)> <Delay = 8.74> <CoreType = "Generic">   --->   Core 0 '' <Latency = 0> <II = 1> <Delay = 1.00> <Generic> <Opcode : >

State 37 <SV = 36> <Delay = 8.74>
ST_37 : Operation 146 [49/82] (8.74ns)   --->   "%call_ret_i = call fastcc { i32, i32, i32, i32, i32, i32, i32, i32 } @computeHashRound(i32 %H_V_0_0_out_0, i32 %H_V_1_0_out_0, i32 %H_V_2_0_out_0, i32 %H_V_3_0_out_0, i32 %H_V_4_0_out_0, i32 %H_V_5_0_out_0, i32 %H_V_6_0_out_0, i32 %H_V_7_0_out_0, [32 x i32]* %M_0_V, [32 x i32]* %M_1_V, [32 x i32]* %M_2_V, [32 x i32]* %M_3_V, [32 x i32]* %M_4_V, [32 x i32]* %M_5_V, [32 x i32]* %M_6_V, [32 x i32]* %M_7_V, [32 x i32]* %M_8_V, [32 x i32]* %M_9_V, [32 x i32]* %M_10_V, [32 x i32]* %M_11_V, [32 x i32]* %M_12_V, [32 x i32]* %M_13_V, [32 x i32]* %M_14_V, [32 x i32]* %M_15_V, i24 %add_ln192)" [sha256.cpp:192->sha256.cpp:153]   --->   Operation 146 'call' 'call_ret_i' <Predicate = (!icmp_ln190)> <Delay = 8.74> <CoreType = "Generic">   --->   Core 0 '' <Latency = 0> <II = 1> <Delay = 1.00> <Generic> <Opcode : >

State 38 <SV = 37> <Delay = 8.74>
ST_38 : Operation 147 [48/82] (8.74ns)   --->   "%call_ret_i = call fastcc { i32, i32, i32, i32, i32, i32, i32, i32 } @computeHashRound(i32 %H_V_0_0_out_0, i32 %H_V_1_0_out_0, i32 %H_V_2_0_out_0, i32 %H_V_3_0_out_0, i32 %H_V_4_0_out_0, i32 %H_V_5_0_out_0, i32 %H_V_6_0_out_0, i32 %H_V_7_0_out_0, [32 x i32]* %M_0_V, [32 x i32]* %M_1_V, [32 x i32]* %M_2_V, [32 x i32]* %M_3_V, [32 x i32]* %M_4_V, [32 x i32]* %M_5_V, [32 x i32]* %M_6_V, [32 x i32]* %M_7_V, [32 x i32]* %M_8_V, [32 x i32]* %M_9_V, [32 x i32]* %M_10_V, [32 x i32]* %M_11_V, [32 x i32]* %M_12_V, [32 x i32]* %M_13_V, [32 x i32]* %M_14_V, [32 x i32]* %M_15_V, i24 %add_ln192)" [sha256.cpp:192->sha256.cpp:153]   --->   Operation 147 'call' 'call_ret_i' <Predicate = (!icmp_ln190)> <Delay = 8.74> <CoreType = "Generic">   --->   Core 0 '' <Latency = 0> <II = 1> <Delay = 1.00> <Generic> <Opcode : >

State 39 <SV = 38> <Delay = 8.74>
ST_39 : Operation 148 [47/82] (8.74ns)   --->   "%call_ret_i = call fastcc { i32, i32, i32, i32, i32, i32, i32, i32 } @computeHashRound(i32 %H_V_0_0_out_0, i32 %H_V_1_0_out_0, i32 %H_V_2_0_out_0, i32 %H_V_3_0_out_0, i32 %H_V_4_0_out_0, i32 %H_V_5_0_out_0, i32 %H_V_6_0_out_0, i32 %H_V_7_0_out_0, [32 x i32]* %M_0_V, [32 x i32]* %M_1_V, [32 x i32]* %M_2_V, [32 x i32]* %M_3_V, [32 x i32]* %M_4_V, [32 x i32]* %M_5_V, [32 x i32]* %M_6_V, [32 x i32]* %M_7_V, [32 x i32]* %M_8_V, [32 x i32]* %M_9_V, [32 x i32]* %M_10_V, [32 x i32]* %M_11_V, [32 x i32]* %M_12_V, [32 x i32]* %M_13_V, [32 x i32]* %M_14_V, [32 x i32]* %M_15_V, i24 %add_ln192)" [sha256.cpp:192->sha256.cpp:153]   --->   Operation 148 'call' 'call_ret_i' <Predicate = (!icmp_ln190)> <Delay = 8.74> <CoreType = "Generic">   --->   Core 0 '' <Latency = 0> <II = 1> <Delay = 1.00> <Generic> <Opcode : >

State 40 <SV = 39> <Delay = 8.74>
ST_40 : Operation 149 [46/82] (8.74ns)   --->   "%call_ret_i = call fastcc { i32, i32, i32, i32, i32, i32, i32, i32 } @computeHashRound(i32 %H_V_0_0_out_0, i32 %H_V_1_0_out_0, i32 %H_V_2_0_out_0, i32 %H_V_3_0_out_0, i32 %H_V_4_0_out_0, i32 %H_V_5_0_out_0, i32 %H_V_6_0_out_0, i32 %H_V_7_0_out_0, [32 x i32]* %M_0_V, [32 x i32]* %M_1_V, [32 x i32]* %M_2_V, [32 x i32]* %M_3_V, [32 x i32]* %M_4_V, [32 x i32]* %M_5_V, [32 x i32]* %M_6_V, [32 x i32]* %M_7_V, [32 x i32]* %M_8_V, [32 x i32]* %M_9_V, [32 x i32]* %M_10_V, [32 x i32]* %M_11_V, [32 x i32]* %M_12_V, [32 x i32]* %M_13_V, [32 x i32]* %M_14_V, [32 x i32]* %M_15_V, i24 %add_ln192)" [sha256.cpp:192->sha256.cpp:153]   --->   Operation 149 'call' 'call_ret_i' <Predicate = (!icmp_ln190)> <Delay = 8.74> <CoreType = "Generic">   --->   Core 0 '' <Latency = 0> <II = 1> <Delay = 1.00> <Generic> <Opcode : >

State 41 <SV = 40> <Delay = 8.74>
ST_41 : Operation 150 [45/82] (8.74ns)   --->   "%call_ret_i = call fastcc { i32, i32, i32, i32, i32, i32, i32, i32 } @computeHashRound(i32 %H_V_0_0_out_0, i32 %H_V_1_0_out_0, i32 %H_V_2_0_out_0, i32 %H_V_3_0_out_0, i32 %H_V_4_0_out_0, i32 %H_V_5_0_out_0, i32 %H_V_6_0_out_0, i32 %H_V_7_0_out_0, [32 x i32]* %M_0_V, [32 x i32]* %M_1_V, [32 x i32]* %M_2_V, [32 x i32]* %M_3_V, [32 x i32]* %M_4_V, [32 x i32]* %M_5_V, [32 x i32]* %M_6_V, [32 x i32]* %M_7_V, [32 x i32]* %M_8_V, [32 x i32]* %M_9_V, [32 x i32]* %M_10_V, [32 x i32]* %M_11_V, [32 x i32]* %M_12_V, [32 x i32]* %M_13_V, [32 x i32]* %M_14_V, [32 x i32]* %M_15_V, i24 %add_ln192)" [sha256.cpp:192->sha256.cpp:153]   --->   Operation 150 'call' 'call_ret_i' <Predicate = (!icmp_ln190)> <Delay = 8.74> <CoreType = "Generic">   --->   Core 0 '' <Latency = 0> <II = 1> <Delay = 1.00> <Generic> <Opcode : >

State 42 <SV = 41> <Delay = 8.74>
ST_42 : Operation 151 [44/82] (8.74ns)   --->   "%call_ret_i = call fastcc { i32, i32, i32, i32, i32, i32, i32, i32 } @computeHashRound(i32 %H_V_0_0_out_0, i32 %H_V_1_0_out_0, i32 %H_V_2_0_out_0, i32 %H_V_3_0_out_0, i32 %H_V_4_0_out_0, i32 %H_V_5_0_out_0, i32 %H_V_6_0_out_0, i32 %H_V_7_0_out_0, [32 x i32]* %M_0_V, [32 x i32]* %M_1_V, [32 x i32]* %M_2_V, [32 x i32]* %M_3_V, [32 x i32]* %M_4_V, [32 x i32]* %M_5_V, [32 x i32]* %M_6_V, [32 x i32]* %M_7_V, [32 x i32]* %M_8_V, [32 x i32]* %M_9_V, [32 x i32]* %M_10_V, [32 x i32]* %M_11_V, [32 x i32]* %M_12_V, [32 x i32]* %M_13_V, [32 x i32]* %M_14_V, [32 x i32]* %M_15_V, i24 %add_ln192)" [sha256.cpp:192->sha256.cpp:153]   --->   Operation 151 'call' 'call_ret_i' <Predicate = (!icmp_ln190)> <Delay = 8.74> <CoreType = "Generic">   --->   Core 0 '' <Latency = 0> <II = 1> <Delay = 1.00> <Generic> <Opcode : >

State 43 <SV = 42> <Delay = 8.74>
ST_43 : Operation 152 [43/82] (8.74ns)   --->   "%call_ret_i = call fastcc { i32, i32, i32, i32, i32, i32, i32, i32 } @computeHashRound(i32 %H_V_0_0_out_0, i32 %H_V_1_0_out_0, i32 %H_V_2_0_out_0, i32 %H_V_3_0_out_0, i32 %H_V_4_0_out_0, i32 %H_V_5_0_out_0, i32 %H_V_6_0_out_0, i32 %H_V_7_0_out_0, [32 x i32]* %M_0_V, [32 x i32]* %M_1_V, [32 x i32]* %M_2_V, [32 x i32]* %M_3_V, [32 x i32]* %M_4_V, [32 x i32]* %M_5_V, [32 x i32]* %M_6_V, [32 x i32]* %M_7_V, [32 x i32]* %M_8_V, [32 x i32]* %M_9_V, [32 x i32]* %M_10_V, [32 x i32]* %M_11_V, [32 x i32]* %M_12_V, [32 x i32]* %M_13_V, [32 x i32]* %M_14_V, [32 x i32]* %M_15_V, i24 %add_ln192)" [sha256.cpp:192->sha256.cpp:153]   --->   Operation 152 'call' 'call_ret_i' <Predicate = (!icmp_ln190)> <Delay = 8.74> <CoreType = "Generic">   --->   Core 0 '' <Latency = 0> <II = 1> <Delay = 1.00> <Generic> <Opcode : >

State 44 <SV = 43> <Delay = 8.74>
ST_44 : Operation 153 [42/82] (8.74ns)   --->   "%call_ret_i = call fastcc { i32, i32, i32, i32, i32, i32, i32, i32 } @computeHashRound(i32 %H_V_0_0_out_0, i32 %H_V_1_0_out_0, i32 %H_V_2_0_out_0, i32 %H_V_3_0_out_0, i32 %H_V_4_0_out_0, i32 %H_V_5_0_out_0, i32 %H_V_6_0_out_0, i32 %H_V_7_0_out_0, [32 x i32]* %M_0_V, [32 x i32]* %M_1_V, [32 x i32]* %M_2_V, [32 x i32]* %M_3_V, [32 x i32]* %M_4_V, [32 x i32]* %M_5_V, [32 x i32]* %M_6_V, [32 x i32]* %M_7_V, [32 x i32]* %M_8_V, [32 x i32]* %M_9_V, [32 x i32]* %M_10_V, [32 x i32]* %M_11_V, [32 x i32]* %M_12_V, [32 x i32]* %M_13_V, [32 x i32]* %M_14_V, [32 x i32]* %M_15_V, i24 %add_ln192)" [sha256.cpp:192->sha256.cpp:153]   --->   Operation 153 'call' 'call_ret_i' <Predicate = (!icmp_ln190)> <Delay = 8.74> <CoreType = "Generic">   --->   Core 0 '' <Latency = 0> <II = 1> <Delay = 1.00> <Generic> <Opcode : >

State 45 <SV = 44> <Delay = 8.74>
ST_45 : Operation 154 [41/82] (8.74ns)   --->   "%call_ret_i = call fastcc { i32, i32, i32, i32, i32, i32, i32, i32 } @computeHashRound(i32 %H_V_0_0_out_0, i32 %H_V_1_0_out_0, i32 %H_V_2_0_out_0, i32 %H_V_3_0_out_0, i32 %H_V_4_0_out_0, i32 %H_V_5_0_out_0, i32 %H_V_6_0_out_0, i32 %H_V_7_0_out_0, [32 x i32]* %M_0_V, [32 x i32]* %M_1_V, [32 x i32]* %M_2_V, [32 x i32]* %M_3_V, [32 x i32]* %M_4_V, [32 x i32]* %M_5_V, [32 x i32]* %M_6_V, [32 x i32]* %M_7_V, [32 x i32]* %M_8_V, [32 x i32]* %M_9_V, [32 x i32]* %M_10_V, [32 x i32]* %M_11_V, [32 x i32]* %M_12_V, [32 x i32]* %M_13_V, [32 x i32]* %M_14_V, [32 x i32]* %M_15_V, i24 %add_ln192)" [sha256.cpp:192->sha256.cpp:153]   --->   Operation 154 'call' 'call_ret_i' <Predicate = (!icmp_ln190)> <Delay = 8.74> <CoreType = "Generic">   --->   Core 0 '' <Latency = 0> <II = 1> <Delay = 1.00> <Generic> <Opcode : >

State 46 <SV = 45> <Delay = 8.74>
ST_46 : Operation 155 [40/82] (8.74ns)   --->   "%call_ret_i = call fastcc { i32, i32, i32, i32, i32, i32, i32, i32 } @computeHashRound(i32 %H_V_0_0_out_0, i32 %H_V_1_0_out_0, i32 %H_V_2_0_out_0, i32 %H_V_3_0_out_0, i32 %H_V_4_0_out_0, i32 %H_V_5_0_out_0, i32 %H_V_6_0_out_0, i32 %H_V_7_0_out_0, [32 x i32]* %M_0_V, [32 x i32]* %M_1_V, [32 x i32]* %M_2_V, [32 x i32]* %M_3_V, [32 x i32]* %M_4_V, [32 x i32]* %M_5_V, [32 x i32]* %M_6_V, [32 x i32]* %M_7_V, [32 x i32]* %M_8_V, [32 x i32]* %M_9_V, [32 x i32]* %M_10_V, [32 x i32]* %M_11_V, [32 x i32]* %M_12_V, [32 x i32]* %M_13_V, [32 x i32]* %M_14_V, [32 x i32]* %M_15_V, i24 %add_ln192)" [sha256.cpp:192->sha256.cpp:153]   --->   Operation 155 'call' 'call_ret_i' <Predicate = (!icmp_ln190)> <Delay = 8.74> <CoreType = "Generic">   --->   Core 0 '' <Latency = 0> <II = 1> <Delay = 1.00> <Generic> <Opcode : >

State 47 <SV = 46> <Delay = 8.74>
ST_47 : Operation 156 [39/82] (8.74ns)   --->   "%call_ret_i = call fastcc { i32, i32, i32, i32, i32, i32, i32, i32 } @computeHashRound(i32 %H_V_0_0_out_0, i32 %H_V_1_0_out_0, i32 %H_V_2_0_out_0, i32 %H_V_3_0_out_0, i32 %H_V_4_0_out_0, i32 %H_V_5_0_out_0, i32 %H_V_6_0_out_0, i32 %H_V_7_0_out_0, [32 x i32]* %M_0_V, [32 x i32]* %M_1_V, [32 x i32]* %M_2_V, [32 x i32]* %M_3_V, [32 x i32]* %M_4_V, [32 x i32]* %M_5_V, [32 x i32]* %M_6_V, [32 x i32]* %M_7_V, [32 x i32]* %M_8_V, [32 x i32]* %M_9_V, [32 x i32]* %M_10_V, [32 x i32]* %M_11_V, [32 x i32]* %M_12_V, [32 x i32]* %M_13_V, [32 x i32]* %M_14_V, [32 x i32]* %M_15_V, i24 %add_ln192)" [sha256.cpp:192->sha256.cpp:153]   --->   Operation 156 'call' 'call_ret_i' <Predicate = (!icmp_ln190)> <Delay = 8.74> <CoreType = "Generic">   --->   Core 0 '' <Latency = 0> <II = 1> <Delay = 1.00> <Generic> <Opcode : >

State 48 <SV = 47> <Delay = 8.74>
ST_48 : Operation 157 [38/82] (8.74ns)   --->   "%call_ret_i = call fastcc { i32, i32, i32, i32, i32, i32, i32, i32 } @computeHashRound(i32 %H_V_0_0_out_0, i32 %H_V_1_0_out_0, i32 %H_V_2_0_out_0, i32 %H_V_3_0_out_0, i32 %H_V_4_0_out_0, i32 %H_V_5_0_out_0, i32 %H_V_6_0_out_0, i32 %H_V_7_0_out_0, [32 x i32]* %M_0_V, [32 x i32]* %M_1_V, [32 x i32]* %M_2_V, [32 x i32]* %M_3_V, [32 x i32]* %M_4_V, [32 x i32]* %M_5_V, [32 x i32]* %M_6_V, [32 x i32]* %M_7_V, [32 x i32]* %M_8_V, [32 x i32]* %M_9_V, [32 x i32]* %M_10_V, [32 x i32]* %M_11_V, [32 x i32]* %M_12_V, [32 x i32]* %M_13_V, [32 x i32]* %M_14_V, [32 x i32]* %M_15_V, i24 %add_ln192)" [sha256.cpp:192->sha256.cpp:153]   --->   Operation 157 'call' 'call_ret_i' <Predicate = (!icmp_ln190)> <Delay = 8.74> <CoreType = "Generic">   --->   Core 0 '' <Latency = 0> <II = 1> <Delay = 1.00> <Generic> <Opcode : >

State 49 <SV = 48> <Delay = 8.74>
ST_49 : Operation 158 [37/82] (8.74ns)   --->   "%call_ret_i = call fastcc { i32, i32, i32, i32, i32, i32, i32, i32 } @computeHashRound(i32 %H_V_0_0_out_0, i32 %H_V_1_0_out_0, i32 %H_V_2_0_out_0, i32 %H_V_3_0_out_0, i32 %H_V_4_0_out_0, i32 %H_V_5_0_out_0, i32 %H_V_6_0_out_0, i32 %H_V_7_0_out_0, [32 x i32]* %M_0_V, [32 x i32]* %M_1_V, [32 x i32]* %M_2_V, [32 x i32]* %M_3_V, [32 x i32]* %M_4_V, [32 x i32]* %M_5_V, [32 x i32]* %M_6_V, [32 x i32]* %M_7_V, [32 x i32]* %M_8_V, [32 x i32]* %M_9_V, [32 x i32]* %M_10_V, [32 x i32]* %M_11_V, [32 x i32]* %M_12_V, [32 x i32]* %M_13_V, [32 x i32]* %M_14_V, [32 x i32]* %M_15_V, i24 %add_ln192)" [sha256.cpp:192->sha256.cpp:153]   --->   Operation 158 'call' 'call_ret_i' <Predicate = (!icmp_ln190)> <Delay = 8.74> <CoreType = "Generic">   --->   Core 0 '' <Latency = 0> <II = 1> <Delay = 1.00> <Generic> <Opcode : >

State 50 <SV = 49> <Delay = 8.74>
ST_50 : Operation 159 [36/82] (8.74ns)   --->   "%call_ret_i = call fastcc { i32, i32, i32, i32, i32, i32, i32, i32 } @computeHashRound(i32 %H_V_0_0_out_0, i32 %H_V_1_0_out_0, i32 %H_V_2_0_out_0, i32 %H_V_3_0_out_0, i32 %H_V_4_0_out_0, i32 %H_V_5_0_out_0, i32 %H_V_6_0_out_0, i32 %H_V_7_0_out_0, [32 x i32]* %M_0_V, [32 x i32]* %M_1_V, [32 x i32]* %M_2_V, [32 x i32]* %M_3_V, [32 x i32]* %M_4_V, [32 x i32]* %M_5_V, [32 x i32]* %M_6_V, [32 x i32]* %M_7_V, [32 x i32]* %M_8_V, [32 x i32]* %M_9_V, [32 x i32]* %M_10_V, [32 x i32]* %M_11_V, [32 x i32]* %M_12_V, [32 x i32]* %M_13_V, [32 x i32]* %M_14_V, [32 x i32]* %M_15_V, i24 %add_ln192)" [sha256.cpp:192->sha256.cpp:153]   --->   Operation 159 'call' 'call_ret_i' <Predicate = (!icmp_ln190)> <Delay = 8.74> <CoreType = "Generic">   --->   Core 0 '' <Latency = 0> <II = 1> <Delay = 1.00> <Generic> <Opcode : >

State 51 <SV = 50> <Delay = 8.74>
ST_51 : Operation 160 [35/82] (8.74ns)   --->   "%call_ret_i = call fastcc { i32, i32, i32, i32, i32, i32, i32, i32 } @computeHashRound(i32 %H_V_0_0_out_0, i32 %H_V_1_0_out_0, i32 %H_V_2_0_out_0, i32 %H_V_3_0_out_0, i32 %H_V_4_0_out_0, i32 %H_V_5_0_out_0, i32 %H_V_6_0_out_0, i32 %H_V_7_0_out_0, [32 x i32]* %M_0_V, [32 x i32]* %M_1_V, [32 x i32]* %M_2_V, [32 x i32]* %M_3_V, [32 x i32]* %M_4_V, [32 x i32]* %M_5_V, [32 x i32]* %M_6_V, [32 x i32]* %M_7_V, [32 x i32]* %M_8_V, [32 x i32]* %M_9_V, [32 x i32]* %M_10_V, [32 x i32]* %M_11_V, [32 x i32]* %M_12_V, [32 x i32]* %M_13_V, [32 x i32]* %M_14_V, [32 x i32]* %M_15_V, i24 %add_ln192)" [sha256.cpp:192->sha256.cpp:153]   --->   Operation 160 'call' 'call_ret_i' <Predicate = (!icmp_ln190)> <Delay = 8.74> <CoreType = "Generic">   --->   Core 0 '' <Latency = 0> <II = 1> <Delay = 1.00> <Generic> <Opcode : >

State 52 <SV = 51> <Delay = 8.74>
ST_52 : Operation 161 [34/82] (8.74ns)   --->   "%call_ret_i = call fastcc { i32, i32, i32, i32, i32, i32, i32, i32 } @computeHashRound(i32 %H_V_0_0_out_0, i32 %H_V_1_0_out_0, i32 %H_V_2_0_out_0, i32 %H_V_3_0_out_0, i32 %H_V_4_0_out_0, i32 %H_V_5_0_out_0, i32 %H_V_6_0_out_0, i32 %H_V_7_0_out_0, [32 x i32]* %M_0_V, [32 x i32]* %M_1_V, [32 x i32]* %M_2_V, [32 x i32]* %M_3_V, [32 x i32]* %M_4_V, [32 x i32]* %M_5_V, [32 x i32]* %M_6_V, [32 x i32]* %M_7_V, [32 x i32]* %M_8_V, [32 x i32]* %M_9_V, [32 x i32]* %M_10_V, [32 x i32]* %M_11_V, [32 x i32]* %M_12_V, [32 x i32]* %M_13_V, [32 x i32]* %M_14_V, [32 x i32]* %M_15_V, i24 %add_ln192)" [sha256.cpp:192->sha256.cpp:153]   --->   Operation 161 'call' 'call_ret_i' <Predicate = (!icmp_ln190)> <Delay = 8.74> <CoreType = "Generic">   --->   Core 0 '' <Latency = 0> <II = 1> <Delay = 1.00> <Generic> <Opcode : >

State 53 <SV = 52> <Delay = 8.74>
ST_53 : Operation 162 [33/82] (8.74ns)   --->   "%call_ret_i = call fastcc { i32, i32, i32, i32, i32, i32, i32, i32 } @computeHashRound(i32 %H_V_0_0_out_0, i32 %H_V_1_0_out_0, i32 %H_V_2_0_out_0, i32 %H_V_3_0_out_0, i32 %H_V_4_0_out_0, i32 %H_V_5_0_out_0, i32 %H_V_6_0_out_0, i32 %H_V_7_0_out_0, [32 x i32]* %M_0_V, [32 x i32]* %M_1_V, [32 x i32]* %M_2_V, [32 x i32]* %M_3_V, [32 x i32]* %M_4_V, [32 x i32]* %M_5_V, [32 x i32]* %M_6_V, [32 x i32]* %M_7_V, [32 x i32]* %M_8_V, [32 x i32]* %M_9_V, [32 x i32]* %M_10_V, [32 x i32]* %M_11_V, [32 x i32]* %M_12_V, [32 x i32]* %M_13_V, [32 x i32]* %M_14_V, [32 x i32]* %M_15_V, i24 %add_ln192)" [sha256.cpp:192->sha256.cpp:153]   --->   Operation 162 'call' 'call_ret_i' <Predicate = (!icmp_ln190)> <Delay = 8.74> <CoreType = "Generic">   --->   Core 0 '' <Latency = 0> <II = 1> <Delay = 1.00> <Generic> <Opcode : >

State 54 <SV = 53> <Delay = 8.74>
ST_54 : Operation 163 [32/82] (8.74ns)   --->   "%call_ret_i = call fastcc { i32, i32, i32, i32, i32, i32, i32, i32 } @computeHashRound(i32 %H_V_0_0_out_0, i32 %H_V_1_0_out_0, i32 %H_V_2_0_out_0, i32 %H_V_3_0_out_0, i32 %H_V_4_0_out_0, i32 %H_V_5_0_out_0, i32 %H_V_6_0_out_0, i32 %H_V_7_0_out_0, [32 x i32]* %M_0_V, [32 x i32]* %M_1_V, [32 x i32]* %M_2_V, [32 x i32]* %M_3_V, [32 x i32]* %M_4_V, [32 x i32]* %M_5_V, [32 x i32]* %M_6_V, [32 x i32]* %M_7_V, [32 x i32]* %M_8_V, [32 x i32]* %M_9_V, [32 x i32]* %M_10_V, [32 x i32]* %M_11_V, [32 x i32]* %M_12_V, [32 x i32]* %M_13_V, [32 x i32]* %M_14_V, [32 x i32]* %M_15_V, i24 %add_ln192)" [sha256.cpp:192->sha256.cpp:153]   --->   Operation 163 'call' 'call_ret_i' <Predicate = (!icmp_ln190)> <Delay = 8.74> <CoreType = "Generic">   --->   Core 0 '' <Latency = 0> <II = 1> <Delay = 1.00> <Generic> <Opcode : >

State 55 <SV = 54> <Delay = 8.74>
ST_55 : Operation 164 [31/82] (8.74ns)   --->   "%call_ret_i = call fastcc { i32, i32, i32, i32, i32, i32, i32, i32 } @computeHashRound(i32 %H_V_0_0_out_0, i32 %H_V_1_0_out_0, i32 %H_V_2_0_out_0, i32 %H_V_3_0_out_0, i32 %H_V_4_0_out_0, i32 %H_V_5_0_out_0, i32 %H_V_6_0_out_0, i32 %H_V_7_0_out_0, [32 x i32]* %M_0_V, [32 x i32]* %M_1_V, [32 x i32]* %M_2_V, [32 x i32]* %M_3_V, [32 x i32]* %M_4_V, [32 x i32]* %M_5_V, [32 x i32]* %M_6_V, [32 x i32]* %M_7_V, [32 x i32]* %M_8_V, [32 x i32]* %M_9_V, [32 x i32]* %M_10_V, [32 x i32]* %M_11_V, [32 x i32]* %M_12_V, [32 x i32]* %M_13_V, [32 x i32]* %M_14_V, [32 x i32]* %M_15_V, i24 %add_ln192)" [sha256.cpp:192->sha256.cpp:153]   --->   Operation 164 'call' 'call_ret_i' <Predicate = (!icmp_ln190)> <Delay = 8.74> <CoreType = "Generic">   --->   Core 0 '' <Latency = 0> <II = 1> <Delay = 1.00> <Generic> <Opcode : >

State 56 <SV = 55> <Delay = 8.74>
ST_56 : Operation 165 [30/82] (8.74ns)   --->   "%call_ret_i = call fastcc { i32, i32, i32, i32, i32, i32, i32, i32 } @computeHashRound(i32 %H_V_0_0_out_0, i32 %H_V_1_0_out_0, i32 %H_V_2_0_out_0, i32 %H_V_3_0_out_0, i32 %H_V_4_0_out_0, i32 %H_V_5_0_out_0, i32 %H_V_6_0_out_0, i32 %H_V_7_0_out_0, [32 x i32]* %M_0_V, [32 x i32]* %M_1_V, [32 x i32]* %M_2_V, [32 x i32]* %M_3_V, [32 x i32]* %M_4_V, [32 x i32]* %M_5_V, [32 x i32]* %M_6_V, [32 x i32]* %M_7_V, [32 x i32]* %M_8_V, [32 x i32]* %M_9_V, [32 x i32]* %M_10_V, [32 x i32]* %M_11_V, [32 x i32]* %M_12_V, [32 x i32]* %M_13_V, [32 x i32]* %M_14_V, [32 x i32]* %M_15_V, i24 %add_ln192)" [sha256.cpp:192->sha256.cpp:153]   --->   Operation 165 'call' 'call_ret_i' <Predicate = (!icmp_ln190)> <Delay = 8.74> <CoreType = "Generic">   --->   Core 0 '' <Latency = 0> <II = 1> <Delay = 1.00> <Generic> <Opcode : >

State 57 <SV = 56> <Delay = 8.74>
ST_57 : Operation 166 [29/82] (8.74ns)   --->   "%call_ret_i = call fastcc { i32, i32, i32, i32, i32, i32, i32, i32 } @computeHashRound(i32 %H_V_0_0_out_0, i32 %H_V_1_0_out_0, i32 %H_V_2_0_out_0, i32 %H_V_3_0_out_0, i32 %H_V_4_0_out_0, i32 %H_V_5_0_out_0, i32 %H_V_6_0_out_0, i32 %H_V_7_0_out_0, [32 x i32]* %M_0_V, [32 x i32]* %M_1_V, [32 x i32]* %M_2_V, [32 x i32]* %M_3_V, [32 x i32]* %M_4_V, [32 x i32]* %M_5_V, [32 x i32]* %M_6_V, [32 x i32]* %M_7_V, [32 x i32]* %M_8_V, [32 x i32]* %M_9_V, [32 x i32]* %M_10_V, [32 x i32]* %M_11_V, [32 x i32]* %M_12_V, [32 x i32]* %M_13_V, [32 x i32]* %M_14_V, [32 x i32]* %M_15_V, i24 %add_ln192)" [sha256.cpp:192->sha256.cpp:153]   --->   Operation 166 'call' 'call_ret_i' <Predicate = (!icmp_ln190)> <Delay = 8.74> <CoreType = "Generic">   --->   Core 0 '' <Latency = 0> <II = 1> <Delay = 1.00> <Generic> <Opcode : >

State 58 <SV = 57> <Delay = 8.74>
ST_58 : Operation 167 [28/82] (8.74ns)   --->   "%call_ret_i = call fastcc { i32, i32, i32, i32, i32, i32, i32, i32 } @computeHashRound(i32 %H_V_0_0_out_0, i32 %H_V_1_0_out_0, i32 %H_V_2_0_out_0, i32 %H_V_3_0_out_0, i32 %H_V_4_0_out_0, i32 %H_V_5_0_out_0, i32 %H_V_6_0_out_0, i32 %H_V_7_0_out_0, [32 x i32]* %M_0_V, [32 x i32]* %M_1_V, [32 x i32]* %M_2_V, [32 x i32]* %M_3_V, [32 x i32]* %M_4_V, [32 x i32]* %M_5_V, [32 x i32]* %M_6_V, [32 x i32]* %M_7_V, [32 x i32]* %M_8_V, [32 x i32]* %M_9_V, [32 x i32]* %M_10_V, [32 x i32]* %M_11_V, [32 x i32]* %M_12_V, [32 x i32]* %M_13_V, [32 x i32]* %M_14_V, [32 x i32]* %M_15_V, i24 %add_ln192)" [sha256.cpp:192->sha256.cpp:153]   --->   Operation 167 'call' 'call_ret_i' <Predicate = (!icmp_ln190)> <Delay = 8.74> <CoreType = "Generic">   --->   Core 0 '' <Latency = 0> <II = 1> <Delay = 1.00> <Generic> <Opcode : >

State 59 <SV = 58> <Delay = 8.74>
ST_59 : Operation 168 [27/82] (8.74ns)   --->   "%call_ret_i = call fastcc { i32, i32, i32, i32, i32, i32, i32, i32 } @computeHashRound(i32 %H_V_0_0_out_0, i32 %H_V_1_0_out_0, i32 %H_V_2_0_out_0, i32 %H_V_3_0_out_0, i32 %H_V_4_0_out_0, i32 %H_V_5_0_out_0, i32 %H_V_6_0_out_0, i32 %H_V_7_0_out_0, [32 x i32]* %M_0_V, [32 x i32]* %M_1_V, [32 x i32]* %M_2_V, [32 x i32]* %M_3_V, [32 x i32]* %M_4_V, [32 x i32]* %M_5_V, [32 x i32]* %M_6_V, [32 x i32]* %M_7_V, [32 x i32]* %M_8_V, [32 x i32]* %M_9_V, [32 x i32]* %M_10_V, [32 x i32]* %M_11_V, [32 x i32]* %M_12_V, [32 x i32]* %M_13_V, [32 x i32]* %M_14_V, [32 x i32]* %M_15_V, i24 %add_ln192)" [sha256.cpp:192->sha256.cpp:153]   --->   Operation 168 'call' 'call_ret_i' <Predicate = (!icmp_ln190)> <Delay = 8.74> <CoreType = "Generic">   --->   Core 0 '' <Latency = 0> <II = 1> <Delay = 1.00> <Generic> <Opcode : >

State 60 <SV = 59> <Delay = 8.74>
ST_60 : Operation 169 [26/82] (8.74ns)   --->   "%call_ret_i = call fastcc { i32, i32, i32, i32, i32, i32, i32, i32 } @computeHashRound(i32 %H_V_0_0_out_0, i32 %H_V_1_0_out_0, i32 %H_V_2_0_out_0, i32 %H_V_3_0_out_0, i32 %H_V_4_0_out_0, i32 %H_V_5_0_out_0, i32 %H_V_6_0_out_0, i32 %H_V_7_0_out_0, [32 x i32]* %M_0_V, [32 x i32]* %M_1_V, [32 x i32]* %M_2_V, [32 x i32]* %M_3_V, [32 x i32]* %M_4_V, [32 x i32]* %M_5_V, [32 x i32]* %M_6_V, [32 x i32]* %M_7_V, [32 x i32]* %M_8_V, [32 x i32]* %M_9_V, [32 x i32]* %M_10_V, [32 x i32]* %M_11_V, [32 x i32]* %M_12_V, [32 x i32]* %M_13_V, [32 x i32]* %M_14_V, [32 x i32]* %M_15_V, i24 %add_ln192)" [sha256.cpp:192->sha256.cpp:153]   --->   Operation 169 'call' 'call_ret_i' <Predicate = (!icmp_ln190)> <Delay = 8.74> <CoreType = "Generic">   --->   Core 0 '' <Latency = 0> <II = 1> <Delay = 1.00> <Generic> <Opcode : >

State 61 <SV = 60> <Delay = 8.74>
ST_61 : Operation 170 [25/82] (8.74ns)   --->   "%call_ret_i = call fastcc { i32, i32, i32, i32, i32, i32, i32, i32 } @computeHashRound(i32 %H_V_0_0_out_0, i32 %H_V_1_0_out_0, i32 %H_V_2_0_out_0, i32 %H_V_3_0_out_0, i32 %H_V_4_0_out_0, i32 %H_V_5_0_out_0, i32 %H_V_6_0_out_0, i32 %H_V_7_0_out_0, [32 x i32]* %M_0_V, [32 x i32]* %M_1_V, [32 x i32]* %M_2_V, [32 x i32]* %M_3_V, [32 x i32]* %M_4_V, [32 x i32]* %M_5_V, [32 x i32]* %M_6_V, [32 x i32]* %M_7_V, [32 x i32]* %M_8_V, [32 x i32]* %M_9_V, [32 x i32]* %M_10_V, [32 x i32]* %M_11_V, [32 x i32]* %M_12_V, [32 x i32]* %M_13_V, [32 x i32]* %M_14_V, [32 x i32]* %M_15_V, i24 %add_ln192)" [sha256.cpp:192->sha256.cpp:153]   --->   Operation 170 'call' 'call_ret_i' <Predicate = (!icmp_ln190)> <Delay = 8.74> <CoreType = "Generic">   --->   Core 0 '' <Latency = 0> <II = 1> <Delay = 1.00> <Generic> <Opcode : >

State 62 <SV = 61> <Delay = 8.74>
ST_62 : Operation 171 [24/82] (8.74ns)   --->   "%call_ret_i = call fastcc { i32, i32, i32, i32, i32, i32, i32, i32 } @computeHashRound(i32 %H_V_0_0_out_0, i32 %H_V_1_0_out_0, i32 %H_V_2_0_out_0, i32 %H_V_3_0_out_0, i32 %H_V_4_0_out_0, i32 %H_V_5_0_out_0, i32 %H_V_6_0_out_0, i32 %H_V_7_0_out_0, [32 x i32]* %M_0_V, [32 x i32]* %M_1_V, [32 x i32]* %M_2_V, [32 x i32]* %M_3_V, [32 x i32]* %M_4_V, [32 x i32]* %M_5_V, [32 x i32]* %M_6_V, [32 x i32]* %M_7_V, [32 x i32]* %M_8_V, [32 x i32]* %M_9_V, [32 x i32]* %M_10_V, [32 x i32]* %M_11_V, [32 x i32]* %M_12_V, [32 x i32]* %M_13_V, [32 x i32]* %M_14_V, [32 x i32]* %M_15_V, i24 %add_ln192)" [sha256.cpp:192->sha256.cpp:153]   --->   Operation 171 'call' 'call_ret_i' <Predicate = (!icmp_ln190)> <Delay = 8.74> <CoreType = "Generic">   --->   Core 0 '' <Latency = 0> <II = 1> <Delay = 1.00> <Generic> <Opcode : >

State 63 <SV = 62> <Delay = 8.74>
ST_63 : Operation 172 [23/82] (8.74ns)   --->   "%call_ret_i = call fastcc { i32, i32, i32, i32, i32, i32, i32, i32 } @computeHashRound(i32 %H_V_0_0_out_0, i32 %H_V_1_0_out_0, i32 %H_V_2_0_out_0, i32 %H_V_3_0_out_0, i32 %H_V_4_0_out_0, i32 %H_V_5_0_out_0, i32 %H_V_6_0_out_0, i32 %H_V_7_0_out_0, [32 x i32]* %M_0_V, [32 x i32]* %M_1_V, [32 x i32]* %M_2_V, [32 x i32]* %M_3_V, [32 x i32]* %M_4_V, [32 x i32]* %M_5_V, [32 x i32]* %M_6_V, [32 x i32]* %M_7_V, [32 x i32]* %M_8_V, [32 x i32]* %M_9_V, [32 x i32]* %M_10_V, [32 x i32]* %M_11_V, [32 x i32]* %M_12_V, [32 x i32]* %M_13_V, [32 x i32]* %M_14_V, [32 x i32]* %M_15_V, i24 %add_ln192)" [sha256.cpp:192->sha256.cpp:153]   --->   Operation 172 'call' 'call_ret_i' <Predicate = (!icmp_ln190)> <Delay = 8.74> <CoreType = "Generic">   --->   Core 0 '' <Latency = 0> <II = 1> <Delay = 1.00> <Generic> <Opcode : >

State 64 <SV = 63> <Delay = 8.74>
ST_64 : Operation 173 [22/82] (8.74ns)   --->   "%call_ret_i = call fastcc { i32, i32, i32, i32, i32, i32, i32, i32 } @computeHashRound(i32 %H_V_0_0_out_0, i32 %H_V_1_0_out_0, i32 %H_V_2_0_out_0, i32 %H_V_3_0_out_0, i32 %H_V_4_0_out_0, i32 %H_V_5_0_out_0, i32 %H_V_6_0_out_0, i32 %H_V_7_0_out_0, [32 x i32]* %M_0_V, [32 x i32]* %M_1_V, [32 x i32]* %M_2_V, [32 x i32]* %M_3_V, [32 x i32]* %M_4_V, [32 x i32]* %M_5_V, [32 x i32]* %M_6_V, [32 x i32]* %M_7_V, [32 x i32]* %M_8_V, [32 x i32]* %M_9_V, [32 x i32]* %M_10_V, [32 x i32]* %M_11_V, [32 x i32]* %M_12_V, [32 x i32]* %M_13_V, [32 x i32]* %M_14_V, [32 x i32]* %M_15_V, i24 %add_ln192)" [sha256.cpp:192->sha256.cpp:153]   --->   Operation 173 'call' 'call_ret_i' <Predicate = (!icmp_ln190)> <Delay = 8.74> <CoreType = "Generic">   --->   Core 0 '' <Latency = 0> <II = 1> <Delay = 1.00> <Generic> <Opcode : >

State 65 <SV = 64> <Delay = 8.74>
ST_65 : Operation 174 [21/82] (8.74ns)   --->   "%call_ret_i = call fastcc { i32, i32, i32, i32, i32, i32, i32, i32 } @computeHashRound(i32 %H_V_0_0_out_0, i32 %H_V_1_0_out_0, i32 %H_V_2_0_out_0, i32 %H_V_3_0_out_0, i32 %H_V_4_0_out_0, i32 %H_V_5_0_out_0, i32 %H_V_6_0_out_0, i32 %H_V_7_0_out_0, [32 x i32]* %M_0_V, [32 x i32]* %M_1_V, [32 x i32]* %M_2_V, [32 x i32]* %M_3_V, [32 x i32]* %M_4_V, [32 x i32]* %M_5_V, [32 x i32]* %M_6_V, [32 x i32]* %M_7_V, [32 x i32]* %M_8_V, [32 x i32]* %M_9_V, [32 x i32]* %M_10_V, [32 x i32]* %M_11_V, [32 x i32]* %M_12_V, [32 x i32]* %M_13_V, [32 x i32]* %M_14_V, [32 x i32]* %M_15_V, i24 %add_ln192)" [sha256.cpp:192->sha256.cpp:153]   --->   Operation 174 'call' 'call_ret_i' <Predicate = (!icmp_ln190)> <Delay = 8.74> <CoreType = "Generic">   --->   Core 0 '' <Latency = 0> <II = 1> <Delay = 1.00> <Generic> <Opcode : >

State 66 <SV = 65> <Delay = 8.74>
ST_66 : Operation 175 [20/82] (8.74ns)   --->   "%call_ret_i = call fastcc { i32, i32, i32, i32, i32, i32, i32, i32 } @computeHashRound(i32 %H_V_0_0_out_0, i32 %H_V_1_0_out_0, i32 %H_V_2_0_out_0, i32 %H_V_3_0_out_0, i32 %H_V_4_0_out_0, i32 %H_V_5_0_out_0, i32 %H_V_6_0_out_0, i32 %H_V_7_0_out_0, [32 x i32]* %M_0_V, [32 x i32]* %M_1_V, [32 x i32]* %M_2_V, [32 x i32]* %M_3_V, [32 x i32]* %M_4_V, [32 x i32]* %M_5_V, [32 x i32]* %M_6_V, [32 x i32]* %M_7_V, [32 x i32]* %M_8_V, [32 x i32]* %M_9_V, [32 x i32]* %M_10_V, [32 x i32]* %M_11_V, [32 x i32]* %M_12_V, [32 x i32]* %M_13_V, [32 x i32]* %M_14_V, [32 x i32]* %M_15_V, i24 %add_ln192)" [sha256.cpp:192->sha256.cpp:153]   --->   Operation 175 'call' 'call_ret_i' <Predicate = (!icmp_ln190)> <Delay = 8.74> <CoreType = "Generic">   --->   Core 0 '' <Latency = 0> <II = 1> <Delay = 1.00> <Generic> <Opcode : >

State 67 <SV = 66> <Delay = 8.74>
ST_67 : Operation 176 [19/82] (8.74ns)   --->   "%call_ret_i = call fastcc { i32, i32, i32, i32, i32, i32, i32, i32 } @computeHashRound(i32 %H_V_0_0_out_0, i32 %H_V_1_0_out_0, i32 %H_V_2_0_out_0, i32 %H_V_3_0_out_0, i32 %H_V_4_0_out_0, i32 %H_V_5_0_out_0, i32 %H_V_6_0_out_0, i32 %H_V_7_0_out_0, [32 x i32]* %M_0_V, [32 x i32]* %M_1_V, [32 x i32]* %M_2_V, [32 x i32]* %M_3_V, [32 x i32]* %M_4_V, [32 x i32]* %M_5_V, [32 x i32]* %M_6_V, [32 x i32]* %M_7_V, [32 x i32]* %M_8_V, [32 x i32]* %M_9_V, [32 x i32]* %M_10_V, [32 x i32]* %M_11_V, [32 x i32]* %M_12_V, [32 x i32]* %M_13_V, [32 x i32]* %M_14_V, [32 x i32]* %M_15_V, i24 %add_ln192)" [sha256.cpp:192->sha256.cpp:153]   --->   Operation 176 'call' 'call_ret_i' <Predicate = (!icmp_ln190)> <Delay = 8.74> <CoreType = "Generic">   --->   Core 0 '' <Latency = 0> <II = 1> <Delay = 1.00> <Generic> <Opcode : >

State 68 <SV = 67> <Delay = 8.74>
ST_68 : Operation 177 [18/82] (8.74ns)   --->   "%call_ret_i = call fastcc { i32, i32, i32, i32, i32, i32, i32, i32 } @computeHashRound(i32 %H_V_0_0_out_0, i32 %H_V_1_0_out_0, i32 %H_V_2_0_out_0, i32 %H_V_3_0_out_0, i32 %H_V_4_0_out_0, i32 %H_V_5_0_out_0, i32 %H_V_6_0_out_0, i32 %H_V_7_0_out_0, [32 x i32]* %M_0_V, [32 x i32]* %M_1_V, [32 x i32]* %M_2_V, [32 x i32]* %M_3_V, [32 x i32]* %M_4_V, [32 x i32]* %M_5_V, [32 x i32]* %M_6_V, [32 x i32]* %M_7_V, [32 x i32]* %M_8_V, [32 x i32]* %M_9_V, [32 x i32]* %M_10_V, [32 x i32]* %M_11_V, [32 x i32]* %M_12_V, [32 x i32]* %M_13_V, [32 x i32]* %M_14_V, [32 x i32]* %M_15_V, i24 %add_ln192)" [sha256.cpp:192->sha256.cpp:153]   --->   Operation 177 'call' 'call_ret_i' <Predicate = (!icmp_ln190)> <Delay = 8.74> <CoreType = "Generic">   --->   Core 0 '' <Latency = 0> <II = 1> <Delay = 1.00> <Generic> <Opcode : >

State 69 <SV = 68> <Delay = 8.74>
ST_69 : Operation 178 [17/82] (8.74ns)   --->   "%call_ret_i = call fastcc { i32, i32, i32, i32, i32, i32, i32, i32 } @computeHashRound(i32 %H_V_0_0_out_0, i32 %H_V_1_0_out_0, i32 %H_V_2_0_out_0, i32 %H_V_3_0_out_0, i32 %H_V_4_0_out_0, i32 %H_V_5_0_out_0, i32 %H_V_6_0_out_0, i32 %H_V_7_0_out_0, [32 x i32]* %M_0_V, [32 x i32]* %M_1_V, [32 x i32]* %M_2_V, [32 x i32]* %M_3_V, [32 x i32]* %M_4_V, [32 x i32]* %M_5_V, [32 x i32]* %M_6_V, [32 x i32]* %M_7_V, [32 x i32]* %M_8_V, [32 x i32]* %M_9_V, [32 x i32]* %M_10_V, [32 x i32]* %M_11_V, [32 x i32]* %M_12_V, [32 x i32]* %M_13_V, [32 x i32]* %M_14_V, [32 x i32]* %M_15_V, i24 %add_ln192)" [sha256.cpp:192->sha256.cpp:153]   --->   Operation 178 'call' 'call_ret_i' <Predicate = (!icmp_ln190)> <Delay = 8.74> <CoreType = "Generic">   --->   Core 0 '' <Latency = 0> <II = 1> <Delay = 1.00> <Generic> <Opcode : >

State 70 <SV = 69> <Delay = 8.74>
ST_70 : Operation 179 [16/82] (8.74ns)   --->   "%call_ret_i = call fastcc { i32, i32, i32, i32, i32, i32, i32, i32 } @computeHashRound(i32 %H_V_0_0_out_0, i32 %H_V_1_0_out_0, i32 %H_V_2_0_out_0, i32 %H_V_3_0_out_0, i32 %H_V_4_0_out_0, i32 %H_V_5_0_out_0, i32 %H_V_6_0_out_0, i32 %H_V_7_0_out_0, [32 x i32]* %M_0_V, [32 x i32]* %M_1_V, [32 x i32]* %M_2_V, [32 x i32]* %M_3_V, [32 x i32]* %M_4_V, [32 x i32]* %M_5_V, [32 x i32]* %M_6_V, [32 x i32]* %M_7_V, [32 x i32]* %M_8_V, [32 x i32]* %M_9_V, [32 x i32]* %M_10_V, [32 x i32]* %M_11_V, [32 x i32]* %M_12_V, [32 x i32]* %M_13_V, [32 x i32]* %M_14_V, [32 x i32]* %M_15_V, i24 %add_ln192)" [sha256.cpp:192->sha256.cpp:153]   --->   Operation 179 'call' 'call_ret_i' <Predicate = (!icmp_ln190)> <Delay = 8.74> <CoreType = "Generic">   --->   Core 0 '' <Latency = 0> <II = 1> <Delay = 1.00> <Generic> <Opcode : >

State 71 <SV = 70> <Delay = 8.74>
ST_71 : Operation 180 [15/82] (8.74ns)   --->   "%call_ret_i = call fastcc { i32, i32, i32, i32, i32, i32, i32, i32 } @computeHashRound(i32 %H_V_0_0_out_0, i32 %H_V_1_0_out_0, i32 %H_V_2_0_out_0, i32 %H_V_3_0_out_0, i32 %H_V_4_0_out_0, i32 %H_V_5_0_out_0, i32 %H_V_6_0_out_0, i32 %H_V_7_0_out_0, [32 x i32]* %M_0_V, [32 x i32]* %M_1_V, [32 x i32]* %M_2_V, [32 x i32]* %M_3_V, [32 x i32]* %M_4_V, [32 x i32]* %M_5_V, [32 x i32]* %M_6_V, [32 x i32]* %M_7_V, [32 x i32]* %M_8_V, [32 x i32]* %M_9_V, [32 x i32]* %M_10_V, [32 x i32]* %M_11_V, [32 x i32]* %M_12_V, [32 x i32]* %M_13_V, [32 x i32]* %M_14_V, [32 x i32]* %M_15_V, i24 %add_ln192)" [sha256.cpp:192->sha256.cpp:153]   --->   Operation 180 'call' 'call_ret_i' <Predicate = (!icmp_ln190)> <Delay = 8.74> <CoreType = "Generic">   --->   Core 0 '' <Latency = 0> <II = 1> <Delay = 1.00> <Generic> <Opcode : >

State 72 <SV = 71> <Delay = 8.74>
ST_72 : Operation 181 [14/82] (8.74ns)   --->   "%call_ret_i = call fastcc { i32, i32, i32, i32, i32, i32, i32, i32 } @computeHashRound(i32 %H_V_0_0_out_0, i32 %H_V_1_0_out_0, i32 %H_V_2_0_out_0, i32 %H_V_3_0_out_0, i32 %H_V_4_0_out_0, i32 %H_V_5_0_out_0, i32 %H_V_6_0_out_0, i32 %H_V_7_0_out_0, [32 x i32]* %M_0_V, [32 x i32]* %M_1_V, [32 x i32]* %M_2_V, [32 x i32]* %M_3_V, [32 x i32]* %M_4_V, [32 x i32]* %M_5_V, [32 x i32]* %M_6_V, [32 x i32]* %M_7_V, [32 x i32]* %M_8_V, [32 x i32]* %M_9_V, [32 x i32]* %M_10_V, [32 x i32]* %M_11_V, [32 x i32]* %M_12_V, [32 x i32]* %M_13_V, [32 x i32]* %M_14_V, [32 x i32]* %M_15_V, i24 %add_ln192)" [sha256.cpp:192->sha256.cpp:153]   --->   Operation 181 'call' 'call_ret_i' <Predicate = (!icmp_ln190)> <Delay = 8.74> <CoreType = "Generic">   --->   Core 0 '' <Latency = 0> <II = 1> <Delay = 1.00> <Generic> <Opcode : >

State 73 <SV = 72> <Delay = 8.74>
ST_73 : Operation 182 [13/82] (8.74ns)   --->   "%call_ret_i = call fastcc { i32, i32, i32, i32, i32, i32, i32, i32 } @computeHashRound(i32 %H_V_0_0_out_0, i32 %H_V_1_0_out_0, i32 %H_V_2_0_out_0, i32 %H_V_3_0_out_0, i32 %H_V_4_0_out_0, i32 %H_V_5_0_out_0, i32 %H_V_6_0_out_0, i32 %H_V_7_0_out_0, [32 x i32]* %M_0_V, [32 x i32]* %M_1_V, [32 x i32]* %M_2_V, [32 x i32]* %M_3_V, [32 x i32]* %M_4_V, [32 x i32]* %M_5_V, [32 x i32]* %M_6_V, [32 x i32]* %M_7_V, [32 x i32]* %M_8_V, [32 x i32]* %M_9_V, [32 x i32]* %M_10_V, [32 x i32]* %M_11_V, [32 x i32]* %M_12_V, [32 x i32]* %M_13_V, [32 x i32]* %M_14_V, [32 x i32]* %M_15_V, i24 %add_ln192)" [sha256.cpp:192->sha256.cpp:153]   --->   Operation 182 'call' 'call_ret_i' <Predicate = (!icmp_ln190)> <Delay = 8.74> <CoreType = "Generic">   --->   Core 0 '' <Latency = 0> <II = 1> <Delay = 1.00> <Generic> <Opcode : >

State 74 <SV = 73> <Delay = 8.74>
ST_74 : Operation 183 [12/82] (8.74ns)   --->   "%call_ret_i = call fastcc { i32, i32, i32, i32, i32, i32, i32, i32 } @computeHashRound(i32 %H_V_0_0_out_0, i32 %H_V_1_0_out_0, i32 %H_V_2_0_out_0, i32 %H_V_3_0_out_0, i32 %H_V_4_0_out_0, i32 %H_V_5_0_out_0, i32 %H_V_6_0_out_0, i32 %H_V_7_0_out_0, [32 x i32]* %M_0_V, [32 x i32]* %M_1_V, [32 x i32]* %M_2_V, [32 x i32]* %M_3_V, [32 x i32]* %M_4_V, [32 x i32]* %M_5_V, [32 x i32]* %M_6_V, [32 x i32]* %M_7_V, [32 x i32]* %M_8_V, [32 x i32]* %M_9_V, [32 x i32]* %M_10_V, [32 x i32]* %M_11_V, [32 x i32]* %M_12_V, [32 x i32]* %M_13_V, [32 x i32]* %M_14_V, [32 x i32]* %M_15_V, i24 %add_ln192)" [sha256.cpp:192->sha256.cpp:153]   --->   Operation 183 'call' 'call_ret_i' <Predicate = (!icmp_ln190)> <Delay = 8.74> <CoreType = "Generic">   --->   Core 0 '' <Latency = 0> <II = 1> <Delay = 1.00> <Generic> <Opcode : >

State 75 <SV = 74> <Delay = 8.74>
ST_75 : Operation 184 [11/82] (8.74ns)   --->   "%call_ret_i = call fastcc { i32, i32, i32, i32, i32, i32, i32, i32 } @computeHashRound(i32 %H_V_0_0_out_0, i32 %H_V_1_0_out_0, i32 %H_V_2_0_out_0, i32 %H_V_3_0_out_0, i32 %H_V_4_0_out_0, i32 %H_V_5_0_out_0, i32 %H_V_6_0_out_0, i32 %H_V_7_0_out_0, [32 x i32]* %M_0_V, [32 x i32]* %M_1_V, [32 x i32]* %M_2_V, [32 x i32]* %M_3_V, [32 x i32]* %M_4_V, [32 x i32]* %M_5_V, [32 x i32]* %M_6_V, [32 x i32]* %M_7_V, [32 x i32]* %M_8_V, [32 x i32]* %M_9_V, [32 x i32]* %M_10_V, [32 x i32]* %M_11_V, [32 x i32]* %M_12_V, [32 x i32]* %M_13_V, [32 x i32]* %M_14_V, [32 x i32]* %M_15_V, i24 %add_ln192)" [sha256.cpp:192->sha256.cpp:153]   --->   Operation 184 'call' 'call_ret_i' <Predicate = (!icmp_ln190)> <Delay = 8.74> <CoreType = "Generic">   --->   Core 0 '' <Latency = 0> <II = 1> <Delay = 1.00> <Generic> <Opcode : >

State 76 <SV = 75> <Delay = 8.74>
ST_76 : Operation 185 [10/82] (8.74ns)   --->   "%call_ret_i = call fastcc { i32, i32, i32, i32, i32, i32, i32, i32 } @computeHashRound(i32 %H_V_0_0_out_0, i32 %H_V_1_0_out_0, i32 %H_V_2_0_out_0, i32 %H_V_3_0_out_0, i32 %H_V_4_0_out_0, i32 %H_V_5_0_out_0, i32 %H_V_6_0_out_0, i32 %H_V_7_0_out_0, [32 x i32]* %M_0_V, [32 x i32]* %M_1_V, [32 x i32]* %M_2_V, [32 x i32]* %M_3_V, [32 x i32]* %M_4_V, [32 x i32]* %M_5_V, [32 x i32]* %M_6_V, [32 x i32]* %M_7_V, [32 x i32]* %M_8_V, [32 x i32]* %M_9_V, [32 x i32]* %M_10_V, [32 x i32]* %M_11_V, [32 x i32]* %M_12_V, [32 x i32]* %M_13_V, [32 x i32]* %M_14_V, [32 x i32]* %M_15_V, i24 %add_ln192)" [sha256.cpp:192->sha256.cpp:153]   --->   Operation 185 'call' 'call_ret_i' <Predicate = (!icmp_ln190)> <Delay = 8.74> <CoreType = "Generic">   --->   Core 0 '' <Latency = 0> <II = 1> <Delay = 1.00> <Generic> <Opcode : >

State 77 <SV = 76> <Delay = 8.74>
ST_77 : Operation 186 [9/82] (8.74ns)   --->   "%call_ret_i = call fastcc { i32, i32, i32, i32, i32, i32, i32, i32 } @computeHashRound(i32 %H_V_0_0_out_0, i32 %H_V_1_0_out_0, i32 %H_V_2_0_out_0, i32 %H_V_3_0_out_0, i32 %H_V_4_0_out_0, i32 %H_V_5_0_out_0, i32 %H_V_6_0_out_0, i32 %H_V_7_0_out_0, [32 x i32]* %M_0_V, [32 x i32]* %M_1_V, [32 x i32]* %M_2_V, [32 x i32]* %M_3_V, [32 x i32]* %M_4_V, [32 x i32]* %M_5_V, [32 x i32]* %M_6_V, [32 x i32]* %M_7_V, [32 x i32]* %M_8_V, [32 x i32]* %M_9_V, [32 x i32]* %M_10_V, [32 x i32]* %M_11_V, [32 x i32]* %M_12_V, [32 x i32]* %M_13_V, [32 x i32]* %M_14_V, [32 x i32]* %M_15_V, i24 %add_ln192)" [sha256.cpp:192->sha256.cpp:153]   --->   Operation 186 'call' 'call_ret_i' <Predicate = (!icmp_ln190)> <Delay = 8.74> <CoreType = "Generic">   --->   Core 0 '' <Latency = 0> <II = 1> <Delay = 1.00> <Generic> <Opcode : >

State 78 <SV = 77> <Delay = 8.74>
ST_78 : Operation 187 [8/82] (8.74ns)   --->   "%call_ret_i = call fastcc { i32, i32, i32, i32, i32, i32, i32, i32 } @computeHashRound(i32 %H_V_0_0_out_0, i32 %H_V_1_0_out_0, i32 %H_V_2_0_out_0, i32 %H_V_3_0_out_0, i32 %H_V_4_0_out_0, i32 %H_V_5_0_out_0, i32 %H_V_6_0_out_0, i32 %H_V_7_0_out_0, [32 x i32]* %M_0_V, [32 x i32]* %M_1_V, [32 x i32]* %M_2_V, [32 x i32]* %M_3_V, [32 x i32]* %M_4_V, [32 x i32]* %M_5_V, [32 x i32]* %M_6_V, [32 x i32]* %M_7_V, [32 x i32]* %M_8_V, [32 x i32]* %M_9_V, [32 x i32]* %M_10_V, [32 x i32]* %M_11_V, [32 x i32]* %M_12_V, [32 x i32]* %M_13_V, [32 x i32]* %M_14_V, [32 x i32]* %M_15_V, i24 %add_ln192)" [sha256.cpp:192->sha256.cpp:153]   --->   Operation 187 'call' 'call_ret_i' <Predicate = (!icmp_ln190)> <Delay = 8.74> <CoreType = "Generic">   --->   Core 0 '' <Latency = 0> <II = 1> <Delay = 1.00> <Generic> <Opcode : >

State 79 <SV = 78> <Delay = 8.74>
ST_79 : Operation 188 [7/82] (8.74ns)   --->   "%call_ret_i = call fastcc { i32, i32, i32, i32, i32, i32, i32, i32 } @computeHashRound(i32 %H_V_0_0_out_0, i32 %H_V_1_0_out_0, i32 %H_V_2_0_out_0, i32 %H_V_3_0_out_0, i32 %H_V_4_0_out_0, i32 %H_V_5_0_out_0, i32 %H_V_6_0_out_0, i32 %H_V_7_0_out_0, [32 x i32]* %M_0_V, [32 x i32]* %M_1_V, [32 x i32]* %M_2_V, [32 x i32]* %M_3_V, [32 x i32]* %M_4_V, [32 x i32]* %M_5_V, [32 x i32]* %M_6_V, [32 x i32]* %M_7_V, [32 x i32]* %M_8_V, [32 x i32]* %M_9_V, [32 x i32]* %M_10_V, [32 x i32]* %M_11_V, [32 x i32]* %M_12_V, [32 x i32]* %M_13_V, [32 x i32]* %M_14_V, [32 x i32]* %M_15_V, i24 %add_ln192)" [sha256.cpp:192->sha256.cpp:153]   --->   Operation 188 'call' 'call_ret_i' <Predicate = (!icmp_ln190)> <Delay = 8.74> <CoreType = "Generic">   --->   Core 0 '' <Latency = 0> <II = 1> <Delay = 1.00> <Generic> <Opcode : >

State 80 <SV = 79> <Delay = 8.74>
ST_80 : Operation 189 [6/82] (8.74ns)   --->   "%call_ret_i = call fastcc { i32, i32, i32, i32, i32, i32, i32, i32 } @computeHashRound(i32 %H_V_0_0_out_0, i32 %H_V_1_0_out_0, i32 %H_V_2_0_out_0, i32 %H_V_3_0_out_0, i32 %H_V_4_0_out_0, i32 %H_V_5_0_out_0, i32 %H_V_6_0_out_0, i32 %H_V_7_0_out_0, [32 x i32]* %M_0_V, [32 x i32]* %M_1_V, [32 x i32]* %M_2_V, [32 x i32]* %M_3_V, [32 x i32]* %M_4_V, [32 x i32]* %M_5_V, [32 x i32]* %M_6_V, [32 x i32]* %M_7_V, [32 x i32]* %M_8_V, [32 x i32]* %M_9_V, [32 x i32]* %M_10_V, [32 x i32]* %M_11_V, [32 x i32]* %M_12_V, [32 x i32]* %M_13_V, [32 x i32]* %M_14_V, [32 x i32]* %M_15_V, i24 %add_ln192)" [sha256.cpp:192->sha256.cpp:153]   --->   Operation 189 'call' 'call_ret_i' <Predicate = (!icmp_ln190)> <Delay = 8.74> <CoreType = "Generic">   --->   Core 0 '' <Latency = 0> <II = 1> <Delay = 1.00> <Generic> <Opcode : >

State 81 <SV = 80> <Delay = 8.74>
ST_81 : Operation 190 [5/82] (8.74ns)   --->   "%call_ret_i = call fastcc { i32, i32, i32, i32, i32, i32, i32, i32 } @computeHashRound(i32 %H_V_0_0_out_0, i32 %H_V_1_0_out_0, i32 %H_V_2_0_out_0, i32 %H_V_3_0_out_0, i32 %H_V_4_0_out_0, i32 %H_V_5_0_out_0, i32 %H_V_6_0_out_0, i32 %H_V_7_0_out_0, [32 x i32]* %M_0_V, [32 x i32]* %M_1_V, [32 x i32]* %M_2_V, [32 x i32]* %M_3_V, [32 x i32]* %M_4_V, [32 x i32]* %M_5_V, [32 x i32]* %M_6_V, [32 x i32]* %M_7_V, [32 x i32]* %M_8_V, [32 x i32]* %M_9_V, [32 x i32]* %M_10_V, [32 x i32]* %M_11_V, [32 x i32]* %M_12_V, [32 x i32]* %M_13_V, [32 x i32]* %M_14_V, [32 x i32]* %M_15_V, i24 %add_ln192)" [sha256.cpp:192->sha256.cpp:153]   --->   Operation 190 'call' 'call_ret_i' <Predicate = (!icmp_ln190)> <Delay = 8.74> <CoreType = "Generic">   --->   Core 0 '' <Latency = 0> <II = 1> <Delay = 1.00> <Generic> <Opcode : >

State 82 <SV = 81> <Delay = 8.74>
ST_82 : Operation 191 [4/82] (8.74ns)   --->   "%call_ret_i = call fastcc { i32, i32, i32, i32, i32, i32, i32, i32 } @computeHashRound(i32 %H_V_0_0_out_0, i32 %H_V_1_0_out_0, i32 %H_V_2_0_out_0, i32 %H_V_3_0_out_0, i32 %H_V_4_0_out_0, i32 %H_V_5_0_out_0, i32 %H_V_6_0_out_0, i32 %H_V_7_0_out_0, [32 x i32]* %M_0_V, [32 x i32]* %M_1_V, [32 x i32]* %M_2_V, [32 x i32]* %M_3_V, [32 x i32]* %M_4_V, [32 x i32]* %M_5_V, [32 x i32]* %M_6_V, [32 x i32]* %M_7_V, [32 x i32]* %M_8_V, [32 x i32]* %M_9_V, [32 x i32]* %M_10_V, [32 x i32]* %M_11_V, [32 x i32]* %M_12_V, [32 x i32]* %M_13_V, [32 x i32]* %M_14_V, [32 x i32]* %M_15_V, i24 %add_ln192)" [sha256.cpp:192->sha256.cpp:153]   --->   Operation 191 'call' 'call_ret_i' <Predicate = (!icmp_ln190)> <Delay = 8.74> <CoreType = "Generic">   --->   Core 0 '' <Latency = 0> <II = 1> <Delay = 1.00> <Generic> <Opcode : >

State 83 <SV = 82> <Delay = 8.74>
ST_83 : Operation 192 [3/82] (8.74ns)   --->   "%call_ret_i = call fastcc { i32, i32, i32, i32, i32, i32, i32, i32 } @computeHashRound(i32 %H_V_0_0_out_0, i32 %H_V_1_0_out_0, i32 %H_V_2_0_out_0, i32 %H_V_3_0_out_0, i32 %H_V_4_0_out_0, i32 %H_V_5_0_out_0, i32 %H_V_6_0_out_0, i32 %H_V_7_0_out_0, [32 x i32]* %M_0_V, [32 x i32]* %M_1_V, [32 x i32]* %M_2_V, [32 x i32]* %M_3_V, [32 x i32]* %M_4_V, [32 x i32]* %M_5_V, [32 x i32]* %M_6_V, [32 x i32]* %M_7_V, [32 x i32]* %M_8_V, [32 x i32]* %M_9_V, [32 x i32]* %M_10_V, [32 x i32]* %M_11_V, [32 x i32]* %M_12_V, [32 x i32]* %M_13_V, [32 x i32]* %M_14_V, [32 x i32]* %M_15_V, i24 %add_ln192)" [sha256.cpp:192->sha256.cpp:153]   --->   Operation 192 'call' 'call_ret_i' <Predicate = (!icmp_ln190)> <Delay = 8.74> <CoreType = "Generic">   --->   Core 0 '' <Latency = 0> <II = 1> <Delay = 1.00> <Generic> <Opcode : >
ST_83 : Operation 193 [1/1] (2.31ns)   --->   "%i = add i24 %i1_0_i, 1" [sha256.cpp:190->sha256.cpp:153]   --->   Operation 193 'add' 'i' <Predicate = (!icmp_ln190)> <Delay = 2.31> <Core = "AddSub">   --->   Core 14 'AddSub' <Latency = 0> <II = 1> <Delay = 2.31> <FuncUnit> <Opcode : 'add' 'sub'> <InPorts = 2> <OutPorts = 1>

State 84 <SV = 83> <Delay = 8.74>
ST_84 : Operation 194 [2/82] (8.74ns)   --->   "%call_ret_i = call fastcc { i32, i32, i32, i32, i32, i32, i32, i32 } @computeHashRound(i32 %H_V_0_0_out_0, i32 %H_V_1_0_out_0, i32 %H_V_2_0_out_0, i32 %H_V_3_0_out_0, i32 %H_V_4_0_out_0, i32 %H_V_5_0_out_0, i32 %H_V_6_0_out_0, i32 %H_V_7_0_out_0, [32 x i32]* %M_0_V, [32 x i32]* %M_1_V, [32 x i32]* %M_2_V, [32 x i32]* %M_3_V, [32 x i32]* %M_4_V, [32 x i32]* %M_5_V, [32 x i32]* %M_6_V, [32 x i32]* %M_7_V, [32 x i32]* %M_8_V, [32 x i32]* %M_9_V, [32 x i32]* %M_10_V, [32 x i32]* %M_11_V, [32 x i32]* %M_12_V, [32 x i32]* %M_13_V, [32 x i32]* %M_14_V, [32 x i32]* %M_15_V, i24 %add_ln192)" [sha256.cpp:192->sha256.cpp:153]   --->   Operation 194 'call' 'call_ret_i' <Predicate = (!icmp_ln190)> <Delay = 8.74> <CoreType = "Generic">   --->   Core 0 '' <Latency = 0> <II = 1> <Delay = 1.00> <Generic> <Opcode : >

State 85 <SV = 84> <Delay = 10.1>
ST_85 : Operation 195 [1/1] (0.00ns)   --->   "%tmp_i = call i32 (...)* @_ssdm_op_SpecRegionBegin([12 x i8]* @p_str8)" [sha256.cpp:190->sha256.cpp:153]   --->   Operation 195 'specregionbegin' 'tmp_i' <Predicate = (!icmp_ln190)> <Delay = 0.00>
ST_85 : Operation 196 [1/1] (0.00ns)   --->   "call void (...)* @_ssdm_op_SpecPipeline(i32 1, i32 1, i32 1, i32 0, [1 x i8]* @p_str) nounwind" [sha256.cpp:191->sha256.cpp:153]   --->   Operation 196 'specpipeline' <Predicate = (!icmp_ln190)> <Delay = 0.00>
ST_85 : Operation 197 [1/82] (6.92ns)   --->   "%call_ret_i = call fastcc { i32, i32, i32, i32, i32, i32, i32, i32 } @computeHashRound(i32 %H_V_0_0_out_0, i32 %H_V_1_0_out_0, i32 %H_V_2_0_out_0, i32 %H_V_3_0_out_0, i32 %H_V_4_0_out_0, i32 %H_V_5_0_out_0, i32 %H_V_6_0_out_0, i32 %H_V_7_0_out_0, [32 x i32]* %M_0_V, [32 x i32]* %M_1_V, [32 x i32]* %M_2_V, [32 x i32]* %M_3_V, [32 x i32]* %M_4_V, [32 x i32]* %M_5_V, [32 x i32]* %M_6_V, [32 x i32]* %M_7_V, [32 x i32]* %M_8_V, [32 x i32]* %M_9_V, [32 x i32]* %M_10_V, [32 x i32]* %M_11_V, [32 x i32]* %M_12_V, [32 x i32]* %M_13_V, [32 x i32]* %M_14_V, [32 x i32]* %M_15_V, i24 %add_ln192)" [sha256.cpp:192->sha256.cpp:153]   --->   Operation 197 'call' 'call_ret_i' <Predicate = (!icmp_ln190)> <Delay = 6.92> <CoreType = "Generic">   --->   Core 0 '' <Latency = 0> <II = 1> <Delay = 1.00> <Generic> <Opcode : >
ST_85 : Operation 198 [1/1] (0.00ns)   --->   "%H_0_V = extractvalue { i32, i32, i32, i32, i32, i32, i32, i32 } %call_ret_i, 0" [sha256.cpp:192->sha256.cpp:153]   --->   Operation 198 'extractvalue' 'H_0_V' <Predicate = (!icmp_ln190)> <Delay = 0.00>
ST_85 : Operation 199 [1/1] (0.00ns)   --->   "%H_1_V = extractvalue { i32, i32, i32, i32, i32, i32, i32, i32 } %call_ret_i, 1" [sha256.cpp:192->sha256.cpp:153]   --->   Operation 199 'extractvalue' 'H_1_V' <Predicate = (!icmp_ln190)> <Delay = 0.00>
ST_85 : Operation 200 [1/1] (0.00ns)   --->   "%H_2_V = extractvalue { i32, i32, i32, i32, i32, i32, i32, i32 } %call_ret_i, 2" [sha256.cpp:192->sha256.cpp:153]   --->   Operation 200 'extractvalue' 'H_2_V' <Predicate = (!icmp_ln190)> <Delay = 0.00>
ST_85 : Operation 201 [1/1] (0.00ns)   --->   "%H_3_V = extractvalue { i32, i32, i32, i32, i32, i32, i32, i32 } %call_ret_i, 3" [sha256.cpp:192->sha256.cpp:153]   --->   Operation 201 'extractvalue' 'H_3_V' <Predicate = (!icmp_ln190)> <Delay = 0.00>
ST_85 : Operation 202 [1/1] (0.00ns)   --->   "%H_4_V = extractvalue { i32, i32, i32, i32, i32, i32, i32, i32 } %call_ret_i, 4" [sha256.cpp:192->sha256.cpp:153]   --->   Operation 202 'extractvalue' 'H_4_V' <Predicate = (!icmp_ln190)> <Delay = 0.00>
ST_85 : Operation 203 [1/1] (0.00ns)   --->   "%H_5_V = extractvalue { i32, i32, i32, i32, i32, i32, i32, i32 } %call_ret_i, 5" [sha256.cpp:192->sha256.cpp:153]   --->   Operation 203 'extractvalue' 'H_5_V' <Predicate = (!icmp_ln190)> <Delay = 0.00>
ST_85 : Operation 204 [1/1] (0.00ns)   --->   "%H_6_V = extractvalue { i32, i32, i32, i32, i32, i32, i32, i32 } %call_ret_i, 6" [sha256.cpp:192->sha256.cpp:153]   --->   Operation 204 'extractvalue' 'H_6_V' <Predicate = (!icmp_ln190)> <Delay = 0.00>
ST_85 : Operation 205 [1/1] (0.00ns)   --->   "%H_7_V = extractvalue { i32, i32, i32, i32, i32, i32, i32, i32 } %call_ret_i, 7" [sha256.cpp:192->sha256.cpp:153]   --->   Operation 205 'extractvalue' 'H_7_V' <Predicate = (!icmp_ln190)> <Delay = 0.00>
ST_85 : Operation 206 [1/1] (0.00ns)   --->   "%empty_68 = call i32 (...)* @_ssdm_op_SpecRegionEnd([12 x i8]* @p_str8, i32 %tmp_i)" [sha256.cpp:193->sha256.cpp:153]   --->   Operation 206 'specregionend' 'empty_68' <Predicate = (!icmp_ln190)> <Delay = 0.00>
ST_85 : Operation 207 [1/1] (0.00ns)   --->   "br label %0" [sha256.cpp:190->sha256.cpp:153]   --->   Operation 207 'br' <Predicate = (!icmp_ln190)> <Delay = 0.00>

State 86 <SV = 3> <Delay = 0.00>
ST_86 : Operation 208 [1/1] (0.00ns)   --->   "%mrv = insertvalue { i32, i32, i32, i32, i32, i32, i32, i32 } undef, i32 %H_V_7_0_out_0, 0" [sha256.cpp:153]   --->   Operation 208 'insertvalue' 'mrv' <Predicate = true> <Delay = 0.00>
ST_86 : Operation 209 [1/1] (0.00ns)   --->   "%mrv_1 = insertvalue { i32, i32, i32, i32, i32, i32, i32, i32 } %mrv, i32 %H_V_6_0_out_0, 1" [sha256.cpp:153]   --->   Operation 209 'insertvalue' 'mrv_1' <Predicate = true> <Delay = 0.00>
ST_86 : Operation 210 [1/1] (0.00ns)   --->   "%mrv_2 = insertvalue { i32, i32, i32, i32, i32, i32, i32, i32 } %mrv_1, i32 %H_V_5_0_out_0, 2" [sha256.cpp:153]   --->   Operation 210 'insertvalue' 'mrv_2' <Predicate = true> <Delay = 0.00>
ST_86 : Operation 211 [1/1] (0.00ns)   --->   "%mrv_3 = insertvalue { i32, i32, i32, i32, i32, i32, i32, i32 } %mrv_2, i32 %H_V_4_0_out_0, 3" [sha256.cpp:153]   --->   Operation 211 'insertvalue' 'mrv_3' <Predicate = true> <Delay = 0.00>
ST_86 : Operation 212 [1/1] (0.00ns)   --->   "%mrv_4 = insertvalue { i32, i32, i32, i32, i32, i32, i32, i32 } %mrv_3, i32 %H_V_3_0_out_0, 4" [sha256.cpp:153]   --->   Operation 212 'insertvalue' 'mrv_4' <Predicate = true> <Delay = 0.00>
ST_86 : Operation 213 [1/1] (0.00ns)   --->   "%mrv_5 = insertvalue { i32, i32, i32, i32, i32, i32, i32, i32 } %mrv_4, i32 %H_V_2_0_out_0, 5" [sha256.cpp:153]   --->   Operation 213 'insertvalue' 'mrv_5' <Predicate = true> <Delay = 0.00>
ST_86 : Operation 214 [1/1] (0.00ns)   --->   "%mrv_6 = insertvalue { i32, i32, i32, i32, i32, i32, i32, i32 } %mrv_5, i32 %H_V_1_0_out_0, 6" [sha256.cpp:153]   --->   Operation 214 'insertvalue' 'mrv_6' <Predicate = true> <Delay = 0.00>
ST_86 : Operation 215 [1/1] (0.00ns)   --->   "%mrv_7 = insertvalue { i32, i32, i32, i32, i32, i32, i32, i32 } %mrv_6, i32 %H_V_0_0_out_0, 7" [sha256.cpp:153]   --->   Operation 215 'insertvalue' 'mrv_7' <Predicate = true> <Delay = 0.00>
ST_86 : Operation 216 [1/1] (0.00ns)   --->   "ret { i32, i32, i32, i32, i32, i32, i32, i32 } %mrv_7" [sha256.cpp:153]   --->   Operation 216 'ret' <Predicate = true> <Delay = 0.00>


============================================================
+ Verbose Summary: Timing violations
============================================================
Target clock period: 10ns, clock uncertainty: 1.25ns.

 <State 1>: 3.63ns
The critical path consists of the following:
	fifo read on port 'bitlength' (sha256.cpp:189) [19]  (3.63 ns)

 <State 2>: 7.15ns
The critical path consists of the following:
	'sub' operation ('sub_ln189', sha256.cpp:189->sha256.cpp:153) [21]  (2.55 ns)
	'sub' operation ('sub_ln189_1', sha256.cpp:189->sha256.cpp:153) [24]  (2.28 ns)
	'select' operation ('select_ln189', sha256.cpp:189->sha256.cpp:153) [27]  (0 ns)
	'add' operation ('rounds', sha256.cpp:189->sha256.cpp:153) [29]  (2.31 ns)

 <State 3>: 3.25ns
The critical path consists of the following:
	'phi' operation ('H[7].V') with incoming values : ('H[7].V', sha256.cpp:192->sha256.cpp:153) [32]  (0 ns)
	'call' operation ('call_ret_i', sha256.cpp:192->sha256.cpp:153) to 'computeHashRound' [48]  (3.25 ns)

 <State 4>: 5.57ns
The critical path consists of the following:
	'add' operation ('add_ln192', sha256.cpp:192->sha256.cpp:153) [47]  (2.31 ns)
	'call' operation ('call_ret_i', sha256.cpp:192->sha256.cpp:153) to 'computeHashRound' [48]  (3.25 ns)

 <State 5>: 8.74ns
The critical path consists of the following:
	'call' operation ('call_ret_i', sha256.cpp:192->sha256.cpp:153) to 'computeHashRound' [48]  (8.74 ns)

 <State 6>: 8.74ns
The critical path consists of the following:
	'call' operation ('call_ret_i', sha256.cpp:192->sha256.cpp:153) to 'computeHashRound' [48]  (8.74 ns)

 <State 7>: 8.74ns
The critical path consists of the following:
	'call' operation ('call_ret_i', sha256.cpp:192->sha256.cpp:153) to 'computeHashRound' [48]  (8.74 ns)

 <State 8>: 8.74ns
The critical path consists of the following:
	'call' operation ('call_ret_i', sha256.cpp:192->sha256.cpp:153) to 'computeHashRound' [48]  (8.74 ns)

 <State 9>: 8.74ns
The critical path consists of the following:
	'call' operation ('call_ret_i', sha256.cpp:192->sha256.cpp:153) to 'computeHashRound' [48]  (8.74 ns)

 <State 10>: 8.74ns
The critical path consists of the following:
	'call' operation ('call_ret_i', sha256.cpp:192->sha256.cpp:153) to 'computeHashRound' [48]  (8.74 ns)

 <State 11>: 8.74ns
The critical path consists of the following:
	'call' operation ('call_ret_i', sha256.cpp:192->sha256.cpp:153) to 'computeHashRound' [48]  (8.74 ns)

 <State 12>: 8.74ns
The critical path consists of the following:
	'call' operation ('call_ret_i', sha256.cpp:192->sha256.cpp:153) to 'computeHashRound' [48]  (8.74 ns)

 <State 13>: 8.74ns
The critical path consists of the following:
	'call' operation ('call_ret_i', sha256.cpp:192->sha256.cpp:153) to 'computeHashRound' [48]  (8.74 ns)

 <State 14>: 8.74ns
The critical path consists of the following:
	'call' operation ('call_ret_i', sha256.cpp:192->sha256.cpp:153) to 'computeHashRound' [48]  (8.74 ns)

 <State 15>: 8.74ns
The critical path consists of the following:
	'call' operation ('call_ret_i', sha256.cpp:192->sha256.cpp:153) to 'computeHashRound' [48]  (8.74 ns)

 <State 16>: 8.74ns
The critical path consists of the following:
	'call' operation ('call_ret_i', sha256.cpp:192->sha256.cpp:153) to 'computeHashRound' [48]  (8.74 ns)

 <State 17>: 8.74ns
The critical path consists of the following:
	'call' operation ('call_ret_i', sha256.cpp:192->sha256.cpp:153) to 'computeHashRound' [48]  (8.74 ns)

 <State 18>: 8.74ns
The critical path consists of the following:
	'call' operation ('call_ret_i', sha256.cpp:192->sha256.cpp:153) to 'computeHashRound' [48]  (8.74 ns)

 <State 19>: 8.74ns
The critical path consists of the following:
	'call' operation ('call_ret_i', sha256.cpp:192->sha256.cpp:153) to 'computeHashRound' [48]  (8.74 ns)

 <State 20>: 8.74ns
The critical path consists of the following:
	'call' operation ('call_ret_i', sha256.cpp:192->sha256.cpp:153) to 'computeHashRound' [48]  (8.74 ns)

 <State 21>: 8.74ns
The critical path consists of the following:
	'call' operation ('call_ret_i', sha256.cpp:192->sha256.cpp:153) to 'computeHashRound' [48]  (8.74 ns)

 <State 22>: 8.74ns
The critical path consists of the following:
	'call' operation ('call_ret_i', sha256.cpp:192->sha256.cpp:153) to 'computeHashRound' [48]  (8.74 ns)

 <State 23>: 8.74ns
The critical path consists of the following:
	'call' operation ('call_ret_i', sha256.cpp:192->sha256.cpp:153) to 'computeHashRound' [48]  (8.74 ns)

 <State 24>: 8.74ns
The critical path consists of the following:
	'call' operation ('call_ret_i', sha256.cpp:192->sha256.cpp:153) to 'computeHashRound' [48]  (8.74 ns)

 <State 25>: 8.74ns
The critical path consists of the following:
	'call' operation ('call_ret_i', sha256.cpp:192->sha256.cpp:153) to 'computeHashRound' [48]  (8.74 ns)

 <State 26>: 8.74ns
The critical path consists of the following:
	'call' operation ('call_ret_i', sha256.cpp:192->sha256.cpp:153) to 'computeHashRound' [48]  (8.74 ns)

 <State 27>: 8.74ns
The critical path consists of the following:
	'call' operation ('call_ret_i', sha256.cpp:192->sha256.cpp:153) to 'computeHashRound' [48]  (8.74 ns)

 <State 28>: 8.74ns
The critical path consists of the following:
	'call' operation ('call_ret_i', sha256.cpp:192->sha256.cpp:153) to 'computeHashRound' [48]  (8.74 ns)

 <State 29>: 8.74ns
The critical path consists of the following:
	'call' operation ('call_ret_i', sha256.cpp:192->sha256.cpp:153) to 'computeHashRound' [48]  (8.74 ns)

 <State 30>: 8.74ns
The critical path consists of the following:
	'call' operation ('call_ret_i', sha256.cpp:192->sha256.cpp:153) to 'computeHashRound' [48]  (8.74 ns)

 <State 31>: 8.74ns
The critical path consists of the following:
	'call' operation ('call_ret_i', sha256.cpp:192->sha256.cpp:153) to 'computeHashRound' [48]  (8.74 ns)

 <State 32>: 8.74ns
The critical path consists of the following:
	'call' operation ('call_ret_i', sha256.cpp:192->sha256.cpp:153) to 'computeHashRound' [48]  (8.74 ns)

 <State 33>: 8.74ns
The critical path consists of the following:
	'call' operation ('call_ret_i', sha256.cpp:192->sha256.cpp:153) to 'computeHashRound' [48]  (8.74 ns)

 <State 34>: 8.74ns
The critical path consists of the following:
	'call' operation ('call_ret_i', sha256.cpp:192->sha256.cpp:153) to 'computeHashRound' [48]  (8.74 ns)

 <State 35>: 8.74ns
The critical path consists of the following:
	'call' operation ('call_ret_i', sha256.cpp:192->sha256.cpp:153) to 'computeHashRound' [48]  (8.74 ns)

 <State 36>: 8.74ns
The critical path consists of the following:
	'call' operation ('call_ret_i', sha256.cpp:192->sha256.cpp:153) to 'computeHashRound' [48]  (8.74 ns)

 <State 37>: 8.74ns
The critical path consists of the following:
	'call' operation ('call_ret_i', sha256.cpp:192->sha256.cpp:153) to 'computeHashRound' [48]  (8.74 ns)

 <State 38>: 8.74ns
The critical path consists of the following:
	'call' operation ('call_ret_i', sha256.cpp:192->sha256.cpp:153) to 'computeHashRound' [48]  (8.74 ns)

 <State 39>: 8.74ns
The critical path consists of the following:
	'call' operation ('call_ret_i', sha256.cpp:192->sha256.cpp:153) to 'computeHashRound' [48]  (8.74 ns)

 <State 40>: 8.74ns
The critical path consists of the following:
	'call' operation ('call_ret_i', sha256.cpp:192->sha256.cpp:153) to 'computeHashRound' [48]  (8.74 ns)

 <State 41>: 8.74ns
The critical path consists of the following:
	'call' operation ('call_ret_i', sha256.cpp:192->sha256.cpp:153) to 'computeHashRound' [48]  (8.74 ns)

 <State 42>: 8.74ns
The critical path consists of the following:
	'call' operation ('call_ret_i', sha256.cpp:192->sha256.cpp:153) to 'computeHashRound' [48]  (8.74 ns)

 <State 43>: 8.74ns
The critical path consists of the following:
	'call' operation ('call_ret_i', sha256.cpp:192->sha256.cpp:153) to 'computeHashRound' [48]  (8.74 ns)

 <State 44>: 8.74ns
The critical path consists of the following:
	'call' operation ('call_ret_i', sha256.cpp:192->sha256.cpp:153) to 'computeHashRound' [48]  (8.74 ns)

 <State 45>: 8.74ns
The critical path consists of the following:
	'call' operation ('call_ret_i', sha256.cpp:192->sha256.cpp:153) to 'computeHashRound' [48]  (8.74 ns)

 <State 46>: 8.74ns
The critical path consists of the following:
	'call' operation ('call_ret_i', sha256.cpp:192->sha256.cpp:153) to 'computeHashRound' [48]  (8.74 ns)

 <State 47>: 8.74ns
The critical path consists of the following:
	'call' operation ('call_ret_i', sha256.cpp:192->sha256.cpp:153) to 'computeHashRound' [48]  (8.74 ns)

 <State 48>: 8.74ns
The critical path consists of the following:
	'call' operation ('call_ret_i', sha256.cpp:192->sha256.cpp:153) to 'computeHashRound' [48]  (8.74 ns)

 <State 49>: 8.74ns
The critical path consists of the following:
	'call' operation ('call_ret_i', sha256.cpp:192->sha256.cpp:153) to 'computeHashRound' [48]  (8.74 ns)

 <State 50>: 8.74ns
The critical path consists of the following:
	'call' operation ('call_ret_i', sha256.cpp:192->sha256.cpp:153) to 'computeHashRound' [48]  (8.74 ns)

 <State 51>: 8.74ns
The critical path consists of the following:
	'call' operation ('call_ret_i', sha256.cpp:192->sha256.cpp:153) to 'computeHashRound' [48]  (8.74 ns)

 <State 52>: 8.74ns
The critical path consists of the following:
	'call' operation ('call_ret_i', sha256.cpp:192->sha256.cpp:153) to 'computeHashRound' [48]  (8.74 ns)

 <State 53>: 8.74ns
The critical path consists of the following:
	'call' operation ('call_ret_i', sha256.cpp:192->sha256.cpp:153) to 'computeHashRound' [48]  (8.74 ns)

 <State 54>: 8.74ns
The critical path consists of the following:
	'call' operation ('call_ret_i', sha256.cpp:192->sha256.cpp:153) to 'computeHashRound' [48]  (8.74 ns)

 <State 55>: 8.74ns
The critical path consists of the following:
	'call' operation ('call_ret_i', sha256.cpp:192->sha256.cpp:153) to 'computeHashRound' [48]  (8.74 ns)

 <State 56>: 8.74ns
The critical path consists of the following:
	'call' operation ('call_ret_i', sha256.cpp:192->sha256.cpp:153) to 'computeHashRound' [48]  (8.74 ns)

 <State 57>: 8.74ns
The critical path consists of the following:
	'call' operation ('call_ret_i', sha256.cpp:192->sha256.cpp:153) to 'computeHashRound' [48]  (8.74 ns)

 <State 58>: 8.74ns
The critical path consists of the following:
	'call' operation ('call_ret_i', sha256.cpp:192->sha256.cpp:153) to 'computeHashRound' [48]  (8.74 ns)

 <State 59>: 8.74ns
The critical path consists of the following:
	'call' operation ('call_ret_i', sha256.cpp:192->sha256.cpp:153) to 'computeHashRound' [48]  (8.74 ns)

 <State 60>: 8.74ns
The critical path consists of the following:
	'call' operation ('call_ret_i', sha256.cpp:192->sha256.cpp:153) to 'computeHashRound' [48]  (8.74 ns)

 <State 61>: 8.74ns
The critical path consists of the following:
	'call' operation ('call_ret_i', sha256.cpp:192->sha256.cpp:153) to 'computeHashRound' [48]  (8.74 ns)

 <State 62>: 8.74ns
The critical path consists of the following:
	'call' operation ('call_ret_i', sha256.cpp:192->sha256.cpp:153) to 'computeHashRound' [48]  (8.74 ns)

 <State 63>: 8.74ns
The critical path consists of the following:
	'call' operation ('call_ret_i', sha256.cpp:192->sha256.cpp:153) to 'computeHashRound' [48]  (8.74 ns)

 <State 64>: 8.74ns
The critical path consists of the following:
	'call' operation ('call_ret_i', sha256.cpp:192->sha256.cpp:153) to 'computeHashRound' [48]  (8.74 ns)

 <State 65>: 8.74ns
The critical path consists of the following:
	'call' operation ('call_ret_i', sha256.cpp:192->sha256.cpp:153) to 'computeHashRound' [48]  (8.74 ns)

 <State 66>: 8.74ns
The critical path consists of the following:
	'call' operation ('call_ret_i', sha256.cpp:192->sha256.cpp:153) to 'computeHashRound' [48]  (8.74 ns)

 <State 67>: 8.74ns
The critical path consists of the following:
	'call' operation ('call_ret_i', sha256.cpp:192->sha256.cpp:153) to 'computeHashRound' [48]  (8.74 ns)

 <State 68>: 8.74ns
The critical path consists of the following:
	'call' operation ('call_ret_i', sha256.cpp:192->sha256.cpp:153) to 'computeHashRound' [48]  (8.74 ns)

 <State 69>: 8.74ns
The critical path consists of the following:
	'call' operation ('call_ret_i', sha256.cpp:192->sha256.cpp:153) to 'computeHashRound' [48]  (8.74 ns)

 <State 70>: 8.74ns
The critical path consists of the following:
	'call' operation ('call_ret_i', sha256.cpp:192->sha256.cpp:153) to 'computeHashRound' [48]  (8.74 ns)

 <State 71>: 8.74ns
The critical path consists of the following:
	'call' operation ('call_ret_i', sha256.cpp:192->sha256.cpp:153) to 'computeHashRound' [48]  (8.74 ns)

 <State 72>: 8.74ns
The critical path consists of the following:
	'call' operation ('call_ret_i', sha256.cpp:192->sha256.cpp:153) to 'computeHashRound' [48]  (8.74 ns)

 <State 73>: 8.74ns
The critical path consists of the following:
	'call' operation ('call_ret_i', sha256.cpp:192->sha256.cpp:153) to 'computeHashRound' [48]  (8.74 ns)

 <State 74>: 8.74ns
The critical path consists of the following:
	'call' operation ('call_ret_i', sha256.cpp:192->sha256.cpp:153) to 'computeHashRound' [48]  (8.74 ns)

 <State 75>: 8.74ns
The critical path consists of the following:
	'call' operation ('call_ret_i', sha256.cpp:192->sha256.cpp:153) to 'computeHashRound' [48]  (8.74 ns)

 <State 76>: 8.74ns
The critical path consists of the following:
	'call' operation ('call_ret_i', sha256.cpp:192->sha256.cpp:153) to 'computeHashRound' [48]  (8.74 ns)

 <State 77>: 8.74ns
The critical path consists of the following:
	'call' operation ('call_ret_i', sha256.cpp:192->sha256.cpp:153) to 'computeHashRound' [48]  (8.74 ns)

 <State 78>: 8.74ns
The critical path consists of the following:
	'call' operation ('call_ret_i', sha256.cpp:192->sha256.cpp:153) to 'computeHashRound' [48]  (8.74 ns)

 <State 79>: 8.74ns
The critical path consists of the following:
	'call' operation ('call_ret_i', sha256.cpp:192->sha256.cpp:153) to 'computeHashRound' [48]  (8.74 ns)

 <State 80>: 8.74ns
The critical path consists of the following:
	'call' operation ('call_ret_i', sha256.cpp:192->sha256.cpp:153) to 'computeHashRound' [48]  (8.74 ns)

 <State 81>: 8.74ns
The critical path consists of the following:
	'call' operation ('call_ret_i', sha256.cpp:192->sha256.cpp:153) to 'computeHashRound' [48]  (8.74 ns)

 <State 82>: 8.74ns
The critical path consists of the following:
	'call' operation ('call_ret_i', sha256.cpp:192->sha256.cpp:153) to 'computeHashRound' [48]  (8.74 ns)

 <State 83>: 8.74ns
The critical path consists of the following:
	'call' operation ('call_ret_i', sha256.cpp:192->sha256.cpp:153) to 'computeHashRound' [48]  (8.74 ns)

 <State 84>: 8.74ns
The critical path consists of the following:
	'call' operation ('call_ret_i', sha256.cpp:192->sha256.cpp:153) to 'computeHashRound' [48]  (8.74 ns)

 <State 85>: 10.2ns
The critical path consists of the following:
	'call' operation ('call_ret_i', sha256.cpp:192->sha256.cpp:153) to 'computeHashRound' [48]  (6.92 ns)
	'phi' operation ('H[5].V') with incoming values : ('H[5].V', sha256.cpp:192->sha256.cpp:153) [34]  (0 ns)
	'call' operation ('call_ret_i', sha256.cpp:192->sha256.cpp:153) to 'computeHashRound' [48]  (3.25 ns)

 <State 86>: 0ns
The critical path consists of the following:


============================================================
+ Verbose Summary: Binding
============================================================
N/A
* FSMD analyzer results:
  - Output states:
 - Input state : 
  - Chain level:
	State 1
	State 2
	State 3
	State 4
	State 5
	State 6
	State 7
	State 8
	State 9
	State 10
	State 11
	State 12
	State 13
	State 14
	State 15
	State 16
	State 17
	State 18
	State 19
	State 20
	State 21
	State 22
	State 23
	State 24
	State 25
	State 26
	State 27
	State 28
	State 29
	State 30
	State 31
	State 32
	State 33
	State 34
	State 35
	State 36
	State 37
	State 38
	State 39
	State 40
	State 41
	State 42
	State 43
	State 44
	State 45
	State 46
	State 47
	State 48
	State 49
	State 50
	State 51
	State 52
	State 53
	State 54
	State 55
	State 56
	State 57
	State 58
	State 59
	State 60
	State 61
	State 62
	State 63
	State 64
	State 65
	State 66
	State 67
	State 68
	State 69
	State 70
	State 71
	State 72
	State 73
	State 74
	State 75
	State 76
	State 77
	State 78
	State 79
	State 80
	State 81
	State 82
	State 83
	State 84
	State 85
	State 86


============================================================
+ Verbose Summary: Datapath Resource usage 
============================================================
N/A
