

================================================================
== Vivado HLS Report for 'prepareMessage'
================================================================
* Date:           Sun Dec  1 12:23:41 2024

* Version:        2019.2 (Build 2704478 on Wed Nov 06 22:10:23 MST 2019)
* Project:        sha.prj
* Solution:       solution1
* Product family: zynq
* Target device:  xc7z020-clg484-1


================================================================
== Performance Estimates
================================================================
+ Timing: 
    * Summary: 
    +--------+----------+----------+------------+
    |  Clock |  Target  | Estimated| Uncertainty|
    +--------+----------+----------+------------+
    |ap_clk  | 10.00 ns | 8.228 ns |   1.25 ns  |
    +--------+----------+----------+------------+

+ Latency: 
    * Summary: 
    +---------+---------+----------+----------+-----+-----+---------+
    |  Latency (cycles) |  Latency (absolute) |  Interval | Pipeline|
    |   min   |   max   |    min   |    max   | min | max |   Type  |
    +---------+---------+----------+----------+-----+-----+---------+
    |        ?|        ?|         ?|         ?|    ?|    ?|   none  |
    +---------+---------+----------+----------+-----+-----+---------+

    + Detail: 
        * Instance: 
        N/A

        * Loop: 
        +-------------+---------+---------+----------+-----------+-----------+------+----------+
        |             |  Latency (cycles) | Iteration|  Initiation Interval  | Trip |          |
        |  Loop Name  |   min   |   max   |  Latency |  achieved |   target  | Count| Pipelined|
        +-------------+---------+---------+----------+-----------+-----------+------+----------+
        |- Loop 1     |       32|       32|         1|          -|          -|    32|    no    |
        |- Loop 2     |        ?|        ?|         2|          1|          1|     ?|    yes   |
        |- Loop 3     |        ?|        ?|         ?|          -|          -|    16|    no    |
        | + Loop 3.1  |        ?|        ?|         2|          -|          -|     ?|    no    |
        +-------------+---------+---------+----------+-----------+-----------+------+----------+



================================================================
== Utilization Estimates
================================================================
* Summary: 
+-----------------+---------+-------+--------+-------+-----+
|       Name      | BRAM_18K| DSP48E|   FF   |  LUT  | URAM|
+-----------------+---------+-------+--------+-------+-----+
|DSP              |        -|      -|       -|      -|    -|
|Expression       |        -|      -|       0|    831|    -|
|FIFO             |        -|      -|       -|      -|    -|
|Instance         |        -|      -|       -|      -|    -|
|Memory           |       32|      -|       0|      0|    0|
|Multiplexer      |        -|      -|       -|    667|    -|
|Register         |        -|      -|     396|      -|    -|
+-----------------+---------+-------+--------+-------+-----+
|Total            |       32|      0|     396|   1498|    0|
+-----------------+---------+-------+--------+-------+-----+
|Available        |      280|    220|  106400|  53200|    0|
+-----------------+---------+-------+--------+-------+-----+
|Utilization (%)  |       11|      0|   ~0   |      2|    0|
+-----------------+---------+-------+--------+-------+-----+

+ Detail: 
    * Instance: 
    N/A

    * DSP48E: 
    N/A

    * Memory: 
    +-------------+----------------------+---------+---+----+-----+-------+-----+------+-------------+
    |    Memory   |        Module        | BRAM_18K| FF| LUT| URAM| Words | Bits| Banks| W*Bits*Banks|
    +-------------+----------------------+---------+---+----+-----+-------+-----+------+-------------+
    |message_V_U  |prepareMessage_mebkb  |       32|  0|   0|    0|  10000|   32|     1|       320000|
    +-------------+----------------------+---------+---+----+-----+-------+-----+------+-------------+
    |Total        |                      |       32|  0|   0|    0|  10000|   32|     1|       320000|
    +-------------+----------------------+---------+---+----+-----+-------+-----+------+-------------+

    * FIFO: 
    N/A

    * Expression: 
    +-------------------------+----------+-------+---+-----+------------+------------+
    |      Variable Name      | Operation| DSP48E| FF| LUT | Bitwidth P0| Bitwidth P1|
    +-------------------------+----------+-------+---+-----+------------+------------+
    |add_ln80_fu_932_p2       |     +    |      0|  0|   32|          29|           6|
    |add_ln82_fu_917_p2       |     +    |      0|  0|   32|          29|           5|
    |add_ln85_fu_990_p2       |     +    |      0|  0|   32|          25|           1|
    |add_ln87_fu_1037_p2      |     +    |      0|  0|   39|          32|          32|
    |i_1_fu_769_p2            |     +    |      0|  0|   35|          28|           1|
    |i_2_fu_1010_p2           |     +    |      0|  0|   15|           5|           1|
    |i_fu_667_p2              |     +    |      0|  0|   15|           6|           1|
    |j_fu_1025_p2             |     +    |      0|  0|   39|          32|           1|
    |wordlength_fu_754_p2     |     +    |      0|  0|   36|           1|          29|
    |sub_ln67_1_fu_719_p2     |     -    |      0|  0|   35|           1|          28|
    |sub_ln67_fu_700_p2       |     -    |      0|  0|   39|           1|          32|
    |sub_ln75_1_fu_805_p2     |     -    |      0|  0|   15|           1|           6|
    |sub_ln75_fu_825_p2       |     -    |      0|  0|   15|           5|           6|
    |sub_ln79_fu_887_p2       |     -    |      0|  0|   36|           1|          29|
    |sub_ln80_fu_937_p2       |     -    |      0|  0|   32|          29|          29|
    |sub_ln82_fu_922_p2       |     -    |      0|  0|   32|          29|          29|
    |sub_ln85_fu_960_p2       |     -    |      0|  0|   31|           1|          24|
    |icmp_ln59_fu_661_p2      |   icmp   |      0|  0|   11|           6|           7|
    |icmp_ln69_fu_764_p2      |   icmp   |      0|  0|   18|          29|          29|
    |icmp_ln74_fu_783_p2      |   icmp   |      0|  0|   11|           5|           1|
    |icmp_ln79_1_fu_905_p2    |   icmp   |      0|  0|   11|           5|           4|
    |icmp_ln79_fu_847_p2      |   icmp   |      0|  0|    9|           4|           2|
    |icmp_ln84_fu_1004_p2     |   icmp   |      0|  0|   11|           5|           6|
    |icmp_ln85_fu_1020_p2     |   icmp   |      0|  0|   18|          32|          32|
    |ap_block_state1          |    or    |      0|  0|    2|           1|           1|
    |or_ln718_fu_841_p2       |    or    |      0|  0|   32|          32|          32|
    |or_ln79_fu_911_p2        |    or    |      0|  0|    2|           1|           1|
    |select_ln67_fu_738_p3    |  select  |      0|  0|   28|           1|          28|
    |select_ln75_fu_818_p3    |  select  |      0|  0|    6|           1|           6|
    |select_ln79_fu_893_p3    |  select  |      0|  0|   29|           1|          29|
    |select_ln85_fu_979_p3    |  select  |      0|  0|   24|           1|          24|
    |shl_ln75_fu_835_p2       |    shl   |      0|  0|  101|           1|          32|
    |ap_enable_pp0            |    xor   |      0|  0|    2|           1|           2|
    |ap_enable_reg_pp0_iter1  |    xor   |      0|  0|    2|           2|           1|
    |xor_ln79_fu_873_p2       |    xor   |      0|  0|    4|           4|           2|
    +-------------------------+----------+-------+---+-----+------------+------------+
    |Total                    |          |      0|  0|  831|         387|         499|
    +-------------------------+----------+-------+---+-----+------------+------------+

    * Multiplexer: 
    +-------------------------+----+-----------+-----+-----------+
    |           Name          | LUT| Input Size| Bits| Total Bits|
    +-------------------------+----+-----------+-----+-----------+
    |M_0_V_address0           |  15|          3|    5|         15|
    |M_0_V_d0                 |  15|          3|   32|         96|
    |M_10_V_address0          |  15|          3|    5|         15|
    |M_10_V_d0                |  15|          3|   32|         96|
    |M_11_V_address0          |  15|          3|    5|         15|
    |M_11_V_d0                |  15|          3|   32|         96|
    |M_12_V_address0          |  15|          3|    5|         15|
    |M_12_V_d0                |  15|          3|   32|         96|
    |M_13_V_address0          |  15|          3|    5|         15|
    |M_13_V_d0                |  15|          3|   32|         96|
    |M_14_V_address0          |  15|          3|    5|         15|
    |M_14_V_d0                |  15|          3|   32|         96|
    |M_15_V_address0          |  15|          3|    5|         15|
    |M_15_V_d0                |  15|          3|   32|         96|
    |M_1_V_address0           |  15|          3|    5|         15|
    |M_1_V_d0                 |  15|          3|   32|         96|
    |M_2_V_address0           |  15|          3|    5|         15|
    |M_2_V_d0                 |  15|          3|   32|         96|
    |M_3_V_address0           |  15|          3|    5|         15|
    |M_3_V_d0                 |  15|          3|   32|         96|
    |M_4_V_address0           |  15|          3|    5|         15|
    |M_4_V_d0                 |  15|          3|   32|         96|
    |M_5_V_address0           |  15|          3|    5|         15|
    |M_5_V_d0                 |  15|          3|   32|         96|
    |M_6_V_address0           |  15|          3|    5|         15|
    |M_6_V_d0                 |  15|          3|   32|         96|
    |M_7_V_address0           |  15|          3|    5|         15|
    |M_7_V_d0                 |  15|          3|   32|         96|
    |M_8_V_address0           |  15|          3|    5|         15|
    |M_8_V_d0                 |  15|          3|   32|         96|
    |M_9_V_address0           |  15|          3|    5|         15|
    |M_9_V_d0                 |  15|          3|   32|         96|
    |ap_NS_fsm                |  50|         11|    1|         11|
    |ap_done                  |   9|          2|    1|          2|
    |ap_enable_reg_pp0_iter1  |  15|          3|    1|          3|
    |bitlength_out_blk_n      |   9|          2|    1|          2|
    |i1_0_i_reg_627           |   9|          2|   28|         56|
    |i2_0_i_reg_638           |   9|          2|    5|         10|
    |i_0_i_reg_616            |   9|          2|    6|         12|
    |j3_0_i_reg_649           |   9|          2|   32|         64|
    |message_V_address0       |  41|          8|   14|        112|
    |message_V_d0             |  27|          5|   32|        160|
    +-------------------------+----+-----------+-----+-----------+
    |Total                    | 667|        135|  713|       2208|
    +-------------------------+----+-----------+-----+-----------+

    * Register: 
    +---------------------------+----+----+-----+-----------+
    |            Name           | FF | LUT| Bits| Const Bits|
    +---------------------------+----+----+-----+-----------+
    |ap_CS_fsm                  |  10|   0|   10|          0|
    |ap_done_reg                |   1|   0|    1|          0|
    |ap_enable_reg_pp0_iter0    |   1|   0|    1|          0|
    |ap_enable_reg_pp0_iter1    |   1|   0|    1|          0|
    |i1_0_i_reg_627             |  28|   0|   28|          0|
    |i2_0_i_reg_638             |   5|   0|    5|          0|
    |i_0_i_reg_616              |   6|   0|    6|          0|
    |i_2_reg_1183               |   5|   0|    5|          0|
    |icmp_ln69_reg_1122         |   1|   0|    1|          0|
    |icmp_ln74_reg_1146         |   1|   0|    1|          0|
    |j3_0_i_reg_649             |  32|   0|   32|          0|
    |j_reg_1195                 |  32|   0|   32|          0|
    |message_V_addr_2_reg_1150  |  14|   0|   14|          0|
    |or_ln718_reg_1155          |  32|   0|   32|          0|
    |or_ln79_reg_1166           |   1|   0|    1|          0|
    |select_ln67_reg_1098       |  28|   0|   28|          0|
    |select_ln79_reg_1160       |  29|   0|   29|          0|
    |sext_ln67_reg_1104         |  29|   0|   29|          0|
    |sext_ln85_1_reg_1170       |  32|   0|   32|          0|
    |sub_ln67_reg_1092          |  32|   0|   32|          0|
    |tmp_2_reg_1086             |   1|   0|    1|          0|
    |trunc_ln321_reg_1188       |   4|   0|    4|          0|
    |trunc_ln67_reg_1110        |   4|   0|    4|          0|
    |trunc_ln74_reg_1141        |   5|   0|    5|          0|
    |wordlength_reg_1115        |  29|   0|   29|          0|
    |zext_ln71_reg_1131         |  28|   0|   64|         36|
    |zext_ln84_reg_1175         |   5|   0|   32|         27|
    +---------------------------+----+----+-----+-----------+
    |Total                      | 396|   0|  459|         63|
    +---------------------------+----+----+-----+-----------+



================================================================
== Interface
================================================================
* Summary: 
+----------------------+-----+-----+------------+----------------+--------------+
|       RTL Ports      | Dir | Bits|  Protocol  |  Source Object |    C Type    |
+----------------------+-----+-----+------------+----------------+--------------+
|ap_clk                |  in |    1| ap_ctrl_hs | prepareMessage | return value |
|ap_rst                |  in |    1| ap_ctrl_hs | prepareMessage | return value |
|ap_start              |  in |    1| ap_ctrl_hs | prepareMessage | return value |
|ap_done               | out |    1| ap_ctrl_hs | prepareMessage | return value |
|ap_continue           |  in |    1| ap_ctrl_hs | prepareMessage | return value |
|ap_idle               | out |    1| ap_ctrl_hs | prepareMessage | return value |
|ap_ready              | out |    1| ap_ctrl_hs | prepareMessage | return value |
|input_V_address0      | out |    5|  ap_memory |     input_V    |     array    |
|input_V_ce0           | out |    1|  ap_memory |     input_V    |     array    |
|input_V_q0            |  in |   32|  ap_memory |     input_V    |     array    |
|bitlength             |  in |   32|   ap_none  |    bitlength   |    scalar    |
|M_0_V_address0        | out |    5|  ap_memory |      M_0_V     |     array    |
|M_0_V_ce0             | out |    1|  ap_memory |      M_0_V     |     array    |
|M_0_V_we0             | out |    1|  ap_memory |      M_0_V     |     array    |
|M_0_V_d0              | out |   32|  ap_memory |      M_0_V     |     array    |
|M_1_V_address0        | out |    5|  ap_memory |      M_1_V     |     array    |
|M_1_V_ce0             | out |    1|  ap_memory |      M_1_V     |     array    |
|M_1_V_we0             | out |    1|  ap_memory |      M_1_V     |     array    |
|M_1_V_d0              | out |   32|  ap_memory |      M_1_V     |     array    |
|M_2_V_address0        | out |    5|  ap_memory |      M_2_V     |     array    |
|M_2_V_ce0             | out |    1|  ap_memory |      M_2_V     |     array    |
|M_2_V_we0             | out |    1|  ap_memory |      M_2_V     |     array    |
|M_2_V_d0              | out |   32|  ap_memory |      M_2_V     |     array    |
|M_3_V_address0        | out |    5|  ap_memory |      M_3_V     |     array    |
|M_3_V_ce0             | out |    1|  ap_memory |      M_3_V     |     array    |
|M_3_V_we0             | out |    1|  ap_memory |      M_3_V     |     array    |
|M_3_V_d0              | out |   32|  ap_memory |      M_3_V     |     array    |
|M_4_V_address0        | out |    5|  ap_memory |      M_4_V     |     array    |
|M_4_V_ce0             | out |    1|  ap_memory |      M_4_V     |     array    |
|M_4_V_we0             | out |    1|  ap_memory |      M_4_V     |     array    |
|M_4_V_d0              | out |   32|  ap_memory |      M_4_V     |     array    |
|M_5_V_address0        | out |    5|  ap_memory |      M_5_V     |     array    |
|M_5_V_ce0             | out |    1|  ap_memory |      M_5_V     |     array    |
|M_5_V_we0             | out |    1|  ap_memory |      M_5_V     |     array    |
|M_5_V_d0              | out |   32|  ap_memory |      M_5_V     |     array    |
|M_6_V_address0        | out |    5|  ap_memory |      M_6_V     |     array    |
|M_6_V_ce0             | out |    1|  ap_memory |      M_6_V     |     array    |
|M_6_V_we0             | out |    1|  ap_memory |      M_6_V     |     array    |
|M_6_V_d0              | out |   32|  ap_memory |      M_6_V     |     array    |
|M_7_V_address0        | out |    5|  ap_memory |      M_7_V     |     array    |
|M_7_V_ce0             | out |    1|  ap_memory |      M_7_V     |     array    |
|M_7_V_we0             | out |    1|  ap_memory |      M_7_V     |     array    |
|M_7_V_d0              | out |   32|  ap_memory |      M_7_V     |     array    |
|M_8_V_address0        | out |    5|  ap_memory |      M_8_V     |     array    |
|M_8_V_ce0             | out |    1|  ap_memory |      M_8_V     |     array    |
|M_8_V_we0             | out |    1|  ap_memory |      M_8_V     |     array    |
|M_8_V_d0              | out |   32|  ap_memory |      M_8_V     |     array    |
|M_9_V_address0        | out |    5|  ap_memory |      M_9_V     |     array    |
|M_9_V_ce0             | out |    1|  ap_memory |      M_9_V     |     array    |
|M_9_V_we0             | out |    1|  ap_memory |      M_9_V     |     array    |
|M_9_V_d0              | out |   32|  ap_memory |      M_9_V     |     array    |
|M_10_V_address0       | out |    5|  ap_memory |     M_10_V     |     array    |
|M_10_V_ce0            | out |    1|  ap_memory |     M_10_V     |     array    |
|M_10_V_we0            | out |    1|  ap_memory |     M_10_V     |     array    |
|M_10_V_d0             | out |   32|  ap_memory |     M_10_V     |     array    |
|M_11_V_address0       | out |    5|  ap_memory |     M_11_V     |     array    |
|M_11_V_ce0            | out |    1|  ap_memory |     M_11_V     |     array    |
|M_11_V_we0            | out |    1|  ap_memory |     M_11_V     |     array    |
|M_11_V_d0             | out |   32|  ap_memory |     M_11_V     |     array    |
|M_12_V_address0       | out |    5|  ap_memory |     M_12_V     |     array    |
|M_12_V_ce0            | out |    1|  ap_memory |     M_12_V     |     array    |
|M_12_V_we0            | out |    1|  ap_memory |     M_12_V     |     array    |
|M_12_V_d0             | out |   32|  ap_memory |     M_12_V     |     array    |
|M_13_V_address0       | out |    5|  ap_memory |     M_13_V     |     array    |
|M_13_V_ce0            | out |    1|  ap_memory |     M_13_V     |     array    |
|M_13_V_we0            | out |    1|  ap_memory |     M_13_V     |     array    |
|M_13_V_d0             | out |   32|  ap_memory |     M_13_V     |     array    |
|M_14_V_address0       | out |    5|  ap_memory |     M_14_V     |     array    |
|M_14_V_ce0            | out |    1|  ap_memory |     M_14_V     |     array    |
|M_14_V_we0            | out |    1|  ap_memory |     M_14_V     |     array    |
|M_14_V_d0             | out |   32|  ap_memory |     M_14_V     |     array    |
|M_15_V_address0       | out |    5|  ap_memory |     M_15_V     |     array    |
|M_15_V_ce0            | out |    1|  ap_memory |     M_15_V     |     array    |
|M_15_V_we0            | out |    1|  ap_memory |     M_15_V     |     array    |
|M_15_V_d0             | out |   32|  ap_memory |     M_15_V     |     array    |
|bitlength_out_din     | out |   32|   ap_fifo  |  bitlength_out |    pointer   |
|bitlength_out_full_n  |  in |    1|   ap_fifo  |  bitlength_out |    pointer   |
|bitlength_out_write   | out |    1|   ap_fifo  |  bitlength_out |    pointer   |
+----------------------+-----+-----+------------+----------------+--------------+

============================================================
+ Verbose Summary: Synthesis Manager
============================================================
InlineROM: 1
ExposeGlobal: 0
============================================================
+ Verbose Summary: CDFG Model
============================================================
IsTopModel: 0
ResetActiveHigh: 1
IsCombinational: 2
IsDatapathOnly: 0
HasWiredReturn: 1
HasMFsm: 0
HasVarLatency: 1
IsPipeline: 0
IsRtlPipelined: 0
IsInstanceOverlapped: 0
IsDontTouch: 0
HasImplIP: 0
IsGatedGlobalClock: 0

+ Individual pipeline summary: 
  * Pipeline-0: initiation interval (II) = 1, depth = 2


============================================================
+ Verbose Summary: Schedule
============================================================
* Number of FSM states : 11
* Pipeline : 1
  Pipeline-0 : II = 1, D = 2, States = { 3 4 }
* Dataflow Pipeline: 0

* FSM state transitions: 
1 --> 2 
2 --> 2 3 
3 --> 5 4 
4 --> 3 
5 --> 6 7 
6 --> 7 
7 --> 8 
8 --> 9 
9 --> 10 
10 --> 11 9 
11 --> 10 

* FSM state operations: 

State 1 <SV = 0> <Delay = 3.63>
ST_1 : Operation 12 [1/1] (0.00ns)   --->   "%bitlength_read = call i32 @_ssdm_op_Read.ap_auto.i32(i32 %bitlength)"   --->   Operation 12 'read' 'bitlength_read' <Predicate = true> <Delay = 0.00>
ST_1 : Operation 13 [1/1] (3.25ns)   --->   "%message_V = alloca [10000 x i32], align 4" [sha256.cpp:66->sha256.cpp:154]   --->   Operation 13 'alloca' 'message_V' <Predicate = true> <Delay = 3.25> <Core = "RAM">   --->   Core 37 'RAM' <Latency = 1> <II = 1> <Delay = 3.25> <Storage> <Opcode : 'load' 'store'> <Ports = 2> <Width = 32> <Depth = 10000> <RAM>
ST_1 : Operation 14 [1/1] (0.00ns)   --->   "%empty = call i32 (...)* @_ssdm_op_SpecInterface(i32* %bitlength_out, [8 x i8]* @ap_fifo_str, i32 0, i32 0, [1 x i8]* @p_str, i32 0, i32 0, [1 x i8]* @p_str, [1 x i8]* @p_str, [1 x i8]* @p_str, i32 2, i32 2, i32 16, i32 16, [1 x i8]* @p_str, [11 x i8]* @ScalarProp_str)"   --->   Operation 14 'specinterface' 'empty' <Predicate = true> <Delay = 0.00>
ST_1 : Operation 15 [1/1] (3.63ns)   --->   "call void @_ssdm_op_Write.ap_fifo.i32P(i32* %bitlength_out, i32 %bitlength_read)" [sha256.cpp:154]   --->   Operation 15 'write' <Predicate = true> <Delay = 3.63> <Core = "FIFO">   --->   Core 32 'FIFO' <Latency = 0> <II = 1> <Delay = 3.63> <Storage> <Opcode : 'read' 'write' 'nbread' 'nbwrite'> <Ports = 0> <Width = 32> <Depth = 2> <FIFO>
ST_1 : Operation 16 [1/1] (1.76ns)   --->   "br label %0" [sha256.cpp:59->sha256.cpp:154]   --->   Operation 16 'br' <Predicate = true> <Delay = 1.76>

State 2 <SV = 1> <Delay = 8.22>
ST_2 : Operation 17 [1/1] (0.00ns)   --->   "%i_0_i = phi i6 [ 0, %entry ], [ %i, %.preheader55.preheader.i ]"   --->   Operation 17 'phi' 'i_0_i' <Predicate = true> <Delay = 0.00>
ST_2 : Operation 18 [1/1] (1.42ns)   --->   "%icmp_ln59 = icmp eq i6 %i_0_i, -32" [sha256.cpp:59->sha256.cpp:154]   --->   Operation 18 'icmp' 'icmp_ln59' <Predicate = true> <Delay = 1.42> <Core = "Cmp">   --->   Core 25 'Cmp' <Latency = 0> <II = 1> <Delay = 2.47> <FuncUnit> <Opcode : 'icmp'> <InPorts = 2> <OutPorts = 1>
ST_2 : Operation 19 [1/1] (0.00ns)   --->   "%empty_6 = call i32 (...)* @_ssdm_op_SpecLoopTripCount(i64 32, i64 32, i64 32)"   --->   Operation 19 'speclooptripcount' 'empty_6' <Predicate = true> <Delay = 0.00>
ST_2 : Operation 20 [1/1] (1.82ns)   --->   "%i = add i6 %i_0_i, 1" [sha256.cpp:59->sha256.cpp:154]   --->   Operation 20 'add' 'i' <Predicate = true> <Delay = 1.82> <Core = "AddSub">   --->   Core 14 'AddSub' <Latency = 0> <II = 1> <Delay = 2.46> <FuncUnit> <Opcode : 'add' 'sub'> <InPorts = 2> <OutPorts = 1>
ST_2 : Operation 21 [1/1] (0.00ns)   --->   "br i1 %icmp_ln59, label %.preheader54.preheader.i, label %.preheader55.preheader.i" [sha256.cpp:59->sha256.cpp:154]   --->   Operation 21 'br' <Predicate = true> <Delay = 0.00>
ST_2 : Operation 22 [1/1] (0.00ns)   --->   "%zext_ln62 = zext i6 %i_0_i to i64" [sha256.cpp:62->sha256.cpp:154]   --->   Operation 22 'zext' 'zext_ln62' <Predicate = (!icmp_ln59)> <Delay = 0.00>
ST_2 : Operation 23 [1/1] (0.00ns)   --->   "%M_0_V_addr = getelementptr [32 x i32]* %M_0_V, i64 0, i64 %zext_ln62" [sha256.cpp:62->sha256.cpp:154]   --->   Operation 23 'getelementptr' 'M_0_V_addr' <Predicate = (!icmp_ln59)> <Delay = 0.00>
ST_2 : Operation 24 [1/1] (3.25ns)   --->   "store i32 0, i32* %M_0_V_addr, align 4" [sha256.cpp:62->sha256.cpp:154]   --->   Operation 24 'store' <Predicate = (!icmp_ln59)> <Delay = 3.25> <Core = "RAM">   --->   Core 37 'RAM' <Latency = 1> <II = 1> <Delay = 3.25> <Storage> <Opcode : 'load' 'store'> <Ports = 2> <Width = 32> <Depth = 10000> <RAM>
ST_2 : Operation 25 [1/1] (0.00ns)   --->   "%M_1_V_addr = getelementptr [32 x i32]* %M_1_V, i64 0, i64 %zext_ln62" [sha256.cpp:62->sha256.cpp:154]   --->   Operation 25 'getelementptr' 'M_1_V_addr' <Predicate = (!icmp_ln59)> <Delay = 0.00>
ST_2 : Operation 26 [1/1] (3.25ns)   --->   "store i32 0, i32* %M_1_V_addr, align 4" [sha256.cpp:62->sha256.cpp:154]   --->   Operation 26 'store' <Predicate = (!icmp_ln59)> <Delay = 3.25> <Core = "RAM">   --->   Core 37 'RAM' <Latency = 1> <II = 1> <Delay = 3.25> <Storage> <Opcode : 'load' 'store'> <Ports = 2> <Width = 32> <Depth = 10000> <RAM>
ST_2 : Operation 27 [1/1] (0.00ns)   --->   "%M_2_V_addr = getelementptr [32 x i32]* %M_2_V, i64 0, i64 %zext_ln62" [sha256.cpp:62->sha256.cpp:154]   --->   Operation 27 'getelementptr' 'M_2_V_addr' <Predicate = (!icmp_ln59)> <Delay = 0.00>
ST_2 : Operation 28 [1/1] (3.25ns)   --->   "store i32 0, i32* %M_2_V_addr, align 4" [sha256.cpp:62->sha256.cpp:154]   --->   Operation 28 'store' <Predicate = (!icmp_ln59)> <Delay = 3.25> <Core = "RAM">   --->   Core 37 'RAM' <Latency = 1> <II = 1> <Delay = 3.25> <Storage> <Opcode : 'load' 'store'> <Ports = 2> <Width = 32> <Depth = 10000> <RAM>
ST_2 : Operation 29 [1/1] (0.00ns)   --->   "%M_3_V_addr = getelementptr [32 x i32]* %M_3_V, i64 0, i64 %zext_ln62" [sha256.cpp:62->sha256.cpp:154]   --->   Operation 29 'getelementptr' 'M_3_V_addr' <Predicate = (!icmp_ln59)> <Delay = 0.00>
ST_2 : Operation 30 [1/1] (3.25ns)   --->   "store i32 0, i32* %M_3_V_addr, align 4" [sha256.cpp:62->sha256.cpp:154]   --->   Operation 30 'store' <Predicate = (!icmp_ln59)> <Delay = 3.25> <Core = "RAM">   --->   Core 37 'RAM' <Latency = 1> <II = 1> <Delay = 3.25> <Storage> <Opcode : 'load' 'store'> <Ports = 2> <Width = 32> <Depth = 10000> <RAM>
ST_2 : Operation 31 [1/1] (0.00ns)   --->   "%M_4_V_addr = getelementptr [32 x i32]* %M_4_V, i64 0, i64 %zext_ln62" [sha256.cpp:62->sha256.cpp:154]   --->   Operation 31 'getelementptr' 'M_4_V_addr' <Predicate = (!icmp_ln59)> <Delay = 0.00>
ST_2 : Operation 32 [1/1] (3.25ns)   --->   "store i32 0, i32* %M_4_V_addr, align 4" [sha256.cpp:62->sha256.cpp:154]   --->   Operation 32 'store' <Predicate = (!icmp_ln59)> <Delay = 3.25> <Core = "RAM">   --->   Core 37 'RAM' <Latency = 1> <II = 1> <Delay = 3.25> <Storage> <Opcode : 'load' 'store'> <Ports = 2> <Width = 32> <Depth = 10000> <RAM>
ST_2 : Operation 33 [1/1] (0.00ns)   --->   "%M_5_V_addr = getelementptr [32 x i32]* %M_5_V, i64 0, i64 %zext_ln62" [sha256.cpp:62->sha256.cpp:154]   --->   Operation 33 'getelementptr' 'M_5_V_addr' <Predicate = (!icmp_ln59)> <Delay = 0.00>
ST_2 : Operation 34 [1/1] (3.25ns)   --->   "store i32 0, i32* %M_5_V_addr, align 4" [sha256.cpp:62->sha256.cpp:154]   --->   Operation 34 'store' <Predicate = (!icmp_ln59)> <Delay = 3.25> <Core = "RAM">   --->   Core 37 'RAM' <Latency = 1> <II = 1> <Delay = 3.25> <Storage> <Opcode : 'load' 'store'> <Ports = 2> <Width = 32> <Depth = 10000> <RAM>
ST_2 : Operation 35 [1/1] (0.00ns)   --->   "%M_6_V_addr = getelementptr [32 x i32]* %M_6_V, i64 0, i64 %zext_ln62" [sha256.cpp:62->sha256.cpp:154]   --->   Operation 35 'getelementptr' 'M_6_V_addr' <Predicate = (!icmp_ln59)> <Delay = 0.00>
ST_2 : Operation 36 [1/1] (3.25ns)   --->   "store i32 0, i32* %M_6_V_addr, align 4" [sha256.cpp:62->sha256.cpp:154]   --->   Operation 36 'store' <Predicate = (!icmp_ln59)> <Delay = 3.25> <Core = "RAM">   --->   Core 37 'RAM' <Latency = 1> <II = 1> <Delay = 3.25> <Storage> <Opcode : 'load' 'store'> <Ports = 2> <Width = 32> <Depth = 10000> <RAM>
ST_2 : Operation 37 [1/1] (0.00ns)   --->   "%M_7_V_addr = getelementptr [32 x i32]* %M_7_V, i64 0, i64 %zext_ln62" [sha256.cpp:62->sha256.cpp:154]   --->   Operation 37 'getelementptr' 'M_7_V_addr' <Predicate = (!icmp_ln59)> <Delay = 0.00>
ST_2 : Operation 38 [1/1] (3.25ns)   --->   "store i32 0, i32* %M_7_V_addr, align 4" [sha256.cpp:62->sha256.cpp:154]   --->   Operation 38 'store' <Predicate = (!icmp_ln59)> <Delay = 3.25> <Core = "RAM">   --->   Core 37 'RAM' <Latency = 1> <II = 1> <Delay = 3.25> <Storage> <Opcode : 'load' 'store'> <Ports = 2> <Width = 32> <Depth = 10000> <RAM>
ST_2 : Operation 39 [1/1] (0.00ns)   --->   "%M_8_V_addr = getelementptr [32 x i32]* %M_8_V, i64 0, i64 %zext_ln62" [sha256.cpp:62->sha256.cpp:154]   --->   Operation 39 'getelementptr' 'M_8_V_addr' <Predicate = (!icmp_ln59)> <Delay = 0.00>
ST_2 : Operation 40 [1/1] (3.25ns)   --->   "store i32 0, i32* %M_8_V_addr, align 4" [sha256.cpp:62->sha256.cpp:154]   --->   Operation 40 'store' <Predicate = (!icmp_ln59)> <Delay = 3.25> <Core = "RAM">   --->   Core 37 'RAM' <Latency = 1> <II = 1> <Delay = 3.25> <Storage> <Opcode : 'load' 'store'> <Ports = 2> <Width = 32> <Depth = 10000> <RAM>
ST_2 : Operation 41 [1/1] (0.00ns)   --->   "%M_9_V_addr = getelementptr [32 x i32]* %M_9_V, i64 0, i64 %zext_ln62" [sha256.cpp:62->sha256.cpp:154]   --->   Operation 41 'getelementptr' 'M_9_V_addr' <Predicate = (!icmp_ln59)> <Delay = 0.00>
ST_2 : Operation 42 [1/1] (3.25ns)   --->   "store i32 0, i32* %M_9_V_addr, align 4" [sha256.cpp:62->sha256.cpp:154]   --->   Operation 42 'store' <Predicate = (!icmp_ln59)> <Delay = 3.25> <Core = "RAM">   --->   Core 37 'RAM' <Latency = 1> <II = 1> <Delay = 3.25> <Storage> <Opcode : 'load' 'store'> <Ports = 2> <Width = 32> <Depth = 10000> <RAM>
ST_2 : Operation 43 [1/1] (0.00ns)   --->   "%M_10_V_addr = getelementptr [32 x i32]* %M_10_V, i64 0, i64 %zext_ln62" [sha256.cpp:62->sha256.cpp:154]   --->   Operation 43 'getelementptr' 'M_10_V_addr' <Predicate = (!icmp_ln59)> <Delay = 0.00>
ST_2 : Operation 44 [1/1] (3.25ns)   --->   "store i32 0, i32* %M_10_V_addr, align 4" [sha256.cpp:62->sha256.cpp:154]   --->   Operation 44 'store' <Predicate = (!icmp_ln59)> <Delay = 3.25> <Core = "RAM">   --->   Core 37 'RAM' <Latency = 1> <II = 1> <Delay = 3.25> <Storage> <Opcode : 'load' 'store'> <Ports = 2> <Width = 32> <Depth = 10000> <RAM>
ST_2 : Operation 45 [1/1] (0.00ns)   --->   "%M_11_V_addr = getelementptr [32 x i32]* %M_11_V, i64 0, i64 %zext_ln62" [sha256.cpp:62->sha256.cpp:154]   --->   Operation 45 'getelementptr' 'M_11_V_addr' <Predicate = (!icmp_ln59)> <Delay = 0.00>
ST_2 : Operation 46 [1/1] (3.25ns)   --->   "store i32 0, i32* %M_11_V_addr, align 4" [sha256.cpp:62->sha256.cpp:154]   --->   Operation 46 'store' <Predicate = (!icmp_ln59)> <Delay = 3.25> <Core = "RAM">   --->   Core 37 'RAM' <Latency = 1> <II = 1> <Delay = 3.25> <Storage> <Opcode : 'load' 'store'> <Ports = 2> <Width = 32> <Depth = 10000> <RAM>
ST_2 : Operation 47 [1/1] (0.00ns)   --->   "%M_12_V_addr = getelementptr [32 x i32]* %M_12_V, i64 0, i64 %zext_ln62" [sha256.cpp:62->sha256.cpp:154]   --->   Operation 47 'getelementptr' 'M_12_V_addr' <Predicate = (!icmp_ln59)> <Delay = 0.00>
ST_2 : Operation 48 [1/1] (3.25ns)   --->   "store i32 0, i32* %M_12_V_addr, align 4" [sha256.cpp:62->sha256.cpp:154]   --->   Operation 48 'store' <Predicate = (!icmp_ln59)> <Delay = 3.25> <Core = "RAM">   --->   Core 37 'RAM' <Latency = 1> <II = 1> <Delay = 3.25> <Storage> <Opcode : 'load' 'store'> <Ports = 2> <Width = 32> <Depth = 10000> <RAM>
ST_2 : Operation 49 [1/1] (0.00ns)   --->   "%M_13_V_addr = getelementptr [32 x i32]* %M_13_V, i64 0, i64 %zext_ln62" [sha256.cpp:62->sha256.cpp:154]   --->   Operation 49 'getelementptr' 'M_13_V_addr' <Predicate = (!icmp_ln59)> <Delay = 0.00>
ST_2 : Operation 50 [1/1] (3.25ns)   --->   "store i32 0, i32* %M_13_V_addr, align 4" [sha256.cpp:62->sha256.cpp:154]   --->   Operation 50 'store' <Predicate = (!icmp_ln59)> <Delay = 3.25> <Core = "RAM">   --->   Core 37 'RAM' <Latency = 1> <II = 1> <Delay = 3.25> <Storage> <Opcode : 'load' 'store'> <Ports = 2> <Width = 32> <Depth = 10000> <RAM>
ST_2 : Operation 51 [1/1] (0.00ns)   --->   "%M_14_V_addr = getelementptr [32 x i32]* %M_14_V, i64 0, i64 %zext_ln62" [sha256.cpp:62->sha256.cpp:154]   --->   Operation 51 'getelementptr' 'M_14_V_addr' <Predicate = (!icmp_ln59)> <Delay = 0.00>
ST_2 : Operation 52 [1/1] (3.25ns)   --->   "store i32 0, i32* %M_14_V_addr, align 4" [sha256.cpp:62->sha256.cpp:154]   --->   Operation 52 'store' <Predicate = (!icmp_ln59)> <Delay = 3.25> <Core = "RAM">   --->   Core 37 'RAM' <Latency = 1> <II = 1> <Delay = 3.25> <Storage> <Opcode : 'load' 'store'> <Ports = 2> <Width = 32> <Depth = 10000> <RAM>
ST_2 : Operation 53 [1/1] (0.00ns)   --->   "%M_15_V_addr = getelementptr [32 x i32]* %M_15_V, i64 0, i64 %zext_ln62" [sha256.cpp:62->sha256.cpp:154]   --->   Operation 53 'getelementptr' 'M_15_V_addr' <Predicate = (!icmp_ln59)> <Delay = 0.00>
ST_2 : Operation 54 [1/1] (3.25ns)   --->   "store i32 0, i32* %M_15_V_addr, align 4" [sha256.cpp:62->sha256.cpp:154]   --->   Operation 54 'store' <Predicate = (!icmp_ln59)> <Delay = 3.25> <Core = "RAM">   --->   Core 37 'RAM' <Latency = 1> <II = 1> <Delay = 3.25> <Storage> <Opcode : 'load' 'store'> <Ports = 2> <Width = 32> <Depth = 10000> <RAM>
ST_2 : Operation 55 [1/1] (0.00ns)   --->   "br label %0" [sha256.cpp:59->sha256.cpp:154]   --->   Operation 55 'br' <Predicate = (!icmp_ln59)> <Delay = 0.00>
ST_2 : Operation 56 [1/1] (0.00ns)   --->   "%tmp_2 = call i1 @_ssdm_op_BitSelect.i1.i32.i32(i32 %bitlength_read, i32 31)" [sha256.cpp:67->sha256.cpp:154]   --->   Operation 56 'bitselect' 'tmp_2' <Predicate = (icmp_ln59)> <Delay = 0.00>
ST_2 : Operation 57 [1/1] (2.55ns)   --->   "%sub_ln67 = sub i32 0, %bitlength_read" [sha256.cpp:67->sha256.cpp:154]   --->   Operation 57 'sub' 'sub_ln67' <Predicate = (icmp_ln59)> <Delay = 2.55> <Core = "AddSub">   --->   Core 14 'AddSub' <Latency = 0> <II = 1> <Delay = 2.46> <FuncUnit> <Opcode : 'add' 'sub'> <InPorts = 2> <OutPorts = 1>
ST_2 : Operation 58 [1/1] (0.00ns)   --->   "%tmp = call i27 @_ssdm_op_PartSelect.i27.i32.i32.i32(i32 %sub_ln67, i32 5, i32 31)" [sha256.cpp:67->sha256.cpp:154]   --->   Operation 58 'partselect' 'tmp' <Predicate = (icmp_ln59)> <Delay = 0.00>
ST_2 : Operation 59 [1/1] (0.00ns)   --->   "%zext_ln67 = zext i27 %tmp to i28" [sha256.cpp:67->sha256.cpp:154]   --->   Operation 59 'zext' 'zext_ln67' <Predicate = (icmp_ln59)> <Delay = 0.00>
ST_2 : Operation 60 [1/1] (2.40ns)   --->   "%sub_ln67_1 = sub i28 0, %zext_ln67" [sha256.cpp:67->sha256.cpp:154]   --->   Operation 60 'sub' 'sub_ln67_1' <Predicate = (icmp_ln59)> <Delay = 2.40> <Core = "AddSub">   --->   Core 14 'AddSub' <Latency = 0> <II = 1> <Delay = 2.46> <FuncUnit> <Opcode : 'add' 'sub'> <InPorts = 2> <OutPorts = 1>
ST_2 : Operation 61 [1/1] (0.00ns)   --->   "%tmp_1 = call i27 @_ssdm_op_PartSelect.i27.i32.i32.i32(i32 %bitlength_read, i32 5, i32 31)" [sha256.cpp:67->sha256.cpp:154]   --->   Operation 61 'partselect' 'tmp_1' <Predicate = (icmp_ln59)> <Delay = 0.00>
ST_2 : Operation 62 [1/1] (0.00ns)   --->   "%zext_ln67_1 = zext i27 %tmp_1 to i28" [sha256.cpp:67->sha256.cpp:154]   --->   Operation 62 'zext' 'zext_ln67_1' <Predicate = (icmp_ln59)> <Delay = 0.00>
ST_2 : Operation 63 [1/1] (0.83ns)   --->   "%select_ln67 = select i1 %tmp_2, i28 %sub_ln67_1, i28 %zext_ln67_1" [sha256.cpp:67->sha256.cpp:154]   --->   Operation 63 'select' 'select_ln67' <Predicate = (icmp_ln59)> <Delay = 0.83> <Core = "Sel">   --->   Core 26 'Sel' <Latency = 0> <II = 1> <Delay = 0.69> <FuncUnit> <Opcode : 'select'> <InPorts = 3> <OutPorts = 1>
ST_2 : Operation 64 [1/1] (0.00ns)   --->   "%sext_ln67 = sext i28 %select_ln67 to i29" [sha256.cpp:67->sha256.cpp:154]   --->   Operation 64 'sext' 'sext_ln67' <Predicate = (icmp_ln59)> <Delay = 0.00>
ST_2 : Operation 65 [1/1] (0.00ns)   --->   "%trunc_ln67 = trunc i28 %select_ln67 to i4" [sha256.cpp:67->sha256.cpp:154]   --->   Operation 65 'trunc' 'trunc_ln67' <Predicate = (icmp_ln59)> <Delay = 0.00>
ST_2 : Operation 66 [1/1] (2.43ns)   --->   "%wordlength = add i29 1, %sext_ln67" [sha256.cpp:67->sha256.cpp:154]   --->   Operation 66 'add' 'wordlength' <Predicate = (icmp_ln59)> <Delay = 2.43> <Core = "AddSub">   --->   Core 14 'AddSub' <Latency = 0> <II = 1> <Delay = 2.46> <FuncUnit> <Opcode : 'add' 'sub'> <InPorts = 2> <OutPorts = 1>
ST_2 : Operation 67 [1/1] (1.76ns)   --->   "br label %1" [sha256.cpp:69->sha256.cpp:154]   --->   Operation 67 'br' <Predicate = (icmp_ln59)> <Delay = 1.76>

State 3 <SV = 2> <Delay = 3.43>
ST_3 : Operation 68 [1/1] (0.00ns)   --->   "%i1_0_i = phi i28 [ 0, %.preheader54.preheader.i ], [ %i_1, %hls_label_1 ]"   --->   Operation 68 'phi' 'i1_0_i' <Predicate = true> <Delay = 0.00>
ST_3 : Operation 69 [1/1] (0.00ns)   --->   "%zext_ln69 = zext i28 %i1_0_i to i29" [sha256.cpp:69->sha256.cpp:154]   --->   Operation 69 'zext' 'zext_ln69' <Predicate = true> <Delay = 0.00>
ST_3 : Operation 70 [1/1] (2.46ns)   --->   "%icmp_ln69 = icmp slt i29 %zext_ln69, %wordlength" [sha256.cpp:69->sha256.cpp:154]   --->   Operation 70 'icmp' 'icmp_ln69' <Predicate = true> <Delay = 2.46> <Core = "Cmp">   --->   Core 25 'Cmp' <Latency = 0> <II = 1> <Delay = 2.47> <FuncUnit> <Opcode : 'icmp'> <InPorts = 2> <OutPorts = 1>
ST_3 : Operation 71 [1/1] (2.43ns)   --->   "%i_1 = add i28 %i1_0_i, 1" [sha256.cpp:69->sha256.cpp:154]   --->   Operation 71 'add' 'i_1' <Predicate = true> <Delay = 2.43> <Core = "AddSub">   --->   Core 14 'AddSub' <Latency = 0> <II = 1> <Delay = 2.46> <FuncUnit> <Opcode : 'add' 'sub'> <InPorts = 2> <OutPorts = 1>
ST_3 : Operation 72 [1/1] (0.00ns)   --->   "br i1 %icmp_ln69, label %hls_label_1, label %2" [sha256.cpp:69->sha256.cpp:154]   --->   Operation 72 'br' <Predicate = true> <Delay = 0.00>
ST_3 : Operation 73 [1/1] (0.00ns)   --->   "%zext_ln71 = zext i28 %i1_0_i to i64" [sha256.cpp:71->sha256.cpp:154]   --->   Operation 73 'zext' 'zext_ln71' <Predicate = (icmp_ln69)> <Delay = 0.00>
ST_3 : Operation 74 [1/1] (0.00ns)   --->   "%input_V_addr = getelementptr [20 x i32]* %input_V, i64 0, i64 %zext_ln71" [sha256.cpp:71->sha256.cpp:154]   --->   Operation 74 'getelementptr' 'input_V_addr' <Predicate = (icmp_ln69)> <Delay = 0.00>
ST_3 : Operation 75 [2/2] (2.32ns)   --->   "%input_V_load = load i32* %input_V_addr, align 4" [sha256.cpp:71->sha256.cpp:154]   --->   Operation 75 'load' 'input_V_load' <Predicate = (icmp_ln69)> <Delay = 2.32> <Core = "RAM">   --->   Core 37 'RAM' <Latency = 1> <II = 1> <Delay = 3.25> <Storage> <Opcode : 'load' 'store'> <Ports = 2> <Width = 32> <Depth = 10000> <RAM>

State 4 <SV = 3> <Delay = 5.57>
ST_4 : Operation 76 [1/1] (0.00ns)   --->   "%tmp_i = call i32 (...)* @_ssdm_op_SpecRegionBegin([12 x i8]* @p_str3)" [sha256.cpp:69->sha256.cpp:154]   --->   Operation 76 'specregionbegin' 'tmp_i' <Predicate = (icmp_ln69)> <Delay = 0.00>
ST_4 : Operation 77 [1/1] (0.00ns)   --->   "call void (...)* @_ssdm_op_SpecPipeline(i32 1, i32 1, i32 1, i32 0, [1 x i8]* @p_str) nounwind" [sha256.cpp:70->sha256.cpp:154]   --->   Operation 77 'specpipeline' <Predicate = (icmp_ln69)> <Delay = 0.00>
ST_4 : Operation 78 [1/2] (2.32ns)   --->   "%input_V_load = load i32* %input_V_addr, align 4" [sha256.cpp:71->sha256.cpp:154]   --->   Operation 78 'load' 'input_V_load' <Predicate = (icmp_ln69)> <Delay = 2.32> <Core = "RAM">   --->   Core 37 'RAM' <Latency = 1> <II = 1> <Delay = 3.25> <Storage> <Opcode : 'load' 'store'> <Ports = 2> <Width = 32> <Depth = 10000> <RAM>
ST_4 : Operation 79 [1/1] (0.00ns)   --->   "%message_V_addr = getelementptr [10000 x i32]* %message_V, i64 0, i64 %zext_ln71" [sha256.cpp:71->sha256.cpp:154]   --->   Operation 79 'getelementptr' 'message_V_addr' <Predicate = (icmp_ln69)> <Delay = 0.00>
ST_4 : Operation 80 [1/1] (3.25ns)   --->   "store i32 %input_V_load, i32* %message_V_addr, align 4" [sha256.cpp:71->sha256.cpp:154]   --->   Operation 80 'store' <Predicate = (icmp_ln69)> <Delay = 3.25> <Core = "RAM">   --->   Core 37 'RAM' <Latency = 1> <II = 1> <Delay = 3.25> <Storage> <Opcode : 'load' 'store'> <Ports = 2> <Width = 32> <Depth = 10000> <RAM>
ST_4 : Operation 81 [1/1] (0.00ns)   --->   "%empty_7 = call i32 (...)* @_ssdm_op_SpecRegionEnd([12 x i8]* @p_str3, i32 %tmp_i)" [sha256.cpp:72->sha256.cpp:154]   --->   Operation 81 'specregionend' 'empty_7' <Predicate = (icmp_ln69)> <Delay = 0.00>
ST_4 : Operation 82 [1/1] (0.00ns)   --->   "br label %1" [sha256.cpp:69->sha256.cpp:154]   --->   Operation 82 'br' <Predicate = (icmp_ln69)> <Delay = 0.00>

State 5 <SV = 3> <Delay = 3.25>
ST_5 : Operation 83 [1/1] (0.00ns)   --->   "%trunc_ln74 = trunc i32 %bitlength_read to i5" [sha256.cpp:74->sha256.cpp:154]   --->   Operation 83 'trunc' 'trunc_ln74' <Predicate = true> <Delay = 0.00>
ST_5 : Operation 84 [1/1] (1.36ns)   --->   "%icmp_ln74 = icmp eq i5 %trunc_ln74, 0" [sha256.cpp:74->sha256.cpp:154]   --->   Operation 84 'icmp' 'icmp_ln74' <Predicate = true> <Delay = 1.36> <Core = "Cmp">   --->   Core 25 'Cmp' <Latency = 0> <II = 1> <Delay = 2.47> <FuncUnit> <Opcode : 'icmp'> <InPorts = 2> <OutPorts = 1>
ST_5 : Operation 85 [1/1] (0.00ns)   --->   "%sext_ln77 = sext i28 %select_ln67 to i64" [sha256.cpp:77->sha256.cpp:154]   --->   Operation 85 'sext' 'sext_ln77' <Predicate = true> <Delay = 0.00>
ST_5 : Operation 86 [1/1] (0.00ns)   --->   "br i1 %icmp_ln74, label %4, label %3" [sha256.cpp:74->sha256.cpp:154]   --->   Operation 86 'br' <Predicate = true> <Delay = 0.00>
ST_5 : Operation 87 [1/1] (0.00ns)   --->   "%message_V_addr_2 = getelementptr [10000 x i32]* %message_V, i64 0, i64 %sext_ln77" [sha256.cpp:75->sha256.cpp:154]   --->   Operation 87 'getelementptr' 'message_V_addr_2' <Predicate = (!icmp_ln74)> <Delay = 0.00>
ST_5 : Operation 88 [2/2] (3.25ns)   --->   "%message_V_load = load i32* %message_V_addr_2, align 4" [sha256.cpp:75->sha256.cpp:154]   --->   Operation 88 'load' 'message_V_load' <Predicate = (!icmp_ln74)> <Delay = 3.25> <Core = "RAM">   --->   Core 37 'RAM' <Latency = 1> <II = 1> <Delay = 3.25> <Storage> <Opcode : 'load' 'store'> <Ports = 2> <Width = 32> <Depth = 10000> <RAM>
ST_5 : Operation 89 [1/1] (0.00ns)   --->   "%message_V_addr_1 = getelementptr [10000 x i32]* %message_V, i64 0, i64 %sext_ln77" [sha256.cpp:77->sha256.cpp:154]   --->   Operation 89 'getelementptr' 'message_V_addr_1' <Predicate = (icmp_ln74)> <Delay = 0.00>
ST_5 : Operation 90 [1/1] (3.25ns)   --->   "store i32 -2147483648, i32* %message_V_addr_1, align 4" [sha256.cpp:77->sha256.cpp:154]   --->   Operation 90 'store' <Predicate = (icmp_ln74)> <Delay = 3.25> <Core = "RAM">   --->   Core 37 'RAM' <Latency = 1> <II = 1> <Delay = 3.25> <Storage> <Opcode : 'load' 'store'> <Ports = 2> <Width = 32> <Depth = 10000> <RAM>
ST_5 : Operation 91 [1/1] (0.00ns)   --->   "br label %5"   --->   Operation 91 'br' <Predicate = (icmp_ln74)> <Delay = 0.00>

State 6 <SV = 4> <Delay = 6.59>
ST_6 : Operation 92 [1/1] (0.00ns)   --->   "%trunc_ln75 = trunc i32 %sub_ln67 to i5" [sha256.cpp:75->sha256.cpp:154]   --->   Operation 92 'trunc' 'trunc_ln75' <Predicate = (tmp_2)> <Delay = 0.00>
ST_6 : Operation 93 [1/1] (0.00ns)   --->   "%tmp_3 = call i6 @_ssdm_op_BitConcatenate.i6.i1.i5(i1 false, i5 %trunc_ln75)" [sha256.cpp:75->sha256.cpp:154]   --->   Operation 93 'bitconcatenate' 'tmp_3' <Predicate = (tmp_2)> <Delay = 0.00>
ST_6 : Operation 94 [1/1] (1.82ns)   --->   "%sub_ln75_1 = sub i6 0, %tmp_3" [sha256.cpp:75->sha256.cpp:154]   --->   Operation 94 'sub' 'sub_ln75_1' <Predicate = (tmp_2)> <Delay = 1.82> <Core = "AddSub">   --->   Core 14 'AddSub' <Latency = 0> <II = 1> <Delay = 2.46> <FuncUnit> <Opcode : 'add' 'sub'> <InPorts = 2> <OutPorts = 1>
ST_6 : Operation 95 [1/1] (0.00ns) (grouped into LUT with out node sub_ln75)   --->   "%tmp_5 = call i6 @_ssdm_op_BitConcatenate.i6.i1.i5(i1 false, i5 %trunc_ln74)" [sha256.cpp:75->sha256.cpp:154]   --->   Operation 95 'bitconcatenate' 'tmp_5' <Predicate = (!tmp_2)> <Delay = 0.00>
ST_6 : Operation 96 [1/1] (0.00ns) (grouped into LUT with out node sub_ln75)   --->   "%select_ln75 = select i1 %tmp_2, i6 %sub_ln75_1, i6 %tmp_5" [sha256.cpp:75->sha256.cpp:154]   --->   Operation 96 'select' 'select_ln75' <Predicate = true> <Delay = 0.00> <Core = "Sel">   --->   Core 26 'Sel' <Latency = 0> <II = 1> <Delay = 0.69> <FuncUnit> <Opcode : 'select'> <InPorts = 3> <OutPorts = 1>
ST_6 : Operation 97 [1/1] (1.82ns) (out node of the LUT)   --->   "%sub_ln75 = sub i6 31, %select_ln75" [sha256.cpp:75->sha256.cpp:154]   --->   Operation 97 'sub' 'sub_ln75' <Predicate = true> <Delay = 1.82> <Core = "AddSub">   --->   Core 14 'AddSub' <Latency = 0> <II = 1> <Delay = 2.46> <FuncUnit> <Opcode : 'add' 'sub'> <InPorts = 2> <OutPorts = 1>
ST_6 : Operation 98 [1/1] (0.00ns) (grouped into LUT with out node or_ln718)   --->   "%zext_ln75 = zext i6 %sub_ln75 to i32" [sha256.cpp:75->sha256.cpp:154]   --->   Operation 98 'zext' 'zext_ln75' <Predicate = true> <Delay = 0.00>
ST_6 : Operation 99 [1/1] (0.00ns) (grouped into LUT with out node or_ln718)   --->   "%shl_ln75 = shl i32 1, %zext_ln75" [sha256.cpp:75->sha256.cpp:154]   --->   Operation 99 'shl' 'shl_ln75' <Predicate = true> <Delay = 0.00> <Core = "Shift">   --->   Core 28 'Shift' <Latency = 0> <II = 1> <Delay = 4.42> <FuncUnit> <Opcode : 'shl' 'lshr' 'ashr'> <InPorts = 2> <OutPorts = 1>
ST_6 : Operation 100 [1/2] (3.25ns)   --->   "%message_V_load = load i32* %message_V_addr_2, align 4" [sha256.cpp:75->sha256.cpp:154]   --->   Operation 100 'load' 'message_V_load' <Predicate = true> <Delay = 3.25> <Core = "RAM">   --->   Core 37 'RAM' <Latency = 1> <II = 1> <Delay = 3.25> <Storage> <Opcode : 'load' 'store'> <Ports = 2> <Width = 32> <Depth = 10000> <RAM>
ST_6 : Operation 101 [1/1] (2.94ns) (out node of the LUT)   --->   "%or_ln718 = or i32 %message_V_load, %shl_ln75" [sha256.cpp:75->sha256.cpp:154]   --->   Operation 101 'or' 'or_ln718' <Predicate = true> <Delay = 2.94> <Core = "LogicGate">   --->   Core 27 'LogicGate' <Latency = 0> <II = 1> <Delay = 0.97> <FuncUnit> <Opcode : 'and' 'or' 'xor'> <InPorts = 2> <OutPorts = 1>

State 7 <SV = 5> <Delay = 5.60>
ST_7 : Operation 102 [1/1] (3.25ns)   --->   "store i32 %or_ln718, i32* %message_V_addr_2, align 4" [sha256.cpp:75->sha256.cpp:154]   --->   Operation 102 'store' <Predicate = (!icmp_ln74)> <Delay = 3.25> <Core = "RAM">   --->   Core 37 'RAM' <Latency = 1> <II = 1> <Delay = 3.25> <Storage> <Opcode : 'load' 'store'> <Ports = 2> <Width = 32> <Depth = 10000> <RAM>
ST_7 : Operation 103 [1/1] (0.00ns)   --->   "br label %5" [sha256.cpp:75->sha256.cpp:154]   --->   Operation 103 'br' <Predicate = (!icmp_ln74)> <Delay = 0.00>
ST_7 : Operation 104 [1/1] (1.30ns)   --->   "%icmp_ln79 = icmp eq i4 %trunc_ln67, -1" [sha256.cpp:79->sha256.cpp:154]   --->   Operation 104 'icmp' 'icmp_ln79' <Predicate = true> <Delay = 1.30> <Core = "Cmp">   --->   Core 25 'Cmp' <Latency = 0> <II = 1> <Delay = 2.47> <FuncUnit> <Opcode : 'icmp'> <InPorts = 2> <OutPorts = 1>
ST_7 : Operation 105 [1/1] (0.00ns)   --->   "%tmp_4 = call i1 @_ssdm_op_BitSelect.i1.i29.i32(i29 %wordlength, i32 28)" [sha256.cpp:79->sha256.cpp:154]   --->   Operation 105 'bitselect' 'tmp_4' <Predicate = true> <Delay = 0.00>
ST_7 : Operation 106 [1/1] (0.00ns)   --->   "%trunc_ln79 = trunc i29 %wordlength to i4" [sha256.cpp:79->sha256.cpp:154]   --->   Operation 106 'trunc' 'trunc_ln79' <Predicate = true> <Delay = 0.00>
ST_7 : Operation 107 [1/1] (0.00ns)   --->   "%p_and_f = call i29 @_ssdm_op_BitConcatenate.i29.i25.i4(i25 0, i4 %trunc_ln79)" [sha256.cpp:79->sha256.cpp:154]   --->   Operation 107 'bitconcatenate' 'p_and_f' <Predicate = true> <Delay = 0.00>
ST_7 : Operation 108 [1/1] (0.00ns) (grouped into LUT with out node sub_ln79)   --->   "%trunc_ln79_1 = trunc i28 %select_ln67 to i4" [sha256.cpp:79->sha256.cpp:154]   --->   Operation 108 'trunc' 'trunc_ln79_1' <Predicate = true> <Delay = 0.00>
ST_7 : Operation 109 [1/1] (0.00ns) (grouped into LUT with out node sub_ln79)   --->   "%xor_ln79 = xor i4 %trunc_ln79_1, -1" [sha256.cpp:79->sha256.cpp:154]   --->   Operation 109 'xor' 'xor_ln79' <Predicate = true> <Delay = 0.00> <Core = "LogicGate">   --->   Core 27 'LogicGate' <Latency = 0> <II = 1> <Delay = 0.97> <FuncUnit> <Opcode : 'and' 'or' 'xor'> <InPorts = 2> <OutPorts = 1>
ST_7 : Operation 110 [1/1] (0.00ns) (grouped into LUT with out node sub_ln79)   --->   "%p_and_t1 = call i29 @_ssdm_op_BitConcatenate.i29.i25.i4(i25 0, i4 %xor_ln79)" [sha256.cpp:79->sha256.cpp:154]   --->   Operation 110 'bitconcatenate' 'p_and_t1' <Predicate = true> <Delay = 0.00>
ST_7 : Operation 111 [1/1] (2.46ns) (out node of the LUT)   --->   "%sub_ln79 = sub i29 0, %p_and_t1" [sha256.cpp:79->sha256.cpp:154]   --->   Operation 111 'sub' 'sub_ln79' <Predicate = true> <Delay = 2.46> <Core = "AddSub">   --->   Core 14 'AddSub' <Latency = 0> <II = 1> <Delay = 2.46> <FuncUnit> <Opcode : 'add' 'sub'> <InPorts = 2> <OutPorts = 1>
ST_7 : Operation 112 [1/1] (0.80ns)   --->   "%select_ln79 = select i1 %tmp_4, i29 %sub_ln79, i29 %p_and_f" [sha256.cpp:79->sha256.cpp:154]   --->   Operation 112 'select' 'select_ln79' <Predicate = true> <Delay = 0.80> <Core = "Sel">   --->   Core 26 'Sel' <Latency = 0> <II = 1> <Delay = 0.69> <FuncUnit> <Opcode : 'select'> <InPorts = 3> <OutPorts = 1>
ST_7 : Operation 113 [1/1] (0.00ns)   --->   "%trunc_ln79_2 = trunc i29 %select_ln79 to i5" [sha256.cpp:79->sha256.cpp:154]   --->   Operation 113 'trunc' 'trunc_ln79_2' <Predicate = true> <Delay = 0.00>
ST_7 : Operation 114 [1/1] (1.36ns)   --->   "%icmp_ln79_1 = icmp eq i5 %trunc_ln79_2, 15" [sha256.cpp:79->sha256.cpp:154]   --->   Operation 114 'icmp' 'icmp_ln79_1' <Predicate = true> <Delay = 1.36> <Core = "Cmp">   --->   Core 25 'Cmp' <Latency = 0> <II = 1> <Delay = 2.47> <FuncUnit> <Opcode : 'icmp'> <InPorts = 2> <OutPorts = 1>
ST_7 : Operation 115 [1/1] (0.97ns)   --->   "%or_ln79 = or i1 %icmp_ln79, %icmp_ln79_1" [sha256.cpp:79->sha256.cpp:154]   --->   Operation 115 'or' 'or_ln79' <Predicate = true> <Delay = 0.97> <Core = "LogicGate">   --->   Core 27 'LogicGate' <Latency = 0> <II = 1> <Delay = 0.97> <FuncUnit> <Opcode : 'and' 'or' 'xor'> <InPorts = 2> <OutPorts = 1>
ST_7 : Operation 116 [1/1] (0.00ns)   --->   "br i1 %or_ln79, label %6, label %7" [sha256.cpp:79->sha256.cpp:154]   --->   Operation 116 'br' <Predicate = true> <Delay = 0.00>

State 8 <SV = 6> <Delay = 7.53>
ST_8 : Operation 117 [1/1] (0.00ns) (grouped into TernaryAdder)   --->   "%add_ln82 = add i29 %sext_ln67, 16" [sha256.cpp:82->sha256.cpp:154]   --->   Operation 117 'add' 'add_ln82' <Predicate = (!or_ln79)> <Delay = 0.00> <Core = "TAddSub">   --->   Core 83 'TAddSub' <Latency = 0> <II = 1> <Delay = 2.18> <IPBlock> <Opcode : 'add' 'sub'> <InPorts = 3> <OutPorts = 1> <Sync> <CReg>
ST_8 : Operation 118 [1/1] (4.28ns) (root node of TernaryAdder)   --->   "%sub_ln82 = sub i29 %add_ln82, %select_ln79" [sha256.cpp:82->sha256.cpp:154]   --->   Operation 118 'sub' 'sub_ln82' <Predicate = (!or_ln79)> <Delay = 4.28> <Core = "TAddSub">   --->   Core 83 'TAddSub' <Latency = 0> <II = 1> <Delay = 2.18> <IPBlock> <Opcode : 'add' 'sub'> <InPorts = 3> <OutPorts = 1> <Sync> <CReg>
ST_8 : Operation 119 [1/1] (0.00ns)   --->   "%sext_ln82 = sext i29 %sub_ln82 to i64" [sha256.cpp:82->sha256.cpp:154]   --->   Operation 119 'sext' 'sext_ln82' <Predicate = (!or_ln79)> <Delay = 0.00>
ST_8 : Operation 120 [1/1] (0.00ns)   --->   "%message_V_addr_4 = getelementptr [10000 x i32]* %message_V, i64 0, i64 %sext_ln82" [sha256.cpp:82->sha256.cpp:154]   --->   Operation 120 'getelementptr' 'message_V_addr_4' <Predicate = (!or_ln79)> <Delay = 0.00>
ST_8 : Operation 121 [1/1] (3.25ns)   --->   "store i32 %bitlength_read, i32* %message_V_addr_4, align 4" [sha256.cpp:82->sha256.cpp:154]   --->   Operation 121 'store' <Predicate = (!or_ln79)> <Delay = 3.25> <Core = "RAM">   --->   Core 37 'RAM' <Latency = 1> <II = 1> <Delay = 3.25> <Storage> <Opcode : 'load' 'store'> <Ports = 2> <Width = 32> <Depth = 10000> <RAM>
ST_8 : Operation 122 [1/1] (0.00ns)   --->   "br label %8"   --->   Operation 122 'br' <Predicate = (!or_ln79)> <Delay = 0.00>
ST_8 : Operation 123 [1/1] (0.00ns) (grouped into TernaryAdder)   --->   "%add_ln80 = add i29 %sext_ln67, 32" [sha256.cpp:80->sha256.cpp:154]   --->   Operation 123 'add' 'add_ln80' <Predicate = (or_ln79)> <Delay = 0.00> <Core = "TAddSub">   --->   Core 83 'TAddSub' <Latency = 0> <II = 1> <Delay = 2.18> <IPBlock> <Opcode : 'add' 'sub'> <InPorts = 3> <OutPorts = 1> <Sync> <CReg>
ST_8 : Operation 124 [1/1] (4.28ns) (root node of TernaryAdder)   --->   "%sub_ln80 = sub i29 %add_ln80, %select_ln79" [sha256.cpp:80->sha256.cpp:154]   --->   Operation 124 'sub' 'sub_ln80' <Predicate = (or_ln79)> <Delay = 4.28> <Core = "TAddSub">   --->   Core 83 'TAddSub' <Latency = 0> <II = 1> <Delay = 2.18> <IPBlock> <Opcode : 'add' 'sub'> <InPorts = 3> <OutPorts = 1> <Sync> <CReg>
ST_8 : Operation 125 [1/1] (0.00ns)   --->   "%sext_ln80 = sext i29 %sub_ln80 to i64" [sha256.cpp:80->sha256.cpp:154]   --->   Operation 125 'sext' 'sext_ln80' <Predicate = (or_ln79)> <Delay = 0.00>
ST_8 : Operation 126 [1/1] (0.00ns)   --->   "%message_V_addr_3 = getelementptr [10000 x i32]* %message_V, i64 0, i64 %sext_ln80" [sha256.cpp:80->sha256.cpp:154]   --->   Operation 126 'getelementptr' 'message_V_addr_3' <Predicate = (or_ln79)> <Delay = 0.00>
ST_8 : Operation 127 [1/1] (3.25ns)   --->   "store i32 %bitlength_read, i32* %message_V_addr_3, align 4" [sha256.cpp:80->sha256.cpp:154]   --->   Operation 127 'store' <Predicate = (or_ln79)> <Delay = 3.25> <Core = "RAM">   --->   Core 37 'RAM' <Latency = 1> <II = 1> <Delay = 3.25> <Storage> <Opcode : 'load' 'store'> <Ports = 2> <Width = 32> <Depth = 10000> <RAM>
ST_8 : Operation 128 [1/1] (0.00ns)   --->   "br label %8" [sha256.cpp:80->sha256.cpp:154]   --->   Operation 128 'br' <Predicate = (or_ln79)> <Delay = 0.00>
ST_8 : Operation 129 [1/1] (0.00ns)   --->   "%tmp_8 = call i23 @_ssdm_op_PartSelect.i23.i32.i32.i32(i32 %sub_ln67, i32 9, i32 31)" [sha256.cpp:85->sha256.cpp:154]   --->   Operation 129 'partselect' 'tmp_8' <Predicate = (tmp_2)> <Delay = 0.00>
ST_8 : Operation 130 [1/1] (0.00ns)   --->   "%zext_ln85 = zext i23 %tmp_8 to i24" [sha256.cpp:85->sha256.cpp:154]   --->   Operation 130 'zext' 'zext_ln85' <Predicate = (tmp_2)> <Delay = 0.00>
ST_8 : Operation 131 [1/1] (2.28ns)   --->   "%sub_ln85 = sub i24 0, %zext_ln85" [sha256.cpp:85->sha256.cpp:154]   --->   Operation 131 'sub' 'sub_ln85' <Predicate = (tmp_2)> <Delay = 2.28> <Core = "AddSub">   --->   Core 14 'AddSub' <Latency = 0> <II = 1> <Delay = 2.46> <FuncUnit> <Opcode : 'add' 'sub'> <InPorts = 2> <OutPorts = 1>
ST_8 : Operation 132 [1/1] (0.00ns) (grouped into LUT with out node add_ln85)   --->   "%tmp_9 = call i23 @_ssdm_op_PartSelect.i23.i32.i32.i32(i32 %bitlength_read, i32 9, i32 31)" [sha256.cpp:85->sha256.cpp:154]   --->   Operation 132 'partselect' 'tmp_9' <Predicate = (!tmp_2)> <Delay = 0.00>
ST_8 : Operation 133 [1/1] (0.00ns) (grouped into LUT with out node add_ln85)   --->   "%zext_ln85_1 = zext i23 %tmp_9 to i24" [sha256.cpp:85->sha256.cpp:154]   --->   Operation 133 'zext' 'zext_ln85_1' <Predicate = (!tmp_2)> <Delay = 0.00>
ST_8 : Operation 134 [1/1] (0.00ns) (grouped into LUT with out node add_ln85)   --->   "%select_ln85 = select i1 %tmp_2, i24 %sub_ln85, i24 %zext_ln85_1" [sha256.cpp:85->sha256.cpp:154]   --->   Operation 134 'select' 'select_ln85' <Predicate = true> <Delay = 0.00> <Core = "Sel">   --->   Core 26 'Sel' <Latency = 0> <II = 1> <Delay = 0.69> <FuncUnit> <Opcode : 'select'> <InPorts = 3> <OutPorts = 1>
ST_8 : Operation 135 [1/1] (0.00ns) (grouped into LUT with out node add_ln85)   --->   "%sext_ln85 = sext i24 %select_ln85 to i25" [sha256.cpp:85->sha256.cpp:154]   --->   Operation 135 'sext' 'sext_ln85' <Predicate = true> <Delay = 0.00>
ST_8 : Operation 136 [1/1] (2.31ns) (out node of the LUT)   --->   "%add_ln85 = add i25 %sext_ln85, 1" [sha256.cpp:85->sha256.cpp:154]   --->   Operation 136 'add' 'add_ln85' <Predicate = true> <Delay = 2.31> <Core = "AddSub">   --->   Core 14 'AddSub' <Latency = 0> <II = 1> <Delay = 2.46> <FuncUnit> <Opcode : 'add' 'sub'> <InPorts = 2> <OutPorts = 1>
ST_8 : Operation 137 [1/1] (0.00ns)   --->   "%sext_ln85_1 = sext i25 %add_ln85 to i32" [sha256.cpp:85->sha256.cpp:154]   --->   Operation 137 'sext' 'sext_ln85_1' <Predicate = true> <Delay = 0.00>
ST_8 : Operation 138 [1/1] (1.76ns)   --->   "br label %.loopexit" [sha256.cpp:84->sha256.cpp:154]   --->   Operation 138 'br' <Predicate = true> <Delay = 1.76>

State 9 <SV = 7> <Delay = 2.33>
ST_9 : Operation 139 [1/1] (0.00ns)   --->   "%i2_0_i = phi i5 [ 0, %8 ], [ %i_2, %.loopexit.loopexit ]"   --->   Operation 139 'phi' 'i2_0_i' <Predicate = true> <Delay = 0.00>
ST_9 : Operation 140 [1/1] (0.00ns)   --->   "%zext_ln84 = zext i5 %i2_0_i to i32" [sha256.cpp:84->sha256.cpp:154]   --->   Operation 140 'zext' 'zext_ln84' <Predicate = true> <Delay = 0.00>
ST_9 : Operation 141 [1/1] (1.36ns)   --->   "%icmp_ln84 = icmp eq i5 %i2_0_i, -16" [sha256.cpp:84->sha256.cpp:154]   --->   Operation 141 'icmp' 'icmp_ln84' <Predicate = true> <Delay = 1.36> <Core = "Cmp">   --->   Core 25 'Cmp' <Latency = 0> <II = 1> <Delay = 2.47> <FuncUnit> <Opcode : 'icmp'> <InPorts = 2> <OutPorts = 1>
ST_9 : Operation 142 [1/1] (0.00ns)   --->   "%empty_8 = call i32 (...)* @_ssdm_op_SpecLoopTripCount(i64 16, i64 16, i64 16)"   --->   Operation 142 'speclooptripcount' 'empty_8' <Predicate = true> <Delay = 0.00>
ST_9 : Operation 143 [1/1] (1.78ns)   --->   "%i_2 = add i5 %i2_0_i, 1" [sha256.cpp:84->sha256.cpp:154]   --->   Operation 143 'add' 'i_2' <Predicate = true> <Delay = 1.78> <Core = "AddSub">   --->   Core 14 'AddSub' <Latency = 0> <II = 1> <Delay = 2.46> <FuncUnit> <Opcode : 'add' 'sub'> <InPorts = 2> <OutPorts = 1>
ST_9 : Operation 144 [1/1] (0.00ns)   --->   "br i1 %icmp_ln84, label %.exit, label %.preheader.i.preheader" [sha256.cpp:84->sha256.cpp:154]   --->   Operation 144 'br' <Predicate = true> <Delay = 0.00>
ST_9 : Operation 145 [1/1] (0.00ns)   --->   "%trunc_ln321 = trunc i5 %i2_0_i to i4" [sha256.cpp:87->sha256.cpp:154]   --->   Operation 145 'trunc' 'trunc_ln321' <Predicate = (!icmp_ln84)> <Delay = 0.00>
ST_9 : Operation 146 [1/1] (1.76ns)   --->   "br label %.preheader.i" [sha256.cpp:85->sha256.cpp:154]   --->   Operation 146 'br' <Predicate = (!icmp_ln84)> <Delay = 1.76>
ST_9 : Operation 147 [1/1] (0.00ns)   --->   "ret void" [sha256.cpp:154]   --->   Operation 147 'ret' <Predicate = (icmp_ln84)> <Delay = 0.00>

State 10 <SV = 8> <Delay = 5.80>
ST_10 : Operation 148 [1/1] (0.00ns)   --->   "%j3_0_i = phi i32 [ %j, %10 ], [ 0, %.preheader.i.preheader ]"   --->   Operation 148 'phi' 'j3_0_i' <Predicate = true> <Delay = 0.00>
ST_10 : Operation 149 [1/1] (2.47ns)   --->   "%icmp_ln85 = icmp sgt i32 %j3_0_i, %sext_ln85_1" [sha256.cpp:85->sha256.cpp:154]   --->   Operation 149 'icmp' 'icmp_ln85' <Predicate = true> <Delay = 2.47> <Core = "Cmp">   --->   Core 25 'Cmp' <Latency = 0> <II = 1> <Delay = 2.47> <FuncUnit> <Opcode : 'icmp'> <InPorts = 2> <OutPorts = 1>
ST_10 : Operation 150 [1/1] (2.55ns)   --->   "%j = add nsw i32 %j3_0_i, 1" [sha256.cpp:85->sha256.cpp:154]   --->   Operation 150 'add' 'j' <Predicate = true> <Delay = 2.55> <Core = "AddSub">   --->   Core 14 'AddSub' <Latency = 0> <II = 1> <Delay = 2.46> <FuncUnit> <Opcode : 'add' 'sub'> <InPorts = 2> <OutPorts = 1>
ST_10 : Operation 151 [1/1] (0.00ns)   --->   "br i1 %icmp_ln85, label %.loopexit.loopexit, label %9" [sha256.cpp:85->sha256.cpp:154]   --->   Operation 151 'br' <Predicate = true> <Delay = 0.00>
ST_10 : Operation 152 [1/1] (0.00ns) (grouped into LUT with out node add_ln87)   --->   "%shl_ln87 = shl i32 %j3_0_i, 4" [sha256.cpp:87->sha256.cpp:154]   --->   Operation 152 'shl' 'shl_ln87' <Predicate = (!icmp_ln85)> <Delay = 0.00>
ST_10 : Operation 153 [1/1] (2.55ns) (out node of the LUT)   --->   "%add_ln87 = add nsw i32 %shl_ln87, %zext_ln84" [sha256.cpp:87->sha256.cpp:154]   --->   Operation 153 'add' 'add_ln87' <Predicate = (!icmp_ln85)> <Delay = 2.55> <Core = "AddSub">   --->   Core 14 'AddSub' <Latency = 0> <II = 1> <Delay = 2.46> <FuncUnit> <Opcode : 'add' 'sub'> <InPorts = 2> <OutPorts = 1>
ST_10 : Operation 154 [1/1] (0.00ns)   --->   "%zext_ln87_1 = zext i32 %add_ln87 to i64" [sha256.cpp:87->sha256.cpp:154]   --->   Operation 154 'zext' 'zext_ln87_1' <Predicate = (!icmp_ln85)> <Delay = 0.00>
ST_10 : Operation 155 [1/1] (0.00ns)   --->   "%message_V_addr_5 = getelementptr [10000 x i32]* %message_V, i64 0, i64 %zext_ln87_1" [sha256.cpp:87->sha256.cpp:154]   --->   Operation 155 'getelementptr' 'message_V_addr_5' <Predicate = (!icmp_ln85)> <Delay = 0.00>
ST_10 : Operation 156 [2/2] (3.25ns)   --->   "%message_V_load_1 = load i32* %message_V_addr_5, align 4" [sha256.cpp:87->sha256.cpp:154]   --->   Operation 156 'load' 'message_V_load_1' <Predicate = (!icmp_ln85)> <Delay = 3.25> <Core = "RAM">   --->   Core 37 'RAM' <Latency = 1> <II = 1> <Delay = 3.25> <Storage> <Opcode : 'load' 'store'> <Ports = 2> <Width = 32> <Depth = 10000> <RAM>
ST_10 : Operation 157 [1/1] (0.00ns)   --->   "br label %.loopexit"   --->   Operation 157 'br' <Predicate = (icmp_ln85)> <Delay = 0.00>

State 11 <SV = 9> <Delay = 6.50>
ST_11 : Operation 158 [1/1] (0.00ns)   --->   "%zext_ln87 = zext i32 %j3_0_i to i64" [sha256.cpp:87->sha256.cpp:154]   --->   Operation 158 'zext' 'zext_ln87' <Predicate = true> <Delay = 0.00>
ST_11 : Operation 159 [1/2] (3.25ns)   --->   "%message_V_load_1 = load i32* %message_V_addr_5, align 4" [sha256.cpp:87->sha256.cpp:154]   --->   Operation 159 'load' 'message_V_load_1' <Predicate = true> <Delay = 3.25> <Core = "RAM">   --->   Core 37 'RAM' <Latency = 1> <II = 1> <Delay = 3.25> <Storage> <Opcode : 'load' 'store'> <Ports = 2> <Width = 32> <Depth = 10000> <RAM>
ST_11 : Operation 160 [1/1] (0.00ns)   --->   "%M_0_V_addr_1 = getelementptr [32 x i32]* %M_0_V, i64 0, i64 %zext_ln87" [sha256.cpp:87->sha256.cpp:154]   --->   Operation 160 'getelementptr' 'M_0_V_addr_1' <Predicate = true> <Delay = 0.00>
ST_11 : Operation 161 [1/1] (0.00ns)   --->   "%M_1_V_addr_1 = getelementptr [32 x i32]* %M_1_V, i64 0, i64 %zext_ln87" [sha256.cpp:87->sha256.cpp:154]   --->   Operation 161 'getelementptr' 'M_1_V_addr_1' <Predicate = true> <Delay = 0.00>
ST_11 : Operation 162 [1/1] (0.00ns)   --->   "%M_2_V_addr_1 = getelementptr [32 x i32]* %M_2_V, i64 0, i64 %zext_ln87" [sha256.cpp:87->sha256.cpp:154]   --->   Operation 162 'getelementptr' 'M_2_V_addr_1' <Predicate = true> <Delay = 0.00>
ST_11 : Operation 163 [1/1] (0.00ns)   --->   "%M_3_V_addr_1 = getelementptr [32 x i32]* %M_3_V, i64 0, i64 %zext_ln87" [sha256.cpp:87->sha256.cpp:154]   --->   Operation 163 'getelementptr' 'M_3_V_addr_1' <Predicate = true> <Delay = 0.00>
ST_11 : Operation 164 [1/1] (0.00ns)   --->   "%M_4_V_addr_1 = getelementptr [32 x i32]* %M_4_V, i64 0, i64 %zext_ln87" [sha256.cpp:87->sha256.cpp:154]   --->   Operation 164 'getelementptr' 'M_4_V_addr_1' <Predicate = true> <Delay = 0.00>
ST_11 : Operation 165 [1/1] (0.00ns)   --->   "%M_5_V_addr_1 = getelementptr [32 x i32]* %M_5_V, i64 0, i64 %zext_ln87" [sha256.cpp:87->sha256.cpp:154]   --->   Operation 165 'getelementptr' 'M_5_V_addr_1' <Predicate = true> <Delay = 0.00>
ST_11 : Operation 166 [1/1] (0.00ns)   --->   "%M_6_V_addr_1 = getelementptr [32 x i32]* %M_6_V, i64 0, i64 %zext_ln87" [sha256.cpp:87->sha256.cpp:154]   --->   Operation 166 'getelementptr' 'M_6_V_addr_1' <Predicate = true> <Delay = 0.00>
ST_11 : Operation 167 [1/1] (0.00ns)   --->   "%M_7_V_addr_1 = getelementptr [32 x i32]* %M_7_V, i64 0, i64 %zext_ln87" [sha256.cpp:87->sha256.cpp:154]   --->   Operation 167 'getelementptr' 'M_7_V_addr_1' <Predicate = true> <Delay = 0.00>
ST_11 : Operation 168 [1/1] (0.00ns)   --->   "%M_8_V_addr_1 = getelementptr [32 x i32]* %M_8_V, i64 0, i64 %zext_ln87" [sha256.cpp:87->sha256.cpp:154]   --->   Operation 168 'getelementptr' 'M_8_V_addr_1' <Predicate = true> <Delay = 0.00>
ST_11 : Operation 169 [1/1] (0.00ns)   --->   "%M_9_V_addr_1 = getelementptr [32 x i32]* %M_9_V, i64 0, i64 %zext_ln87" [sha256.cpp:87->sha256.cpp:154]   --->   Operation 169 'getelementptr' 'M_9_V_addr_1' <Predicate = true> <Delay = 0.00>
ST_11 : Operation 170 [1/1] (0.00ns)   --->   "%M_10_V_addr_1 = getelementptr [32 x i32]* %M_10_V, i64 0, i64 %zext_ln87" [sha256.cpp:87->sha256.cpp:154]   --->   Operation 170 'getelementptr' 'M_10_V_addr_1' <Predicate = true> <Delay = 0.00>
ST_11 : Operation 171 [1/1] (0.00ns)   --->   "%M_11_V_addr_1 = getelementptr [32 x i32]* %M_11_V, i64 0, i64 %zext_ln87" [sha256.cpp:87->sha256.cpp:154]   --->   Operation 171 'getelementptr' 'M_11_V_addr_1' <Predicate = true> <Delay = 0.00>
ST_11 : Operation 172 [1/1] (0.00ns)   --->   "%M_12_V_addr_1 = getelementptr [32 x i32]* %M_12_V, i64 0, i64 %zext_ln87" [sha256.cpp:87->sha256.cpp:154]   --->   Operation 172 'getelementptr' 'M_12_V_addr_1' <Predicate = true> <Delay = 0.00>
ST_11 : Operation 173 [1/1] (0.00ns)   --->   "%M_13_V_addr_1 = getelementptr [32 x i32]* %M_13_V, i64 0, i64 %zext_ln87" [sha256.cpp:87->sha256.cpp:154]   --->   Operation 173 'getelementptr' 'M_13_V_addr_1' <Predicate = true> <Delay = 0.00>
ST_11 : Operation 174 [1/1] (0.00ns)   --->   "%M_14_V_addr_1 = getelementptr [32 x i32]* %M_14_V, i64 0, i64 %zext_ln87" [sha256.cpp:87->sha256.cpp:154]   --->   Operation 174 'getelementptr' 'M_14_V_addr_1' <Predicate = true> <Delay = 0.00>
ST_11 : Operation 175 [1/1] (0.00ns)   --->   "%M_15_V_addr_1 = getelementptr [32 x i32]* %M_15_V, i64 0, i64 %zext_ln87" [sha256.cpp:87->sha256.cpp:154]   --->   Operation 175 'getelementptr' 'M_15_V_addr_1' <Predicate = true> <Delay = 0.00>
ST_11 : Operation 176 [1/1] (1.42ns)   --->   "switch i4 %trunc_ln321, label %branch15.i [
    i4 0, label %branch0.i
    i4 1, label %branch1.i
    i4 2, label %branch2.i
    i4 3, label %branch3.i
    i4 4, label %branch4.i
    i4 5, label %branch5.i
    i4 6, label %branch6.i
    i4 7, label %branch7.i
    i4 -8, label %branch8.i
    i4 -7, label %branch9.i
    i4 -6, label %branch10.i
    i4 -5, label %branch11.i
    i4 -4, label %branch12.i
    i4 -3, label %branch13.i
    i4 -2, label %branch14.i
  ]" [sha256.cpp:87->sha256.cpp:154]   --->   Operation 176 'switch' <Predicate = true> <Delay = 1.42>
ST_11 : Operation 177 [1/1] (3.25ns)   --->   "store i32 %message_V_load_1, i32* %M_14_V_addr_1, align 4" [sha256.cpp:87->sha256.cpp:154]   --->   Operation 177 'store' <Predicate = (trunc_ln321 == 14)> <Delay = 3.25> <Core = "RAM">   --->   Core 37 'RAM' <Latency = 1> <II = 1> <Delay = 3.25> <Storage> <Opcode : 'load' 'store'> <Ports = 2> <Width = 32> <Depth = 10000> <RAM>
ST_11 : Operation 178 [1/1] (0.00ns)   --->   "br label %10" [sha256.cpp:87->sha256.cpp:154]   --->   Operation 178 'br' <Predicate = (trunc_ln321 == 14)> <Delay = 0.00>
ST_11 : Operation 179 [1/1] (3.25ns)   --->   "store i32 %message_V_load_1, i32* %M_13_V_addr_1, align 4" [sha256.cpp:87->sha256.cpp:154]   --->   Operation 179 'store' <Predicate = (trunc_ln321 == 13)> <Delay = 3.25> <Core = "RAM">   --->   Core 37 'RAM' <Latency = 1> <II = 1> <Delay = 3.25> <Storage> <Opcode : 'load' 'store'> <Ports = 2> <Width = 32> <Depth = 10000> <RAM>
ST_11 : Operation 180 [1/1] (0.00ns)   --->   "br label %10" [sha256.cpp:87->sha256.cpp:154]   --->   Operation 180 'br' <Predicate = (trunc_ln321 == 13)> <Delay = 0.00>
ST_11 : Operation 181 [1/1] (3.25ns)   --->   "store i32 %message_V_load_1, i32* %M_12_V_addr_1, align 4" [sha256.cpp:87->sha256.cpp:154]   --->   Operation 181 'store' <Predicate = (trunc_ln321 == 12)> <Delay = 3.25> <Core = "RAM">   --->   Core 37 'RAM' <Latency = 1> <II = 1> <Delay = 3.25> <Storage> <Opcode : 'load' 'store'> <Ports = 2> <Width = 32> <Depth = 10000> <RAM>
ST_11 : Operation 182 [1/1] (0.00ns)   --->   "br label %10" [sha256.cpp:87->sha256.cpp:154]   --->   Operation 182 'br' <Predicate = (trunc_ln321 == 12)> <Delay = 0.00>
ST_11 : Operation 183 [1/1] (3.25ns)   --->   "store i32 %message_V_load_1, i32* %M_11_V_addr_1, align 4" [sha256.cpp:87->sha256.cpp:154]   --->   Operation 183 'store' <Predicate = (trunc_ln321 == 11)> <Delay = 3.25> <Core = "RAM">   --->   Core 37 'RAM' <Latency = 1> <II = 1> <Delay = 3.25> <Storage> <Opcode : 'load' 'store'> <Ports = 2> <Width = 32> <Depth = 10000> <RAM>
ST_11 : Operation 184 [1/1] (0.00ns)   --->   "br label %10" [sha256.cpp:87->sha256.cpp:154]   --->   Operation 184 'br' <Predicate = (trunc_ln321 == 11)> <Delay = 0.00>
ST_11 : Operation 185 [1/1] (3.25ns)   --->   "store i32 %message_V_load_1, i32* %M_10_V_addr_1, align 4" [sha256.cpp:87->sha256.cpp:154]   --->   Operation 185 'store' <Predicate = (trunc_ln321 == 10)> <Delay = 3.25> <Core = "RAM">   --->   Core 37 'RAM' <Latency = 1> <II = 1> <Delay = 3.25> <Storage> <Opcode : 'load' 'store'> <Ports = 2> <Width = 32> <Depth = 10000> <RAM>
ST_11 : Operation 186 [1/1] (0.00ns)   --->   "br label %10" [sha256.cpp:87->sha256.cpp:154]   --->   Operation 186 'br' <Predicate = (trunc_ln321 == 10)> <Delay = 0.00>
ST_11 : Operation 187 [1/1] (3.25ns)   --->   "store i32 %message_V_load_1, i32* %M_9_V_addr_1, align 4" [sha256.cpp:87->sha256.cpp:154]   --->   Operation 187 'store' <Predicate = (trunc_ln321 == 9)> <Delay = 3.25> <Core = "RAM">   --->   Core 37 'RAM' <Latency = 1> <II = 1> <Delay = 3.25> <Storage> <Opcode : 'load' 'store'> <Ports = 2> <Width = 32> <Depth = 10000> <RAM>
ST_11 : Operation 188 [1/1] (0.00ns)   --->   "br label %10" [sha256.cpp:87->sha256.cpp:154]   --->   Operation 188 'br' <Predicate = (trunc_ln321 == 9)> <Delay = 0.00>
ST_11 : Operation 189 [1/1] (3.25ns)   --->   "store i32 %message_V_load_1, i32* %M_8_V_addr_1, align 4" [sha256.cpp:87->sha256.cpp:154]   --->   Operation 189 'store' <Predicate = (trunc_ln321 == 8)> <Delay = 3.25> <Core = "RAM">   --->   Core 37 'RAM' <Latency = 1> <II = 1> <Delay = 3.25> <Storage> <Opcode : 'load' 'store'> <Ports = 2> <Width = 32> <Depth = 10000> <RAM>
ST_11 : Operation 190 [1/1] (0.00ns)   --->   "br label %10" [sha256.cpp:87->sha256.cpp:154]   --->   Operation 190 'br' <Predicate = (trunc_ln321 == 8)> <Delay = 0.00>
ST_11 : Operation 191 [1/1] (3.25ns)   --->   "store i32 %message_V_load_1, i32* %M_7_V_addr_1, align 4" [sha256.cpp:87->sha256.cpp:154]   --->   Operation 191 'store' <Predicate = (trunc_ln321 == 7)> <Delay = 3.25> <Core = "RAM">   --->   Core 37 'RAM' <Latency = 1> <II = 1> <Delay = 3.25> <Storage> <Opcode : 'load' 'store'> <Ports = 2> <Width = 32> <Depth = 10000> <RAM>
ST_11 : Operation 192 [1/1] (0.00ns)   --->   "br label %10" [sha256.cpp:87->sha256.cpp:154]   --->   Operation 192 'br' <Predicate = (trunc_ln321 == 7)> <Delay = 0.00>
ST_11 : Operation 193 [1/1] (3.25ns)   --->   "store i32 %message_V_load_1, i32* %M_6_V_addr_1, align 4" [sha256.cpp:87->sha256.cpp:154]   --->   Operation 193 'store' <Predicate = (trunc_ln321 == 6)> <Delay = 3.25> <Core = "RAM">   --->   Core 37 'RAM' <Latency = 1> <II = 1> <Delay = 3.25> <Storage> <Opcode : 'load' 'store'> <Ports = 2> <Width = 32> <Depth = 10000> <RAM>
ST_11 : Operation 194 [1/1] (0.00ns)   --->   "br label %10" [sha256.cpp:87->sha256.cpp:154]   --->   Operation 194 'br' <Predicate = (trunc_ln321 == 6)> <Delay = 0.00>
ST_11 : Operation 195 [1/1] (3.25ns)   --->   "store i32 %message_V_load_1, i32* %M_5_V_addr_1, align 4" [sha256.cpp:87->sha256.cpp:154]   --->   Operation 195 'store' <Predicate = (trunc_ln321 == 5)> <Delay = 3.25> <Core = "RAM">   --->   Core 37 'RAM' <Latency = 1> <II = 1> <Delay = 3.25> <Storage> <Opcode : 'load' 'store'> <Ports = 2> <Width = 32> <Depth = 10000> <RAM>
ST_11 : Operation 196 [1/1] (0.00ns)   --->   "br label %10" [sha256.cpp:87->sha256.cpp:154]   --->   Operation 196 'br' <Predicate = (trunc_ln321 == 5)> <Delay = 0.00>
ST_11 : Operation 197 [1/1] (3.25ns)   --->   "store i32 %message_V_load_1, i32* %M_4_V_addr_1, align 4" [sha256.cpp:87->sha256.cpp:154]   --->   Operation 197 'store' <Predicate = (trunc_ln321 == 4)> <Delay = 3.25> <Core = "RAM">   --->   Core 37 'RAM' <Latency = 1> <II = 1> <Delay = 3.25> <Storage> <Opcode : 'load' 'store'> <Ports = 2> <Width = 32> <Depth = 10000> <RAM>
ST_11 : Operation 198 [1/1] (0.00ns)   --->   "br label %10" [sha256.cpp:87->sha256.cpp:154]   --->   Operation 198 'br' <Predicate = (trunc_ln321 == 4)> <Delay = 0.00>
ST_11 : Operation 199 [1/1] (3.25ns)   --->   "store i32 %message_V_load_1, i32* %M_3_V_addr_1, align 4" [sha256.cpp:87->sha256.cpp:154]   --->   Operation 199 'store' <Predicate = (trunc_ln321 == 3)> <Delay = 3.25> <Core = "RAM">   --->   Core 37 'RAM' <Latency = 1> <II = 1> <Delay = 3.25> <Storage> <Opcode : 'load' 'store'> <Ports = 2> <Width = 32> <Depth = 10000> <RAM>
ST_11 : Operation 200 [1/1] (0.00ns)   --->   "br label %10" [sha256.cpp:87->sha256.cpp:154]   --->   Operation 200 'br' <Predicate = (trunc_ln321 == 3)> <Delay = 0.00>
ST_11 : Operation 201 [1/1] (3.25ns)   --->   "store i32 %message_V_load_1, i32* %M_2_V_addr_1, align 4" [sha256.cpp:87->sha256.cpp:154]   --->   Operation 201 'store' <Predicate = (trunc_ln321 == 2)> <Delay = 3.25> <Core = "RAM">   --->   Core 37 'RAM' <Latency = 1> <II = 1> <Delay = 3.25> <Storage> <Opcode : 'load' 'store'> <Ports = 2> <Width = 32> <Depth = 10000> <RAM>
ST_11 : Operation 202 [1/1] (0.00ns)   --->   "br label %10" [sha256.cpp:87->sha256.cpp:154]   --->   Operation 202 'br' <Predicate = (trunc_ln321 == 2)> <Delay = 0.00>
ST_11 : Operation 203 [1/1] (3.25ns)   --->   "store i32 %message_V_load_1, i32* %M_1_V_addr_1, align 4" [sha256.cpp:87->sha256.cpp:154]   --->   Operation 203 'store' <Predicate = (trunc_ln321 == 1)> <Delay = 3.25> <Core = "RAM">   --->   Core 37 'RAM' <Latency = 1> <II = 1> <Delay = 3.25> <Storage> <Opcode : 'load' 'store'> <Ports = 2> <Width = 32> <Depth = 10000> <RAM>
ST_11 : Operation 204 [1/1] (0.00ns)   --->   "br label %10" [sha256.cpp:87->sha256.cpp:154]   --->   Operation 204 'br' <Predicate = (trunc_ln321 == 1)> <Delay = 0.00>
ST_11 : Operation 205 [1/1] (3.25ns)   --->   "store i32 %message_V_load_1, i32* %M_0_V_addr_1, align 4" [sha256.cpp:87->sha256.cpp:154]   --->   Operation 205 'store' <Predicate = (trunc_ln321 == 0)> <Delay = 3.25> <Core = "RAM">   --->   Core 37 'RAM' <Latency = 1> <II = 1> <Delay = 3.25> <Storage> <Opcode : 'load' 'store'> <Ports = 2> <Width = 32> <Depth = 10000> <RAM>
ST_11 : Operation 206 [1/1] (0.00ns)   --->   "br label %10" [sha256.cpp:87->sha256.cpp:154]   --->   Operation 206 'br' <Predicate = (trunc_ln321 == 0)> <Delay = 0.00>
ST_11 : Operation 207 [1/1] (3.25ns)   --->   "store i32 %message_V_load_1, i32* %M_15_V_addr_1, align 4" [sha256.cpp:87->sha256.cpp:154]   --->   Operation 207 'store' <Predicate = (trunc_ln321 == 15)> <Delay = 3.25> <Core = "RAM">   --->   Core 37 'RAM' <Latency = 1> <II = 1> <Delay = 3.25> <Storage> <Opcode : 'load' 'store'> <Ports = 2> <Width = 32> <Depth = 10000> <RAM>
ST_11 : Operation 208 [1/1] (0.00ns)   --->   "br label %10" [sha256.cpp:87->sha256.cpp:154]   --->   Operation 208 'br' <Predicate = (trunc_ln321 == 15)> <Delay = 0.00>
ST_11 : Operation 209 [1/1] (0.00ns)   --->   "br label %.preheader.i" [sha256.cpp:85->sha256.cpp:154]   --->   Operation 209 'br' <Predicate = true> <Delay = 0.00>


============================================================
+ Verbose Summary: Binding
============================================================
STG Binding: 
---------------- STG Properties BEGIN ----------------
- Is combinational: 0
- Is one-state seq: 0
- Is datapath-only: 0
- Is pipelined: 0
- Is top level: 0
Port [ Return ] is wired: 1; IO mode=ap_ctrl_hs:ce=0
Port [ input_V]:  wired=1; compound=1; hidden=0; nouse=0; global=0; static=0; extern=0; dir=0; type=1; pingpong=0; private_global=0; MemPort=[13]; IO mode=ap_memory:ce=0
Port [ bitlength]:  wired=1; compound=0; hidden=0; nouse=0; global=0; static=0; extern=0; dir=0; type=0; pingpong=0; private_global=0; IO mode=ap_none:ce=0
Port [ M_0_V]:  wired=1; compound=1; hidden=0; nouse=0; global=0; static=0; extern=0; dir=1; type=1; pingpong=1; private_global=0; MemPort=[03]; IO mode=ap_memory:ce=0
Port [ M_1_V]:  wired=1; compound=1; hidden=0; nouse=0; global=0; static=0; extern=0; dir=1; type=1; pingpong=1; private_global=0; MemPort=[03]; IO mode=ap_memory:ce=0
Port [ M_2_V]:  wired=1; compound=1; hidden=0; nouse=0; global=0; static=0; extern=0; dir=1; type=1; pingpong=1; private_global=0; MemPort=[03]; IO mode=ap_memory:ce=0
Port [ M_3_V]:  wired=1; compound=1; hidden=0; nouse=0; global=0; static=0; extern=0; dir=1; type=1; pingpong=1; private_global=0; MemPort=[03]; IO mode=ap_memory:ce=0
Port [ M_4_V]:  wired=1; compound=1; hidden=0; nouse=0; global=0; static=0; extern=0; dir=1; type=1; pingpong=1; private_global=0; MemPort=[03]; IO mode=ap_memory:ce=0
Port [ M_5_V]:  wired=1; compound=1; hidden=0; nouse=0; global=0; static=0; extern=0; dir=1; type=1; pingpong=1; private_global=0; MemPort=[03]; IO mode=ap_memory:ce=0
Port [ M_6_V]:  wired=1; compound=1; hidden=0; nouse=0; global=0; static=0; extern=0; dir=1; type=1; pingpong=1; private_global=0; MemPort=[03]; IO mode=ap_memory:ce=0
Port [ M_7_V]:  wired=1; compound=1; hidden=0; nouse=0; global=0; static=0; extern=0; dir=1; type=1; pingpong=1; private_global=0; MemPort=[03]; IO mode=ap_memory:ce=0
Port [ M_8_V]:  wired=1; compound=1; hidden=0; nouse=0; global=0; static=0; extern=0; dir=1; type=1; pingpong=1; private_global=0; MemPort=[03]; IO mode=ap_memory:ce=0
Port [ M_9_V]:  wired=1; compound=1; hidden=0; nouse=0; global=0; static=0; extern=0; dir=1; type=1; pingpong=1; private_global=0; MemPort=[03]; IO mode=ap_memory:ce=0
Port [ M_10_V]:  wired=1; compound=1; hidden=0; nouse=0; global=0; static=0; extern=0; dir=1; type=1; pingpong=1; private_global=0; MemPort=[03]; IO mode=ap_memory:ce=0
Port [ M_11_V]:  wired=1; compound=1; hidden=0; nouse=0; global=0; static=0; extern=0; dir=1; type=1; pingpong=1; private_global=0; MemPort=[03]; IO mode=ap_memory:ce=0
Port [ M_12_V]:  wired=1; compound=1; hidden=0; nouse=0; global=0; static=0; extern=0; dir=1; type=1; pingpong=1; private_global=0; MemPort=[03]; IO mode=ap_memory:ce=0
Port [ M_13_V]:  wired=1; compound=1; hidden=0; nouse=0; global=0; static=0; extern=0; dir=1; type=1; pingpong=1; private_global=0; MemPort=[03]; IO mode=ap_memory:ce=0
Port [ M_14_V]:  wired=1; compound=1; hidden=0; nouse=0; global=0; static=0; extern=0; dir=1; type=1; pingpong=1; private_global=0; MemPort=[03]; IO mode=ap_memory:ce=0
Port [ M_15_V]:  wired=1; compound=1; hidden=0; nouse=0; global=0; static=0; extern=0; dir=1; type=1; pingpong=1; private_global=0; MemPort=[03]; IO mode=ap_memory:ce=0
Port [ bitlength_out]:  wired=1; compound=1; hidden=0; nouse=0; global=0; static=0; extern=0; dir=1; type=3; pingpong=0; private_global=0; IO mode=ap_fifo:ce=0
---------------- STG Properties END ------------------

---------------- Datapath Model BEGIN ----------------

<LifeTime>
<method=bitvector/>
bitlength_read    (read             ) [ 001111111000]
message_V         (alloca           ) [ 001111111111]
empty             (specinterface    ) [ 000000000000]
write_ln154       (write            ) [ 000000000000]
br_ln59           (br               ) [ 011000000000]
i_0_i             (phi              ) [ 001000000000]
icmp_ln59         (icmp             ) [ 001110000000]
empty_6           (speclooptripcount) [ 000000000000]
i                 (add              ) [ 011000000000]
br_ln59           (br               ) [ 000000000000]
zext_ln62         (zext             ) [ 000000000000]
M_0_V_addr        (getelementptr    ) [ 000000000000]
store_ln62        (store            ) [ 000000000000]
M_1_V_addr        (getelementptr    ) [ 000000000000]
store_ln62        (store            ) [ 000000000000]
M_2_V_addr        (getelementptr    ) [ 000000000000]
store_ln62        (store            ) [ 000000000000]
M_3_V_addr        (getelementptr    ) [ 000000000000]
store_ln62        (store            ) [ 000000000000]
M_4_V_addr        (getelementptr    ) [ 000000000000]
store_ln62        (store            ) [ 000000000000]
M_5_V_addr        (getelementptr    ) [ 000000000000]
store_ln62        (store            ) [ 000000000000]
M_6_V_addr        (getelementptr    ) [ 000000000000]
store_ln62        (store            ) [ 000000000000]
M_7_V_addr        (getelementptr    ) [ 000000000000]
store_ln62        (store            ) [ 000000000000]
M_8_V_addr        (getelementptr    ) [ 000000000000]
store_ln62        (store            ) [ 000000000000]
M_9_V_addr        (getelementptr    ) [ 000000000000]
store_ln62        (store            ) [ 000000000000]
M_10_V_addr       (getelementptr    ) [ 000000000000]
store_ln62        (store            ) [ 000000000000]
M_11_V_addr       (getelementptr    ) [ 000000000000]
store_ln62        (store            ) [ 000000000000]
M_12_V_addr       (getelementptr    ) [ 000000000000]
store_ln62        (store            ) [ 000000000000]
M_13_V_addr       (getelementptr    ) [ 000000000000]
store_ln62        (store            ) [ 000000000000]
M_14_V_addr       (getelementptr    ) [ 000000000000]
store_ln62        (store            ) [ 000000000000]
M_15_V_addr       (getelementptr    ) [ 000000000000]
store_ln62        (store            ) [ 000000000000]
br_ln59           (br               ) [ 011000000000]
tmp_2             (bitselect        ) [ 000111111000]
sub_ln67          (sub              ) [ 000111111000]
tmp               (partselect       ) [ 000000000000]
zext_ln67         (zext             ) [ 000000000000]
sub_ln67_1        (sub              ) [ 000000000000]
tmp_1             (partselect       ) [ 000000000000]
zext_ln67_1       (zext             ) [ 000000000000]
select_ln67       (select           ) [ 000111110000]
sext_ln67         (sext             ) [ 000111111000]
trunc_ln67        (trunc            ) [ 000111110000]
wordlength        (add              ) [ 000111110000]
br_ln69           (br               ) [ 001110000000]
i1_0_i            (phi              ) [ 000100000000]
zext_ln69         (zext             ) [ 000000000000]
icmp_ln69         (icmp             ) [ 000110000000]
i_1               (add              ) [ 001110000000]
br_ln69           (br               ) [ 000000000000]
zext_ln71         (zext             ) [ 000110000000]
input_V_addr      (getelementptr    ) [ 000110000000]
tmp_i             (specregionbegin  ) [ 000000000000]
specpipeline_ln70 (specpipeline     ) [ 000000000000]
input_V_load      (load             ) [ 000000000000]
message_V_addr    (getelementptr    ) [ 000000000000]
store_ln71        (store            ) [ 000000000000]
empty_7           (specregionend    ) [ 000000000000]
br_ln69           (br               ) [ 001110000000]
trunc_ln74        (trunc            ) [ 000000100000]
icmp_ln74         (icmp             ) [ 000001110000]
sext_ln77         (sext             ) [ 000000000000]
br_ln74           (br               ) [ 000000000000]
message_V_addr_2  (getelementptr    ) [ 000000110000]
message_V_addr_1  (getelementptr    ) [ 000000000000]
store_ln77        (store            ) [ 000000000000]
br_ln0            (br               ) [ 000000000000]
trunc_ln75        (trunc            ) [ 000000000000]
tmp_3             (bitconcatenate   ) [ 000000000000]
sub_ln75_1        (sub              ) [ 000000000000]
tmp_5             (bitconcatenate   ) [ 000000000000]
select_ln75       (select           ) [ 000000000000]
sub_ln75          (sub              ) [ 000000000000]
zext_ln75         (zext             ) [ 000000000000]
shl_ln75          (shl              ) [ 000000000000]
message_V_load    (load             ) [ 000000000000]
or_ln718          (or               ) [ 000000010000]
store_ln75        (store            ) [ 000000000000]
br_ln75           (br               ) [ 000000000000]
icmp_ln79         (icmp             ) [ 000000000000]
tmp_4             (bitselect        ) [ 000000000000]
trunc_ln79        (trunc            ) [ 000000000000]
p_and_f           (bitconcatenate   ) [ 000000000000]
trunc_ln79_1      (trunc            ) [ 000000000000]
xor_ln79          (xor              ) [ 000000000000]
p_and_t1          (bitconcatenate   ) [ 000000000000]
sub_ln79          (sub              ) [ 000000000000]
select_ln79       (select           ) [ 000000001000]
trunc_ln79_2      (trunc            ) [ 000000000000]
icmp_ln79_1       (icmp             ) [ 000000000000]
or_ln79           (or               ) [ 000000001000]
br_ln79           (br               ) [ 000000000000]
add_ln82          (add              ) [ 000000000000]
sub_ln82          (sub              ) [ 000000000000]
sext_ln82         (sext             ) [ 000000000000]
message_V_addr_4  (getelementptr    ) [ 000000000000]
store_ln82        (store            ) [ 000000000000]
br_ln0            (br               ) [ 000000000000]
add_ln80          (add              ) [ 000000000000]
sub_ln80          (sub              ) [ 000000000000]
sext_ln80         (sext             ) [ 000000000000]
message_V_addr_3  (getelementptr    ) [ 000000000000]
store_ln80        (store            ) [ 000000000000]
br_ln80           (br               ) [ 000000000000]
tmp_8             (partselect       ) [ 000000000000]
zext_ln85         (zext             ) [ 000000000000]
sub_ln85          (sub              ) [ 000000000000]
tmp_9             (partselect       ) [ 000000000000]
zext_ln85_1       (zext             ) [ 000000000000]
select_ln85       (select           ) [ 000000000000]
sext_ln85         (sext             ) [ 000000000000]
add_ln85          (add              ) [ 000000000000]
sext_ln85_1       (sext             ) [ 000000000111]
br_ln84           (br               ) [ 000000001111]
i2_0_i            (phi              ) [ 000000000100]
zext_ln84         (zext             ) [ 000000000011]
icmp_ln84         (icmp             ) [ 000000000111]
empty_8           (speclooptripcount) [ 000000000000]
i_2               (add              ) [ 000000001111]
br_ln84           (br               ) [ 000000000000]
trunc_ln321       (trunc            ) [ 000000000011]
br_ln85           (br               ) [ 000000000111]
ret_ln154         (ret              ) [ 000000000000]
j3_0_i            (phi              ) [ 000000000011]
icmp_ln85         (icmp             ) [ 000000000111]
j                 (add              ) [ 000000000111]
br_ln85           (br               ) [ 000000000000]
shl_ln87          (shl              ) [ 000000000000]
add_ln87          (add              ) [ 000000000000]
zext_ln87_1       (zext             ) [ 000000000000]
message_V_addr_5  (getelementptr    ) [ 000000000001]
br_ln0            (br               ) [ 000000001111]
zext_ln87         (zext             ) [ 000000000000]
message_V_load_1  (load             ) [ 000000000000]
M_0_V_addr_1      (getelementptr    ) [ 000000000000]
M_1_V_addr_1      (getelementptr    ) [ 000000000000]
M_2_V_addr_1      (getelementptr    ) [ 000000000000]
M_3_V_addr_1      (getelementptr    ) [ 000000000000]
M_4_V_addr_1      (getelementptr    ) [ 000000000000]
M_5_V_addr_1      (getelementptr    ) [ 000000000000]
M_6_V_addr_1      (getelementptr    ) [ 000000000000]
M_7_V_addr_1      (getelementptr    ) [ 000000000000]
M_8_V_addr_1      (getelementptr    ) [ 000000000000]
M_9_V_addr_1      (getelementptr    ) [ 000000000000]
M_10_V_addr_1     (getelementptr    ) [ 000000000000]
M_11_V_addr_1     (getelementptr    ) [ 000000000000]
M_12_V_addr_1     (getelementptr    ) [ 000000000000]
M_13_V_addr_1     (getelementptr    ) [ 000000000000]
M_14_V_addr_1     (getelementptr    ) [ 000000000000]
M_15_V_addr_1     (getelementptr    ) [ 000000000000]
switch_ln87       (switch           ) [ 000000000000]
store_ln87        (store            ) [ 000000000000]
br_ln87           (br               ) [ 000000000000]
store_ln87        (store            ) [ 000000000000]
br_ln87           (br               ) [ 000000000000]
store_ln87        (store            ) [ 000000000000]
br_ln87           (br               ) [ 000000000000]
store_ln87        (store            ) [ 000000000000]
br_ln87           (br               ) [ 000000000000]
store_ln87        (store            ) [ 000000000000]
br_ln87           (br               ) [ 000000000000]
store_ln87        (store            ) [ 000000000000]
br_ln87           (br               ) [ 000000000000]
store_ln87        (store            ) [ 000000000000]
br_ln87           (br               ) [ 000000000000]
store_ln87        (store            ) [ 000000000000]
br_ln87           (br               ) [ 000000000000]
store_ln87        (store            ) [ 000000000000]
br_ln87           (br               ) [ 000000000000]
store_ln87        (store            ) [ 000000000000]
br_ln87           (br               ) [ 000000000000]
store_ln87        (store            ) [ 000000000000]
br_ln87           (br               ) [ 000000000000]
store_ln87        (store            ) [ 000000000000]
br_ln87           (br               ) [ 000000000000]
store_ln87        (store            ) [ 000000000000]
br_ln87           (br               ) [ 000000000000]
store_ln87        (store            ) [ 000000000000]
br_ln87           (br               ) [ 000000000000]
store_ln87        (store            ) [ 000000000000]
br_ln87           (br               ) [ 000000000000]
store_ln87        (store            ) [ 000000000000]
br_ln87           (br               ) [ 000000000000]
br_ln85           (br               ) [ 000000000111]
</LifeTime>

<model>

<comp_list>
<comp id="0" class="1000" name="input_V">
<pin_list>
<pin id="1" dir="1" index="0" bw="1" slack="0"/>
</pin_list>
<bind>
<StgValue><ssdm name="input_V"/><MemPortTyVec>1 3 </MemPortTyVec>
</StgValue>
</bind>
</comp>

<comp id="2" class="1000" name="bitlength">
<pin_list>
<pin id="3" dir="1" index="0" bw="1" slack="0"/>
</pin_list>
<bind>
<StgValue><ssdm name="bitlength"/></StgValue>
</bind>
</comp>

<comp id="4" class="1000" name="M_0_V">
<pin_list>
<pin id="5" dir="1" index="0" bw="1" slack="0"/>
</pin_list>
<bind>
<StgValue><ssdm name="M_0_V"/><MemPortTyVec>0 3 </MemPortTyVec>
</StgValue>
</bind>
</comp>

<comp id="6" class="1000" name="M_1_V">
<pin_list>
<pin id="7" dir="1" index="0" bw="1" slack="0"/>
</pin_list>
<bind>
<StgValue><ssdm name="M_1_V"/><MemPortTyVec>0 3 </MemPortTyVec>
</StgValue>
</bind>
</comp>

<comp id="8" class="1000" name="M_2_V">
<pin_list>
<pin id="9" dir="1" index="0" bw="1" slack="0"/>
</pin_list>
<bind>
<StgValue><ssdm name="M_2_V"/><MemPortTyVec>0 3 </MemPortTyVec>
</StgValue>
</bind>
</comp>

<comp id="10" class="1000" name="M_3_V">
<pin_list>
<pin id="11" dir="1" index="0" bw="1" slack="0"/>
</pin_list>
<bind>
<StgValue><ssdm name="M_3_V"/><MemPortTyVec>0 3 </MemPortTyVec>
</StgValue>
</bind>
</comp>

<comp id="12" class="1000" name="M_4_V">
<pin_list>
<pin id="13" dir="1" index="0" bw="1" slack="0"/>
</pin_list>
<bind>
<StgValue><ssdm name="M_4_V"/><MemPortTyVec>0 3 </MemPortTyVec>
</StgValue>
</bind>
</comp>

<comp id="14" class="1000" name="M_5_V">
<pin_list>
<pin id="15" dir="1" index="0" bw="1" slack="0"/>
</pin_list>
<bind>
<StgValue><ssdm name="M_5_V"/><MemPortTyVec>0 3 </MemPortTyVec>
</StgValue>
</bind>
</comp>

<comp id="16" class="1000" name="M_6_V">
<pin_list>
<pin id="17" dir="1" index="0" bw="1" slack="0"/>
</pin_list>
<bind>
<StgValue><ssdm name="M_6_V"/><MemPortTyVec>0 3 </MemPortTyVec>
</StgValue>
</bind>
</comp>

<comp id="18" class="1000" name="M_7_V">
<pin_list>
<pin id="19" dir="1" index="0" bw="1" slack="0"/>
</pin_list>
<bind>
<StgValue><ssdm name="M_7_V"/><MemPortTyVec>0 3 </MemPortTyVec>
</StgValue>
</bind>
</comp>

<comp id="20" class="1000" name="M_8_V">
<pin_list>
<pin id="21" dir="1" index="0" bw="1" slack="0"/>
</pin_list>
<bind>
<StgValue><ssdm name="M_8_V"/><MemPortTyVec>0 3 </MemPortTyVec>
</StgValue>
</bind>
</comp>

<comp id="22" class="1000" name="M_9_V">
<pin_list>
<pin id="23" dir="1" index="0" bw="1" slack="0"/>
</pin_list>
<bind>
<StgValue><ssdm name="M_9_V"/><MemPortTyVec>0 3 </MemPortTyVec>
</StgValue>
</bind>
</comp>

<comp id="24" class="1000" name="M_10_V">
<pin_list>
<pin id="25" dir="1" index="0" bw="1" slack="0"/>
</pin_list>
<bind>
<StgValue><ssdm name="M_10_V"/><MemPortTyVec>0 3 </MemPortTyVec>
</StgValue>
</bind>
</comp>

<comp id="26" class="1000" name="M_11_V">
<pin_list>
<pin id="27" dir="1" index="0" bw="1" slack="0"/>
</pin_list>
<bind>
<StgValue><ssdm name="M_11_V"/><MemPortTyVec>0 3 </MemPortTyVec>
</StgValue>
</bind>
</comp>

<comp id="28" class="1000" name="M_12_V">
<pin_list>
<pin id="29" dir="1" index="0" bw="1" slack="0"/>
</pin_list>
<bind>
<StgValue><ssdm name="M_12_V"/><MemPortTyVec>0 3 </MemPortTyVec>
</StgValue>
</bind>
</comp>

<comp id="30" class="1000" name="M_13_V">
<pin_list>
<pin id="31" dir="1" index="0" bw="1" slack="0"/>
</pin_list>
<bind>
<StgValue><ssdm name="M_13_V"/><MemPortTyVec>0 3 </MemPortTyVec>
</StgValue>
</bind>
</comp>

<comp id="32" class="1000" name="M_14_V">
<pin_list>
<pin id="33" dir="1" index="0" bw="1" slack="0"/>
</pin_list>
<bind>
<StgValue><ssdm name="M_14_V"/><MemPortTyVec>0 3 </MemPortTyVec>
</StgValue>
</bind>
</comp>

<comp id="34" class="1000" name="M_15_V">
<pin_list>
<pin id="35" dir="1" index="0" bw="1" slack="0"/>
</pin_list>
<bind>
<StgValue><ssdm name="M_15_V"/><MemPortTyVec>0 3 </MemPortTyVec>
</StgValue>
</bind>
</comp>

<comp id="36" class="1000" name="bitlength_out">
<pin_list>
<pin id="37" dir="1" index="0" bw="1" slack="0"/>
</pin_list>
<bind>
<StgValue><ssdm name="bitlength_out"/></StgValue>
</bind>
</comp>

<comp id="38" class="1001" name="const_38">
<pin_list>
<pin id="39" dir="1" index="0" bw="1" slack="0"/>
</pin_list>
<bind>
<StgValue><ssdm name="_ssdm_op_Read.ap_auto.i32"/></StgValue>
</bind>
</comp>

<comp id="40" class="1001" name="const_40">
<pin_list>
<pin id="41" dir="1" index="0" bw="1" slack="0"/>
</pin_list>
<bind>
<StgValue><ssdm name=""/></StgValue>
</bind>
</comp>

<comp id="42" class="1001" name="const_42">
<pin_list>
<pin id="43" dir="1" index="0" bw="1" slack="2147483647"/>
</pin_list>
<bind>
<StgValue><ssdm name="_ssdm_op_SpecInterface"/></StgValue>
</bind>
</comp>

<comp id="44" class="1001" name="const_44">
<pin_list>
<pin id="45" dir="1" index="0" bw="1" slack="2147483647"/>
</pin_list>
<bind>
<StgValue><ssdm name="ap_fifo_str"/></StgValue>
</bind>
</comp>

<comp id="46" class="1001" name="const_46">
<pin_list>
<pin id="47" dir="1" index="0" bw="1" slack="0"/>
</pin_list>
<bind>
<StgValue><ssdm name=""/></StgValue>
</bind>
</comp>

<comp id="48" class="1001" name="const_48">
<pin_list>
<pin id="49" dir="1" index="0" bw="1" slack="2147483647"/>
</pin_list>
<bind>
<StgValue><ssdm name="p_str"/></StgValue>
</bind>
</comp>

<comp id="50" class="1001" name="const_50">
<pin_list>
<pin id="51" dir="1" index="0" bw="1" slack="2147483647"/>
</pin_list>
<bind>
<StgValue><ssdm name=""/></StgValue>
</bind>
</comp>

<comp id="52" class="1001" name="const_52">
<pin_list>
<pin id="53" dir="1" index="0" bw="1" slack="2147483647"/>
</pin_list>
<bind>
<StgValue><ssdm name=""/></StgValue>
</bind>
</comp>

<comp id="54" class="1001" name="const_54">
<pin_list>
<pin id="55" dir="1" index="0" bw="1" slack="2147483647"/>
</pin_list>
<bind>
<StgValue><ssdm name="ScalarProp_str"/></StgValue>
</bind>
</comp>

<comp id="56" class="1001" name="const_56">
<pin_list>
<pin id="57" dir="1" index="0" bw="1" slack="0"/>
</pin_list>
<bind>
<StgValue><ssdm name="_ssdm_op_Write.ap_fifo.i32P"/></StgValue>
</bind>
</comp>

<comp id="58" class="1001" name="const_58">
<pin_list>
<pin id="59" dir="1" index="0" bw="1" slack="0"/>
</pin_list>
<bind>
<StgValue><ssdm name=""/></StgValue>
</bind>
</comp>

<comp id="60" class="1001" name="const_60">
<pin_list>
<pin id="61" dir="1" index="0" bw="1" slack="0"/>
</pin_list>
<bind>
<StgValue><ssdm name=""/></StgValue>
</bind>
</comp>

<comp id="62" class="1001" name="const_62">
<pin_list>
<pin id="63" dir="1" index="0" bw="1" slack="2147483647"/>
</pin_list>
<bind>
<StgValue><ssdm name="_ssdm_op_SpecLoopTripCount"/></StgValue>
</bind>
</comp>

<comp id="64" class="1001" name="const_64">
<pin_list>
<pin id="65" dir="1" index="0" bw="1" slack="2147483647"/>
</pin_list>
<bind>
<StgValue><ssdm name=""/></StgValue>
</bind>
</comp>

<comp id="66" class="1001" name="const_66">
<pin_list>
<pin id="67" dir="1" index="0" bw="1" slack="0"/>
</pin_list>
<bind>
<StgValue><ssdm name=""/></StgValue>
</bind>
</comp>

<comp id="68" class="1001" name="const_68">
<pin_list>
<pin id="69" dir="1" index="0" bw="1" slack="0"/>
</pin_list>
<bind>
<StgValue><ssdm name=""/></StgValue>
</bind>
</comp>

<comp id="70" class="1001" name="const_70">
<pin_list>
<pin id="71" dir="1" index="0" bw="1" slack="0"/>
</pin_list>
<bind>
<StgValue><ssdm name="_ssdm_op_BitSelect.i1.i32.i32"/></StgValue>
</bind>
</comp>

<comp id="72" class="1001" name="const_72">
<pin_list>
<pin id="73" dir="1" index="0" bw="1" slack="0"/>
</pin_list>
<bind>
<StgValue><ssdm name=""/></StgValue>
</bind>
</comp>

<comp id="74" class="1001" name="const_74">
<pin_list>
<pin id="75" dir="1" index="0" bw="1" slack="0"/>
</pin_list>
<bind>
<StgValue><ssdm name="_ssdm_op_PartSelect.i27.i32.i32.i32"/></StgValue>
</bind>
</comp>

<comp id="76" class="1001" name="const_76">
<pin_list>
<pin id="77" dir="1" index="0" bw="1" slack="0"/>
</pin_list>
<bind>
<StgValue><ssdm name=""/></StgValue>
</bind>
</comp>

<comp id="78" class="1001" name="const_78">
<pin_list>
<pin id="79" dir="1" index="0" bw="1" slack="0"/>
</pin_list>
<bind>
<StgValue><ssdm name=""/></StgValue>
</bind>
</comp>

<comp id="80" class="1001" name="const_80">
<pin_list>
<pin id="81" dir="1" index="0" bw="1" slack="0"/>
</pin_list>
<bind>
<StgValue><ssdm name=""/></StgValue>
</bind>
</comp>

<comp id="82" class="1001" name="const_82">
<pin_list>
<pin id="83" dir="1" index="0" bw="1" slack="0"/>
</pin_list>
<bind>
<StgValue><ssdm name=""/></StgValue>
</bind>
</comp>

<comp id="84" class="1001" name="const_84">
<pin_list>
<pin id="85" dir="1" index="0" bw="1" slack="2147483647"/>
</pin_list>
<bind>
<StgValue><ssdm name="_ssdm_op_SpecRegionBegin"/></StgValue>
</bind>
</comp>

<comp id="86" class="1001" name="const_86">
<pin_list>
<pin id="87" dir="1" index="0" bw="1" slack="2147483647"/>
</pin_list>
<bind>
<StgValue><ssdm name="p_str3"/></StgValue>
</bind>
</comp>

<comp id="88" class="1001" name="const_88">
<pin_list>
<pin id="89" dir="1" index="0" bw="1" slack="2147483647"/>
</pin_list>
<bind>
<StgValue><ssdm name="_ssdm_op_SpecPipeline"/></StgValue>
</bind>
</comp>

<comp id="90" class="1001" name="const_90">
<pin_list>
<pin id="91" dir="1" index="0" bw="1" slack="0"/>
</pin_list>
<bind>
<StgValue><ssdm name=""/></StgValue>
</bind>
</comp>

<comp id="92" class="1001" name="const_92">
<pin_list>
<pin id="93" dir="1" index="0" bw="1" slack="2147483647"/>
</pin_list>
<bind>
<StgValue><ssdm name="_ssdm_op_SpecRegionEnd"/></StgValue>
</bind>
</comp>

<comp id="94" class="1001" name="const_94">
<pin_list>
<pin id="95" dir="1" index="0" bw="1" slack="0"/>
</pin_list>
<bind>
<StgValue><ssdm name=""/></StgValue>
</bind>
</comp>

<comp id="96" class="1001" name="const_96">
<pin_list>
<pin id="97" dir="1" index="0" bw="1" slack="0"/>
</pin_list>
<bind>
<StgValue><ssdm name=""/></StgValue>
</bind>
</comp>

<comp id="98" class="1001" name="const_98">
<pin_list>
<pin id="99" dir="1" index="0" bw="1" slack="0"/>
</pin_list>
<bind>
<StgValue><ssdm name="_ssdm_op_BitConcatenate.i6.i1.i5"/></StgValue>
</bind>
</comp>

<comp id="100" class="1001" name="const_100">
<pin_list>
<pin id="101" dir="1" index="0" bw="1" slack="0"/>
</pin_list>
<bind>
<StgValue><ssdm name=""/></StgValue>
</bind>
</comp>

<comp id="102" class="1001" name="const_102">
<pin_list>
<pin id="103" dir="1" index="0" bw="1" slack="0"/>
</pin_list>
<bind>
<StgValue><ssdm name=""/></StgValue>
</bind>
</comp>

<comp id="104" class="1001" name="const_104">
<pin_list>
<pin id="105" dir="1" index="0" bw="1" slack="0"/>
</pin_list>
<bind>
<StgValue><ssdm name=""/></StgValue>
</bind>
</comp>

<comp id="106" class="1001" name="const_106">
<pin_list>
<pin id="107" dir="1" index="0" bw="1" slack="0"/>
</pin_list>
<bind>
<StgValue><ssdm name="_ssdm_op_BitSelect.i1.i29.i32"/></StgValue>
</bind>
</comp>

<comp id="108" class="1001" name="const_108">
<pin_list>
<pin id="109" dir="1" index="0" bw="1" slack="0"/>
</pin_list>
<bind>
<StgValue><ssdm name=""/></StgValue>
</bind>
</comp>

<comp id="110" class="1001" name="const_110">
<pin_list>
<pin id="111" dir="1" index="0" bw="1" slack="0"/>
</pin_list>
<bind>
<StgValue><ssdm name="_ssdm_op_BitConcatenate.i29.i25.i4"/></StgValue>
</bind>
</comp>

<comp id="112" class="1001" name="const_112">
<pin_list>
<pin id="113" dir="1" index="0" bw="1" slack="0"/>
</pin_list>
<bind>
<StgValue><ssdm name=""/></StgValue>
</bind>
</comp>

<comp id="114" class="1001" name="const_114">
<pin_list>
<pin id="115" dir="1" index="0" bw="1" slack="0"/>
</pin_list>
<bind>
<StgValue><ssdm name=""/></StgValue>
</bind>
</comp>

<comp id="116" class="1001" name="const_116">
<pin_list>
<pin id="117" dir="1" index="0" bw="1" slack="0"/>
</pin_list>
<bind>
<StgValue><ssdm name=""/></StgValue>
</bind>
</comp>

<comp id="118" class="1001" name="const_118">
<pin_list>
<pin id="119" dir="1" index="0" bw="1" slack="0"/>
</pin_list>
<bind>
<StgValue><ssdm name=""/></StgValue>
</bind>
</comp>

<comp id="120" class="1001" name="const_120">
<pin_list>
<pin id="121" dir="1" index="0" bw="1" slack="0"/>
</pin_list>
<bind>
<StgValue><ssdm name=""/></StgValue>
</bind>
</comp>

<comp id="122" class="1001" name="const_122">
<pin_list>
<pin id="123" dir="1" index="0" bw="1" slack="0"/>
</pin_list>
<bind>
<StgValue><ssdm name="_ssdm_op_PartSelect.i23.i32.i32.i32"/></StgValue>
</bind>
</comp>

<comp id="124" class="1001" name="const_124">
<pin_list>
<pin id="125" dir="1" index="0" bw="1" slack="0"/>
</pin_list>
<bind>
<StgValue><ssdm name=""/></StgValue>
</bind>
</comp>

<comp id="126" class="1001" name="const_126">
<pin_list>
<pin id="127" dir="1" index="0" bw="1" slack="0"/>
</pin_list>
<bind>
<StgValue><ssdm name=""/></StgValue>
</bind>
</comp>

<comp id="128" class="1001" name="const_128">
<pin_list>
<pin id="129" dir="1" index="0" bw="1" slack="0"/>
</pin_list>
<bind>
<StgValue><ssdm name=""/></StgValue>
</bind>
</comp>

<comp id="130" class="1001" name="const_130">
<pin_list>
<pin id="131" dir="1" index="0" bw="1" slack="0"/>
</pin_list>
<bind>
<StgValue><ssdm name=""/></StgValue>
</bind>
</comp>

<comp id="132" class="1001" name="const_132">
<pin_list>
<pin id="133" dir="1" index="0" bw="1" slack="2147483647"/>
</pin_list>
<bind>
<StgValue><ssdm name=""/></StgValue>
</bind>
</comp>

<comp id="134" class="1001" name="const_134">
<pin_list>
<pin id="135" dir="1" index="0" bw="1" slack="0"/>
</pin_list>
<bind>
<StgValue><ssdm name=""/></StgValue>
</bind>
</comp>

<comp id="136" class="1001" name="const_136">
<pin_list>
<pin id="137" dir="1" index="0" bw="1" slack="0"/>
</pin_list>
<bind>
<StgValue><ssdm name=""/></StgValue>
</bind>
</comp>

<comp id="138" class="1001" name="const_138">
<pin_list>
<pin id="139" dir="1" index="0" bw="1" slack="2147483647"/>
</pin_list>
<bind>
<StgValue><ssdm name=""/></StgValue>
</bind>
</comp>

<comp id="140" class="1001" name="const_140">
<pin_list>
<pin id="141" dir="1" index="0" bw="1" slack="2147483647"/>
</pin_list>
<bind>
<StgValue><ssdm name=""/></StgValue>
</bind>
</comp>

<comp id="142" class="1001" name="const_142">
<pin_list>
<pin id="143" dir="1" index="0" bw="1" slack="2147483647"/>
</pin_list>
<bind>
<StgValue><ssdm name=""/></StgValue>
</bind>
</comp>

<comp id="144" class="1001" name="const_144">
<pin_list>
<pin id="145" dir="1" index="0" bw="1" slack="2147483647"/>
</pin_list>
<bind>
<StgValue><ssdm name=""/></StgValue>
</bind>
</comp>

<comp id="146" class="1001" name="const_146">
<pin_list>
<pin id="147" dir="1" index="0" bw="1" slack="2147483647"/>
</pin_list>
<bind>
<StgValue><ssdm name=""/></StgValue>
</bind>
</comp>

<comp id="148" class="1001" name="const_148">
<pin_list>
<pin id="149" dir="1" index="0" bw="1" slack="2147483647"/>
</pin_list>
<bind>
<StgValue><ssdm name=""/></StgValue>
</bind>
</comp>

<comp id="150" class="1001" name="const_150">
<pin_list>
<pin id="151" dir="1" index="0" bw="1" slack="2147483647"/>
</pin_list>
<bind>
<StgValue><ssdm name=""/></StgValue>
</bind>
</comp>

<comp id="152" class="1001" name="const_152">
<pin_list>
<pin id="153" dir="1" index="0" bw="1" slack="2147483647"/>
</pin_list>
<bind>
<StgValue><ssdm name=""/></StgValue>
</bind>
</comp>

<comp id="154" class="1001" name="const_154">
<pin_list>
<pin id="155" dir="1" index="0" bw="1" slack="2147483647"/>
</pin_list>
<bind>
<StgValue><ssdm name=""/></StgValue>
</bind>
</comp>

<comp id="156" class="1001" name="const_156">
<pin_list>
<pin id="157" dir="1" index="0" bw="1" slack="2147483647"/>
</pin_list>
<bind>
<StgValue><ssdm name=""/></StgValue>
</bind>
</comp>

<comp id="158" class="1001" name="const_158">
<pin_list>
<pin id="159" dir="1" index="0" bw="1" slack="2147483647"/>
</pin_list>
<bind>
<StgValue><ssdm name=""/></StgValue>
</bind>
</comp>

<comp id="160" class="1001" name="const_160">
<pin_list>
<pin id="161" dir="1" index="0" bw="1" slack="2147483647"/>
</pin_list>
<bind>
<StgValue><ssdm name=""/></StgValue>
</bind>
</comp>

<comp id="162" class="1001" name="const_162">
<pin_list>
<pin id="163" dir="1" index="0" bw="1" slack="2147483647"/>
</pin_list>
<bind>
<StgValue><ssdm name=""/></StgValue>
</bind>
</comp>

<comp id="164" class="1001" name="const_164">
<pin_list>
<pin id="165" dir="1" index="0" bw="1" slack="2147483647"/>
</pin_list>
<bind>
<StgValue><ssdm name=""/></StgValue>
</bind>
</comp>

<comp id="166" class="1001" name="const_166">
<pin_list>
<pin id="167" dir="1" index="0" bw="1" slack="2147483647"/>
</pin_list>
<bind>
<StgValue><ssdm name=""/></StgValue>
</bind>
</comp>

<comp id="168" class="1004" name="message_V_alloca_fu_168">
<pin_list>
<pin id="169" dir="0" index="0" bw="1" slack="0"/>
<pin id="170" dir="1" index="1" bw="32" slack="2147483647"/>
</pin_list>
<bind>
<opcode="alloca(26) " fcode="alloca"/>
<opset="message_V/1 "/>
</bind>
</comp>

<comp id="172" class="1004" name="bitlength_read_read_fu_172">
<pin_list>
<pin id="173" dir="0" index="0" bw="32" slack="0"/>
<pin id="174" dir="0" index="1" bw="32" slack="0"/>
<pin id="175" dir="1" index="2" bw="32" slack="0"/>
</pin_list>
<bind>
<opcode="read(1150) " fcode="read"/>
<opset="bitlength_read/1 "/>
</bind>
</comp>

<comp id="178" class="1004" name="write_ln154_write_fu_178">
<pin_list>
<pin id="179" dir="0" index="0" bw="0" slack="0"/>
<pin id="180" dir="0" index="1" bw="32" slack="0"/>
<pin id="181" dir="0" index="2" bw="32" slack="0"/>
<pin id="182" dir="1" index="3" bw="0" slack="2147483647"/>
</pin_list>
<bind>
<opcode="write(1151) " fcode="write"/>
<opset="write_ln154/1 "/>
</bind>
</comp>

<comp id="186" class="1004" name="M_0_V_addr_gep_fu_186">
<pin_list>
<pin id="187" dir="0" index="0" bw="32" slack="0"/>
<pin id="188" dir="0" index="1" bw="1" slack="0"/>
<pin id="189" dir="0" index="2" bw="6" slack="0"/>
<pin id="190" dir="1" index="3" bw="5" slack="0"/>
</pin_list>
<bind>
<opcode="getelementptr(29) " fcode="getelementptr"/>
<opset="M_0_V_addr/2 "/>
</bind>
</comp>

<comp id="193" class="1004" name="grp_access_fu_193">
<pin_list>
<pin id="194" dir="0" index="0" bw="5" slack="0"/>
<pin id="195" dir="0" index="1" bw="32" slack="0"/>
<pin id="196" dir="0" index="2" bw="0" slack="2147483647"/>
<pin id="197" dir="1" index="3" bw="32" slack="2147483647"/>
</pin_list>
<bind>
<opcode="store(28) " fcode="store"/>
<opset="store_ln62/2 store_ln87/11 "/>
</bind>
</comp>

<comp id="200" class="1004" name="M_1_V_addr_gep_fu_200">
<pin_list>
<pin id="201" dir="0" index="0" bw="32" slack="0"/>
<pin id="202" dir="0" index="1" bw="1" slack="0"/>
<pin id="203" dir="0" index="2" bw="6" slack="0"/>
<pin id="204" dir="1" index="3" bw="5" slack="0"/>
</pin_list>
<bind>
<opcode="getelementptr(29) " fcode="getelementptr"/>
<opset="M_1_V_addr/2 "/>
</bind>
</comp>

<comp id="207" class="1004" name="grp_access_fu_207">
<pin_list>
<pin id="208" dir="0" index="0" bw="5" slack="0"/>
<pin id="209" dir="0" index="1" bw="32" slack="0"/>
<pin id="210" dir="0" index="2" bw="0" slack="2147483647"/>
<pin id="211" dir="1" index="3" bw="32" slack="2147483647"/>
</pin_list>
<bind>
<opcode="store(28) " fcode="store"/>
<opset="store_ln62/2 store_ln87/11 "/>
</bind>
</comp>

<comp id="214" class="1004" name="M_2_V_addr_gep_fu_214">
<pin_list>
<pin id="215" dir="0" index="0" bw="32" slack="0"/>
<pin id="216" dir="0" index="1" bw="1" slack="0"/>
<pin id="217" dir="0" index="2" bw="6" slack="0"/>
<pin id="218" dir="1" index="3" bw="5" slack="0"/>
</pin_list>
<bind>
<opcode="getelementptr(29) " fcode="getelementptr"/>
<opset="M_2_V_addr/2 "/>
</bind>
</comp>

<comp id="221" class="1004" name="grp_access_fu_221">
<pin_list>
<pin id="222" dir="0" index="0" bw="5" slack="0"/>
<pin id="223" dir="0" index="1" bw="32" slack="0"/>
<pin id="224" dir="0" index="2" bw="0" slack="2147483647"/>
<pin id="225" dir="1" index="3" bw="32" slack="2147483647"/>
</pin_list>
<bind>
<opcode="store(28) " fcode="store"/>
<opset="store_ln62/2 store_ln87/11 "/>
</bind>
</comp>

<comp id="228" class="1004" name="M_3_V_addr_gep_fu_228">
<pin_list>
<pin id="229" dir="0" index="0" bw="32" slack="0"/>
<pin id="230" dir="0" index="1" bw="1" slack="0"/>
<pin id="231" dir="0" index="2" bw="6" slack="0"/>
<pin id="232" dir="1" index="3" bw="5" slack="0"/>
</pin_list>
<bind>
<opcode="getelementptr(29) " fcode="getelementptr"/>
<opset="M_3_V_addr/2 "/>
</bind>
</comp>

<comp id="235" class="1004" name="grp_access_fu_235">
<pin_list>
<pin id="236" dir="0" index="0" bw="5" slack="0"/>
<pin id="237" dir="0" index="1" bw="32" slack="0"/>
<pin id="238" dir="0" index="2" bw="0" slack="2147483647"/>
<pin id="239" dir="1" index="3" bw="32" slack="2147483647"/>
</pin_list>
<bind>
<opcode="store(28) " fcode="store"/>
<opset="store_ln62/2 store_ln87/11 "/>
</bind>
</comp>

<comp id="242" class="1004" name="M_4_V_addr_gep_fu_242">
<pin_list>
<pin id="243" dir="0" index="0" bw="32" slack="0"/>
<pin id="244" dir="0" index="1" bw="1" slack="0"/>
<pin id="245" dir="0" index="2" bw="6" slack="0"/>
<pin id="246" dir="1" index="3" bw="5" slack="0"/>
</pin_list>
<bind>
<opcode="getelementptr(29) " fcode="getelementptr"/>
<opset="M_4_V_addr/2 "/>
</bind>
</comp>

<comp id="249" class="1004" name="grp_access_fu_249">
<pin_list>
<pin id="250" dir="0" index="0" bw="5" slack="0"/>
<pin id="251" dir="0" index="1" bw="32" slack="0"/>
<pin id="252" dir="0" index="2" bw="0" slack="2147483647"/>
<pin id="253" dir="1" index="3" bw="32" slack="2147483647"/>
</pin_list>
<bind>
<opcode="store(28) " fcode="store"/>
<opset="store_ln62/2 store_ln87/11 "/>
</bind>
</comp>

<comp id="256" class="1004" name="M_5_V_addr_gep_fu_256">
<pin_list>
<pin id="257" dir="0" index="0" bw="32" slack="0"/>
<pin id="258" dir="0" index="1" bw="1" slack="0"/>
<pin id="259" dir="0" index="2" bw="6" slack="0"/>
<pin id="260" dir="1" index="3" bw="5" slack="0"/>
</pin_list>
<bind>
<opcode="getelementptr(29) " fcode="getelementptr"/>
<opset="M_5_V_addr/2 "/>
</bind>
</comp>

<comp id="263" class="1004" name="grp_access_fu_263">
<pin_list>
<pin id="264" dir="0" index="0" bw="5" slack="0"/>
<pin id="265" dir="0" index="1" bw="32" slack="0"/>
<pin id="266" dir="0" index="2" bw="0" slack="2147483647"/>
<pin id="267" dir="1" index="3" bw="32" slack="2147483647"/>
</pin_list>
<bind>
<opcode="store(28) " fcode="store"/>
<opset="store_ln62/2 store_ln87/11 "/>
</bind>
</comp>

<comp id="270" class="1004" name="M_6_V_addr_gep_fu_270">
<pin_list>
<pin id="271" dir="0" index="0" bw="32" slack="0"/>
<pin id="272" dir="0" index="1" bw="1" slack="0"/>
<pin id="273" dir="0" index="2" bw="6" slack="0"/>
<pin id="274" dir="1" index="3" bw="5" slack="0"/>
</pin_list>
<bind>
<opcode="getelementptr(29) " fcode="getelementptr"/>
<opset="M_6_V_addr/2 "/>
</bind>
</comp>

<comp id="277" class="1004" name="grp_access_fu_277">
<pin_list>
<pin id="278" dir="0" index="0" bw="5" slack="0"/>
<pin id="279" dir="0" index="1" bw="32" slack="0"/>
<pin id="280" dir="0" index="2" bw="0" slack="2147483647"/>
<pin id="281" dir="1" index="3" bw="32" slack="2147483647"/>
</pin_list>
<bind>
<opcode="store(28) " fcode="store"/>
<opset="store_ln62/2 store_ln87/11 "/>
</bind>
</comp>

<comp id="284" class="1004" name="M_7_V_addr_gep_fu_284">
<pin_list>
<pin id="285" dir="0" index="0" bw="32" slack="0"/>
<pin id="286" dir="0" index="1" bw="1" slack="0"/>
<pin id="287" dir="0" index="2" bw="6" slack="0"/>
<pin id="288" dir="1" index="3" bw="5" slack="0"/>
</pin_list>
<bind>
<opcode="getelementptr(29) " fcode="getelementptr"/>
<opset="M_7_V_addr/2 "/>
</bind>
</comp>

<comp id="291" class="1004" name="grp_access_fu_291">
<pin_list>
<pin id="292" dir="0" index="0" bw="5" slack="0"/>
<pin id="293" dir="0" index="1" bw="32" slack="0"/>
<pin id="294" dir="0" index="2" bw="0" slack="2147483647"/>
<pin id="295" dir="1" index="3" bw="32" slack="2147483647"/>
</pin_list>
<bind>
<opcode="store(28) " fcode="store"/>
<opset="store_ln62/2 store_ln87/11 "/>
</bind>
</comp>

<comp id="298" class="1004" name="M_8_V_addr_gep_fu_298">
<pin_list>
<pin id="299" dir="0" index="0" bw="32" slack="0"/>
<pin id="300" dir="0" index="1" bw="1" slack="0"/>
<pin id="301" dir="0" index="2" bw="6" slack="0"/>
<pin id="302" dir="1" index="3" bw="5" slack="0"/>
</pin_list>
<bind>
<opcode="getelementptr(29) " fcode="getelementptr"/>
<opset="M_8_V_addr/2 "/>
</bind>
</comp>

<comp id="305" class="1004" name="grp_access_fu_305">
<pin_list>
<pin id="306" dir="0" index="0" bw="5" slack="0"/>
<pin id="307" dir="0" index="1" bw="32" slack="0"/>
<pin id="308" dir="0" index="2" bw="0" slack="2147483647"/>
<pin id="309" dir="1" index="3" bw="32" slack="2147483647"/>
</pin_list>
<bind>
<opcode="store(28) " fcode="store"/>
<opset="store_ln62/2 store_ln87/11 "/>
</bind>
</comp>

<comp id="312" class="1004" name="M_9_V_addr_gep_fu_312">
<pin_list>
<pin id="313" dir="0" index="0" bw="32" slack="0"/>
<pin id="314" dir="0" index="1" bw="1" slack="0"/>
<pin id="315" dir="0" index="2" bw="6" slack="0"/>
<pin id="316" dir="1" index="3" bw="5" slack="0"/>
</pin_list>
<bind>
<opcode="getelementptr(29) " fcode="getelementptr"/>
<opset="M_9_V_addr/2 "/>
</bind>
</comp>

<comp id="319" class="1004" name="grp_access_fu_319">
<pin_list>
<pin id="320" dir="0" index="0" bw="5" slack="0"/>
<pin id="321" dir="0" index="1" bw="32" slack="0"/>
<pin id="322" dir="0" index="2" bw="0" slack="2147483647"/>
<pin id="323" dir="1" index="3" bw="32" slack="2147483647"/>
</pin_list>
<bind>
<opcode="store(28) " fcode="store"/>
<opset="store_ln62/2 store_ln87/11 "/>
</bind>
</comp>

<comp id="326" class="1004" name="M_10_V_addr_gep_fu_326">
<pin_list>
<pin id="327" dir="0" index="0" bw="32" slack="0"/>
<pin id="328" dir="0" index="1" bw="1" slack="0"/>
<pin id="329" dir="0" index="2" bw="6" slack="0"/>
<pin id="330" dir="1" index="3" bw="5" slack="0"/>
</pin_list>
<bind>
<opcode="getelementptr(29) " fcode="getelementptr"/>
<opset="M_10_V_addr/2 "/>
</bind>
</comp>

<comp id="333" class="1004" name="grp_access_fu_333">
<pin_list>
<pin id="334" dir="0" index="0" bw="5" slack="0"/>
<pin id="335" dir="0" index="1" bw="32" slack="0"/>
<pin id="336" dir="0" index="2" bw="0" slack="2147483647"/>
<pin id="337" dir="1" index="3" bw="32" slack="2147483647"/>
</pin_list>
<bind>
<opcode="store(28) " fcode="store"/>
<opset="store_ln62/2 store_ln87/11 "/>
</bind>
</comp>

<comp id="340" class="1004" name="M_11_V_addr_gep_fu_340">
<pin_list>
<pin id="341" dir="0" index="0" bw="32" slack="0"/>
<pin id="342" dir="0" index="1" bw="1" slack="0"/>
<pin id="343" dir="0" index="2" bw="6" slack="0"/>
<pin id="344" dir="1" index="3" bw="5" slack="0"/>
</pin_list>
<bind>
<opcode="getelementptr(29) " fcode="getelementptr"/>
<opset="M_11_V_addr/2 "/>
</bind>
</comp>

<comp id="347" class="1004" name="grp_access_fu_347">
<pin_list>
<pin id="348" dir="0" index="0" bw="5" slack="0"/>
<pin id="349" dir="0" index="1" bw="32" slack="0"/>
<pin id="350" dir="0" index="2" bw="0" slack="2147483647"/>
<pin id="351" dir="1" index="3" bw="32" slack="2147483647"/>
</pin_list>
<bind>
<opcode="store(28) " fcode="store"/>
<opset="store_ln62/2 store_ln87/11 "/>
</bind>
</comp>

<comp id="354" class="1004" name="M_12_V_addr_gep_fu_354">
<pin_list>
<pin id="355" dir="0" index="0" bw="32" slack="0"/>
<pin id="356" dir="0" index="1" bw="1" slack="0"/>
<pin id="357" dir="0" index="2" bw="6" slack="0"/>
<pin id="358" dir="1" index="3" bw="5" slack="0"/>
</pin_list>
<bind>
<opcode="getelementptr(29) " fcode="getelementptr"/>
<opset="M_12_V_addr/2 "/>
</bind>
</comp>

<comp id="361" class="1004" name="grp_access_fu_361">
<pin_list>
<pin id="362" dir="0" index="0" bw="5" slack="0"/>
<pin id="363" dir="0" index="1" bw="32" slack="0"/>
<pin id="364" dir="0" index="2" bw="0" slack="2147483647"/>
<pin id="365" dir="1" index="3" bw="32" slack="2147483647"/>
</pin_list>
<bind>
<opcode="store(28) " fcode="store"/>
<opset="store_ln62/2 store_ln87/11 "/>
</bind>
</comp>

<comp id="368" class="1004" name="M_13_V_addr_gep_fu_368">
<pin_list>
<pin id="369" dir="0" index="0" bw="32" slack="0"/>
<pin id="370" dir="0" index="1" bw="1" slack="0"/>
<pin id="371" dir="0" index="2" bw="6" slack="0"/>
<pin id="372" dir="1" index="3" bw="5" slack="0"/>
</pin_list>
<bind>
<opcode="getelementptr(29) " fcode="getelementptr"/>
<opset="M_13_V_addr/2 "/>
</bind>
</comp>

<comp id="375" class="1004" name="grp_access_fu_375">
<pin_list>
<pin id="376" dir="0" index="0" bw="5" slack="0"/>
<pin id="377" dir="0" index="1" bw="32" slack="0"/>
<pin id="378" dir="0" index="2" bw="0" slack="2147483647"/>
<pin id="379" dir="1" index="3" bw="32" slack="2147483647"/>
</pin_list>
<bind>
<opcode="store(28) " fcode="store"/>
<opset="store_ln62/2 store_ln87/11 "/>
</bind>
</comp>

<comp id="382" class="1004" name="M_14_V_addr_gep_fu_382">
<pin_list>
<pin id="383" dir="0" index="0" bw="32" slack="0"/>
<pin id="384" dir="0" index="1" bw="1" slack="0"/>
<pin id="385" dir="0" index="2" bw="6" slack="0"/>
<pin id="386" dir="1" index="3" bw="5" slack="0"/>
</pin_list>
<bind>
<opcode="getelementptr(29) " fcode="getelementptr"/>
<opset="M_14_V_addr/2 "/>
</bind>
</comp>

<comp id="389" class="1004" name="grp_access_fu_389">
<pin_list>
<pin id="390" dir="0" index="0" bw="5" slack="0"/>
<pin id="391" dir="0" index="1" bw="32" slack="0"/>
<pin id="392" dir="0" index="2" bw="0" slack="2147483647"/>
<pin id="393" dir="1" index="3" bw="32" slack="2147483647"/>
</pin_list>
<bind>
<opcode="store(28) " fcode="store"/>
<opset="store_ln62/2 store_ln87/11 "/>
</bind>
</comp>

<comp id="396" class="1004" name="M_15_V_addr_gep_fu_396">
<pin_list>
<pin id="397" dir="0" index="0" bw="32" slack="0"/>
<pin id="398" dir="0" index="1" bw="1" slack="0"/>
<pin id="399" dir="0" index="2" bw="6" slack="0"/>
<pin id="400" dir="1" index="3" bw="5" slack="0"/>
</pin_list>
<bind>
<opcode="getelementptr(29) " fcode="getelementptr"/>
<opset="M_15_V_addr/2 "/>
</bind>
</comp>

<comp id="403" class="1004" name="grp_access_fu_403">
<pin_list>
<pin id="404" dir="0" index="0" bw="5" slack="0"/>
<pin id="405" dir="0" index="1" bw="32" slack="0"/>
<pin id="406" dir="0" index="2" bw="0" slack="2147483647"/>
<pin id="407" dir="1" index="3" bw="32" slack="2147483647"/>
</pin_list>
<bind>
<opcode="store(28) " fcode="store"/>
<opset="store_ln62/2 store_ln87/11 "/>
</bind>
</comp>

<comp id="410" class="1004" name="input_V_addr_gep_fu_410">
<pin_list>
<pin id="411" dir="0" index="0" bw="32" slack="0"/>
<pin id="412" dir="0" index="1" bw="1" slack="0"/>
<pin id="413" dir="0" index="2" bw="28" slack="0"/>
<pin id="414" dir="1" index="3" bw="5" slack="0"/>
</pin_list>
<bind>
<opcode="getelementptr(29) " fcode="getelementptr"/>
<opset="input_V_addr/3 "/>
</bind>
</comp>

<comp id="417" class="1004" name="grp_access_fu_417">
<pin_list>
<pin id="418" dir="0" index="0" bw="5" slack="0"/>
<pin id="419" dir="0" index="1" bw="32" slack="2147483647"/>
<pin id="420" dir="0" index="2" bw="0" slack="2147483647"/>
<pin id="421" dir="1" index="3" bw="32" slack="0"/>
</pin_list>
<bind>
<opcode="load(27) " fcode="load"/>
<opset="input_V_load/3 "/>
</bind>
</comp>

<comp id="423" class="1004" name="message_V_addr_gep_fu_423">
<pin_list>
<pin id="424" dir="0" index="0" bw="32" slack="2147483647"/>
<pin id="425" dir="0" index="1" bw="1" slack="0"/>
<pin id="426" dir="0" index="2" bw="28" slack="1"/>
<pin id="427" dir="1" index="3" bw="14" slack="0"/>
</pin_list>
<bind>
<opcode="getelementptr(29) " fcode="getelementptr"/>
<opset="message_V_addr/4 "/>
</bind>
</comp>

<comp id="429" class="1004" name="grp_access_fu_429">
<pin_list>
<pin id="430" dir="0" index="0" bw="14" slack="0"/>
<pin id="431" dir="0" index="1" bw="32" slack="0"/>
<pin id="432" dir="0" index="2" bw="0" slack="2147483647"/>
<pin id="433" dir="1" index="3" bw="32" slack="0"/>
</pin_list>
<bind>
<opcode="load(27) store(28) " fcode="load"/>
<opset="store_ln71/4 message_V_load/5 store_ln77/5 store_ln75/7 store_ln82/8 store_ln80/8 message_V_load_1/10 "/>
</bind>
</comp>

<comp id="436" class="1004" name="message_V_addr_2_gep_fu_436">
<pin_list>
<pin id="437" dir="0" index="0" bw="32" slack="2147483647"/>
<pin id="438" dir="0" index="1" bw="1" slack="0"/>
<pin id="439" dir="0" index="2" bw="28" slack="0"/>
<pin id="440" dir="1" index="3" bw="14" slack="0"/>
</pin_list>
<bind>
<opcode="getelementptr(29) " fcode="getelementptr"/>
<opset="message_V_addr_2/5 "/>
</bind>
</comp>

<comp id="443" class="1004" name="message_V_addr_1_gep_fu_443">
<pin_list>
<pin id="444" dir="0" index="0" bw="32" slack="2147483647"/>
<pin id="445" dir="0" index="1" bw="1" slack="0"/>
<pin id="446" dir="0" index="2" bw="28" slack="0"/>
<pin id="447" dir="1" index="3" bw="14" slack="0"/>
</pin_list>
<bind>
<opcode="getelementptr(29) " fcode="getelementptr"/>
<opset="message_V_addr_1/5 "/>
</bind>
</comp>

<comp id="451" class="1004" name="message_V_addr_4_gep_fu_451">
<pin_list>
<pin id="452" dir="0" index="0" bw="32" slack="2147483647"/>
<pin id="453" dir="0" index="1" bw="1" slack="0"/>
<pin id="454" dir="0" index="2" bw="29" slack="0"/>
<pin id="455" dir="1" index="3" bw="14" slack="0"/>
</pin_list>
<bind>
<opcode="getelementptr(29) " fcode="getelementptr"/>
<opset="message_V_addr_4/8 "/>
</bind>
</comp>

<comp id="458" class="1004" name="message_V_addr_3_gep_fu_458">
<pin_list>
<pin id="459" dir="0" index="0" bw="32" slack="2147483647"/>
<pin id="460" dir="0" index="1" bw="1" slack="0"/>
<pin id="461" dir="0" index="2" bw="29" slack="0"/>
<pin id="462" dir="1" index="3" bw="14" slack="0"/>
</pin_list>
<bind>
<opcode="getelementptr(29) " fcode="getelementptr"/>
<opset="message_V_addr_3/8 "/>
</bind>
</comp>

<comp id="465" class="1004" name="message_V_addr_5_gep_fu_465">
<pin_list>
<pin id="466" dir="0" index="0" bw="32" slack="2147483647"/>
<pin id="467" dir="0" index="1" bw="1" slack="0"/>
<pin id="468" dir="0" index="2" bw="32" slack="0"/>
<pin id="469" dir="1" index="3" bw="14" slack="0"/>
</pin_list>
<bind>
<opcode="getelementptr(29) " fcode="getelementptr"/>
<opset="message_V_addr_5/10 "/>
</bind>
</comp>

<comp id="472" class="1004" name="M_0_V_addr_1_gep_fu_472">
<pin_list>
<pin id="473" dir="0" index="0" bw="32" slack="0"/>
<pin id="474" dir="0" index="1" bw="1" slack="0"/>
<pin id="475" dir="0" index="2" bw="32" slack="0"/>
<pin id="476" dir="1" index="3" bw="5" slack="0"/>
</pin_list>
<bind>
<opcode="getelementptr(29) " fcode="getelementptr"/>
<opset="M_0_V_addr_1/11 "/>
</bind>
</comp>

<comp id="479" class="1004" name="M_1_V_addr_1_gep_fu_479">
<pin_list>
<pin id="480" dir="0" index="0" bw="32" slack="0"/>
<pin id="481" dir="0" index="1" bw="1" slack="0"/>
<pin id="482" dir="0" index="2" bw="32" slack="0"/>
<pin id="483" dir="1" index="3" bw="5" slack="0"/>
</pin_list>
<bind>
<opcode="getelementptr(29) " fcode="getelementptr"/>
<opset="M_1_V_addr_1/11 "/>
</bind>
</comp>

<comp id="486" class="1004" name="M_2_V_addr_1_gep_fu_486">
<pin_list>
<pin id="487" dir="0" index="0" bw="32" slack="0"/>
<pin id="488" dir="0" index="1" bw="1" slack="0"/>
<pin id="489" dir="0" index="2" bw="32" slack="0"/>
<pin id="490" dir="1" index="3" bw="5" slack="0"/>
</pin_list>
<bind>
<opcode="getelementptr(29) " fcode="getelementptr"/>
<opset="M_2_V_addr_1/11 "/>
</bind>
</comp>

<comp id="493" class="1004" name="M_3_V_addr_1_gep_fu_493">
<pin_list>
<pin id="494" dir="0" index="0" bw="32" slack="0"/>
<pin id="495" dir="0" index="1" bw="1" slack="0"/>
<pin id="496" dir="0" index="2" bw="32" slack="0"/>
<pin id="497" dir="1" index="3" bw="5" slack="0"/>
</pin_list>
<bind>
<opcode="getelementptr(29) " fcode="getelementptr"/>
<opset="M_3_V_addr_1/11 "/>
</bind>
</comp>

<comp id="500" class="1004" name="M_4_V_addr_1_gep_fu_500">
<pin_list>
<pin id="501" dir="0" index="0" bw="32" slack="0"/>
<pin id="502" dir="0" index="1" bw="1" slack="0"/>
<pin id="503" dir="0" index="2" bw="32" slack="0"/>
<pin id="504" dir="1" index="3" bw="5" slack="0"/>
</pin_list>
<bind>
<opcode="getelementptr(29) " fcode="getelementptr"/>
<opset="M_4_V_addr_1/11 "/>
</bind>
</comp>

<comp id="507" class="1004" name="M_5_V_addr_1_gep_fu_507">
<pin_list>
<pin id="508" dir="0" index="0" bw="32" slack="0"/>
<pin id="509" dir="0" index="1" bw="1" slack="0"/>
<pin id="510" dir="0" index="2" bw="32" slack="0"/>
<pin id="511" dir="1" index="3" bw="5" slack="0"/>
</pin_list>
<bind>
<opcode="getelementptr(29) " fcode="getelementptr"/>
<opset="M_5_V_addr_1/11 "/>
</bind>
</comp>

<comp id="514" class="1004" name="M_6_V_addr_1_gep_fu_514">
<pin_list>
<pin id="515" dir="0" index="0" bw="32" slack="0"/>
<pin id="516" dir="0" index="1" bw="1" slack="0"/>
<pin id="517" dir="0" index="2" bw="32" slack="0"/>
<pin id="518" dir="1" index="3" bw="5" slack="0"/>
</pin_list>
<bind>
<opcode="getelementptr(29) " fcode="getelementptr"/>
<opset="M_6_V_addr_1/11 "/>
</bind>
</comp>

<comp id="521" class="1004" name="M_7_V_addr_1_gep_fu_521">
<pin_list>
<pin id="522" dir="0" index="0" bw="32" slack="0"/>
<pin id="523" dir="0" index="1" bw="1" slack="0"/>
<pin id="524" dir="0" index="2" bw="32" slack="0"/>
<pin id="525" dir="1" index="3" bw="5" slack="0"/>
</pin_list>
<bind>
<opcode="getelementptr(29) " fcode="getelementptr"/>
<opset="M_7_V_addr_1/11 "/>
</bind>
</comp>

<comp id="528" class="1004" name="M_8_V_addr_1_gep_fu_528">
<pin_list>
<pin id="529" dir="0" index="0" bw="32" slack="0"/>
<pin id="530" dir="0" index="1" bw="1" slack="0"/>
<pin id="531" dir="0" index="2" bw="32" slack="0"/>
<pin id="532" dir="1" index="3" bw="5" slack="0"/>
</pin_list>
<bind>
<opcode="getelementptr(29) " fcode="getelementptr"/>
<opset="M_8_V_addr_1/11 "/>
</bind>
</comp>

<comp id="535" class="1004" name="M_9_V_addr_1_gep_fu_535">
<pin_list>
<pin id="536" dir="0" index="0" bw="32" slack="0"/>
<pin id="537" dir="0" index="1" bw="1" slack="0"/>
<pin id="538" dir="0" index="2" bw="32" slack="0"/>
<pin id="539" dir="1" index="3" bw="5" slack="0"/>
</pin_list>
<bind>
<opcode="getelementptr(29) " fcode="getelementptr"/>
<opset="M_9_V_addr_1/11 "/>
</bind>
</comp>

<comp id="542" class="1004" name="M_10_V_addr_1_gep_fu_542">
<pin_list>
<pin id="543" dir="0" index="0" bw="32" slack="0"/>
<pin id="544" dir="0" index="1" bw="1" slack="0"/>
<pin id="545" dir="0" index="2" bw="32" slack="0"/>
<pin id="546" dir="1" index="3" bw="5" slack="0"/>
</pin_list>
<bind>
<opcode="getelementptr(29) " fcode="getelementptr"/>
<opset="M_10_V_addr_1/11 "/>
</bind>
</comp>

<comp id="549" class="1004" name="M_11_V_addr_1_gep_fu_549">
<pin_list>
<pin id="550" dir="0" index="0" bw="32" slack="0"/>
<pin id="551" dir="0" index="1" bw="1" slack="0"/>
<pin id="552" dir="0" index="2" bw="32" slack="0"/>
<pin id="553" dir="1" index="3" bw="5" slack="0"/>
</pin_list>
<bind>
<opcode="getelementptr(29) " fcode="getelementptr"/>
<opset="M_11_V_addr_1/11 "/>
</bind>
</comp>

<comp id="556" class="1004" name="M_12_V_addr_1_gep_fu_556">
<pin_list>
<pin id="557" dir="0" index="0" bw="32" slack="0"/>
<pin id="558" dir="0" index="1" bw="1" slack="0"/>
<pin id="559" dir="0" index="2" bw="32" slack="0"/>
<pin id="560" dir="1" index="3" bw="5" slack="0"/>
</pin_list>
<bind>
<opcode="getelementptr(29) " fcode="getelementptr"/>
<opset="M_12_V_addr_1/11 "/>
</bind>
</comp>

<comp id="563" class="1004" name="M_13_V_addr_1_gep_fu_563">
<pin_list>
<pin id="564" dir="0" index="0" bw="32" slack="0"/>
<pin id="565" dir="0" index="1" bw="1" slack="0"/>
<pin id="566" dir="0" index="2" bw="32" slack="0"/>
<pin id="567" dir="1" index="3" bw="5" slack="0"/>
</pin_list>
<bind>
<opcode="getelementptr(29) " fcode="getelementptr"/>
<opset="M_13_V_addr_1/11 "/>
</bind>
</comp>

<comp id="570" class="1004" name="M_14_V_addr_1_gep_fu_570">
<pin_list>
<pin id="571" dir="0" index="0" bw="32" slack="0"/>
<pin id="572" dir="0" index="1" bw="1" slack="0"/>
<pin id="573" dir="0" index="2" bw="32" slack="0"/>
<pin id="574" dir="1" index="3" bw="5" slack="0"/>
</pin_list>
<bind>
<opcode="getelementptr(29) " fcode="getelementptr"/>
<opset="M_14_V_addr_1/11 "/>
</bind>
</comp>

<comp id="577" class="1004" name="M_15_V_addr_1_gep_fu_577">
<pin_list>
<pin id="578" dir="0" index="0" bw="32" slack="0"/>
<pin id="579" dir="0" index="1" bw="1" slack="0"/>
<pin id="580" dir="0" index="2" bw="32" slack="0"/>
<pin id="581" dir="1" index="3" bw="5" slack="0"/>
</pin_list>
<bind>
<opcode="getelementptr(29) " fcode="getelementptr"/>
<opset="M_15_V_addr_1/11 "/>
</bind>
</comp>

<comp id="616" class="1005" name="i_0_i_reg_616">
<pin_list>
<pin id="617" dir="0" index="0" bw="6" slack="1"/>
<pin id="618" dir="1" index="1" bw="6" slack="1"/>
</pin_list>
<bind>
<opset="i_0_i (phireg) "/>
</bind>
</comp>

<comp id="620" class="1004" name="i_0_i_phi_fu_620">
<pin_list>
<pin id="621" dir="0" index="0" bw="1" slack="1"/>
<pin id="622" dir="0" index="1" bw="0" slack="2147483647"/>
<pin id="623" dir="0" index="2" bw="6" slack="0"/>
<pin id="624" dir="0" index="3" bw="0" slack="2147483647"/>
<pin id="625" dir="1" index="4" bw="6" slack="0"/>
</pin_list>
<bind>
<opcode="phi(47) " fcode="phi"/>
<opset="i_0_i/2 "/>
</bind>
</comp>

<comp id="627" class="1005" name="i1_0_i_reg_627">
<pin_list>
<pin id="628" dir="0" index="0" bw="28" slack="1"/>
<pin id="629" dir="1" index="1" bw="28" slack="1"/>
</pin_list>
<bind>
<opset="i1_0_i (phireg) "/>
</bind>
</comp>

<comp id="631" class="1004" name="i1_0_i_phi_fu_631">
<pin_list>
<pin id="632" dir="0" index="0" bw="1" slack="1"/>
<pin id="633" dir="0" index="1" bw="0" slack="2147483647"/>
<pin id="634" dir="0" index="2" bw="28" slack="0"/>
<pin id="635" dir="0" index="3" bw="0" slack="2147483647"/>
<pin id="636" dir="1" index="4" bw="28" slack="0"/>
</pin_list>
<bind>
<opcode="phi(47) " fcode="phi"/>
<opset="i1_0_i/3 "/>
</bind>
</comp>

<comp id="638" class="1005" name="i2_0_i_reg_638">
<pin_list>
<pin id="639" dir="0" index="0" bw="5" slack="1"/>
<pin id="640" dir="1" index="1" bw="5" slack="1"/>
</pin_list>
<bind>
<opset="i2_0_i (phireg) "/>
</bind>
</comp>

<comp id="642" class="1004" name="i2_0_i_phi_fu_642">
<pin_list>
<pin id="643" dir="0" index="0" bw="1" slack="1"/>
<pin id="644" dir="0" index="1" bw="0" slack="2147483647"/>
<pin id="645" dir="0" index="2" bw="5" slack="0"/>
<pin id="646" dir="0" index="3" bw="0" slack="2147483647"/>
<pin id="647" dir="1" index="4" bw="5" slack="0"/>
</pin_list>
<bind>
<opcode="phi(47) " fcode="phi"/>
<opset="i2_0_i/9 "/>
</bind>
</comp>

<comp id="649" class="1005" name="j3_0_i_reg_649">
<pin_list>
<pin id="650" dir="0" index="0" bw="32" slack="1"/>
<pin id="651" dir="1" index="1" bw="32" slack="1"/>
</pin_list>
<bind>
<opset="j3_0_i (phireg) "/>
</bind>
</comp>

<comp id="653" class="1004" name="j3_0_i_phi_fu_653">
<pin_list>
<pin id="654" dir="0" index="0" bw="32" slack="0"/>
<pin id="655" dir="0" index="1" bw="0" slack="2147483647"/>
<pin id="656" dir="0" index="2" bw="1" slack="1"/>
<pin id="657" dir="0" index="3" bw="0" slack="2147483647"/>
<pin id="658" dir="1" index="4" bw="32" slack="0"/>
</pin_list>
<bind>
<opcode="phi(47) " fcode="phi"/>
<opset="j3_0_i/10 "/>
</bind>
</comp>

<comp id="661" class="1004" name="icmp_ln59_fu_661">
<pin_list>
<pin id="662" dir="0" index="0" bw="6" slack="0"/>
<pin id="663" dir="0" index="1" bw="6" slack="0"/>
<pin id="664" dir="1" index="2" bw="1" slack="1"/>
</pin_list>
<bind>
<opcode="icmp(45) " fcode="icmp"/>
<opset="icmp_ln59/2 "/>
</bind>
</comp>

<comp id="667" class="1004" name="i_fu_667">
<pin_list>
<pin id="668" dir="0" index="0" bw="6" slack="0"/>
<pin id="669" dir="0" index="1" bw="1" slack="0"/>
<pin id="670" dir="1" index="2" bw="6" slack="0"/>
</pin_list>
<bind>
<opcode="add(8) " fcode="add"/>
<opset="i/2 "/>
</bind>
</comp>

<comp id="673" class="1004" name="zext_ln62_fu_673">
<pin_list>
<pin id="674" dir="0" index="0" bw="6" slack="0"/>
<pin id="675" dir="1" index="1" bw="64" slack="0"/>
</pin_list>
<bind>
<opcode="zext(34) " fcode="zext"/>
<opset="zext_ln62/2 "/>
</bind>
</comp>

<comp id="693" class="1004" name="tmp_2_fu_693">
<pin_list>
<pin id="694" dir="0" index="0" bw="1" slack="0"/>
<pin id="695" dir="0" index="1" bw="32" slack="1"/>
<pin id="696" dir="0" index="2" bw="6" slack="0"/>
<pin id="697" dir="1" index="3" bw="1" slack="0"/>
</pin_list>
<bind>
<opcode="bitselect(1000) " fcode="bitselect"/>
<opset="tmp_2/2 "/>
</bind>
</comp>

<comp id="700" class="1004" name="sub_ln67_fu_700">
<pin_list>
<pin id="701" dir="0" index="0" bw="1" slack="0"/>
<pin id="702" dir="0" index="1" bw="32" slack="1"/>
<pin id="703" dir="1" index="2" bw="32" slack="0"/>
</pin_list>
<bind>
<opcode="sub(10) " fcode="sub"/>
<opset="sub_ln67/2 "/>
</bind>
</comp>

<comp id="705" class="1004" name="tmp_fu_705">
<pin_list>
<pin id="706" dir="0" index="0" bw="27" slack="0"/>
<pin id="707" dir="0" index="1" bw="32" slack="0"/>
<pin id="708" dir="0" index="2" bw="4" slack="0"/>
<pin id="709" dir="0" index="3" bw="6" slack="0"/>
<pin id="710" dir="1" index="4" bw="27" slack="0"/>
</pin_list>
<bind>
<opcode="partselect(1002) " fcode="partselect"/>
<opset="tmp/2 "/>
</bind>
</comp>

<comp id="715" class="1004" name="zext_ln67_fu_715">
<pin_list>
<pin id="716" dir="0" index="0" bw="27" slack="0"/>
<pin id="717" dir="1" index="1" bw="28" slack="0"/>
</pin_list>
<bind>
<opcode="zext(34) " fcode="zext"/>
<opset="zext_ln67/2 "/>
</bind>
</comp>

<comp id="719" class="1004" name="sub_ln67_1_fu_719">
<pin_list>
<pin id="720" dir="0" index="0" bw="1" slack="0"/>
<pin id="721" dir="0" index="1" bw="27" slack="0"/>
<pin id="722" dir="1" index="2" bw="28" slack="0"/>
</pin_list>
<bind>
<opcode="sub(10) " fcode="sub"/>
<opset="sub_ln67_1/2 "/>
</bind>
</comp>

<comp id="725" class="1004" name="tmp_1_fu_725">
<pin_list>
<pin id="726" dir="0" index="0" bw="27" slack="0"/>
<pin id="727" dir="0" index="1" bw="32" slack="1"/>
<pin id="728" dir="0" index="2" bw="4" slack="0"/>
<pin id="729" dir="0" index="3" bw="6" slack="0"/>
<pin id="730" dir="1" index="4" bw="27" slack="0"/>
</pin_list>
<bind>
<opcode="partselect(1002) " fcode="partselect"/>
<opset="tmp_1/2 "/>
</bind>
</comp>

<comp id="734" class="1004" name="zext_ln67_1_fu_734">
<pin_list>
<pin id="735" dir="0" index="0" bw="27" slack="0"/>
<pin id="736" dir="1" index="1" bw="28" slack="0"/>
</pin_list>
<bind>
<opcode="zext(34) " fcode="zext"/>
<opset="zext_ln67_1/2 "/>
</bind>
</comp>

<comp id="738" class="1004" name="select_ln67_fu_738">
<pin_list>
<pin id="739" dir="0" index="0" bw="1" slack="0"/>
<pin id="740" dir="0" index="1" bw="28" slack="0"/>
<pin id="741" dir="0" index="2" bw="28" slack="0"/>
<pin id="742" dir="1" index="3" bw="28" slack="0"/>
</pin_list>
<bind>
<opcode="select(49) " fcode="select"/>
<opset="select_ln67/2 "/>
</bind>
</comp>

<comp id="746" class="1004" name="sext_ln67_fu_746">
<pin_list>
<pin id="747" dir="0" index="0" bw="28" slack="0"/>
<pin id="748" dir="1" index="1" bw="29" slack="0"/>
</pin_list>
<bind>
<opcode="sext(35) " fcode="sext"/>
<opset="sext_ln67/2 "/>
</bind>
</comp>

<comp id="750" class="1004" name="trunc_ln67_fu_750">
<pin_list>
<pin id="751" dir="0" index="0" bw="28" slack="0"/>
<pin id="752" dir="1" index="1" bw="4" slack="4"/>
</pin_list>
<bind>
<opcode="trunc(33) " fcode="trunc"/>
<opset="trunc_ln67/2 "/>
</bind>
</comp>

<comp id="754" class="1004" name="wordlength_fu_754">
<pin_list>
<pin id="755" dir="0" index="0" bw="1" slack="0"/>
<pin id="756" dir="0" index="1" bw="28" slack="0"/>
<pin id="757" dir="1" index="2" bw="29" slack="1"/>
</pin_list>
<bind>
<opcode="add(8) " fcode="add"/>
<opset="wordlength/2 "/>
</bind>
</comp>

<comp id="760" class="1004" name="zext_ln69_fu_760">
<pin_list>
<pin id="761" dir="0" index="0" bw="28" slack="0"/>
<pin id="762" dir="1" index="1" bw="29" slack="0"/>
</pin_list>
<bind>
<opcode="zext(34) " fcode="zext"/>
<opset="zext_ln69/3 "/>
</bind>
</comp>

<comp id="764" class="1004" name="icmp_ln69_fu_764">
<pin_list>
<pin id="765" dir="0" index="0" bw="29" slack="0"/>
<pin id="766" dir="0" index="1" bw="29" slack="1"/>
<pin id="767" dir="1" index="2" bw="1" slack="1"/>
</pin_list>
<bind>
<opcode="icmp(45) " fcode="icmp"/>
<opset="icmp_ln69/3 "/>
</bind>
</comp>

<comp id="769" class="1004" name="i_1_fu_769">
<pin_list>
<pin id="770" dir="0" index="0" bw="28" slack="0"/>
<pin id="771" dir="0" index="1" bw="1" slack="0"/>
<pin id="772" dir="1" index="2" bw="28" slack="0"/>
</pin_list>
<bind>
<opcode="add(8) " fcode="add"/>
<opset="i_1/3 "/>
</bind>
</comp>

<comp id="775" class="1004" name="zext_ln71_fu_775">
<pin_list>
<pin id="776" dir="0" index="0" bw="28" slack="0"/>
<pin id="777" dir="1" index="1" bw="64" slack="0"/>
</pin_list>
<bind>
<opcode="zext(34) " fcode="zext"/>
<opset="zext_ln71/3 "/>
</bind>
</comp>

<comp id="780" class="1004" name="trunc_ln74_fu_780">
<pin_list>
<pin id="781" dir="0" index="0" bw="32" slack="3"/>
<pin id="782" dir="1" index="1" bw="5" slack="0"/>
</pin_list>
<bind>
<opcode="trunc(33) " fcode="trunc"/>
<opset="trunc_ln74/5 "/>
</bind>
</comp>

<comp id="783" class="1004" name="icmp_ln74_fu_783">
<pin_list>
<pin id="784" dir="0" index="0" bw="5" slack="0"/>
<pin id="785" dir="0" index="1" bw="5" slack="0"/>
<pin id="786" dir="1" index="2" bw="1" slack="2"/>
</pin_list>
<bind>
<opcode="icmp(45) " fcode="icmp"/>
<opset="icmp_ln74/5 "/>
</bind>
</comp>

<comp id="789" class="1004" name="sext_ln77_fu_789">
<pin_list>
<pin id="790" dir="0" index="0" bw="28" slack="2"/>
<pin id="791" dir="1" index="1" bw="64" slack="0"/>
</pin_list>
<bind>
<opcode="sext(35) " fcode="sext"/>
<opset="sext_ln77/5 "/>
</bind>
</comp>

<comp id="794" class="1004" name="trunc_ln75_fu_794">
<pin_list>
<pin id="795" dir="0" index="0" bw="32" slack="3"/>
<pin id="796" dir="1" index="1" bw="5" slack="0"/>
</pin_list>
<bind>
<opcode="trunc(33) " fcode="trunc"/>
<opset="trunc_ln75/6 "/>
</bind>
</comp>

<comp id="797" class="1004" name="tmp_3_fu_797">
<pin_list>
<pin id="798" dir="0" index="0" bw="6" slack="0"/>
<pin id="799" dir="0" index="1" bw="1" slack="0"/>
<pin id="800" dir="0" index="2" bw="5" slack="0"/>
<pin id="801" dir="1" index="3" bw="6" slack="0"/>
</pin_list>
<bind>
<opcode="bitconcatenate(1004) " fcode="bitconcatenate"/>
<opset="tmp_3/6 "/>
</bind>
</comp>

<comp id="805" class="1004" name="sub_ln75_1_fu_805">
<pin_list>
<pin id="806" dir="0" index="0" bw="1" slack="0"/>
<pin id="807" dir="0" index="1" bw="6" slack="0"/>
<pin id="808" dir="1" index="2" bw="6" slack="0"/>
</pin_list>
<bind>
<opcode="sub(10) " fcode="sub"/>
<opset="sub_ln75_1/6 "/>
</bind>
</comp>

<comp id="811" class="1004" name="tmp_5_fu_811">
<pin_list>
<pin id="812" dir="0" index="0" bw="6" slack="0"/>
<pin id="813" dir="0" index="1" bw="1" slack="0"/>
<pin id="814" dir="0" index="2" bw="5" slack="1"/>
<pin id="815" dir="1" index="3" bw="6" slack="0"/>
</pin_list>
<bind>
<opcode="bitconcatenate(1004) " fcode="bitconcatenate"/>
<opset="tmp_5/6 "/>
</bind>
</comp>

<comp id="818" class="1004" name="select_ln75_fu_818">
<pin_list>
<pin id="819" dir="0" index="0" bw="1" slack="3"/>
<pin id="820" dir="0" index="1" bw="6" slack="0"/>
<pin id="821" dir="0" index="2" bw="6" slack="0"/>
<pin id="822" dir="1" index="3" bw="6" slack="0"/>
</pin_list>
<bind>
<opcode="select(49) " fcode="select"/>
<opset="select_ln75/6 "/>
</bind>
</comp>

<comp id="825" class="1004" name="sub_ln75_fu_825">
<pin_list>
<pin id="826" dir="0" index="0" bw="6" slack="0"/>
<pin id="827" dir="0" index="1" bw="6" slack="0"/>
<pin id="828" dir="1" index="2" bw="6" slack="0"/>
</pin_list>
<bind>
<opcode="sub(10) " fcode="sub"/>
<opset="sub_ln75/6 "/>
</bind>
</comp>

<comp id="831" class="1004" name="zext_ln75_fu_831">
<pin_list>
<pin id="832" dir="0" index="0" bw="6" slack="0"/>
<pin id="833" dir="1" index="1" bw="32" slack="0"/>
</pin_list>
<bind>
<opcode="zext(34) " fcode="zext"/>
<opset="zext_ln75/6 "/>
</bind>
</comp>

<comp id="835" class="1004" name="shl_ln75_fu_835">
<pin_list>
<pin id="836" dir="0" index="0" bw="1" slack="0"/>
<pin id="837" dir="0" index="1" bw="6" slack="0"/>
<pin id="838" dir="1" index="2" bw="32" slack="0"/>
</pin_list>
<bind>
<opcode="shl(20) " fcode="shl"/>
<opset="shl_ln75/6 "/>
</bind>
</comp>

<comp id="841" class="1004" name="or_ln718_fu_841">
<pin_list>
<pin id="842" dir="0" index="0" bw="32" slack="0"/>
<pin id="843" dir="0" index="1" bw="32" slack="0"/>
<pin id="844" dir="1" index="2" bw="32" slack="1"/>
</pin_list>
<bind>
<opcode="or(24) " fcode="or"/>
<opset="or_ln718/6 "/>
</bind>
</comp>

<comp id="847" class="1004" name="icmp_ln79_fu_847">
<pin_list>
<pin id="848" dir="0" index="0" bw="4" slack="4"/>
<pin id="849" dir="0" index="1" bw="4" slack="0"/>
<pin id="850" dir="1" index="2" bw="1" slack="0"/>
</pin_list>
<bind>
<opcode="icmp(45) " fcode="icmp"/>
<opset="icmp_ln79/7 "/>
</bind>
</comp>

<comp id="852" class="1004" name="tmp_4_fu_852">
<pin_list>
<pin id="853" dir="0" index="0" bw="1" slack="0"/>
<pin id="854" dir="0" index="1" bw="29" slack="4"/>
<pin id="855" dir="0" index="2" bw="6" slack="0"/>
<pin id="856" dir="1" index="3" bw="1" slack="0"/>
</pin_list>
<bind>
<opcode="bitselect(1000) " fcode="bitselect"/>
<opset="tmp_4/7 "/>
</bind>
</comp>

<comp id="859" class="1004" name="trunc_ln79_fu_859">
<pin_list>
<pin id="860" dir="0" index="0" bw="29" slack="4"/>
<pin id="861" dir="1" index="1" bw="4" slack="0"/>
</pin_list>
<bind>
<opcode="trunc(33) " fcode="trunc"/>
<opset="trunc_ln79/7 "/>
</bind>
</comp>

<comp id="862" class="1004" name="p_and_f_fu_862">
<pin_list>
<pin id="863" dir="0" index="0" bw="29" slack="0"/>
<pin id="864" dir="0" index="1" bw="1" slack="0"/>
<pin id="865" dir="0" index="2" bw="4" slack="0"/>
<pin id="866" dir="1" index="3" bw="29" slack="0"/>
</pin_list>
<bind>
<opcode="bitconcatenate(1004) " fcode="bitconcatenate"/>
<opset="p_and_f/7 "/>
</bind>
</comp>

<comp id="870" class="1004" name="trunc_ln79_1_fu_870">
<pin_list>
<pin id="871" dir="0" index="0" bw="28" slack="4"/>
<pin id="872" dir="1" index="1" bw="4" slack="0"/>
</pin_list>
<bind>
<opcode="trunc(33) " fcode="trunc"/>
<opset="trunc_ln79_1/7 "/>
</bind>
</comp>

<comp id="873" class="1004" name="xor_ln79_fu_873">
<pin_list>
<pin id="874" dir="0" index="0" bw="4" slack="0"/>
<pin id="875" dir="0" index="1" bw="4" slack="0"/>
<pin id="876" dir="1" index="2" bw="4" slack="0"/>
</pin_list>
<bind>
<opcode="xor(25) " fcode="xor"/>
<opset="xor_ln79/7 "/>
</bind>
</comp>

<comp id="879" class="1004" name="p_and_t1_fu_879">
<pin_list>
<pin id="880" dir="0" index="0" bw="29" slack="0"/>
<pin id="881" dir="0" index="1" bw="1" slack="0"/>
<pin id="882" dir="0" index="2" bw="4" slack="0"/>
<pin id="883" dir="1" index="3" bw="29" slack="0"/>
</pin_list>
<bind>
<opcode="bitconcatenate(1004) " fcode="bitconcatenate"/>
<opset="p_and_t1/7 "/>
</bind>
</comp>

<comp id="887" class="1004" name="sub_ln79_fu_887">
<pin_list>
<pin id="888" dir="0" index="0" bw="1" slack="0"/>
<pin id="889" dir="0" index="1" bw="29" slack="0"/>
<pin id="890" dir="1" index="2" bw="29" slack="0"/>
</pin_list>
<bind>
<opcode="sub(10) " fcode="sub"/>
<opset="sub_ln79/7 "/>
</bind>
</comp>

<comp id="893" class="1004" name="select_ln79_fu_893">
<pin_list>
<pin id="894" dir="0" index="0" bw="1" slack="0"/>
<pin id="895" dir="0" index="1" bw="29" slack="0"/>
<pin id="896" dir="0" index="2" bw="29" slack="0"/>
<pin id="897" dir="1" index="3" bw="29" slack="0"/>
</pin_list>
<bind>
<opcode="select(49) " fcode="select"/>
<opset="select_ln79/7 "/>
</bind>
</comp>

<comp id="901" class="1004" name="trunc_ln79_2_fu_901">
<pin_list>
<pin id="902" dir="0" index="0" bw="29" slack="0"/>
<pin id="903" dir="1" index="1" bw="5" slack="0"/>
</pin_list>
<bind>
<opcode="trunc(33) " fcode="trunc"/>
<opset="trunc_ln79_2/7 "/>
</bind>
</comp>

<comp id="905" class="1004" name="icmp_ln79_1_fu_905">
<pin_list>
<pin id="906" dir="0" index="0" bw="5" slack="0"/>
<pin id="907" dir="0" index="1" bw="5" slack="0"/>
<pin id="908" dir="1" index="2" bw="1" slack="0"/>
</pin_list>
<bind>
<opcode="icmp(45) " fcode="icmp"/>
<opset="icmp_ln79_1/7 "/>
</bind>
</comp>

<comp id="911" class="1004" name="or_ln79_fu_911">
<pin_list>
<pin id="912" dir="0" index="0" bw="1" slack="0"/>
<pin id="913" dir="0" index="1" bw="1" slack="0"/>
<pin id="914" dir="1" index="2" bw="1" slack="1"/>
</pin_list>
<bind>
<opcode="or(24) " fcode="or"/>
<opset="or_ln79/7 "/>
</bind>
</comp>

<comp id="917" class="1004" name="add_ln82_fu_917">
<pin_list>
<pin id="918" dir="0" index="0" bw="28" slack="5"/>
<pin id="919" dir="0" index="1" bw="6" slack="0"/>
<pin id="920" dir="1" index="2" bw="29" slack="0"/>
</pin_list>
<bind>
<opcode="add(8) " fcode="add"/>
<opset="add_ln82/8 "/>
</bind>
</comp>

<comp id="922" class="1004" name="sub_ln82_fu_922">
<pin_list>
<pin id="923" dir="0" index="0" bw="29" slack="0"/>
<pin id="924" dir="0" index="1" bw="29" slack="1"/>
<pin id="925" dir="1" index="2" bw="29" slack="0"/>
</pin_list>
<bind>
<opcode="sub(10) " fcode="sub"/>
<opset="sub_ln82/8 "/>
</bind>
</comp>

<comp id="927" class="1004" name="sext_ln82_fu_927">
<pin_list>
<pin id="928" dir="0" index="0" bw="29" slack="0"/>
<pin id="929" dir="1" index="1" bw="64" slack="0"/>
</pin_list>
<bind>
<opcode="sext(35) " fcode="sext"/>
<opset="sext_ln82/8 "/>
</bind>
</comp>

<comp id="932" class="1004" name="add_ln80_fu_932">
<pin_list>
<pin id="933" dir="0" index="0" bw="28" slack="5"/>
<pin id="934" dir="0" index="1" bw="7" slack="0"/>
<pin id="935" dir="1" index="2" bw="29" slack="0"/>
</pin_list>
<bind>
<opcode="add(8) " fcode="add"/>
<opset="add_ln80/8 "/>
</bind>
</comp>

<comp id="937" class="1004" name="sub_ln80_fu_937">
<pin_list>
<pin id="938" dir="0" index="0" bw="29" slack="0"/>
<pin id="939" dir="0" index="1" bw="29" slack="1"/>
<pin id="940" dir="1" index="2" bw="29" slack="0"/>
</pin_list>
<bind>
<opcode="sub(10) " fcode="sub"/>
<opset="sub_ln80/8 "/>
</bind>
</comp>

<comp id="942" class="1004" name="sext_ln80_fu_942">
<pin_list>
<pin id="943" dir="0" index="0" bw="29" slack="0"/>
<pin id="944" dir="1" index="1" bw="64" slack="0"/>
</pin_list>
<bind>
<opcode="sext(35) " fcode="sext"/>
<opset="sext_ln80/8 "/>
</bind>
</comp>

<comp id="947" class="1004" name="tmp_8_fu_947">
<pin_list>
<pin id="948" dir="0" index="0" bw="23" slack="0"/>
<pin id="949" dir="0" index="1" bw="32" slack="5"/>
<pin id="950" dir="0" index="2" bw="5" slack="0"/>
<pin id="951" dir="0" index="3" bw="6" slack="0"/>
<pin id="952" dir="1" index="4" bw="23" slack="0"/>
</pin_list>
<bind>
<opcode="partselect(1002) " fcode="partselect"/>
<opset="tmp_8/8 "/>
</bind>
</comp>

<comp id="956" class="1004" name="zext_ln85_fu_956">
<pin_list>
<pin id="957" dir="0" index="0" bw="23" slack="0"/>
<pin id="958" dir="1" index="1" bw="24" slack="0"/>
</pin_list>
<bind>
<opcode="zext(34) " fcode="zext"/>
<opset="zext_ln85/8 "/>
</bind>
</comp>

<comp id="960" class="1004" name="sub_ln85_fu_960">
<pin_list>
<pin id="961" dir="0" index="0" bw="1" slack="0"/>
<pin id="962" dir="0" index="1" bw="23" slack="0"/>
<pin id="963" dir="1" index="2" bw="24" slack="0"/>
</pin_list>
<bind>
<opcode="sub(10) " fcode="sub"/>
<opset="sub_ln85/8 "/>
</bind>
</comp>

<comp id="966" class="1004" name="tmp_9_fu_966">
<pin_list>
<pin id="967" dir="0" index="0" bw="23" slack="0"/>
<pin id="968" dir="0" index="1" bw="32" slack="6"/>
<pin id="969" dir="0" index="2" bw="5" slack="0"/>
<pin id="970" dir="0" index="3" bw="6" slack="0"/>
<pin id="971" dir="1" index="4" bw="23" slack="0"/>
</pin_list>
<bind>
<opcode="partselect(1002) " fcode="partselect"/>
<opset="tmp_9/8 "/>
</bind>
</comp>

<comp id="975" class="1004" name="zext_ln85_1_fu_975">
<pin_list>
<pin id="976" dir="0" index="0" bw="23" slack="0"/>
<pin id="977" dir="1" index="1" bw="24" slack="0"/>
</pin_list>
<bind>
<opcode="zext(34) " fcode="zext"/>
<opset="zext_ln85_1/8 "/>
</bind>
</comp>

<comp id="979" class="1004" name="select_ln85_fu_979">
<pin_list>
<pin id="980" dir="0" index="0" bw="1" slack="5"/>
<pin id="981" dir="0" index="1" bw="24" slack="0"/>
<pin id="982" dir="0" index="2" bw="24" slack="0"/>
<pin id="983" dir="1" index="3" bw="24" slack="0"/>
</pin_list>
<bind>
<opcode="select(49) " fcode="select"/>
<opset="select_ln85/8 "/>
</bind>
</comp>

<comp id="986" class="1004" name="sext_ln85_fu_986">
<pin_list>
<pin id="987" dir="0" index="0" bw="24" slack="0"/>
<pin id="988" dir="1" index="1" bw="25" slack="0"/>
</pin_list>
<bind>
<opcode="sext(35) " fcode="sext"/>
<opset="sext_ln85/8 "/>
</bind>
</comp>

<comp id="990" class="1004" name="add_ln85_fu_990">
<pin_list>
<pin id="991" dir="0" index="0" bw="24" slack="0"/>
<pin id="992" dir="0" index="1" bw="1" slack="0"/>
<pin id="993" dir="1" index="2" bw="25" slack="0"/>
</pin_list>
<bind>
<opcode="add(8) " fcode="add"/>
<opset="add_ln85/8 "/>
</bind>
</comp>

<comp id="996" class="1004" name="sext_ln85_1_fu_996">
<pin_list>
<pin id="997" dir="0" index="0" bw="25" slack="0"/>
<pin id="998" dir="1" index="1" bw="32" slack="2"/>
</pin_list>
<bind>
<opcode="sext(35) " fcode="sext"/>
<opset="sext_ln85_1/8 "/>
</bind>
</comp>

<comp id="1000" class="1004" name="zext_ln84_fu_1000">
<pin_list>
<pin id="1001" dir="0" index="0" bw="5" slack="0"/>
<pin id="1002" dir="1" index="1" bw="32" slack="1"/>
</pin_list>
<bind>
<opcode="zext(34) " fcode="zext"/>
<opset="zext_ln84/9 "/>
</bind>
</comp>

<comp id="1004" class="1004" name="icmp_ln84_fu_1004">
<pin_list>
<pin id="1005" dir="0" index="0" bw="5" slack="0"/>
<pin id="1006" dir="0" index="1" bw="5" slack="0"/>
<pin id="1007" dir="1" index="2" bw="1" slack="2147483647"/>
</pin_list>
<bind>
<opcode="icmp(45) " fcode="icmp"/>
<opset="icmp_ln84/9 "/>
</bind>
</comp>

<comp id="1010" class="1004" name="i_2_fu_1010">
<pin_list>
<pin id="1011" dir="0" index="0" bw="5" slack="0"/>
<pin id="1012" dir="0" index="1" bw="1" slack="0"/>
<pin id="1013" dir="1" index="2" bw="5" slack="0"/>
</pin_list>
<bind>
<opcode="add(8) " fcode="add"/>
<opset="i_2/9 "/>
</bind>
</comp>

<comp id="1016" class="1004" name="trunc_ln321_fu_1016">
<pin_list>
<pin id="1017" dir="0" index="0" bw="5" slack="0"/>
<pin id="1018" dir="1" index="1" bw="4" slack="2"/>
</pin_list>
<bind>
<opcode="trunc(33) " fcode="trunc"/>
<opset="trunc_ln321/9 "/>
</bind>
</comp>

<comp id="1020" class="1004" name="icmp_ln85_fu_1020">
<pin_list>
<pin id="1021" dir="0" index="0" bw="32" slack="0"/>
<pin id="1022" dir="0" index="1" bw="32" slack="2"/>
<pin id="1023" dir="1" index="2" bw="1" slack="2147483647"/>
</pin_list>
<bind>
<opcode="icmp(45) " fcode="icmp"/>
<opset="icmp_ln85/10 "/>
</bind>
</comp>

<comp id="1025" class="1004" name="j_fu_1025">
<pin_list>
<pin id="1026" dir="0" index="0" bw="32" slack="0"/>
<pin id="1027" dir="0" index="1" bw="1" slack="0"/>
<pin id="1028" dir="1" index="2" bw="32" slack="0"/>
</pin_list>
<bind>
<opcode="add(8) " fcode="add"/>
<opset="j/10 "/>
</bind>
</comp>

<comp id="1031" class="1004" name="shl_ln87_fu_1031">
<pin_list>
<pin id="1032" dir="0" index="0" bw="32" slack="0"/>
<pin id="1033" dir="0" index="1" bw="4" slack="0"/>
<pin id="1034" dir="1" index="2" bw="32" slack="0"/>
</pin_list>
<bind>
<opcode="shl(20) " fcode="shl"/>
<opset="shl_ln87/10 "/>
</bind>
</comp>

<comp id="1037" class="1004" name="add_ln87_fu_1037">
<pin_list>
<pin id="1038" dir="0" index="0" bw="32" slack="0"/>
<pin id="1039" dir="0" index="1" bw="5" slack="1"/>
<pin id="1040" dir="1" index="2" bw="32" slack="0"/>
</pin_list>
<bind>
<opcode="add(8) " fcode="add"/>
<opset="add_ln87/10 "/>
</bind>
</comp>

<comp id="1042" class="1004" name="zext_ln87_1_fu_1042">
<pin_list>
<pin id="1043" dir="0" index="0" bw="32" slack="0"/>
<pin id="1044" dir="1" index="1" bw="64" slack="0"/>
</pin_list>
<bind>
<opcode="zext(34) " fcode="zext"/>
<opset="zext_ln87_1/10 "/>
</bind>
</comp>

<comp id="1047" class="1004" name="zext_ln87_fu_1047">
<pin_list>
<pin id="1048" dir="0" index="0" bw="32" slack="1"/>
<pin id="1049" dir="1" index="1" bw="64" slack="0"/>
</pin_list>
<bind>
<opcode="zext(34) " fcode="zext"/>
<opset="zext_ln87/11 "/>
</bind>
</comp>

<comp id="1067" class="1005" name="bitlength_read_reg_1067">
<pin_list>
<pin id="1068" dir="0" index="0" bw="32" slack="1"/>
<pin id="1069" dir="1" index="1" bw="32" slack="1"/>
</pin_list>
<bind>
<opset="bitlength_read "/>
</bind>
</comp>

<comp id="1077" class="1005" name="icmp_ln59_reg_1077">
<pin_list>
<pin id="1078" dir="0" index="0" bw="1" slack="1"/>
<pin id="1079" dir="1" index="1" bw="1" slack="2147483647"/>
</pin_list>
<bind>
<opset="icmp_ln59 "/>
</bind>
</comp>

<comp id="1081" class="1005" name="i_reg_1081">
<pin_list>
<pin id="1082" dir="0" index="0" bw="6" slack="0"/>
<pin id="1083" dir="1" index="1" bw="6" slack="0"/>
</pin_list>
<bind>
<opset="i "/>
</bind>
</comp>

<comp id="1086" class="1005" name="tmp_2_reg_1086">
<pin_list>
<pin id="1087" dir="0" index="0" bw="1" slack="3"/>
<pin id="1088" dir="1" index="1" bw="1" slack="3"/>
</pin_list>
<bind>
<opset="tmp_2 "/>
</bind>
</comp>

<comp id="1092" class="1005" name="sub_ln67_reg_1092">
<pin_list>
<pin id="1093" dir="0" index="0" bw="32" slack="3"/>
<pin id="1094" dir="1" index="1" bw="32" slack="3"/>
</pin_list>
<bind>
<opset="sub_ln67 "/>
</bind>
</comp>

<comp id="1098" class="1005" name="select_ln67_reg_1098">
<pin_list>
<pin id="1099" dir="0" index="0" bw="28" slack="2"/>
<pin id="1100" dir="1" index="1" bw="28" slack="2"/>
</pin_list>
<bind>
<opset="select_ln67 "/>
</bind>
</comp>

<comp id="1104" class="1005" name="sext_ln67_reg_1104">
<pin_list>
<pin id="1105" dir="0" index="0" bw="29" slack="5"/>
<pin id="1106" dir="1" index="1" bw="29" slack="5"/>
</pin_list>
<bind>
<opset="sext_ln67 "/>
</bind>
</comp>

<comp id="1110" class="1005" name="trunc_ln67_reg_1110">
<pin_list>
<pin id="1111" dir="0" index="0" bw="4" slack="4"/>
<pin id="1112" dir="1" index="1" bw="4" slack="4"/>
</pin_list>
<bind>
<opset="trunc_ln67 "/>
</bind>
</comp>

<comp id="1115" class="1005" name="wordlength_reg_1115">
<pin_list>
<pin id="1116" dir="0" index="0" bw="29" slack="1"/>
<pin id="1117" dir="1" index="1" bw="29" slack="1"/>
</pin_list>
<bind>
<opset="wordlength "/>
</bind>
</comp>

<comp id="1122" class="1005" name="icmp_ln69_reg_1122">
<pin_list>
<pin id="1123" dir="0" index="0" bw="1" slack="1"/>
<pin id="1124" dir="1" index="1" bw="1" slack="2147483647"/>
</pin_list>
<bind>
<opset="icmp_ln69 "/>
</bind>
</comp>

<comp id="1126" class="1005" name="i_1_reg_1126">
<pin_list>
<pin id="1127" dir="0" index="0" bw="28" slack="0"/>
<pin id="1128" dir="1" index="1" bw="28" slack="0"/>
</pin_list>
<bind>
<opset="i_1 "/>
</bind>
</comp>

<comp id="1131" class="1005" name="zext_ln71_reg_1131">
<pin_list>
<pin id="1132" dir="0" index="0" bw="64" slack="1"/>
<pin id="1133" dir="1" index="1" bw="64" slack="1"/>
</pin_list>
<bind>
<opset="zext_ln71 "/>
</bind>
</comp>

<comp id="1136" class="1005" name="input_V_addr_reg_1136">
<pin_list>
<pin id="1137" dir="0" index="0" bw="5" slack="1"/>
<pin id="1138" dir="1" index="1" bw="5" slack="1"/>
</pin_list>
<bind>
<opset="input_V_addr "/>
</bind>
</comp>

<comp id="1141" class="1005" name="trunc_ln74_reg_1141">
<pin_list>
<pin id="1142" dir="0" index="0" bw="5" slack="1"/>
<pin id="1143" dir="1" index="1" bw="5" slack="1"/>
</pin_list>
<bind>
<opset="trunc_ln74 "/>
</bind>
</comp>

<comp id="1146" class="1005" name="icmp_ln74_reg_1146">
<pin_list>
<pin id="1147" dir="0" index="0" bw="1" slack="2"/>
<pin id="1148" dir="1" index="1" bw="1" slack="2147483647"/>
</pin_list>
<bind>
<opset="icmp_ln74 "/>
</bind>
</comp>

<comp id="1150" class="1005" name="message_V_addr_2_reg_1150">
<pin_list>
<pin id="1151" dir="0" index="0" bw="14" slack="1"/>
<pin id="1152" dir="1" index="1" bw="14" slack="1"/>
</pin_list>
<bind>
<opset="message_V_addr_2 "/>
</bind>
</comp>

<comp id="1155" class="1005" name="or_ln718_reg_1155">
<pin_list>
<pin id="1156" dir="0" index="0" bw="32" slack="1"/>
<pin id="1157" dir="1" index="1" bw="32" slack="1"/>
</pin_list>
<bind>
<opset="or_ln718 "/>
</bind>
</comp>

<comp id="1160" class="1005" name="select_ln79_reg_1160">
<pin_list>
<pin id="1161" dir="0" index="0" bw="29" slack="1"/>
<pin id="1162" dir="1" index="1" bw="29" slack="1"/>
</pin_list>
<bind>
<opset="select_ln79 "/>
</bind>
</comp>

<comp id="1166" class="1005" name="or_ln79_reg_1166">
<pin_list>
<pin id="1167" dir="0" index="0" bw="1" slack="1"/>
<pin id="1168" dir="1" index="1" bw="1" slack="2147483647"/>
</pin_list>
<bind>
<opset="or_ln79 "/>
</bind>
</comp>

<comp id="1170" class="1005" name="sext_ln85_1_reg_1170">
<pin_list>
<pin id="1171" dir="0" index="0" bw="32" slack="2"/>
<pin id="1172" dir="1" index="1" bw="32" slack="2"/>
</pin_list>
<bind>
<opset="sext_ln85_1 "/>
</bind>
</comp>

<comp id="1175" class="1005" name="zext_ln84_reg_1175">
<pin_list>
<pin id="1176" dir="0" index="0" bw="32" slack="1"/>
<pin id="1177" dir="1" index="1" bw="32" slack="1"/>
</pin_list>
<bind>
<opset="zext_ln84 "/>
</bind>
</comp>

<comp id="1183" class="1005" name="i_2_reg_1183">
<pin_list>
<pin id="1184" dir="0" index="0" bw="5" slack="0"/>
<pin id="1185" dir="1" index="1" bw="5" slack="0"/>
</pin_list>
<bind>
<opset="i_2 "/>
</bind>
</comp>

<comp id="1188" class="1005" name="trunc_ln321_reg_1188">
<pin_list>
<pin id="1189" dir="0" index="0" bw="4" slack="2"/>
<pin id="1190" dir="1" index="1" bw="4" slack="2147483647"/>
</pin_list>
<bind>
<opset="trunc_ln321 "/>
</bind>
</comp>

<comp id="1195" class="1005" name="j_reg_1195">
<pin_list>
<pin id="1196" dir="0" index="0" bw="32" slack="0"/>
<pin id="1197" dir="1" index="1" bw="32" slack="0"/>
</pin_list>
<bind>
<opset="j "/>
</bind>
</comp>

<comp id="1200" class="1005" name="message_V_addr_5_reg_1200">
<pin_list>
<pin id="1201" dir="0" index="0" bw="14" slack="1"/>
<pin id="1202" dir="1" index="1" bw="14" slack="1"/>
</pin_list>
<bind>
<opset="message_V_addr_5 "/>
</bind>
</comp>

</comp_list>

<net_list>
<net id="171"><net_src comp="40" pin="0"/><net_sink comp="168" pin=0"/></net>

<net id="176"><net_src comp="38" pin="0"/><net_sink comp="172" pin=0"/></net>

<net id="177"><net_src comp="2" pin="0"/><net_sink comp="172" pin=1"/></net>

<net id="183"><net_src comp="56" pin="0"/><net_sink comp="178" pin=0"/></net>

<net id="184"><net_src comp="36" pin="0"/><net_sink comp="178" pin=1"/></net>

<net id="185"><net_src comp="172" pin="2"/><net_sink comp="178" pin=2"/></net>

<net id="191"><net_src comp="4" pin="0"/><net_sink comp="186" pin=0"/></net>

<net id="192"><net_src comp="68" pin="0"/><net_sink comp="186" pin=1"/></net>

<net id="198"><net_src comp="46" pin="0"/><net_sink comp="193" pin=1"/></net>

<net id="199"><net_src comp="186" pin="3"/><net_sink comp="193" pin=0"/></net>

<net id="205"><net_src comp="6" pin="0"/><net_sink comp="200" pin=0"/></net>

<net id="206"><net_src comp="68" pin="0"/><net_sink comp="200" pin=1"/></net>

<net id="212"><net_src comp="46" pin="0"/><net_sink comp="207" pin=1"/></net>

<net id="213"><net_src comp="200" pin="3"/><net_sink comp="207" pin=0"/></net>

<net id="219"><net_src comp="8" pin="0"/><net_sink comp="214" pin=0"/></net>

<net id="220"><net_src comp="68" pin="0"/><net_sink comp="214" pin=1"/></net>

<net id="226"><net_src comp="46" pin="0"/><net_sink comp="221" pin=1"/></net>

<net id="227"><net_src comp="214" pin="3"/><net_sink comp="221" pin=0"/></net>

<net id="233"><net_src comp="10" pin="0"/><net_sink comp="228" pin=0"/></net>

<net id="234"><net_src comp="68" pin="0"/><net_sink comp="228" pin=1"/></net>

<net id="240"><net_src comp="46" pin="0"/><net_sink comp="235" pin=1"/></net>

<net id="241"><net_src comp="228" pin="3"/><net_sink comp="235" pin=0"/></net>

<net id="247"><net_src comp="12" pin="0"/><net_sink comp="242" pin=0"/></net>

<net id="248"><net_src comp="68" pin="0"/><net_sink comp="242" pin=1"/></net>

<net id="254"><net_src comp="46" pin="0"/><net_sink comp="249" pin=1"/></net>

<net id="255"><net_src comp="242" pin="3"/><net_sink comp="249" pin=0"/></net>

<net id="261"><net_src comp="14" pin="0"/><net_sink comp="256" pin=0"/></net>

<net id="262"><net_src comp="68" pin="0"/><net_sink comp="256" pin=1"/></net>

<net id="268"><net_src comp="46" pin="0"/><net_sink comp="263" pin=1"/></net>

<net id="269"><net_src comp="256" pin="3"/><net_sink comp="263" pin=0"/></net>

<net id="275"><net_src comp="16" pin="0"/><net_sink comp="270" pin=0"/></net>

<net id="276"><net_src comp="68" pin="0"/><net_sink comp="270" pin=1"/></net>

<net id="282"><net_src comp="46" pin="0"/><net_sink comp="277" pin=1"/></net>

<net id="283"><net_src comp="270" pin="3"/><net_sink comp="277" pin=0"/></net>

<net id="289"><net_src comp="18" pin="0"/><net_sink comp="284" pin=0"/></net>

<net id="290"><net_src comp="68" pin="0"/><net_sink comp="284" pin=1"/></net>

<net id="296"><net_src comp="46" pin="0"/><net_sink comp="291" pin=1"/></net>

<net id="297"><net_src comp="284" pin="3"/><net_sink comp="291" pin=0"/></net>

<net id="303"><net_src comp="20" pin="0"/><net_sink comp="298" pin=0"/></net>

<net id="304"><net_src comp="68" pin="0"/><net_sink comp="298" pin=1"/></net>

<net id="310"><net_src comp="46" pin="0"/><net_sink comp="305" pin=1"/></net>

<net id="311"><net_src comp="298" pin="3"/><net_sink comp="305" pin=0"/></net>

<net id="317"><net_src comp="22" pin="0"/><net_sink comp="312" pin=0"/></net>

<net id="318"><net_src comp="68" pin="0"/><net_sink comp="312" pin=1"/></net>

<net id="324"><net_src comp="46" pin="0"/><net_sink comp="319" pin=1"/></net>

<net id="325"><net_src comp="312" pin="3"/><net_sink comp="319" pin=0"/></net>

<net id="331"><net_src comp="24" pin="0"/><net_sink comp="326" pin=0"/></net>

<net id="332"><net_src comp="68" pin="0"/><net_sink comp="326" pin=1"/></net>

<net id="338"><net_src comp="46" pin="0"/><net_sink comp="333" pin=1"/></net>

<net id="339"><net_src comp="326" pin="3"/><net_sink comp="333" pin=0"/></net>

<net id="345"><net_src comp="26" pin="0"/><net_sink comp="340" pin=0"/></net>

<net id="346"><net_src comp="68" pin="0"/><net_sink comp="340" pin=1"/></net>

<net id="352"><net_src comp="46" pin="0"/><net_sink comp="347" pin=1"/></net>

<net id="353"><net_src comp="340" pin="3"/><net_sink comp="347" pin=0"/></net>

<net id="359"><net_src comp="28" pin="0"/><net_sink comp="354" pin=0"/></net>

<net id="360"><net_src comp="68" pin="0"/><net_sink comp="354" pin=1"/></net>

<net id="366"><net_src comp="46" pin="0"/><net_sink comp="361" pin=1"/></net>

<net id="367"><net_src comp="354" pin="3"/><net_sink comp="361" pin=0"/></net>

<net id="373"><net_src comp="30" pin="0"/><net_sink comp="368" pin=0"/></net>

<net id="374"><net_src comp="68" pin="0"/><net_sink comp="368" pin=1"/></net>

<net id="380"><net_src comp="46" pin="0"/><net_sink comp="375" pin=1"/></net>

<net id="381"><net_src comp="368" pin="3"/><net_sink comp="375" pin=0"/></net>

<net id="387"><net_src comp="32" pin="0"/><net_sink comp="382" pin=0"/></net>

<net id="388"><net_src comp="68" pin="0"/><net_sink comp="382" pin=1"/></net>

<net id="394"><net_src comp="46" pin="0"/><net_sink comp="389" pin=1"/></net>

<net id="395"><net_src comp="382" pin="3"/><net_sink comp="389" pin=0"/></net>

<net id="401"><net_src comp="34" pin="0"/><net_sink comp="396" pin=0"/></net>

<net id="402"><net_src comp="68" pin="0"/><net_sink comp="396" pin=1"/></net>

<net id="408"><net_src comp="46" pin="0"/><net_sink comp="403" pin=1"/></net>

<net id="409"><net_src comp="396" pin="3"/><net_sink comp="403" pin=0"/></net>

<net id="415"><net_src comp="0" pin="0"/><net_sink comp="410" pin=0"/></net>

<net id="416"><net_src comp="68" pin="0"/><net_sink comp="410" pin=1"/></net>

<net id="422"><net_src comp="410" pin="3"/><net_sink comp="417" pin=0"/></net>

<net id="428"><net_src comp="68" pin="0"/><net_sink comp="423" pin=1"/></net>

<net id="434"><net_src comp="417" pin="3"/><net_sink comp="429" pin=1"/></net>

<net id="435"><net_src comp="423" pin="3"/><net_sink comp="429" pin=0"/></net>

<net id="441"><net_src comp="68" pin="0"/><net_sink comp="436" pin=1"/></net>

<net id="442"><net_src comp="436" pin="3"/><net_sink comp="429" pin=0"/></net>

<net id="448"><net_src comp="68" pin="0"/><net_sink comp="443" pin=1"/></net>

<net id="449"><net_src comp="96" pin="0"/><net_sink comp="429" pin=1"/></net>

<net id="450"><net_src comp="443" pin="3"/><net_sink comp="429" pin=0"/></net>

<net id="456"><net_src comp="68" pin="0"/><net_sink comp="451" pin=1"/></net>

<net id="457"><net_src comp="451" pin="3"/><net_sink comp="429" pin=0"/></net>

<net id="463"><net_src comp="68" pin="0"/><net_sink comp="458" pin=1"/></net>

<net id="464"><net_src comp="458" pin="3"/><net_sink comp="429" pin=0"/></net>

<net id="470"><net_src comp="68" pin="0"/><net_sink comp="465" pin=1"/></net>

<net id="471"><net_src comp="465" pin="3"/><net_sink comp="429" pin=0"/></net>

<net id="477"><net_src comp="4" pin="0"/><net_sink comp="472" pin=0"/></net>

<net id="478"><net_src comp="68" pin="0"/><net_sink comp="472" pin=1"/></net>

<net id="484"><net_src comp="6" pin="0"/><net_sink comp="479" pin=0"/></net>

<net id="485"><net_src comp="68" pin="0"/><net_sink comp="479" pin=1"/></net>

<net id="491"><net_src comp="8" pin="0"/><net_sink comp="486" pin=0"/></net>

<net id="492"><net_src comp="68" pin="0"/><net_sink comp="486" pin=1"/></net>

<net id="498"><net_src comp="10" pin="0"/><net_sink comp="493" pin=0"/></net>

<net id="499"><net_src comp="68" pin="0"/><net_sink comp="493" pin=1"/></net>

<net id="505"><net_src comp="12" pin="0"/><net_sink comp="500" pin=0"/></net>

<net id="506"><net_src comp="68" pin="0"/><net_sink comp="500" pin=1"/></net>

<net id="512"><net_src comp="14" pin="0"/><net_sink comp="507" pin=0"/></net>

<net id="513"><net_src comp="68" pin="0"/><net_sink comp="507" pin=1"/></net>

<net id="519"><net_src comp="16" pin="0"/><net_sink comp="514" pin=0"/></net>

<net id="520"><net_src comp="68" pin="0"/><net_sink comp="514" pin=1"/></net>

<net id="526"><net_src comp="18" pin="0"/><net_sink comp="521" pin=0"/></net>

<net id="527"><net_src comp="68" pin="0"/><net_sink comp="521" pin=1"/></net>

<net id="533"><net_src comp="20" pin="0"/><net_sink comp="528" pin=0"/></net>

<net id="534"><net_src comp="68" pin="0"/><net_sink comp="528" pin=1"/></net>

<net id="540"><net_src comp="22" pin="0"/><net_sink comp="535" pin=0"/></net>

<net id="541"><net_src comp="68" pin="0"/><net_sink comp="535" pin=1"/></net>

<net id="547"><net_src comp="24" pin="0"/><net_sink comp="542" pin=0"/></net>

<net id="548"><net_src comp="68" pin="0"/><net_sink comp="542" pin=1"/></net>

<net id="554"><net_src comp="26" pin="0"/><net_sink comp="549" pin=0"/></net>

<net id="555"><net_src comp="68" pin="0"/><net_sink comp="549" pin=1"/></net>

<net id="561"><net_src comp="28" pin="0"/><net_sink comp="556" pin=0"/></net>

<net id="562"><net_src comp="68" pin="0"/><net_sink comp="556" pin=1"/></net>

<net id="568"><net_src comp="30" pin="0"/><net_sink comp="563" pin=0"/></net>

<net id="569"><net_src comp="68" pin="0"/><net_sink comp="563" pin=1"/></net>

<net id="575"><net_src comp="32" pin="0"/><net_sink comp="570" pin=0"/></net>

<net id="576"><net_src comp="68" pin="0"/><net_sink comp="570" pin=1"/></net>

<net id="582"><net_src comp="34" pin="0"/><net_sink comp="577" pin=0"/></net>

<net id="583"><net_src comp="68" pin="0"/><net_sink comp="577" pin=1"/></net>

<net id="584"><net_src comp="429" pin="3"/><net_sink comp="389" pin=1"/></net>

<net id="585"><net_src comp="570" pin="3"/><net_sink comp="389" pin=0"/></net>

<net id="586"><net_src comp="429" pin="3"/><net_sink comp="375" pin=1"/></net>

<net id="587"><net_src comp="563" pin="3"/><net_sink comp="375" pin=0"/></net>

<net id="588"><net_src comp="429" pin="3"/><net_sink comp="361" pin=1"/></net>

<net id="589"><net_src comp="556" pin="3"/><net_sink comp="361" pin=0"/></net>

<net id="590"><net_src comp="429" pin="3"/><net_sink comp="347" pin=1"/></net>

<net id="591"><net_src comp="549" pin="3"/><net_sink comp="347" pin=0"/></net>

<net id="592"><net_src comp="429" pin="3"/><net_sink comp="333" pin=1"/></net>

<net id="593"><net_src comp="542" pin="3"/><net_sink comp="333" pin=0"/></net>

<net id="594"><net_src comp="429" pin="3"/><net_sink comp="319" pin=1"/></net>

<net id="595"><net_src comp="535" pin="3"/><net_sink comp="319" pin=0"/></net>

<net id="596"><net_src comp="429" pin="3"/><net_sink comp="305" pin=1"/></net>

<net id="597"><net_src comp="528" pin="3"/><net_sink comp="305" pin=0"/></net>

<net id="598"><net_src comp="429" pin="3"/><net_sink comp="291" pin=1"/></net>

<net id="599"><net_src comp="521" pin="3"/><net_sink comp="291" pin=0"/></net>

<net id="600"><net_src comp="429" pin="3"/><net_sink comp="277" pin=1"/></net>

<net id="601"><net_src comp="514" pin="3"/><net_sink comp="277" pin=0"/></net>

<net id="602"><net_src comp="429" pin="3"/><net_sink comp="263" pin=1"/></net>

<net id="603"><net_src comp="507" pin="3"/><net_sink comp="263" pin=0"/></net>

<net id="604"><net_src comp="429" pin="3"/><net_sink comp="249" pin=1"/></net>

<net id="605"><net_src comp="500" pin="3"/><net_sink comp="249" pin=0"/></net>

<net id="606"><net_src comp="429" pin="3"/><net_sink comp="235" pin=1"/></net>

<net id="607"><net_src comp="493" pin="3"/><net_sink comp="235" pin=0"/></net>

<net id="608"><net_src comp="429" pin="3"/><net_sink comp="221" pin=1"/></net>

<net id="609"><net_src comp="486" pin="3"/><net_sink comp="221" pin=0"/></net>

<net id="610"><net_src comp="429" pin="3"/><net_sink comp="207" pin=1"/></net>

<net id="611"><net_src comp="479" pin="3"/><net_sink comp="207" pin=0"/></net>

<net id="612"><net_src comp="429" pin="3"/><net_sink comp="193" pin=1"/></net>

<net id="613"><net_src comp="472" pin="3"/><net_sink comp="193" pin=0"/></net>

<net id="614"><net_src comp="429" pin="3"/><net_sink comp="403" pin=1"/></net>

<net id="615"><net_src comp="577" pin="3"/><net_sink comp="403" pin=0"/></net>

<net id="619"><net_src comp="58" pin="0"/><net_sink comp="616" pin=0"/></net>

<net id="626"><net_src comp="616" pin="1"/><net_sink comp="620" pin=0"/></net>

<net id="630"><net_src comp="78" pin="0"/><net_sink comp="627" pin=0"/></net>

<net id="637"><net_src comp="627" pin="1"/><net_sink comp="631" pin=0"/></net>

<net id="641"><net_src comp="94" pin="0"/><net_sink comp="638" pin=0"/></net>

<net id="648"><net_src comp="638" pin="1"/><net_sink comp="642" pin=0"/></net>

<net id="652"><net_src comp="46" pin="0"/><net_sink comp="649" pin=0"/></net>

<net id="659"><net_src comp="649" pin="1"/><net_sink comp="653" pin=2"/></net>

<net id="660"><net_src comp="653" pin="4"/><net_sink comp="649" pin=0"/></net>

<net id="665"><net_src comp="620" pin="4"/><net_sink comp="661" pin=0"/></net>

<net id="666"><net_src comp="60" pin="0"/><net_sink comp="661" pin=1"/></net>

<net id="671"><net_src comp="620" pin="4"/><net_sink comp="667" pin=0"/></net>

<net id="672"><net_src comp="66" pin="0"/><net_sink comp="667" pin=1"/></net>

<net id="676"><net_src comp="620" pin="4"/><net_sink comp="673" pin=0"/></net>

<net id="677"><net_src comp="673" pin="1"/><net_sink comp="186" pin=2"/></net>

<net id="678"><net_src comp="673" pin="1"/><net_sink comp="200" pin=2"/></net>

<net id="679"><net_src comp="673" pin="1"/><net_sink comp="214" pin=2"/></net>

<net id="680"><net_src comp="673" pin="1"/><net_sink comp="228" pin=2"/></net>

<net id="681"><net_src comp="673" pin="1"/><net_sink comp="242" pin=2"/></net>

<net id="682"><net_src comp="673" pin="1"/><net_sink comp="256" pin=2"/></net>

<net id="683"><net_src comp="673" pin="1"/><net_sink comp="270" pin=2"/></net>

<net id="684"><net_src comp="673" pin="1"/><net_sink comp="284" pin=2"/></net>

<net id="685"><net_src comp="673" pin="1"/><net_sink comp="298" pin=2"/></net>

<net id="686"><net_src comp="673" pin="1"/><net_sink comp="312" pin=2"/></net>

<net id="687"><net_src comp="673" pin="1"/><net_sink comp="326" pin=2"/></net>

<net id="688"><net_src comp="673" pin="1"/><net_sink comp="340" pin=2"/></net>

<net id="689"><net_src comp="673" pin="1"/><net_sink comp="354" pin=2"/></net>

<net id="690"><net_src comp="673" pin="1"/><net_sink comp="368" pin=2"/></net>

<net id="691"><net_src comp="673" pin="1"/><net_sink comp="382" pin=2"/></net>

<net id="692"><net_src comp="673" pin="1"/><net_sink comp="396" pin=2"/></net>

<net id="698"><net_src comp="70" pin="0"/><net_sink comp="693" pin=0"/></net>

<net id="699"><net_src comp="72" pin="0"/><net_sink comp="693" pin=2"/></net>

<net id="704"><net_src comp="46" pin="0"/><net_sink comp="700" pin=0"/></net>

<net id="711"><net_src comp="74" pin="0"/><net_sink comp="705" pin=0"/></net>

<net id="712"><net_src comp="700" pin="2"/><net_sink comp="705" pin=1"/></net>

<net id="713"><net_src comp="76" pin="0"/><net_sink comp="705" pin=2"/></net>

<net id="714"><net_src comp="72" pin="0"/><net_sink comp="705" pin=3"/></net>

<net id="718"><net_src comp="705" pin="4"/><net_sink comp="715" pin=0"/></net>

<net id="723"><net_src comp="78" pin="0"/><net_sink comp="719" pin=0"/></net>

<net id="724"><net_src comp="715" pin="1"/><net_sink comp="719" pin=1"/></net>

<net id="731"><net_src comp="74" pin="0"/><net_sink comp="725" pin=0"/></net>

<net id="732"><net_src comp="76" pin="0"/><net_sink comp="725" pin=2"/></net>

<net id="733"><net_src comp="72" pin="0"/><net_sink comp="725" pin=3"/></net>

<net id="737"><net_src comp="725" pin="4"/><net_sink comp="734" pin=0"/></net>

<net id="743"><net_src comp="693" pin="3"/><net_sink comp="738" pin=0"/></net>

<net id="744"><net_src comp="719" pin="2"/><net_sink comp="738" pin=1"/></net>

<net id="745"><net_src comp="734" pin="1"/><net_sink comp="738" pin=2"/></net>

<net id="749"><net_src comp="738" pin="3"/><net_sink comp="746" pin=0"/></net>

<net id="753"><net_src comp="738" pin="3"/><net_sink comp="750" pin=0"/></net>

<net id="758"><net_src comp="80" pin="0"/><net_sink comp="754" pin=0"/></net>

<net id="759"><net_src comp="746" pin="1"/><net_sink comp="754" pin=1"/></net>

<net id="763"><net_src comp="631" pin="4"/><net_sink comp="760" pin=0"/></net>

<net id="768"><net_src comp="760" pin="1"/><net_sink comp="764" pin=0"/></net>

<net id="773"><net_src comp="631" pin="4"/><net_sink comp="769" pin=0"/></net>

<net id="774"><net_src comp="82" pin="0"/><net_sink comp="769" pin=1"/></net>

<net id="778"><net_src comp="631" pin="4"/><net_sink comp="775" pin=0"/></net>

<net id="779"><net_src comp="775" pin="1"/><net_sink comp="410" pin=2"/></net>

<net id="787"><net_src comp="780" pin="1"/><net_sink comp="783" pin=0"/></net>

<net id="788"><net_src comp="94" pin="0"/><net_sink comp="783" pin=1"/></net>

<net id="792"><net_src comp="789" pin="1"/><net_sink comp="436" pin=2"/></net>

<net id="793"><net_src comp="789" pin="1"/><net_sink comp="443" pin=2"/></net>

<net id="802"><net_src comp="98" pin="0"/><net_sink comp="797" pin=0"/></net>

<net id="803"><net_src comp="100" pin="0"/><net_sink comp="797" pin=1"/></net>

<net id="804"><net_src comp="794" pin="1"/><net_sink comp="797" pin=2"/></net>

<net id="809"><net_src comp="58" pin="0"/><net_sink comp="805" pin=0"/></net>

<net id="810"><net_src comp="797" pin="3"/><net_sink comp="805" pin=1"/></net>

<net id="816"><net_src comp="98" pin="0"/><net_sink comp="811" pin=0"/></net>

<net id="817"><net_src comp="100" pin="0"/><net_sink comp="811" pin=1"/></net>

<net id="823"><net_src comp="805" pin="2"/><net_sink comp="818" pin=1"/></net>

<net id="824"><net_src comp="811" pin="3"/><net_sink comp="818" pin=2"/></net>

<net id="829"><net_src comp="102" pin="0"/><net_sink comp="825" pin=0"/></net>

<net id="830"><net_src comp="818" pin="3"/><net_sink comp="825" pin=1"/></net>

<net id="834"><net_src comp="825" pin="2"/><net_sink comp="831" pin=0"/></net>

<net id="839"><net_src comp="90" pin="0"/><net_sink comp="835" pin=0"/></net>

<net id="840"><net_src comp="831" pin="1"/><net_sink comp="835" pin=1"/></net>

<net id="845"><net_src comp="429" pin="3"/><net_sink comp="841" pin=0"/></net>

<net id="846"><net_src comp="835" pin="2"/><net_sink comp="841" pin=1"/></net>

<net id="851"><net_src comp="104" pin="0"/><net_sink comp="847" pin=1"/></net>

<net id="857"><net_src comp="106" pin="0"/><net_sink comp="852" pin=0"/></net>

<net id="858"><net_src comp="108" pin="0"/><net_sink comp="852" pin=2"/></net>

<net id="867"><net_src comp="110" pin="0"/><net_sink comp="862" pin=0"/></net>

<net id="868"><net_src comp="112" pin="0"/><net_sink comp="862" pin=1"/></net>

<net id="869"><net_src comp="859" pin="1"/><net_sink comp="862" pin=2"/></net>

<net id="877"><net_src comp="870" pin="1"/><net_sink comp="873" pin=0"/></net>

<net id="878"><net_src comp="104" pin="0"/><net_sink comp="873" pin=1"/></net>

<net id="884"><net_src comp="110" pin="0"/><net_sink comp="879" pin=0"/></net>

<net id="885"><net_src comp="112" pin="0"/><net_sink comp="879" pin=1"/></net>

<net id="886"><net_src comp="873" pin="2"/><net_sink comp="879" pin=2"/></net>

<net id="891"><net_src comp="114" pin="0"/><net_sink comp="887" pin=0"/></net>

<net id="892"><net_src comp="879" pin="3"/><net_sink comp="887" pin=1"/></net>

<net id="898"><net_src comp="852" pin="3"/><net_sink comp="893" pin=0"/></net>

<net id="899"><net_src comp="887" pin="2"/><net_sink comp="893" pin=1"/></net>

<net id="900"><net_src comp="862" pin="3"/><net_sink comp="893" pin=2"/></net>

<net id="904"><net_src comp="893" pin="3"/><net_sink comp="901" pin=0"/></net>

<net id="909"><net_src comp="901" pin="1"/><net_sink comp="905" pin=0"/></net>

<net id="910"><net_src comp="116" pin="0"/><net_sink comp="905" pin=1"/></net>

<net id="915"><net_src comp="847" pin="2"/><net_sink comp="911" pin=0"/></net>

<net id="916"><net_src comp="905" pin="2"/><net_sink comp="911" pin=1"/></net>

<net id="921"><net_src comp="118" pin="0"/><net_sink comp="917" pin=1"/></net>

<net id="926"><net_src comp="917" pin="2"/><net_sink comp="922" pin=0"/></net>

<net id="930"><net_src comp="922" pin="2"/><net_sink comp="927" pin=0"/></net>

<net id="931"><net_src comp="927" pin="1"/><net_sink comp="451" pin=2"/></net>

<net id="936"><net_src comp="120" pin="0"/><net_sink comp="932" pin=1"/></net>

<net id="941"><net_src comp="932" pin="2"/><net_sink comp="937" pin=0"/></net>

<net id="945"><net_src comp="937" pin="2"/><net_sink comp="942" pin=0"/></net>

<net id="946"><net_src comp="942" pin="1"/><net_sink comp="458" pin=2"/></net>

<net id="953"><net_src comp="122" pin="0"/><net_sink comp="947" pin=0"/></net>

<net id="954"><net_src comp="124" pin="0"/><net_sink comp="947" pin=2"/></net>

<net id="955"><net_src comp="72" pin="0"/><net_sink comp="947" pin=3"/></net>

<net id="959"><net_src comp="947" pin="4"/><net_sink comp="956" pin=0"/></net>

<net id="964"><net_src comp="126" pin="0"/><net_sink comp="960" pin=0"/></net>

<net id="965"><net_src comp="956" pin="1"/><net_sink comp="960" pin=1"/></net>

<net id="972"><net_src comp="122" pin="0"/><net_sink comp="966" pin=0"/></net>

<net id="973"><net_src comp="124" pin="0"/><net_sink comp="966" pin=2"/></net>

<net id="974"><net_src comp="72" pin="0"/><net_sink comp="966" pin=3"/></net>

<net id="978"><net_src comp="966" pin="4"/><net_sink comp="975" pin=0"/></net>

<net id="984"><net_src comp="960" pin="2"/><net_sink comp="979" pin=1"/></net>

<net id="985"><net_src comp="975" pin="1"/><net_sink comp="979" pin=2"/></net>

<net id="989"><net_src comp="979" pin="3"/><net_sink comp="986" pin=0"/></net>

<net id="994"><net_src comp="986" pin="1"/><net_sink comp="990" pin=0"/></net>

<net id="995"><net_src comp="128" pin="0"/><net_sink comp="990" pin=1"/></net>

<net id="999"><net_src comp="990" pin="2"/><net_sink comp="996" pin=0"/></net>

<net id="1003"><net_src comp="642" pin="4"/><net_sink comp="1000" pin=0"/></net>

<net id="1008"><net_src comp="642" pin="4"/><net_sink comp="1004" pin=0"/></net>

<net id="1009"><net_src comp="130" pin="0"/><net_sink comp="1004" pin=1"/></net>

<net id="1014"><net_src comp="642" pin="4"/><net_sink comp="1010" pin=0"/></net>

<net id="1015"><net_src comp="134" pin="0"/><net_sink comp="1010" pin=1"/></net>

<net id="1019"><net_src comp="642" pin="4"/><net_sink comp="1016" pin=0"/></net>

<net id="1024"><net_src comp="653" pin="4"/><net_sink comp="1020" pin=0"/></net>

<net id="1029"><net_src comp="653" pin="4"/><net_sink comp="1025" pin=0"/></net>

<net id="1030"><net_src comp="90" pin="0"/><net_sink comp="1025" pin=1"/></net>

<net id="1035"><net_src comp="653" pin="4"/><net_sink comp="1031" pin=0"/></net>

<net id="1036"><net_src comp="136" pin="0"/><net_sink comp="1031" pin=1"/></net>

<net id="1041"><net_src comp="1031" pin="2"/><net_sink comp="1037" pin=0"/></net>

<net id="1045"><net_src comp="1037" pin="2"/><net_sink comp="1042" pin=0"/></net>

<net id="1046"><net_src comp="1042" pin="1"/><net_sink comp="465" pin=2"/></net>

<net id="1050"><net_src comp="649" pin="1"/><net_sink comp="1047" pin=0"/></net>

<net id="1051"><net_src comp="1047" pin="1"/><net_sink comp="472" pin=2"/></net>

<net id="1052"><net_src comp="1047" pin="1"/><net_sink comp="479" pin=2"/></net>

<net id="1053"><net_src comp="1047" pin="1"/><net_sink comp="486" pin=2"/></net>

<net id="1054"><net_src comp="1047" pin="1"/><net_sink comp="493" pin=2"/></net>

<net id="1055"><net_src comp="1047" pin="1"/><net_sink comp="500" pin=2"/></net>

<net id="1056"><net_src comp="1047" pin="1"/><net_sink comp="507" pin=2"/></net>

<net id="1057"><net_src comp="1047" pin="1"/><net_sink comp="514" pin=2"/></net>

<net id="1058"><net_src comp="1047" pin="1"/><net_sink comp="521" pin=2"/></net>

<net id="1059"><net_src comp="1047" pin="1"/><net_sink comp="528" pin=2"/></net>

<net id="1060"><net_src comp="1047" pin="1"/><net_sink comp="535" pin=2"/></net>

<net id="1061"><net_src comp="1047" pin="1"/><net_sink comp="542" pin=2"/></net>

<net id="1062"><net_src comp="1047" pin="1"/><net_sink comp="549" pin=2"/></net>

<net id="1063"><net_src comp="1047" pin="1"/><net_sink comp="556" pin=2"/></net>

<net id="1064"><net_src comp="1047" pin="1"/><net_sink comp="563" pin=2"/></net>

<net id="1065"><net_src comp="1047" pin="1"/><net_sink comp="570" pin=2"/></net>

<net id="1066"><net_src comp="1047" pin="1"/><net_sink comp="577" pin=2"/></net>

<net id="1070"><net_src comp="172" pin="2"/><net_sink comp="1067" pin=0"/></net>

<net id="1071"><net_src comp="1067" pin="1"/><net_sink comp="693" pin=1"/></net>

<net id="1072"><net_src comp="1067" pin="1"/><net_sink comp="700" pin=1"/></net>

<net id="1073"><net_src comp="1067" pin="1"/><net_sink comp="725" pin=1"/></net>

<net id="1074"><net_src comp="1067" pin="1"/><net_sink comp="780" pin=0"/></net>

<net id="1075"><net_src comp="1067" pin="1"/><net_sink comp="429" pin=1"/></net>

<net id="1076"><net_src comp="1067" pin="1"/><net_sink comp="966" pin=1"/></net>

<net id="1080"><net_src comp="661" pin="2"/><net_sink comp="1077" pin=0"/></net>

<net id="1084"><net_src comp="667" pin="2"/><net_sink comp="1081" pin=0"/></net>

<net id="1085"><net_src comp="1081" pin="1"/><net_sink comp="620" pin=2"/></net>

<net id="1089"><net_src comp="693" pin="3"/><net_sink comp="1086" pin=0"/></net>

<net id="1090"><net_src comp="1086" pin="1"/><net_sink comp="818" pin=0"/></net>

<net id="1091"><net_src comp="1086" pin="1"/><net_sink comp="979" pin=0"/></net>

<net id="1095"><net_src comp="700" pin="2"/><net_sink comp="1092" pin=0"/></net>

<net id="1096"><net_src comp="1092" pin="1"/><net_sink comp="794" pin=0"/></net>

<net id="1097"><net_src comp="1092" pin="1"/><net_sink comp="947" pin=1"/></net>

<net id="1101"><net_src comp="738" pin="3"/><net_sink comp="1098" pin=0"/></net>

<net id="1102"><net_src comp="1098" pin="1"/><net_sink comp="789" pin=0"/></net>

<net id="1103"><net_src comp="1098" pin="1"/><net_sink comp="870" pin=0"/></net>

<net id="1107"><net_src comp="746" pin="1"/><net_sink comp="1104" pin=0"/></net>

<net id="1108"><net_src comp="1104" pin="1"/><net_sink comp="917" pin=0"/></net>

<net id="1109"><net_src comp="1104" pin="1"/><net_sink comp="932" pin=0"/></net>

<net id="1113"><net_src comp="750" pin="1"/><net_sink comp="1110" pin=0"/></net>

<net id="1114"><net_src comp="1110" pin="1"/><net_sink comp="847" pin=0"/></net>

<net id="1118"><net_src comp="754" pin="2"/><net_sink comp="1115" pin=0"/></net>

<net id="1119"><net_src comp="1115" pin="1"/><net_sink comp="764" pin=1"/></net>

<net id="1120"><net_src comp="1115" pin="1"/><net_sink comp="852" pin=1"/></net>

<net id="1121"><net_src comp="1115" pin="1"/><net_sink comp="859" pin=0"/></net>

<net id="1125"><net_src comp="764" pin="2"/><net_sink comp="1122" pin=0"/></net>

<net id="1129"><net_src comp="769" pin="2"/><net_sink comp="1126" pin=0"/></net>

<net id="1130"><net_src comp="1126" pin="1"/><net_sink comp="631" pin=2"/></net>

<net id="1134"><net_src comp="775" pin="1"/><net_sink comp="1131" pin=0"/></net>

<net id="1135"><net_src comp="1131" pin="1"/><net_sink comp="423" pin=2"/></net>

<net id="1139"><net_src comp="410" pin="3"/><net_sink comp="1136" pin=0"/></net>

<net id="1140"><net_src comp="1136" pin="1"/><net_sink comp="417" pin=0"/></net>

<net id="1144"><net_src comp="780" pin="1"/><net_sink comp="1141" pin=0"/></net>

<net id="1145"><net_src comp="1141" pin="1"/><net_sink comp="811" pin=2"/></net>

<net id="1149"><net_src comp="783" pin="2"/><net_sink comp="1146" pin=0"/></net>

<net id="1153"><net_src comp="436" pin="3"/><net_sink comp="1150" pin=0"/></net>

<net id="1154"><net_src comp="1150" pin="1"/><net_sink comp="429" pin=0"/></net>

<net id="1158"><net_src comp="841" pin="2"/><net_sink comp="1155" pin=0"/></net>

<net id="1159"><net_src comp="1155" pin="1"/><net_sink comp="429" pin=1"/></net>

<net id="1163"><net_src comp="893" pin="3"/><net_sink comp="1160" pin=0"/></net>

<net id="1164"><net_src comp="1160" pin="1"/><net_sink comp="922" pin=1"/></net>

<net id="1165"><net_src comp="1160" pin="1"/><net_sink comp="937" pin=1"/></net>

<net id="1169"><net_src comp="911" pin="2"/><net_sink comp="1166" pin=0"/></net>

<net id="1173"><net_src comp="996" pin="1"/><net_sink comp="1170" pin=0"/></net>

<net id="1174"><net_src comp="1170" pin="1"/><net_sink comp="1020" pin=1"/></net>

<net id="1178"><net_src comp="1000" pin="1"/><net_sink comp="1175" pin=0"/></net>

<net id="1179"><net_src comp="1175" pin="1"/><net_sink comp="1037" pin=1"/></net>

<net id="1186"><net_src comp="1010" pin="2"/><net_sink comp="1183" pin=0"/></net>

<net id="1187"><net_src comp="1183" pin="1"/><net_sink comp="642" pin=2"/></net>

<net id="1191"><net_src comp="1016" pin="1"/><net_sink comp="1188" pin=0"/></net>

<net id="1198"><net_src comp="1025" pin="2"/><net_sink comp="1195" pin=0"/></net>

<net id="1199"><net_src comp="1195" pin="1"/><net_sink comp="653" pin=0"/></net>

<net id="1203"><net_src comp="465" pin="3"/><net_sink comp="1200" pin=0"/></net>

<net id="1204"><net_src comp="1200" pin="1"/><net_sink comp="429" pin=0"/></net>

</net_list>

</model> 
---------------- Datapath Model END ------------------

* FSMD analyzer results:
  - Output states:
	Port: input_V | {}
	Port: M_0_V | {2 11 }
	Port: M_1_V | {2 11 }
	Port: M_2_V | {2 11 }
	Port: M_3_V | {2 11 }
	Port: M_4_V | {2 11 }
	Port: M_5_V | {2 11 }
	Port: M_6_V | {2 11 }
	Port: M_7_V | {2 11 }
	Port: M_8_V | {2 11 }
	Port: M_9_V | {2 11 }
	Port: M_10_V | {2 11 }
	Port: M_11_V | {2 11 }
	Port: M_12_V | {2 11 }
	Port: M_13_V | {2 11 }
	Port: M_14_V | {2 11 }
	Port: M_15_V | {2 11 }
	Port: bitlength_out | {1 }
 - Input state : 
	Port: prepareMessage : input_V | {3 4 }
	Port: prepareMessage : bitlength | {1 }
  - Chain level:
	State 1
	State 2
		icmp_ln59 : 1
		i : 1
		br_ln59 : 2
		zext_ln62 : 1
		M_0_V_addr : 2
		store_ln62 : 3
		M_1_V_addr : 2
		store_ln62 : 3
		M_2_V_addr : 2
		store_ln62 : 3
		M_3_V_addr : 2
		store_ln62 : 3
		M_4_V_addr : 2
		store_ln62 : 3
		M_5_V_addr : 2
		store_ln62 : 3
		M_6_V_addr : 2
		store_ln62 : 3
		M_7_V_addr : 2
		store_ln62 : 3
		M_8_V_addr : 2
		store_ln62 : 3
		M_9_V_addr : 2
		store_ln62 : 3
		M_10_V_addr : 2
		store_ln62 : 3
		M_11_V_addr : 2
		store_ln62 : 3
		M_12_V_addr : 2
		store_ln62 : 3
		M_13_V_addr : 2
		store_ln62 : 3
		M_14_V_addr : 2
		store_ln62 : 3
		M_15_V_addr : 2
		store_ln62 : 3
		tmp : 1
		zext_ln67 : 2
		sub_ln67_1 : 3
		zext_ln67_1 : 1
		select_ln67 : 4
		sext_ln67 : 5
		trunc_ln67 : 5
		wordlength : 6
	State 3
		zext_ln69 : 1
		icmp_ln69 : 2
		i_1 : 1
		br_ln69 : 3
		zext_ln71 : 1
		input_V_addr : 2
		input_V_load : 3
	State 4
		store_ln71 : 1
		empty_7 : 1
	State 5
		icmp_ln74 : 1
		br_ln74 : 2
		message_V_addr_2 : 1
		message_V_load : 2
		message_V_addr_1 : 1
		store_ln77 : 2
	State 6
		tmp_3 : 1
		sub_ln75_1 : 2
		select_ln75 : 3
		sub_ln75 : 4
		zext_ln75 : 5
		shl_ln75 : 6
		or_ln718 : 7
	State 7
		p_and_f : 1
		xor_ln79 : 1
		p_and_t1 : 1
		sub_ln79 : 2
		select_ln79 : 3
		trunc_ln79_2 : 4
		icmp_ln79_1 : 5
		or_ln79 : 6
		br_ln79 : 6
	State 8
		sub_ln82 : 1
		sext_ln82 : 2
		message_V_addr_4 : 3
		store_ln82 : 4
		sub_ln80 : 1
		sext_ln80 : 2
		message_V_addr_3 : 3
		store_ln80 : 4
		zext_ln85 : 1
		sub_ln85 : 2
		zext_ln85_1 : 1
		select_ln85 : 3
		sext_ln85 : 4
		add_ln85 : 5
		sext_ln85_1 : 6
	State 9
		zext_ln84 : 1
		icmp_ln84 : 1
		i_2 : 1
		br_ln84 : 2
		trunc_ln321 : 1
	State 10
		icmp_ln85 : 1
		j : 1
		br_ln85 : 2
		shl_ln87 : 1
		add_ln87 : 1
		zext_ln87_1 : 2
		message_V_addr_5 : 3
		message_V_load_1 : 4
	State 11
		M_0_V_addr_1 : 1
		M_1_V_addr_1 : 1
		M_2_V_addr_1 : 1
		M_3_V_addr_1 : 1
		M_4_V_addr_1 : 1
		M_5_V_addr_1 : 1
		M_6_V_addr_1 : 1
		M_7_V_addr_1 : 1
		M_8_V_addr_1 : 1
		M_9_V_addr_1 : 1
		M_10_V_addr_1 : 1
		M_11_V_addr_1 : 1
		M_12_V_addr_1 : 1
		M_13_V_addr_1 : 1
		M_14_V_addr_1 : 1
		M_15_V_addr_1 : 1
		store_ln87 : 2
		store_ln87 : 2
		store_ln87 : 2
		store_ln87 : 2
		store_ln87 : 2
		store_ln87 : 2
		store_ln87 : 2
		store_ln87 : 2
		store_ln87 : 2
		store_ln87 : 2
		store_ln87 : 2
		store_ln87 : 2
		store_ln87 : 2
		store_ln87 : 2
		store_ln87 : 2
		store_ln87 : 2


============================================================
+ Verbose Summary: Datapath Resource usage 
============================================================

* Functional unit list:
|----------|----------------------------|---------|---------|
| Operation|       Functional Unit      |    FF   |   LUT   |
|----------|----------------------------|---------|---------|
|          |          i_fu_667          |    0    |    15   |
|          |      wordlength_fu_754     |    0    |    35   |
|          |         i_1_fu_769         |    0    |    35   |
|          |       add_ln82_fu_917      |    0    |    32   |
|    add   |       add_ln80_fu_932      |    0    |    32   |
|          |       add_ln85_fu_990      |    0    |    31   |
|          |         i_2_fu_1010        |    0    |    15   |
|          |          j_fu_1025         |    0    |    39   |
|          |      add_ln87_fu_1037      |    0    |    39   |
|----------|----------------------------|---------|---------|
|          |       sub_ln67_fu_700      |    0    |    39   |
|          |      sub_ln67_1_fu_719     |    0    |    34   |
|          |      sub_ln75_1_fu_805     |    0    |    15   |
|    sub   |       sub_ln75_fu_825      |    0    |    15   |
|          |       sub_ln79_fu_887      |    0    |    36   |
|          |       sub_ln82_fu_922      |    0    |    32   |
|          |       sub_ln80_fu_937      |    0    |    32   |
|          |       sub_ln85_fu_960      |    0    |    30   |
|----------|----------------------------|---------|---------|
|          |      icmp_ln59_fu_661      |    0    |    11   |
|          |      icmp_ln69_fu_764      |    0    |    18   |
|          |      icmp_ln74_fu_783      |    0    |    11   |
|   icmp   |      icmp_ln79_fu_847      |    0    |    9    |
|          |     icmp_ln79_1_fu_905     |    0    |    11   |
|          |      icmp_ln84_fu_1004     |    0    |    11   |
|          |      icmp_ln85_fu_1020     |    0    |    18   |
|----------|----------------------------|---------|---------|
|          |     select_ln67_fu_738     |    0    |    28   |
|  select  |     select_ln75_fu_818     |    0    |    6    |
|          |     select_ln79_fu_893     |    0    |    29   |
|          |     select_ln85_fu_979     |    0    |    24   |
|----------|----------------------------|---------|---------|
|    or    |       or_ln718_fu_841      |    0    |    32   |
|          |       or_ln79_fu_911       |    0    |    2    |
|----------|----------------------------|---------|---------|
|    shl   |       shl_ln75_fu_835      |    0    |    13   |
|          |      shl_ln87_fu_1031      |    0    |    0    |
|----------|----------------------------|---------|---------|
|    xor   |       xor_ln79_fu_873      |    0    |    4    |
|----------|----------------------------|---------|---------|
|   read   | bitlength_read_read_fu_172 |    0    |    0    |
|----------|----------------------------|---------|---------|
|   write  |  write_ln154_write_fu_178  |    0    |    0    |
|----------|----------------------------|---------|---------|
|          |      zext_ln62_fu_673      |    0    |    0    |
|          |      zext_ln67_fu_715      |    0    |    0    |
|          |     zext_ln67_1_fu_734     |    0    |    0    |
|          |      zext_ln69_fu_760      |    0    |    0    |
|          |      zext_ln71_fu_775      |    0    |    0    |
|   zext   |      zext_ln75_fu_831      |    0    |    0    |
|          |      zext_ln85_fu_956      |    0    |    0    |
|          |     zext_ln85_1_fu_975     |    0    |    0    |
|          |      zext_ln84_fu_1000     |    0    |    0    |
|          |     zext_ln87_1_fu_1042    |    0    |    0    |
|          |      zext_ln87_fu_1047     |    0    |    0    |
|----------|----------------------------|---------|---------|
| bitselect|        tmp_2_fu_693        |    0    |    0    |
|          |        tmp_4_fu_852        |    0    |    0    |
|----------|----------------------------|---------|---------|
|          |         tmp_fu_705         |    0    |    0    |
|partselect|        tmp_1_fu_725        |    0    |    0    |
|          |        tmp_8_fu_947        |    0    |    0    |
|          |        tmp_9_fu_966        |    0    |    0    |
|----------|----------------------------|---------|---------|
|          |      sext_ln67_fu_746      |    0    |    0    |
|          |      sext_ln77_fu_789      |    0    |    0    |
|   sext   |      sext_ln82_fu_927      |    0    |    0    |
|          |      sext_ln80_fu_942      |    0    |    0    |
|          |      sext_ln85_fu_986      |    0    |    0    |
|          |     sext_ln85_1_fu_996     |    0    |    0    |
|----------|----------------------------|---------|---------|
|          |      trunc_ln67_fu_750     |    0    |    0    |
|          |      trunc_ln74_fu_780     |    0    |    0    |
|          |      trunc_ln75_fu_794     |    0    |    0    |
|   trunc  |      trunc_ln79_fu_859     |    0    |    0    |
|          |     trunc_ln79_1_fu_870    |    0    |    0    |
|          |     trunc_ln79_2_fu_901    |    0    |    0    |
|          |     trunc_ln321_fu_1016    |    0    |    0    |
|----------|----------------------------|---------|---------|
|          |        tmp_3_fu_797        |    0    |    0    |
|bitconcatenate|        tmp_5_fu_811        |    0    |    0    |
|          |       p_and_f_fu_862       |    0    |    0    |
|          |       p_and_t1_fu_879      |    0    |    0    |
|----------|----------------------------|---------|---------|
|   Total  |                            |    0    |   733   |
|----------|----------------------------|---------|---------|

Memories:
+---------+--------+--------+--------+--------+
|         |  BRAM  |   FF   |   LUT  |  URAM  |
+---------+--------+--------+--------+--------+
|message_V|   32   |    0   |    0   |    0   |
+---------+--------+--------+--------+--------+
|  Total  |   32   |    0   |    0   |    0   |
+---------+--------+--------+--------+--------+

* Register list:
+-------------------------+--------+
|                         |   FF   |
+-------------------------+--------+
| bitlength_read_reg_1067 |   32   |
|      i1_0_i_reg_627     |   28   |
|      i2_0_i_reg_638     |    5   |
|      i_0_i_reg_616      |    6   |
|       i_1_reg_1126      |   28   |
|       i_2_reg_1183      |    5   |
|        i_reg_1081       |    6   |
|    icmp_ln59_reg_1077   |    1   |
|    icmp_ln69_reg_1122   |    1   |
|    icmp_ln74_reg_1146   |    1   |
|  input_V_addr_reg_1136  |    5   |
|      j3_0_i_reg_649     |   32   |
|        j_reg_1195       |   32   |
|message_V_addr_2_reg_1150|   14   |
|message_V_addr_5_reg_1200|   14   |
|    or_ln718_reg_1155    |   32   |
|     or_ln79_reg_1166    |    1   |
|   select_ln67_reg_1098  |   28   |
|   select_ln79_reg_1160  |   29   |
|    sext_ln67_reg_1104   |   29   |
|   sext_ln85_1_reg_1170  |   32   |
|    sub_ln67_reg_1092    |   32   |
|      tmp_2_reg_1086     |    1   |
|   trunc_ln321_reg_1188  |    4   |
|   trunc_ln67_reg_1110   |    4   |
|   trunc_ln74_reg_1141   |    5   |
|   wordlength_reg_1115   |   29   |
|    zext_ln71_reg_1131   |   64   |
|    zext_ln84_reg_1175   |   32   |
+-------------------------+--------+
|          Total          |   532  |
+-------------------------+--------+

* Multiplexer (MUX) list: 
|-------------------|------|------|------|--------||---------||---------|
|        Comp       |  Pin | Size |  BW  | S x BW ||  Delay  ||   LUT   |
|-------------------|------|------|------|--------||---------||---------|
| grp_access_fu_193 |  p0  |   2  |   5  |   10   ||    9    |
| grp_access_fu_193 |  p1  |   2  |  32  |   64   ||    9    |
| grp_access_fu_207 |  p0  |   2  |   5  |   10   ||    9    |
| grp_access_fu_207 |  p1  |   2  |  32  |   64   ||    9    |
| grp_access_fu_221 |  p0  |   2  |   5  |   10   ||    9    |
| grp_access_fu_221 |  p1  |   2  |  32  |   64   ||    9    |
| grp_access_fu_235 |  p0  |   2  |   5  |   10   ||    9    |
| grp_access_fu_235 |  p1  |   2  |  32  |   64   ||    9    |
| grp_access_fu_249 |  p0  |   2  |   5  |   10   ||    9    |
| grp_access_fu_249 |  p1  |   2  |  32  |   64   ||    9    |
| grp_access_fu_263 |  p0  |   2  |   5  |   10   ||    9    |
| grp_access_fu_263 |  p1  |   2  |  32  |   64   ||    9    |
| grp_access_fu_277 |  p0  |   2  |   5  |   10   ||    9    |
| grp_access_fu_277 |  p1  |   2  |  32  |   64   ||    9    |
| grp_access_fu_291 |  p0  |   2  |   5  |   10   ||    9    |
| grp_access_fu_291 |  p1  |   2  |  32  |   64   ||    9    |
| grp_access_fu_305 |  p0  |   2  |   5  |   10   ||    9    |
| grp_access_fu_305 |  p1  |   2  |  32  |   64   ||    9    |
| grp_access_fu_319 |  p0  |   2  |   5  |   10   ||    9    |
| grp_access_fu_319 |  p1  |   2  |  32  |   64   ||    9    |
| grp_access_fu_333 |  p0  |   2  |   5  |   10   ||    9    |
| grp_access_fu_333 |  p1  |   2  |  32  |   64   ||    9    |
| grp_access_fu_347 |  p0  |   2  |   5  |   10   ||    9    |
| grp_access_fu_347 |  p1  |   2  |  32  |   64   ||    9    |
| grp_access_fu_361 |  p0  |   2  |   5  |   10   ||    9    |
| grp_access_fu_361 |  p1  |   2  |  32  |   64   ||    9    |
| grp_access_fu_375 |  p0  |   2  |   5  |   10   ||    9    |
| grp_access_fu_375 |  p1  |   2  |  32  |   64   ||    9    |
| grp_access_fu_389 |  p0  |   2  |   5  |   10   ||    9    |
| grp_access_fu_389 |  p1  |   2  |  32  |   64   ||    9    |
| grp_access_fu_403 |  p0  |   2  |   5  |   10   ||    9    |
| grp_access_fu_403 |  p1  |   2  |  32  |   64   ||    9    |
| grp_access_fu_417 |  p0  |   2  |   5  |   10   ||    9    |
| grp_access_fu_429 |  p0  |   8  |  14  |   112  ||    41   |
| grp_access_fu_429 |  p1  |   4  |  32  |   128  ||    21   |
|   j3_0_i_reg_649  |  p0  |   2  |  32  |   64   ||    9    |
|-------------------|------|------|------|--------||---------||---------|
|       Total       |      |      |      |  1498  || 64.0079 ||   368   |
|-------------------|------|------|------|--------||---------||---------|



* Summary:
+-----------+--------+--------+--------+--------+--------+
|           |  BRAM  |  Delay |   FF   |   LUT  |  URAM  |
+-----------+--------+--------+--------+--------+--------+
|  Function |    -   |    -   |    0   |   733  |    -   |
|   Memory  |   32   |    -   |    0   |    0   |    0   |
|Multiplexer|    -   |   64   |    -   |   368  |    -   |
|  Register |    -   |    -   |   532  |    -   |    -   |
+-----------+--------+--------+--------+--------+--------+
|   Total   |   32   |   64   |   532  |  1101  |    0   |
+-----------+--------+--------+--------+--------+--------+
